2025-07-08 07:35:52,629 - INFO - Total 579 links found in final_baocao.txt
2025-07-08 07:35:52,629 - INFO - Processing batch 0 to 2
2025-07-08 07:35:56,472 - INFO - ⏳ Waiting 5.92s for user emulation...
2025-07-08 07:35:56,535 - INFO - ⏳ Waiting 5.76s for user emulation...
2025-07-08 07:36:03,799 - INFO - ⏳ Waiting 3.68s for user emulation...
2025-07-08 07:36:05,226 - INFO - ⏳ Waiting 4.78s for user emulation...
2025-07-08 07:36:08,688 - INFO - Saved txt: download_final_baocao/993_Bao-cao-153-BC-BTP-2013-tong-ket-thi-hanh-Luat-hon-nhan-gia-dinh-2000-240997.txt
2025-07-08 07:36:10,559 - INFO - Saved txt: download_final_baocao/994_Bao-cao-332-BC-BCA-C61-nam-2013-trien-khai-phong-trao-toan-dan-phong-chay-chua-chay-207041.txt
2025-07-08 07:36:10,626 - INFO - ⏳ 4.73s between batches...
2025-07-08 07:36:15,358 - INFO - Processing batch 2 to 4
2025-07-08 07:36:17,782 - INFO - ⏳ Waiting 5.78s for user emulation...
2025-07-08 07:36:17,896 - INFO - ⏳ Waiting 4.53s for user emulation...
2025-07-08 07:36:25,505 - INFO - ⏳ Waiting 3.11s for user emulation...
2025-07-08 07:36:25,946 - INFO - ⏳ Waiting 4.61s for user emulation...
2025-07-08 07:36:29,967 - INFO - Saved txt: download_final_baocao/996_Bao-cao-136-BC-UBND-chi-dao-dieu-hanh-tinh-hinh-kinh-te-xa-hoi-2013-An-Giang-204351.txt
2025-07-08 07:36:32,806 - INFO - Saved txt: download_final_baocao/995_Bao-cao-2466-BC-BNV-ket-qua-trien-Du-an-chon-tri-thuc-lam-Pho-Chu-tich-UBND-nam-2013-200383.txt
2025-07-08 07:36:32,874 - INFO - ⏳ 4.76s between batches...
2025-07-08 07:36:37,633 - INFO - Processing batch 4 to 6
2025-07-08 07:36:40,105 - INFO - ⏳ Waiting 6.48s for user emulation...
2025-07-08 07:36:40,252 - INFO - ⏳ Waiting 6.76s for user emulation...
2025-07-08 07:36:48,402 - INFO - ⏳ Waiting 5.36s for user emulation...
2025-07-08 07:36:48,721 - INFO - ⏳ Waiting 4.85s for user emulation...
2025-07-08 07:36:54,614 - INFO - Saved txt: download_final_baocao/998_Bao-cao-67-BC-UBND-tinh-hinh-phat-trien-kinh-te-xa-hoi-muc-tieu-nhiem-vu-nam-2013-Thai-Binh-217399.txt
2025-07-08 07:36:54,720 - INFO - Saved txt: download_final_baocao/997_Bao-cao-2461-BC-BNV-2013-ket-qua-ap-dung-tieu-chuan-TCVN-ISO-9001-2008-209726.txt
2025-07-08 07:36:54,786 - INFO - ⏳ 5.82s between batches...
2025-07-08 07:37:00,610 - INFO - Processing batch 6 to 8
2025-07-08 07:37:03,210 - INFO - ⏳ Waiting 6.09s for user emulation...
2025-07-08 07:37:03,265 - INFO - ⏳ Waiting 5.84s for user emulation...
2025-07-08 07:37:10,825 - INFO - ⏳ Waiting 5.46s for user emulation...
2025-07-08 07:37:11,297 - INFO - ⏳ Waiting 4.84s for user emulation...
2025-07-08 07:37:17,268 - INFO - Saved txt: download_final_baocao/999_Bao-cao-256-BC-CP-kiem-diem-su-chi-dao-dieu-hanh-cua-Chinh-phu-6-thang-dau-nam-207132.txt
2025-07-08 07:37:17,671 - INFO - Saved txt: download_final_baocao/1000_Bao-cao-123-BC-UBND-cong-tac-tiep-cong-dan-giai-quyet-khieu-nai-to-cao-6-thang-dau-nam-2013-TPHCM-199896.txt
2025-07-08 07:37:17,736 - INFO - ⏳ 3.83s between batches...
2025-07-08 07:37:21,568 - INFO - Processing batch 8 to 10
2025-07-08 07:37:24,045 - INFO - ⏳ Waiting 4.95s for user emulation...
2025-07-08 07:37:24,128 - INFO - ⏳ Waiting 6.30s for user emulation...
2025-07-08 07:37:38,708 - INFO - ⏳ Waiting 4.05s for user emulation...
2025-07-08 07:37:43,524 - INFO - Saved txt: download_final_baocao/1001_Bao-cao-122-BC-UBND-2013-tong-ket-thuc-hien-Phap-lenh-Dan-so-Ho-Chi-Minh-534826.txt
2025-07-08 07:37:44,900 - INFO - ⏳ Waiting 4.61s for user emulation...
2025-07-08 07:37:50,819 - INFO - Saved txt: download_final_baocao/1002_Bao-cao-91-BC-TDTW-nam-2013-ket-qua-tiep-cong-dan-Quoc-hoi-khoa-XIII-207051.txt
2025-07-08 07:37:50,884 - INFO - ⏳ 4.35s between batches...
2025-07-08 07:37:55,237 - INFO - Processing batch 10 to 12
2025-07-08 07:37:57,745 - INFO - ⏳ Waiting 5.01s for user emulation...
2025-07-08 07:37:57,807 - INFO - ⏳ Waiting 5.04s for user emulation...
2025-07-08 07:38:04,195 - INFO - ⏳ Waiting 5.13s for user emulation...
2025-07-08 07:38:05,047 - INFO - ⏳ Waiting 5.20s for user emulation...
2025-07-08 07:38:10,749 - INFO - Saved txt: download_final_baocao/1004_Bao-cao-100-BC-UBND-nam-2013-qua-han-giai-quyet-thu-tuc-hanh-chinh-An-Giang-197037.txt
2025-07-08 07:38:11,360 - INFO - Saved txt: download_final_baocao/1003_Bao-cao-69-BC-UBND-2013-tinh-hinh-kinh-te-xa-hoi-quan-Phu-Nhuan-Ho-Chi-Minh-6-thang-dau-541313.txt
2025-07-08 07:38:11,431 - INFO - ⏳ 5.52s between batches...
2025-07-08 07:38:16,954 - INFO - Processing batch 12 to 14
2025-07-08 07:38:19,511 - INFO - ⏳ Waiting 5.91s for user emulation...
2025-07-08 07:38:19,607 - INFO - ⏳ Waiting 4.33s for user emulation...
2025-07-08 07:38:25,428 - INFO - ⏳ Waiting 4.32s for user emulation...
2025-07-08 07:38:27,563 - INFO - ⏳ Waiting 5.34s for user emulation...
2025-07-08 07:38:30,360 - INFO - Saved txt: download_final_baocao/1005_Bao-cao-98-BC-UBND-tinh-hinh-ket-qua-cai-cach-thu-tuc-hanh-chinh-An-Giang-2013-197061.txt
2025-07-08 07:38:33,737 - INFO - Saved txt: download_final_baocao/1006_Bao-cao-2184-BC-BNV-nam-2013-cai-cach-hanh-chinh-6-thang-dau-nam-207170.txt
2025-07-08 07:38:33,805 - INFO - ⏳ 7.83s between batches...
2025-07-08 07:38:41,638 - INFO - Processing batch 14 to 16
2025-07-08 07:38:44,627 - INFO - ⏳ Waiting 5.65s for user emulation...
2025-07-08 07:38:44,860 - INFO - ⏳ Waiting 5.32s for user emulation...
2025-07-08 07:38:51,856 - INFO - ⏳ Waiting 5.07s for user emulation...
2025-07-08 07:38:52,567 - INFO - ⏳ Waiting 3.37s for user emulation...
2025-07-08 07:38:56,926 - INFO - Saved txt: download_final_baocao/1007_Bao-cao-84-BC-BCT-cong-tac-phong-chong-tham-nhung-6-thang-dau-nam-2013-196327.txt
2025-07-08 07:38:57,582 - INFO - Saved txt: download_final_baocao/1008_Bao-cao-24-BC-UBND-nam-2013-tong-ket-Chuong-trinh-tin-dung-HSSV-tai-Bac-Giang-196865.txt
2025-07-08 07:38:57,655 - INFO - ⏳ 5.78s between batches...
2025-07-08 07:39:03,436 - INFO - Processing batch 16 to 18
2025-07-08 07:39:06,025 - INFO - ⏳ Waiting 6.14s for user emulation...
2025-07-08 07:39:06,056 - INFO - ⏳ Waiting 4.81s for user emulation...
2025-07-08 07:39:12,015 - INFO - ⏳ Waiting 5.99s for user emulation...
2025-07-08 07:39:13,472 - INFO - ⏳ Waiting 4.63s for user emulation...
2025-07-08 07:39:19,124 - INFO - Saved txt: download_final_baocao/1010_Bao-cao-30-BC-STTTT-2013-cai-cach-thu-tuc-hanh-chinh-theo-945-QD-TTg-So-Thong-tin-Ho-Chi-Minh-545117.txt
2025-07-08 07:39:19,195 - INFO - Saved txt: download_final_baocao/1009_Bao-cao-2327-BC-BNG-CAu-nam-2013-Hoi-nghi-Hop-tac-phi-tap-trung-Viet-Phap-lan-thu-9-tai-Bre-xto-Phap-231432.txt
2025-07-08 07:39:19,260 - INFO - ⏳ 5.16s between batches...
2025-07-08 07:39:24,416 - INFO - Processing batch 18 to 20
2025-07-08 07:39:26,850 - INFO - ⏳ Waiting 5.96s for user emulation...
2025-07-08 07:39:27,060 - INFO - ⏳ Waiting 5.81s for user emulation...
2025-07-08 07:39:34,121 - INFO - ⏳ Waiting 4.27s for user emulation...
2025-07-08 07:39:35,412 - INFO - ⏳ Waiting 3.08s for user emulation...
2025-07-08 07:39:39,097 - INFO - Saved txt: download_final_baocao/1012_Bao-cao-91-BC-UBND-nam-2013-kiem-diem-chi-dao-dieu-hanh-6-thang-dau-nam-An-Giang-195000.txt
2025-07-08 07:39:39,350 - INFO - Saved txt: download_final_baocao/1011_Bao-cao-60-BC-UBND-nam-2013-ket-qua-hoat-dong-xuc-tien-dau-tu-Ninh-Binh-2013-194932.txt
2025-07-08 07:39:39,415 - INFO - ⏳ 5.95s between batches...
2025-07-08 07:39:45,368 - INFO - Processing batch 20 to 22
2025-07-08 07:39:47,944 - INFO - ⏳ Waiting 4.77s for user emulation...
2025-07-08 07:39:47,973 - INFO - ⏳ Waiting 5.75s for user emulation...
2025-07-08 07:39:53,945 - INFO - ⏳ Waiting 3.51s for user emulation...
2025-07-08 07:39:55,529 - INFO - ⏳ Waiting 4.85s for user emulation...
2025-07-08 07:39:58,484 - INFO - Saved txt: download_final_baocao/1014_Bao-cao-111-BC-UBND-2013-tinh-hinh-va-ket-qua-thuc-hien-Quyet-dinh-945-QD-TTg-Ho-Chi-Minh-534509.txt
2025-07-08 07:40:01,492 - INFO - Saved txt: download_final_baocao/1013_Bao-cao-59-BC-UBND-kinh-te-xa-hoi-Ninh-Binh-dau-nam-nhiem-vu-cuoi-nam-2013-194891.txt
2025-07-08 07:40:01,556 - INFO - ⏳ 5.77s between batches...
2025-07-08 07:40:07,322 - INFO - Processing batch 22 to 24
2025-07-08 07:40:09,803 - INFO - ⏳ Waiting 4.95s for user emulation...
2025-07-08 07:40:09,825 - INFO - ⏳ Waiting 5.01s for user emulation...
2025-07-08 07:40:16,152 - INFO - ⏳ Waiting 3.77s for user emulation...
2025-07-08 07:40:16,642 - INFO - ⏳ Waiting 4.88s for user emulation...
2025-07-08 07:40:20,714 - INFO - Saved txt: download_final_baocao/1016_Bao-cao-70-BC-VHXH-2013-cong-tac-dao-tao-nghe-tinh-Ha-Giang-2011-2012-4-thang-dau-2013-208297.txt
2025-07-08 07:40:22,356 - INFO - Saved txt: download_final_baocao/1015_Bao-cao-180-BC-UBND-cong-tac-Cai-cach-hanh-chinh-6-thang-dau-nam-2013-Ha-Giang-208816.txt
2025-07-08 07:40:22,420 - INFO - ⏳ 7.36s between batches...
2025-07-08 07:40:29,782 - INFO - Processing batch 24 to 26
2025-07-08 07:40:32,321 - INFO - ⏳ Waiting 6.99s for user emulation...
2025-07-08 07:40:32,482 - INFO - ⏳ Waiting 6.16s for user emulation...
2025-07-08 07:40:39,949 - INFO - ⏳ Waiting 4.90s for user emulation...
2025-07-08 07:40:42,207 - INFO - ⏳ Waiting 3.52s for user emulation...
2025-07-08 07:40:45,864 - INFO - Saved txt: download_final_baocao/1018_Bao-cao-79-BC-BCT-2013-danh-gia-5-thang-trien-khai-ngan-chan-san-pham-gia-cam-nhap-khau-trai-phep-231068.txt
2025-07-08 07:40:47,031 - INFO - Saved txt: download_final_baocao/1017_Bao-cao-2738-BC-BNN-VP-nam-2013-ket-qua-thuc-hien-Quyet-dinh-945-QD-TTg-194279.txt
2025-07-08 07:40:47,095 - INFO - ⏳ 7.39s between batches...
2025-07-08 07:40:54,483 - INFO - Processing batch 26 to 28
2025-07-08 07:40:56,825 - INFO - ⏳ Waiting 5.68s for user emulation...
2025-07-08 07:40:57,041 - INFO - ⏳ Waiting 4.46s for user emulation...
2025-07-08 07:41:03,820 - INFO - ⏳ Waiting 4.46s for user emulation...
2025-07-08 07:41:04,952 - INFO - ⏳ Waiting 4.31s for user emulation...
2025-07-08 07:41:09,590 - INFO - Saved txt: download_final_baocao/1020_Bao-cao-108-BC-UBND-2013-tinh-hinh-thuc-hien-ra-soat-thu-tuc-hanh-chinh-trong-tam-Ho-Chi-Minh-535276.txt
2025-07-08 07:41:10,504 - INFO - Saved txt: download_final_baocao/1019_Bao-cao-28-BC-STTTT-2013-cong-tac-cai-cach-hanh-chinh-So-Thong-tin-Ho-Chi-Minh-544822.txt
2025-07-08 07:41:10,569 - INFO - ⏳ 7.09s between batches...
2025-07-08 07:41:17,659 - INFO - Processing batch 28 to 30
2025-07-08 07:41:20,101 - INFO - ⏳ Waiting 6.62s for user emulation...
2025-07-08 07:41:20,317 - INFO - ⏳ Waiting 4.17s for user emulation...
2025-07-08 07:41:26,372 - INFO - ⏳ Waiting 5.87s for user emulation...
2025-07-08 07:41:27,762 - INFO - ⏳ Waiting 3.68s for user emulation...
2025-07-08 07:41:31,999 - INFO - Saved txt: download_final_baocao/1021_Bao-cao-106-BC-UBND-2013-tong-ket-dao-tao-can-bo-quan-su-Ban-Chi-huy-quan-su-xa-Ho-Chi-Minh-534498.txt
2025-07-08 07:41:34,065 - INFO - Saved txt: download_final_baocao/1022_Bao-cao-178-BC-UBND-tinh-hinh-ket-qua-giai-quyet-thu-tuc-hanh-chinh-quy-II-2013-Ha-Giang-208910.txt
2025-07-08 07:41:34,130 - INFO - ⏳ 7.84s between batches...
2025-07-08 07:41:41,966 - INFO - Processing batch 30 to 32
2025-07-08 07:41:44,260 - INFO - ⏳ Waiting 4.30s for user emulation...
2025-07-08 07:41:44,698 - INFO - ⏳ Waiting 4.82s for user emulation...
2025-07-08 07:41:49,885 - INFO - ⏳ Waiting 4.54s for user emulation...
2025-07-08 07:41:50,765 - INFO - ⏳ Waiting 4.35s for user emulation...
2025-07-08 07:41:55,984 - INFO - Saved txt: download_final_baocao/1024_Bao-cao-104-BC-UBND-2013-so-ket-tinh-hinh-cong-tac-phong-chong-toi-pham-ma-tuy-Ho-Chi-Minh-534497.txt
2025-07-08 07:41:56,656 - INFO - Saved txt: download_final_baocao/1023_Bao-cao-79-BC-TCTL-VP-2013-ket-qua-cai-cach-thu-tuc-hanh-chinh-Tong-cuc-Thuy-loi-6-thang-dau-2012-216079.txt
2025-07-08 07:41:56,720 - INFO - ⏳ 5.14s between batches...
2025-07-08 07:42:01,860 - INFO - Processing batch 32 to 34
2025-07-08 07:42:04,262 - INFO - ⏳ Waiting 5.76s for user emulation...
2025-07-08 07:42:04,265 - INFO - ⏳ Waiting 6.41s for user emulation...
2025-07-08 07:42:12,114 - INFO - ⏳ Waiting 3.33s for user emulation...
2025-07-08 07:42:12,956 - INFO - ⏳ Waiting 5.71s for user emulation...
2025-07-08 07:42:16,345 - INFO - Saved txt: download_final_baocao/1025_Bao-cao-1949-BC-BNN-TCCB-cong-tac-cai-cach-hanh-chinh-6-thang-dau-nam-193635.txt
2025-07-08 07:42:19,787 - INFO - Saved txt: download_final_baocao/1026_Bao-cao-26-BC-STTTT-2013-cong-tac-cai-cach-hanh-chinh-So-Thong-tin-Ho-Chi-Minh-544820.txt
2025-07-08 07:42:19,854 - INFO - ⏳ 3.85s between batches...
2025-07-08 07:42:23,703 - INFO - Processing batch 34 to 36
2025-07-08 07:42:26,322 - INFO - ⏳ Waiting 5.97s for user emulation...
2025-07-08 07:42:26,357 - INFO - ⏳ Waiting 4.87s for user emulation...
2025-07-08 07:42:33,125 - INFO - ⏳ Waiting 4.11s for user emulation...
2025-07-08 07:42:34,738 - INFO - ⏳ Waiting 4.06s for user emulation...
2025-07-08 07:42:38,608 - INFO - Saved txt: download_final_baocao/1027_Bao-cao-113-BC-UBND-2013-tinh-hinh-thuc-hien-nhiem-vu-kinh-te-Quan-5-Ho-Chi-Minh-541180.txt
2025-07-08 07:42:40,113 - INFO - Saved txt: download_final_baocao/1028_Bao-cao-1256-BC-TTCP-2013-kien-co-hoa-truong-lop-hoc-nha-cong-vu-giao-vien-205056.txt
2025-07-08 07:42:40,180 - INFO - ⏳ 3.27s between batches...
2025-07-08 07:42:43,446 - INFO - Processing batch 36 to 38
2025-07-08 07:42:45,875 - INFO - ⏳ Waiting 5.01s for user emulation...
2025-07-08 07:42:46,107 - INFO - ⏳ Waiting 6.73s for user emulation...
2025-07-08 07:42:52,428 - INFO - ⏳ Waiting 3.21s for user emulation...
2025-07-08 07:42:53,951 - INFO - ⏳ Waiting 5.57s for user emulation...
2025-07-08 07:42:56,331 - INFO - Saved txt: download_final_baocao/1030_Bao-cao-98-BC-UBND-nam-2013-tinh-hinh-kinh-te-xa-hoi-trong-thang-5-tai-TP-HCM-193219.txt
2025-07-08 07:43:00,677 - INFO - Saved txt: download_final_baocao/1029_Bao-cao-25-BC-HDND-nam-2013-tinh-hinh-thuc-hien-Luat-binh-dang-gioi-203327.txt
2025-07-08 07:43:00,741 - INFO - ⏳ 7.39s between batches...
2025-07-08 07:43:08,134 - INFO - Processing batch 38 to 40
2025-07-08 07:43:10,441 - INFO - ⏳ Waiting 6.20s for user emulation...
2025-07-08 07:43:10,528 - INFO - ⏳ Waiting 4.39s for user emulation...
2025-07-08 07:43:16,160 - INFO - ⏳ Waiting 3.42s for user emulation...
2025-07-08 07:43:17,754 - INFO - ⏳ Waiting 3.11s for user emulation...
2025-07-08 07:43:20,551 - INFO - Saved txt: download_final_baocao/1032_Bao-cao-64-BC-BATGT-nam-2013-cong-tac-trat-tu-an-toan-giao-thong-tinh-Ninh-Binh-190910.txt
2025-07-08 07:43:22,401 - INFO - Saved txt: download_final_baocao/1031_Bao-cao-95-BC-UBND-ket-qua-thuc-hien-Chien-luoc-phat-trien-thanh-nien-Viet-Nam-191513.txt
2025-07-08 07:43:22,467 - INFO - ⏳ 4.90s between batches...
2025-07-08 07:43:27,369 - INFO - Processing batch 40 to 42
2025-07-08 07:43:29,735 - INFO - ⏳ Waiting 6.22s for user emulation...
2025-07-08 07:43:29,852 - INFO - ⏳ Waiting 5.78s for user emulation...
2025-07-08 07:43:37,297 - INFO - ⏳ Waiting 3.51s for user emulation...
2025-07-08 07:43:38,314 - INFO - ⏳ Waiting 4.70s for user emulation...
2025-07-08 07:43:41,593 - INFO - Saved txt: download_final_baocao/1033_Bao-cao-2352-BC-BNN-VP-2013-tinh-hinh-thuc-hien-cong-tac-van-thu-luu-tru-188424.txt
2025-07-08 07:43:44,504 - INFO - Saved txt: download_final_baocao/1034_Bao-cao-57-BC-BCT-2013-ve-4-thang-ngan-chan-van-chuyen-kinh-doanh-gia-cam-nhap-khau-trai-phep-231343.txt
2025-07-08 07:43:44,569 - INFO - ⏳ 7.86s between batches...
2025-07-08 07:43:52,433 - INFO - Processing batch 42 to 44
2025-07-08 07:43:54,996 - INFO - ⏳ Waiting 4.12s for user emulation...
2025-07-08 07:43:55,051 - INFO - ⏳ Waiting 4.26s for user emulation...
2025-07-08 07:44:02,114 - INFO - ⏳ Waiting 4.47s for user emulation...
2025-07-08 07:44:02,368 - INFO - ⏳ Waiting 4.80s for user emulation...
2025-07-08 07:44:08,152 - INFO - Saved txt: download_final_baocao/1035_Bao-cao-56-BC-BCT-nam-2013-xu-ly-xe-vi-pham-van-chuyen-kinh-doanh-gia-cam-nhap-khau-trai-phep-231010.txt
2025-07-08 07:44:08,340 - INFO - Saved txt: download_final_baocao/1036_Bao-cao-459-BC-HDDT13-2013-ket-qua-dau-tu-dia-ban-kinh-te-xa-hoi-dac-biet-kho-khan-vung-dan-toc-thieu-so-232686.txt
2025-07-08 07:44:08,405 - INFO - ⏳ 4.24s between batches...
2025-07-08 07:44:12,645 - INFO - Processing batch 44 to 46
2025-07-08 07:44:15,053 - INFO - ⏳ Waiting 5.38s for user emulation...
2025-07-08 07:44:15,152 - INFO - ⏳ Waiting 6.26s for user emulation...
2025-07-08 07:44:22,299 - INFO - ⏳ Waiting 5.76s for user emulation...
2025-07-08 07:44:23,862 - INFO - ⏳ Waiting 4.09s for user emulation...
2025-07-08 07:44:29,024 - INFO - Saved txt: download_final_baocao/1038_Bao-cao-84-BC-UBND-2013-hoat-dong-chi-dao-dieu-hanh-cua-Uy-ban-nhan-dan-Ho-Chi-Minh-thang-4-535275.txt
2025-07-08 07:44:29,473 - INFO - Saved txt: download_final_baocao/1037_Bao-cao-45-BC-UBND-2013-tinh-hinh-kinh-te-xa-hoi-quan-Phu-Nhuan-Ho-Chi-Minh-thang-5-541257.txt
2025-07-08 07:44:29,542 - INFO - ⏳ 7.56s between batches...
2025-07-08 07:44:37,106 - INFO - Processing batch 46 to 48
2025-07-08 07:44:39,881 - INFO - ⏳ Waiting 4.91s for user emulation...
2025-07-08 07:44:39,896 - INFO - ⏳ Waiting 4.77s for user emulation...
2025-07-08 07:44:47,185 - INFO - ⏳ Waiting 4.27s for user emulation...
2025-07-08 07:44:47,894 - INFO - ⏳ Waiting 4.10s for user emulation...
2025-07-08 07:44:52,258 - INFO - Saved txt: download_final_baocao/1040_Bao-cao-40-BC-UBND-2013-tinh-hinh-kinh-te-xa-hoi-quan-Phu-Nhuan-Ho-Chi-Minh-thang-4-541236.txt
2025-07-08 07:44:53,256 - INFO - Saved txt: download_final_baocao/1039_Bao-cao-81-BC-UBND-2013-ket-qua-Chuong-trinh-van-dong-uu-tien-dung-hang-Viet-Nam-Ho-Chi-Minh-535271.txt
2025-07-08 07:44:53,324 - INFO - ⏳ 4.50s between batches...
2025-07-08 07:44:57,821 - INFO - Processing batch 48 to 50
2025-07-08 07:45:00,051 - INFO - ⏳ Waiting 6.32s for user emulation...
2025-07-08 07:45:00,628 - INFO - ⏳ Waiting 5.64s for user emulation...
2025-07-08 07:45:08,137 - INFO - ⏳ Waiting 4.18s for user emulation...
2025-07-08 07:45:08,885 - INFO - ⏳ Waiting 3.51s for user emulation...
2025-07-08 07:45:13,220 - INFO - Saved txt: download_final_baocao/1042_Bao-cao-19-BC-BCD-ket-qua-giao-ban-chong-buon-lau-hang-gia-gian-lan-thuong-mai-nam-2013-231495.txt
2025-07-08 07:45:13,247 - INFO - Saved txt: download_final_baocao/1041_Bao-cao-1296-BC-BNN-HTQT-noi-dung-bien-phap-quan-ly-giam-sat-cho-phep-nhap-khau-189070.txt
2025-07-08 07:45:13,322 - INFO - ⏳ 7.01s between batches...
2025-07-08 07:45:20,333 - INFO - Processing batch 50 to 52
2025-07-08 07:45:22,527 - INFO - ⏳ Waiting 6.53s for user emulation...
2025-07-08 07:45:22,926 - INFO - ⏳ Waiting 6.60s for user emulation...
2025-07-08 07:45:30,913 - INFO - ⏳ Waiting 4.02s for user emulation...
2025-07-08 07:45:31,060 - INFO - ⏳ Waiting 5.38s for user emulation...
2025-07-08 07:45:35,531 - INFO - Saved txt: download_final_baocao/1043_Bao-cao-76-BC-UBND-2013-tinh-hinh-kinh-te-xa-hoi-quy-I-va-giai-phap-quy-II-Ho-Chi-Minh-534511.txt
2025-07-08 07:45:37,024 - INFO - Saved txt: download_final_baocao/1044_Bao-cao-68-BC-UBND-2013-thuc-hien-Chi-thi-1973-CT-TTg-lam-theo-tam-guong-dao-duc-Ho-Chi-Minh-535267.txt
2025-07-08 07:45:37,089 - INFO - ⏳ 4.08s between batches...
2025-07-08 07:45:41,173 - INFO - Processing batch 52 to 54
2025-07-08 07:45:43,846 - INFO - ⏳ Waiting 6.83s for user emulation...
2025-07-08 07:45:43,964 - INFO - ⏳ Waiting 4.80s for user emulation...
2025-07-08 07:45:50,557 - INFO - ⏳ Waiting 4.98s for user emulation...
2025-07-08 07:45:51,940 - INFO - ⏳ Waiting 3.64s for user emulation...
2025-07-08 07:45:56,227 - INFO - Saved txt: download_final_baocao/1045_Bao-cao-35-BC-UBND-2013-tinh-hinh-kinh-te-xa-hoi-quan-Phu-Nhuan-Ho-Chi-Minh-quy-1-541226.txt
2025-07-08 07:45:56,972 - INFO - Saved txt: download_final_baocao/1046_Bao-cao-10-BC-UBND-nam-2013-Ket-qua-thong-ke-dat-dai-Bac-Ninh-184908.txt
2025-07-08 07:45:57,039 - INFO - ⏳ 6.57s between batches...
2025-07-08 07:46:03,608 - INFO - Processing batch 54 to 56
2025-07-08 07:46:06,127 - INFO - ⏳ Waiting 5.10s for user emulation...
2025-07-08 07:46:06,332 - INFO - ⏳ Waiting 4.44s for user emulation...
2025-07-08 07:46:12,337 - INFO - ⏳ Waiting 4.34s for user emulation...
2025-07-08 07:46:12,701 - INFO - ⏳ Waiting 5.39s for user emulation...
2025-07-08 07:46:18,065 - INFO - Saved txt: download_final_baocao/1047_Bao-cao-32-BC-BCT-cong-tac-phong-chong-tham-nhung-179998.txt
2025-07-08 07:46:19,155 - INFO - Saved txt: download_final_baocao/1048_Bao-cao-1045-BC-BNN-KTHT-nam-2013-ha-tang-nong-thon-su-dung-dat-rung-dan-toc-thieu-so-Tay-Nguyen-226170.txt
2025-07-08 07:46:19,221 - INFO - ⏳ 3.64s between batches...
2025-07-08 07:46:22,861 - INFO - Processing batch 56 to 58
2025-07-08 07:46:25,292 - INFO - ⏳ Waiting 5.16s for user emulation...
2025-07-08 07:46:25,323 - INFO - ⏳ Waiting 6.59s for user emulation...
2025-07-08 07:46:31,839 - INFO - ⏳ Waiting 4.83s for user emulation...
2025-07-08 07:46:33,977 - INFO - ⏳ Waiting 5.26s for user emulation...
2025-07-08 07:46:37,667 - INFO - Saved txt: download_final_baocao/1049_Bao-cao-61-BC-UBND-2013-so-ket-thuc-hien-Chi-thi-19-2010-CT-UBND-Ho-Chi-Minh-534441.txt
2025-07-08 07:46:40,709 - INFO - Saved txt: download_final_baocao/1050_Bao-cao-1456-BC-BNN-KTHT-ra-soat-danh-gia-chinh-sach-ho-tro-phat-trien-san-xuat-177647.txt
2025-07-08 07:46:40,778 - INFO - ⏳ 3.87s between batches...
2025-07-08 07:46:44,652 - INFO - Processing batch 58 to 60
2025-07-08 07:46:47,151 - INFO - ⏳ Waiting 6.19s for user emulation...
2025-07-08 07:46:47,309 - INFO - ⏳ Waiting 6.96s for user emulation...
2025-07-08 07:46:54,701 - INFO - ⏳ Waiting 3.68s for user emulation...
2025-07-08 07:46:55,954 - INFO - ⏳ Waiting 5.63s for user emulation...
2025-07-08 07:46:59,475 - INFO - Saved txt: download_final_baocao/1052_Bao-cao-56-BC-UBND-2013-ket-qua-nhiem-vu-quan-ly-thanh-nien-Ho-Chi-Minh-2012-534440.txt
2025-07-08 07:47:02,368 - INFO - Saved txt: download_final_baocao/1051_Bao-cao-57-BC-UBND-2012-tong-ket-phong-trao-thi-dua-yeu-nuoc-Ho-Chi-Minh-535266.txt
2025-07-08 07:47:02,433 - INFO - ⏳ 3.50s between batches...
2025-07-08 07:47:05,937 - INFO - Processing batch 60 to 62
2025-07-08 07:47:08,345 - INFO - ⏳ Waiting 6.98s for user emulation...
2025-07-08 07:47:08,378 - INFO - ⏳ Waiting 5.13s for user emulation...
2025-07-08 07:47:15,552 - INFO - ⏳ Waiting 3.91s for user emulation...
2025-07-08 07:47:17,039 - INFO - ⏳ Waiting 5.37s for user emulation...
2025-07-08 07:47:20,742 - INFO - Saved txt: download_final_baocao/1053_Bao-cao-54-BC-UBND-2013-thuc-hien-cong-tac-cai-cach-hanh-chinh-Quan-5-Ho-Chi-Minh-540979.txt
2025-07-08 07:47:23,244 - INFO - Saved txt: download_final_baocao/1054_Bao-cao-55-BC-UBND-2013-tinh-hinh-thuc-hien-Quyet-dinh-945-QD-TTg-Ho-Chi-Minh-Quy-I-535265.txt
2025-07-08 07:47:23,310 - INFO - ⏳ 6.19s between batches...
2025-07-08 07:47:29,500 - INFO - Processing batch 62 to 64
2025-07-08 07:47:32,062 - INFO - ⏳ Waiting 5.37s for user emulation...
2025-07-08 07:47:32,400 - INFO - ⏳ Waiting 5.25s for user emulation...
2025-07-08 07:47:39,059 - INFO - ⏳ Waiting 3.84s for user emulation...
2025-07-08 07:47:40,205 - INFO - ⏳ Waiting 4.37s for user emulation...
2025-07-08 07:47:44,012 - INFO - Saved txt: download_final_baocao/1055_Bao-cao-46-BC-UBND-2013-tinh-hinh-thuc-hien-nhiem-vu-kinh-te-xa-hoi-Quan-5-Ho-Chi-Minh-Quy-I-540968.txt
2025-07-08 07:47:45,964 - INFO - Saved txt: download_final_baocao/1056_Bao-cao-51-BC-UBND-2013-hoat-dong-chi-dao-va-tinh-hinh-kinh-te-xa-hoi-thang-02-Ho-Chi-Minh-535263.txt
2025-07-08 07:47:46,030 - INFO - ⏳ 3.73s between batches...
2025-07-08 07:47:49,756 - INFO - Processing batch 64 to 66
2025-07-08 07:47:52,205 - INFO - ⏳ Waiting 6.68s for user emulation...
2025-07-08 07:47:52,462 - INFO - ⏳ Waiting 5.93s for user emulation...
2025-07-08 07:48:00,990 - INFO - ⏳ Waiting 3.15s for user emulation...
2025-07-08 07:48:01,306 - INFO - ⏳ Waiting 3.51s for user emulation...
2025-07-08 07:48:05,044 - INFO - Saved txt: download_final_baocao/1058_Bao-cao-47-BC-UBND-2013-tinh-hinh-ket-qua-phong-chong-AIDS-ma-tuy-mai-dam-Ho-Chi-Minh-535259.txt
2025-07-08 07:48:05,970 - INFO - Saved txt: download_final_baocao/1057_Bao-cao-49-BC-UBND-2013-so-ket-De-an-giao-duc-pham-chat-dao-duc-phu-nu-Viet-Nam-Ho-Chi-Minh-535260.txt
2025-07-08 07:48:06,036 - INFO - ⏳ 4.63s between batches...
2025-07-08 07:48:10,666 - INFO - Processing batch 66 to 68
2025-07-08 07:48:13,241 - INFO - ⏳ Waiting 6.05s for user emulation...
2025-07-08 07:48:13,329 - INFO - ⏳ Waiting 5.96s for user emulation...
2025-07-08 07:48:21,538 - INFO - ⏳ Waiting 3.80s for user emulation...
2025-07-08 07:48:21,960 - INFO - ⏳ Waiting 3.29s for user emulation...
2025-07-08 07:48:26,305 - INFO - Saved txt: download_final_baocao/1059_Bao-cao-18-BC-NHNN-2013-thuc-hien-2453-QD-TTg-day-manh-thanh-toan-khong-dung-tien-mat-2012-237267.txt
2025-07-08 07:48:26,470 - INFO - Saved txt: download_final_baocao/1060_Bao-cao-44-BC-UBND-2013-tong-ket-danh-gia-ket-qua-thuc-hien-Luat-Thanh-nien-Ho-Chi-Minh-535257.txt
2025-07-08 07:48:26,535 - INFO - ⏳ 5.57s between batches...
2025-07-08 07:48:32,103 - INFO - Processing batch 68 to 70
2025-07-08 07:48:34,725 - INFO - ⏳ Waiting 5.27s for user emulation...
2025-07-08 07:48:34,835 - INFO - ⏳ Waiting 4.11s for user emulation...
2025-07-08 07:48:40,371 - INFO - ⏳ Waiting 4.58s for user emulation...
2025-07-08 07:48:42,793 - INFO - ⏳ Waiting 4.04s for user emulation...
2025-07-08 07:48:46,396 - INFO - Saved txt: download_final_baocao/1062_Bao-cao-39-BC-UBND-2013-tong-ket-thuc-hien-Nghi-dinh-161-2003-ND-CP-Ho-Chi-Minh-534438.txt
2025-07-08 07:48:47,543 - INFO - Saved txt: download_final_baocao/1061_Bao-cao-40-BC-UBND-2013-cong-tac-cham-lo-Tet-Quy-Ty-Ho-Chi-Minh-535255.txt
2025-07-08 07:48:47,610 - INFO - ⏳ 5.76s between batches...
2025-07-08 07:48:53,374 - INFO - Processing batch 70 to 72
2025-07-08 07:48:55,510 - INFO - ⏳ Waiting 6.80s for user emulation...
2025-07-08 07:48:56,068 - INFO - ⏳ Waiting 6.32s for user emulation...
2025-07-08 07:49:03,570 - INFO - ⏳ Waiting 5.68s for user emulation...
2025-07-08 07:49:04,895 - INFO - ⏳ Waiting 5.25s for user emulation...
2025-07-08 07:49:10,145 - INFO - Saved txt: download_final_baocao/1064_Bao-cao-34-BC-UBND-2013-tinh-hinh-thi-hanh-phap-luat-Ho-Chi-Minh-2012-534391.txt
2025-07-08 07:49:11,413 - INFO - Saved txt: download_final_baocao/1063_Bao-cao-28-BC-UBND-2013-tinh-hinh-thuc-hien-Chuong-trinh-binh-dang-gioi-Quan-5-Ho-Chi-Minh-540957.txt
2025-07-08 07:49:11,479 - INFO - ⏳ 3.63s between batches...
2025-07-08 07:49:15,111 - INFO - Processing batch 72 to 74
2025-07-08 07:49:17,713 - INFO - ⏳ Waiting 5.67s for user emulation...
2025-07-08 07:49:17,725 - INFO - ⏳ Waiting 6.50s for user emulation...
2025-07-08 07:49:25,240 - INFO - ⏳ Waiting 4.08s for user emulation...
2025-07-08 07:49:26,670 - INFO - ⏳ Waiting 3.32s for user emulation...
2025-07-08 07:49:30,724 - INFO - Saved txt: download_final_baocao/1065_Bao-cao-409-BC-BNN-KTHT-bo-sung-quy-dinh-tieu-chi-thu-nhap-so-10-bo-tieu-chi-169003.txt
2025-07-08 07:49:30,948 - INFO - Saved txt: download_final_baocao/1066_Bao-cao-28-BC-UBND-2013-hoat-dong-chi-dao-dieu-hanh-cua-Uy-ban-nhan-dan-Ho-Chi-Minh-535252.txt
2025-07-08 07:49:31,018 - INFO - ⏳ 3.78s between batches...
2025-07-08 07:49:34,799 - INFO - Processing batch 74 to 76
2025-07-08 07:49:37,003 - INFO - ⏳ Waiting 6.14s for user emulation...
2025-07-08 07:49:37,172 - INFO - ⏳ Waiting 5.05s for user emulation...
2025-07-08 07:49:43,852 - INFO - ⏳ Waiting 3.08s for user emulation...
2025-07-08 07:49:45,075 - INFO - ⏳ Waiting 3.78s for user emulation...
2025-07-08 07:49:48,117 - INFO - Saved txt: download_final_baocao/1068_Bao-cao-04-BC-UBND-2013-tinh-hinh-Kinh-te-xa-hoi-Phu-Nhuan-Ho-Chi-Minh-thang-1-541083.txt
2025-07-08 07:49:50,070 - INFO - Saved txt: download_final_baocao/1067_Bao-cao-53-BC-BYT-nam-2013-cong-tac-phong-chong-HIV-AIDS-2012-ke-hoach-2013-207905.txt
2025-07-08 07:49:50,137 - INFO - ⏳ 7.65s between batches...
2025-07-08 07:49:57,790 - INFO - Processing batch 76 to 78
2025-07-08 07:50:00,028 - INFO - ⏳ Waiting 5.63s for user emulation...
2025-07-08 07:50:00,536 - INFO - ⏳ Waiting 6.61s for user emulation...
2025-07-08 07:50:13,533 - INFO - ⏳ Waiting 3.50s for user emulation...
2025-07-08 07:50:15,398 - INFO - ⏳ Waiting 3.25s for user emulation...
2025-07-08 07:50:18,500 - INFO - Saved txt: download_final_baocao/1070_Bao-cao-16-BC-BTP-tong-ket-cong-tac-tu-phap-nam-2012-phuong-huong-nhiem-vu-2013-166467.txt
2025-07-08 07:50:19,577 - INFO - Saved txt: download_final_baocao/1069_Bao-cao-09-BC-UBDT-2013-ket-qua-Tuyen-truyen-pho-bien-phap-luat-cho-nguoi-dan-nong-thon-dan-toc-thieu-so-231484.txt
2025-07-08 07:50:19,643 - INFO - ⏳ 5.45s between batches...
2025-07-08 07:50:25,094 - INFO - Processing batch 78 to 80
2025-07-08 07:50:27,530 - INFO - ⏳ Waiting 5.42s for user emulation...
2025-07-08 07:50:27,805 - INFO - ⏳ Waiting 5.90s for user emulation...
2025-07-08 07:50:34,960 - INFO - ⏳ Waiting 3.88s for user emulation...
2025-07-08 07:50:36,137 - INFO - ⏳ Waiting 4.55s for user emulation...
2025-07-08 07:50:39,855 - INFO - Saved txt: download_final_baocao/1072_Bao-cao-06-BC-HDGDQPANTW-ket-qua-thuc-hien-cong-tac-giao-duc-quoc-phongan-ninh-166336.txt
2025-07-08 07:50:41,433 - INFO - Saved txt: download_final_baocao/1071_Bao-cao-17-BC-UBND-2013-kiem-tra-tinh-hinh-thuc-hien-du-an-phat-trien-nha-o-Ho-Chi-Minh-534390.txt
2025-07-08 07:50:41,499 - INFO - ⏳ 4.16s between batches...
2025-07-08 07:50:45,660 - INFO - Processing batch 80 to 82
2025-07-08 07:50:48,218 - INFO - ⏳ Waiting 4.68s for user emulation...
2025-07-08 07:50:48,349 - INFO - ⏳ Waiting 4.17s for user emulation...
2025-07-08 07:50:54,537 - INFO - ⏳ Waiting 5.02s for user emulation...
2025-07-08 07:50:54,725 - INFO - ⏳ Waiting 3.55s for user emulation...
2025-07-08 07:50:59,630 - INFO - Saved txt: download_final_baocao/1073_Bao-cao-11-BC-UBND-2012-tinh-hinh-kinh-te-xa-hoi-va-thu-chi-ngan-sach-Ho-Chi-Minh-535247.txt
2025-07-08 07:51:00,892 - INFO - Saved txt: download_final_baocao/1074_Bao-cao-02-BC-BCT-cong-tac-phong-chong-tham-nhung-nam-2012-phuong-huong-nhiem-vu-164612.txt
2025-07-08 07:51:00,961 - INFO - ⏳ 5.13s between batches...
2025-07-08 07:51:06,086 - INFO - Processing batch 82 to 84
2025-07-08 07:51:08,715 - INFO - ⏳ Waiting 5.43s for user emulation...
2025-07-08 07:51:08,777 - INFO - ⏳ Waiting 4.79s for user emulation...
2025-07-08 07:51:15,949 - INFO - ⏳ Waiting 3.88s for user emulation...
2025-07-08 07:51:16,319 - INFO - ⏳ Waiting 4.21s for user emulation...
2025-07-08 07:51:21,231 - INFO - Saved txt: download_final_baocao/1075_Bao-cao-07-BC-UBND-2012-ket-qua-thuc-hien-cong-tac-cai-cach-hanh-chinh-Ho-Chi-Minh-535246.txt
2025-07-08 07:51:21,305 - INFO - Saved txt: download_final_baocao/1076_Bao-cao-05-BC-UBND-2013-ket-qua-tiep-xuc-doi-thoai-can-bo-chu-chot-Ho-Chi-Minh-2012-534388.txt
2025-07-08 07:51:21,370 - INFO - ⏳ 7.26s between batches...
2025-07-08 07:51:28,628 - INFO - Processing batch 84 to 86
2025-07-08 07:51:31,276 - INFO - ⏳ Waiting 4.36s for user emulation...
2025-07-08 07:51:31,302 - INFO - ⏳ Waiting 4.38s for user emulation...
2025-07-08 07:51:37,730 - INFO - ⏳ Waiting 5.83s for user emulation...
2025-07-08 07:51:37,914 - INFO - ⏳ Waiting 5.02s for user emulation...
2025-07-08 07:51:44,200 - INFO - Saved txt: download_final_baocao/1077_Bao-cao-362-BC-CP-2012-thuc-hien-phap-luat-xu-phat-vi-pham-hanh-chinh-giao-thong-van-tai-234057.txt
2025-07-08 07:51:44,268 - INFO - Saved txt: download_final_baocao/1078_Bao-cao-188-BC-UBND-2012-so-ket-thuc-hien-chuong-trinh-Cai-cach-hanh-chinh-Ho-Chi-Minh-538258.txt
2025-07-08 07:51:44,336 - INFO - ⏳ 7.24s between batches...
2025-07-08 07:51:51,572 - INFO - Processing batch 86 to 88
2025-07-08 07:51:54,377 - INFO - ⏳ Waiting 4.03s for user emulation...
2025-07-08 07:51:54,380 - INFO - ⏳ Waiting 5.67s for user emulation...
2025-07-08 07:51:59,700 - INFO - ⏳ Waiting 3.83s for user emulation...
2025-07-08 07:52:01,709 - INFO - ⏳ Waiting 4.98s for user emulation...
2025-07-08 07:52:05,038 - INFO - Saved txt: download_final_baocao/1080_Bao-cao-1907-BC-HQDNg-tong-ket-cong-tac-phong-chong-lut-bao-giam-nhe-thien-tai-152796.txt
2025-07-08 07:52:07,322 - INFO - Saved txt: download_final_baocao/1079_Bao-cao-5969-BC-BNN-PC-ket-qua-kiem-tra-cong-tac-tuyen-truyen-pho-bien-giao-duc-152798.txt
2025-07-08 07:52:07,391 - INFO - ⏳ 3.23s between batches...
2025-07-08 07:52:10,616 - INFO - Processing batch 88 to 90
2025-07-08 07:52:13,253 - INFO - ⏳ Waiting 5.22s for user emulation...
2025-07-08 07:52:13,489 - INFO - ⏳ Waiting 5.82s for user emulation...
2025-07-08 07:52:19,983 - INFO - ⏳ Waiting 4.34s for user emulation...
2025-07-08 07:52:21,121 - INFO - ⏳ Waiting 5.35s for user emulation...
2025-07-08 07:52:25,669 - INFO - Saved txt: download_final_baocao/1081_Bao-cao-1811-BC-HQTH-tong-ket-cong-tac-phong-chong-lut-bao-giam-nhe-thien-tai-152793.txt
2025-07-08 07:52:27,290 - INFO - Saved txt: download_final_baocao/1082_Bao-cao-178-BC-UBND-ket-qua-thuc-hien-Ke-hoach-trien-khai-Chuong-trinh-hanh-dong-153002.txt
2025-07-08 07:52:27,358 - INFO - ⏳ 6.95s between batches...
2025-07-08 07:52:34,311 - INFO - Processing batch 90 to 92
2025-07-08 07:52:37,016 - INFO - ⏳ Waiting 4.12s for user emulation...
2025-07-08 07:52:37,027 - INFO - ⏳ Waiting 4.21s for user emulation...
2025-07-08 07:52:43,026 - INFO - ⏳ Waiting 5.18s for user emulation...
2025-07-08 07:52:43,297 - INFO - ⏳ Waiting 3.43s for user emulation...
2025-07-08 07:52:47,485 - INFO - Saved txt: download_final_baocao/1084_Bao-cao-5790-BC-BNN-KH-tom-tat-ket-qua-hoi-thao-Doi-moi-ke-hoach-giam-sat-152184.txt
2025-07-08 07:52:49,351 - INFO - Saved txt: download_final_baocao/1083_Bao-cao-53-BC-STTTT-2012-thuc-hien-tang-cuong-cong-tac-quan-ly-van-thu-luu-tru-Ho-Chi-Minh-544841.txt
2025-07-08 07:52:49,417 - INFO - ⏳ 3.99s between batches...
2025-07-08 07:52:53,405 - INFO - Processing batch 92 to 94
2025-07-08 07:52:56,075 - INFO - ⏳ Waiting 6.50s for user emulation...
2025-07-08 07:52:56,229 - INFO - ⏳ Waiting 5.28s for user emulation...
2025-07-08 07:53:03,474 - INFO - ⏳ Waiting 5.64s for user emulation...
2025-07-08 07:53:04,331 - INFO - ⏳ Waiting 3.44s for user emulation...
2025-07-08 07:53:08,720 - INFO - Saved txt: download_final_baocao/1086_Bao-cao-1011-BC-BYT-nam-2012-ket-qua-hoi-thao-quoc-gia-mat-can-bang-gioi-tinh-khi-sinh-233806.txt
2025-07-08 07:53:10,593 - INFO - Saved txt: download_final_baocao/1085_Bao-cao-237-BC-UBND-2012-thuc-hien-cong-tac-cai-cach-hanh-chinh-Quan-5-Ho-Chi-Minh-542416.txt
2025-07-08 07:53:10,660 - INFO - ⏳ 3.16s between batches...
2025-07-08 07:53:13,823 - INFO - Processing batch 94 to 96
2025-07-08 07:53:16,527 - INFO - ⏳ Waiting 6.19s for user emulation...
2025-07-08 07:53:16,531 - INFO - ⏳ Waiting 5.62s for user emulation...
2025-07-08 07:53:24,595 - INFO - ⏳ Waiting 4.63s for user emulation...
2025-07-08 07:53:25,122 - INFO - ⏳ Waiting 3.73s for user emulation...
2025-07-08 07:53:29,828 - INFO - Saved txt: download_final_baocao/1087_Bao-cao-236-BC-UBND-2012-tinh-hinh-thuc-hien-nhiem-vu-kinh-te-xa-hoi-Quan-5-Ho-Chi-Minh-542418.txt
2025-07-08 07:53:30,136 - INFO - Saved txt: download_final_baocao/1088_Bao-cao-112-BC-UBND-2012-tinh-hinh-kinh-te-xa-hoi-quan-Phu-Nhuan-Ho-Chi-Minh-thang-11-541437.txt
2025-07-08 07:53:30,202 - INFO - ⏳ 7.45s between batches...
2025-07-08 07:53:37,655 - INFO - Processing batch 96 to 98
2025-07-08 07:53:40,484 - INFO - ⏳ Waiting 5.30s for user emulation...
2025-07-08 07:53:40,532 - INFO - ⏳ Waiting 6.87s for user emulation...
2025-07-08 07:53:47,099 - INFO - ⏳ Waiting 4.47s for user emulation...
2025-07-08 07:53:48,853 - INFO - ⏳ Waiting 3.40s for user emulation...
2025-07-08 07:53:52,806 - INFO - Saved txt: download_final_baocao/1089_Bao-cao-307-BC-UBND-2013-cong-tac-dan-toc-thieu-so-Quan-8-Ho-Chi-Minh-2012-544030.txt
2025-07-08 07:53:53,282 - INFO - Saved txt: download_final_baocao/1090_Bao-cao-232-BC-UBND-2012-so-ket-xay-dung-Quan-Van-minh-Sach-dep-Quan-5-Ho-Chi-Minh-542423.txt
2025-07-08 07:53:53,351 - INFO - ⏳ 6.58s between batches...
2025-07-08 07:53:59,928 - INFO - Processing batch 98 to 100
2025-07-08 07:54:02,552 - INFO - ⏳ Waiting 4.94s for user emulation...
2025-07-08 07:54:02,706 - INFO - ⏳ Waiting 4.53s for user emulation...
2025-07-08 07:54:08,956 - INFO - ⏳ Waiting 3.85s for user emulation...
2025-07-08 07:54:09,557 - INFO - ⏳ Waiting 5.28s for user emulation...
2025-07-08 07:54:14,042 - INFO - Saved txt: download_final_baocao/1092_Bao-cao-102-BC-UBND-2012-so-ket-chuong-trinh-giam-ngap-nuoc-quan-Phu-Nhuan-Ho-Chi-Minh-541409.txt
2025-07-08 07:54:15,886 - INFO - Saved txt: download_final_baocao/1091_Bao-cao-108-BC-UBND-2012-so-ket-thuc-hien-giam-o-nhiem-moi-truong-quan-Phu-Nhuan-Ho-Chi-Minh-541415.txt
2025-07-08 07:54:15,959 - INFO - ⏳ 7.08s between batches...
2025-07-08 07:54:23,035 - INFO - Processing batch 100 to 102
2025-07-08 07:54:25,368 - INFO - ⏳ Waiting 4.63s for user emulation...
2025-07-08 07:54:25,701 - INFO - ⏳ Waiting 5.33s for user emulation...
2025-07-08 07:54:31,669 - INFO - ⏳ Waiting 4.19s for user emulation...
2025-07-08 07:54:33,068 - INFO - ⏳ Waiting 5.21s for user emulation...
2025-07-08 07:54:37,205 - INFO - Saved txt: download_final_baocao/1094_Bao-cao-222-BC-UBND-2012-tinh-hinh-thuc-hien-nhiem-vu-kinh-te-xa-hoi-Quan-5-Ho-Chi-Minh-542427.txt
2025-07-08 07:54:39,645 - INFO - Saved txt: download_final_baocao/1093_Bao-cao-106-BC-UBND-2012-tinh-hinh-kinh-te-xa-hoi-quan-Phu-Nhuan-Ho-Chi-Minh-541411.txt
2025-07-08 07:54:39,717 - INFO - ⏳ 6.41s between batches...
2025-07-08 07:54:46,123 - INFO - Processing batch 102 to 104
2025-07-08 07:54:48,859 - INFO - ⏳ Waiting 4.11s for user emulation...
2025-07-08 07:54:48,973 - INFO - ⏳ Waiting 5.21s for user emulation...
2025-07-08 07:54:55,731 - INFO - ⏳ Waiting 4.38s for user emulation...
2025-07-08 07:54:55,786 - INFO - ⏳ Waiting 5.19s for user emulation...
2025-07-08 07:55:01,645 - INFO - Saved txt: download_final_baocao/1096_Bao-cao-108-BC-TCTK-tinh-hinh-kinh-te-xa-hoi-muoi-thang-nam-2012-151091.txt
2025-07-08 07:55:02,516 - INFO - Saved txt: download_final_baocao/1095_Bao-cao-32-BC-BCD-dau-tranh-chong-buon-lau-hang-gia-gian-lan-9-thang-dau-phuong-huong-3-thang-cuoi-2012-234399.txt
2025-07-08 07:55:02,583 - INFO - ⏳ 6.36s between batches...
2025-07-08 07:55:08,941 - INFO - Processing batch 104 to 106
2025-07-08 07:55:11,252 - INFO - ⏳ Waiting 6.05s for user emulation...
2025-07-08 07:55:11,704 - INFO - ⏳ Waiting 4.02s for user emulation...
2025-07-08 07:55:17,857 - INFO - ⏳ Waiting 4.33s for user emulation...
2025-07-08 07:55:19,306 - INFO - ⏳ Waiting 3.36s for user emulation...
2025-07-08 07:55:22,775 - INFO - Saved txt: download_final_baocao/1097_Bao-cao-56-BC-UBND-2012-ket-qua-dao-tao-boi-duong-can-bo-cong-chuc-quan-Phu-Nhuan-Ho-Chi-Minh-541302.txt
2025-07-08 07:55:23,561 - INFO - Saved txt: download_final_baocao/1098_Bao-cao-97-BC-UBND-2012-so-ket-02-nam-Chuong-trinh-giam-un-tac-giao-thong-Phu-Nhuan-Ho-Chi-Minh-541382.txt
2025-07-08 07:55:23,627 - INFO - ⏳ 3.24s between batches...
2025-07-08 07:55:26,862 - INFO - Processing batch 106 to 108
2025-07-08 07:55:29,592 - INFO - ⏳ Waiting 6.48s for user emulation...
2025-07-08 07:55:29,598 - INFO - ⏳ Waiting 6.44s for user emulation...
2025-07-08 07:55:38,464 - INFO - ⏳ Waiting 3.54s for user emulation...
2025-07-08 07:55:39,285 - INFO - ⏳ Waiting 3.60s for user emulation...
2025-07-08 07:55:42,679 - INFO - Saved txt: download_final_baocao/1100_Bao-cao-so-ket-96-BC-UBND-2012-ho-tro-chuyen-dich-co-cau-kinh-te-quan-Phu-Nhuan-Ho-Chi-Minh-541377.txt
2025-07-08 07:55:43,773 - INFO - Saved txt: download_final_baocao/1099_Bao-cao-98-BC-UBND-2012-cai-cach-hanh-chinh-gan-xay-dung-chinh-quyen-do-thi-Phu-Nhuan-Ho-Chi-Minh-541383.txt
2025-07-08 07:55:43,841 - INFO - ⏳ 3.70s between batches...
2025-07-08 07:55:47,541 - INFO - Processing batch 108 to 110
2025-07-08 07:55:50,273 - INFO - ⏳ Waiting 5.04s for user emulation...
2025-07-08 07:55:50,278 - INFO - ⏳ Waiting 4.31s for user emulation...
2025-07-08 07:55:56,152 - INFO - ⏳ Waiting 3.66s for user emulation...
2025-07-08 07:55:57,357 - INFO - ⏳ Waiting 3.99s for user emulation...
2025-07-08 07:56:01,137 - INFO - Saved txt: download_final_baocao/1101_Bao-cao-193-BC-LDTBXH-ket-qua-thuc-hien-nhiem-vu-cong-tac-thang-10-149999.txt
2025-07-08 07:56:02,696 - INFO - Saved txt: download_final_baocao/1102_Bao-cao-93-BC-UBND-2012-tinh-hinh-Kinh-te-xa-hoi-quan-Phu-Nhuan-Ho-Chi-Minh-thang-10-541365.txt
2025-07-08 07:56:02,765 - INFO - ⏳ 4.21s between batches...
2025-07-08 07:56:06,970 - INFO - Processing batch 110 to 112
2025-07-08 07:56:09,642 - INFO - ⏳ Waiting 4.10s for user emulation...
2025-07-08 07:56:09,657 - INFO - ⏳ Waiting 6.11s for user emulation...
2025-07-08 07:56:17,343 - INFO - ⏳ Waiting 4.05s for user emulation...
2025-07-08 07:56:18,839 - INFO - ⏳ Waiting 4.99s for user emulation...
2025-07-08 07:56:22,544 - INFO - Saved txt: download_final_baocao/1104_Bao-cao-148-BC-UBND-2012-tong-ket-hoat-dong-he-Thieu-nhi-thanh-pho-anh-hung-Ho-Chi-Minh-541515.txt
2025-07-08 07:56:25,193 - INFO - Saved txt: download_final_baocao/1103_Bao-cao-149-BC-UBND-2012-so-ket-4-thang-thuc-hien-Nghi-quyet-13-NQ-CP-Ho-Chi-Minh-534339.txt
2025-07-08 07:56:25,261 - INFO - ⏳ 5.06s between batches...
2025-07-08 07:56:30,326 - INFO - Processing batch 112 to 114
2025-07-08 07:56:33,106 - INFO - ⏳ Waiting 6.04s for user emulation...
2025-07-08 07:56:33,237 - INFO - ⏳ Waiting 6.05s for user emulation...
2025-07-08 07:56:40,883 - INFO - ⏳ Waiting 5.85s for user emulation...
2025-07-08 07:56:41,421 - INFO - ⏳ Waiting 4.25s for user emulation...
2025-07-08 07:56:47,006 - INFO - Saved txt: download_final_baocao/1105_Bao-cao-3348-BC-BNN-KTHT-thuc-hien-chinh-sach-phat-trien-nong-lam-ngu-nghiep-148739.txt
2025-07-08 07:56:48,089 - INFO - Saved txt: download_final_baocao/1106_Bao-cao-64-BC-UBND-2012-tinh-hinh-cong-tac-thi-dua-khen-thuong-quan-Phu-Nhuan-Ho-Chi-Minh-541303.txt
2025-07-08 07:56:48,157 - INFO - ⏳ 3.90s between batches...
2025-07-08 07:56:52,057 - INFO - Processing batch 114 to 116
2025-07-08 07:56:54,726 - INFO - ⏳ Waiting 5.27s for user emulation...
2025-07-08 07:56:54,769 - INFO - ⏳ Waiting 5.99s for user emulation...
2025-07-08 07:57:02,009 - INFO - ⏳ Waiting 4.07s for user emulation...
2025-07-08 07:57:03,055 - INFO - ⏳ Waiting 3.12s for user emulation...
2025-07-08 07:57:07,408 - INFO - Saved txt: download_final_baocao/1107_Bao-cao-141-BC-UBND-2012-ket-qua-thuc-hien-Quyet-dinh-858-QD-TTg-Ho-Chi-Minh-534297.txt
2025-07-08 07:57:07,454 - INFO - Saved txt: download_final_baocao/1108_Bao-cao-175-BC-SLDTBXH-tinh-hinh-thuc-hien-cong-tac-lao-dong-thuong-binh-xa-hoi-148186.txt
2025-07-08 07:57:07,521 - INFO - ⏳ 3.77s between batches...
2025-07-08 07:57:11,287 - INFO - Processing batch 116 to 118
2025-07-08 07:57:14,080 - INFO - ⏳ Waiting 4.12s for user emulation...
2025-07-08 07:57:14,098 - INFO - ⏳ Waiting 5.08s for user emulation...
2025-07-08 07:57:19,903 - INFO - ⏳ Waiting 4.38s for user emulation...
2025-07-08 07:57:21,095 - INFO - ⏳ Waiting 4.62s for user emulation...
2025-07-08 07:57:25,757 - INFO - Saved txt: download_final_baocao/1110_Bao-cao-189-BC-UBND-2012-cong-tac-chong-tham-nhung-Quan-5-Ho-Chi-Minh-thang-9-542001.txt
2025-07-08 07:57:26,990 - INFO - Saved txt: download_final_baocao/1109_Bao-cao-190-BC-UBND-2012-thuc-hien-cong-tac-cai-cach-hanh-chinh-Quan-5-Ho-Chi-Minh-542004.txt
2025-07-08 07:57:27,059 - INFO - ⏳ 6.02s between batches...
2025-07-08 07:57:33,075 - INFO - Processing batch 118 to 120
2025-07-08 07:57:35,586 - INFO - ⏳ Waiting 4.16s for user emulation...
2025-07-08 07:57:35,765 - INFO - ⏳ Waiting 6.07s for user emulation...
2025-07-08 07:57:41,493 - INFO - ⏳ Waiting 4.43s for user emulation...
2025-07-08 07:57:43,362 - INFO - ⏳ Waiting 3.11s for user emulation...
2025-07-08 07:57:46,737 - INFO - Saved txt: download_final_baocao/1111_Bao-cao-188-BC-UBND-2012-cong-tac-phong-chong-tham-nhung-9-thang-dau-Quan-5-Ho-Chi-Minh-542003.txt
2025-07-08 07:57:47,203 - INFO - Saved txt: download_final_baocao/1112_Bao-cao-77-BC-UBDT-cong-tac-cai-cach-thu-tuc-hanh-chinh-Quy-III-nam-2012-149443.txt
2025-07-08 07:57:47,271 - INFO - ⏳ 7.25s between batches...
2025-07-08 07:57:54,519 - INFO - Processing batch 120 to 122
2025-07-08 07:57:57,205 - INFO - ⏳ Waiting 5.80s for user emulation...
2025-07-08 07:57:57,277 - INFO - ⏳ Waiting 6.69s for user emulation...
2025-07-08 07:58:04,868 - INFO - ⏳ Waiting 4.06s for user emulation...
2025-07-08 07:58:05,563 - INFO - ⏳ Waiting 3.62s for user emulation...
2025-07-08 07:58:10,409 - INFO - Saved txt: download_final_baocao/1114_Bao-cao-133-BC-UBND-2012-so-ket-thuc-hien-Chi-thi-1634-CT-TTg-phong-chay-chua-chay-Ho-Chi-Minh-541481.txt
2025-07-08 07:58:10,602 - INFO - Saved txt: download_final_baocao/1113_Bao-cao-67-BC-SLDTBXH-tinh-hinh-thuc-hien-nhiem-vu-lao-dong-thuong-binh-xa-hoi-147863.txt
2025-07-08 07:58:10,667 - INFO - ⏳ 7.62s between batches...
2025-07-08 07:58:18,291 - INFO - Processing batch 122 to 124
2025-07-08 07:58:21,000 - INFO - ⏳ Waiting 5.02s for user emulation...
2025-07-08 07:58:21,060 - INFO - ⏳ Waiting 4.06s for user emulation...
2025-07-08 07:58:26,590 - INFO - ⏳ Waiting 4.94s for user emulation...
2025-07-08 07:58:27,478 - INFO - ⏳ Waiting 4.10s for user emulation...
2025-07-08 07:58:32,185 - INFO - Saved txt: download_final_baocao/1116_Bao-cao-126-BC-UBND-2012-ket-qua-thuc-hien-Quyet-dinh-37-2010-QD-TTg-Ho-Chi-Minh-533962.txt
2025-07-08 07:58:32,887 - INFO - Saved txt: download_final_baocao/1115_Bao-cao-80-BC-UBND-2012-tinh-hinh-kinh-te-xa-hoi-9-thang-dau-quan-Phu-Nhuan-Ho-Chi-Minh-541358.txt
2025-07-08 07:58:32,959 - INFO - ⏳ 5.09s between batches...
2025-07-08 07:58:38,053 - INFO - Processing batch 124 to 126
2025-07-08 07:58:40,642 - INFO - ⏳ Waiting 4.74s for user emulation...
2025-07-08 07:58:40,677 - INFO - ⏳ Waiting 5.99s for user emulation...
2025-07-08 07:58:46,927 - INFO - ⏳ Waiting 5.78s for user emulation...
2025-07-08 07:58:48,747 - INFO - ⏳ Waiting 5.58s for user emulation...
2025-07-08 07:58:54,075 - INFO - Saved txt: download_final_baocao/1118_Bao-cao-168-BC-UBND-2012-ket-qua-cai-cach-hanh-chinh-Quan-5-Ho-Chi-Minh-thang-8-541676.txt
2025-07-08 07:58:55,997 - INFO - Saved txt: download_final_baocao/1117_Bao-cao-763-BC-SGTVT-2012-ket-qua-ra-soat-vi-tri-co-nguy-co-sat-lo-bo-So-Giao-thong-Ho-Chi-Minh-541887.txt
2025-07-08 07:58:56,065 - INFO - ⏳ 4.83s between batches...
2025-07-08 07:59:00,894 - INFO - Processing batch 126 to 128
2025-07-08 07:59:03,515 - INFO - ⏳ Waiting 5.16s for user emulation...
2025-07-08 07:59:03,535 - INFO - ⏳ Waiting 4.69s for user emulation...
2025-07-08 07:59:09,911 - INFO - ⏳ Waiting 3.63s for user emulation...
2025-07-08 07:59:10,430 - INFO - ⏳ Waiting 3.94s for user emulation...
2025-07-08 07:59:15,047 - INFO - Saved txt: download_final_baocao/1120_Bao-cao-96-BC-UBND-ket-qua-ra-soat-xac-dinh-xa-dac-biet-kho-khan-vung-bai-ngang-146106.txt
2025-07-08 07:59:15,420 - INFO - Saved txt: download_final_baocao/1119_Bao-cao-2960-BC-BNV-tong-ket-5-nam-thuc-hien-Chi-thi-05-2007-CT-TTg-146711.txt
2025-07-08 07:59:15,485 - INFO - ⏳ 6.39s between batches...
2025-07-08 07:59:21,880 - INFO - Processing batch 128 to 130
2025-07-08 07:59:24,593 - INFO - ⏳ Waiting 4.47s for user emulation...
2025-07-08 07:59:24,794 - INFO - ⏳ Waiting 5.24s for user emulation...
2025-07-08 07:59:30,920 - INFO - ⏳ Waiting 5.67s for user emulation...
2025-07-08 07:59:32,071 - INFO - ⏳ Waiting 3.91s for user emulation...
2025-07-08 07:59:36,864 - INFO - Saved txt: download_final_baocao/1122_Bao-cao-64-BC-LDTBXH-tinh-hinh-trien-khai-chuong-trinh-giam-ngheo-6-thang-dau-150231.txt
2025-07-08 07:59:37,531 - INFO - Saved txt: download_final_baocao/1121_Bao-cao-117-BC-UBND-2012-thuc-hien-Quyet-dinh-103-2008-QD-TTg-ho-tro-hoc-nghe-Ho-Chi-Minh-541440.txt
2025-07-08 07:59:37,599 - INFO - ⏳ 5.07s between batches...
2025-07-08 07:59:42,669 - INFO - Processing batch 130 to 132
2025-07-08 07:59:44,984 - INFO - ⏳ Waiting 6.60s for user emulation...
2025-07-08 07:59:45,588 - INFO - ⏳ Waiting 4.08s for user emulation...
2025-07-08 07:59:51,324 - INFO - ⏳ Waiting 5.81s for user emulation...
2025-07-08 07:59:53,094 - INFO - ⏳ Waiting 5.83s for user emulation...
2025-07-08 07:59:58,393 - INFO - Saved txt: download_final_baocao/1123_Bao-cao-65-BC-LDTBXH-cong-tac-cai-cach-hanh-chinh-thang-8-nam-2012-150232.txt
2025-07-08 07:59:59,824 - INFO - Saved txt: download_final_baocao/1124_Bao-cao-116-BC-UBND-2012-tinh-hinh-thuc-hien-ke-hoach-bao-ve-moi-truong-Ho-Chi-Minh-533957.txt
2025-07-08 07:59:59,893 - INFO - ⏳ 5.11s between batches...
2025-07-08 08:00:05,003 - INFO - Processing batch 132 to 134
2025-07-08 08:00:07,694 - INFO - ⏳ Waiting 4.52s for user emulation...
2025-07-08 08:00:07,742 - INFO - ⏳ Waiting 6.36s for user emulation...
2025-07-08 08:00:14,093 - INFO - ⏳ Waiting 3.07s for user emulation...
2025-07-08 08:00:15,459 - INFO - ⏳ Waiting 5.03s for user emulation...
2025-07-08 08:00:18,019 - INFO - Saved txt: download_final_baocao/1126_Bao-cao-80-BC-TTTH-tinh-hinh-thuc-hien-Quyet-dinh-13-2005-QD-BNV-bao-cao-145864.txt
2025-07-08 08:00:21,335 - INFO - Saved txt: download_final_baocao/1125_Bao-cao-62-BC-LDTBXH-ket-qua-kiem-tra-cong-tac-phong-chong-HIV-AIDS-145525.txt
2025-07-08 08:00:21,402 - INFO - ⏳ 6.72s between batches...
2025-07-08 08:00:28,122 - INFO - Processing batch 134 to 136
2025-07-08 08:00:28,617 - INFO - ⏳ Waiting 5.49s for user emulation...
2025-07-08 08:00:30,895 - INFO - ⏳ Waiting 4.68s for user emulation...
2025-07-08 08:00:36,031 - INFO - ⏳ Waiting 5.60s for user emulation...
2025-07-08 08:00:37,588 - INFO - ⏳ Waiting 3.31s for user emulation...
2025-07-08 08:00:42,122 - INFO - Saved txt: download_final_baocao/1127_Bao-cao-2299-BC-BNN-VP-tinh-hinh-ket-qua-trien-khai-ap-dung-he-thong-quan-ly-144474.txt
2025-07-08 08:00:42,686 - INFO - Saved txt: download_final_baocao/1128_Bao-cao-56-BC-UBDT-bat-hop-ly-can-khac-phuc-trong-chinh-sach-giao-duc-151180.txt
2025-07-08 08:00:42,754 - INFO - ⏳ 4.75s between batches...
2025-07-08 08:00:47,503 - INFO - Processing batch 136 to 138
2025-07-08 08:00:50,166 - INFO - ⏳ Waiting 4.85s for user emulation...
2025-07-08 08:00:50,292 - INFO - ⏳ Waiting 4.77s for user emulation...
2025-07-08 08:00:56,905 - INFO - ⏳ Waiting 3.78s for user emulation...
2025-07-08 08:01:01,791 - INFO - Saved txt: download_final_baocao/1129_Bao-cao-55-BC-UBDT-ket-qua-Hoi-nghi-so-ket-hoi-nghi-so-ket-5-nam-thuc-hien-151946.txt
2025-07-08 08:01:08,091 - INFO - ⏳ Waiting 4.91s for user emulation...
2025-07-08 08:01:14,203 - INFO - Saved txt: download_final_baocao/1130_Bao-cao-5005-BC-VPCP-tinh-hinh-thuc-hien-cong-tac-cai-cach-thu-tuc-hanh-chinh-143355.txt
2025-07-08 08:01:14,269 - INFO - ⏳ 5.23s between batches...
2025-07-08 08:01:19,499 - INFO - Processing batch 138 to 140
2025-07-08 08:01:22,088 - INFO - ⏳ Waiting 6.92s for user emulation...
2025-07-08 08:01:22,159 - INFO - ⏳ Waiting 6.08s for user emulation...
2025-07-08 08:01:29,561 - INFO - ⏳ Waiting 5.15s for user emulation...
2025-07-08 08:01:30,648 - INFO - ⏳ Waiting 5.45s for user emulation...
2025-07-08 08:01:35,909 - INFO - Saved txt: download_final_baocao/1131_Bao-cao-2057-BC-BNN-PC-trien-khai-Quyet-dinh-231-2005-QD-TTg-ho-tro-doanh-nghiep-142908.txt
2025-07-08 08:01:37,125 - INFO - Saved txt: download_final_baocao/1132_Bao-cao-2058-BC-BNN-PC-giai-trinh-tiep-thu-y-kien-tham-dinh-cua-Bo-Tu-phap-142909.txt
2025-07-08 08:01:37,192 - INFO - ⏳ 4.55s between batches...
2025-07-08 08:01:41,745 - INFO - Processing batch 140 to 142
2025-07-08 08:01:44,210 - INFO - ⏳ Waiting 5.72s for user emulation...
2025-07-08 08:01:44,511 - INFO - ⏳ Waiting 6.15s for user emulation...
2025-07-08 08:01:52,030 - INFO - ⏳ Waiting 4.60s for user emulation...
2025-07-08 08:01:53,504 - INFO - ⏳ Waiting 5.06s for user emulation...
2025-07-08 08:01:57,875 - INFO - Saved txt: download_final_baocao/1134_Bao-cao-2017-BC-BNN-TCTS-tinh-hinh-thiet-hai-tren-tom-nuoc-lo-de-xuat-chinh-sach-142626.txt
2025-07-08 08:02:00,034 - INFO - Saved txt: download_final_baocao/1133_Bao-cao-2018-BC-BNN-TCTS-tinh-hinh-san-xuat-tieu-thu-ca-tra-142577.txt
2025-07-08 08:02:00,100 - INFO - ⏳ 6.68s between batches...
2025-07-08 08:02:06,777 - INFO - Processing batch 142 to 144
2025-07-08 08:02:09,420 - INFO - ⏳ Waiting 6.94s for user emulation...
2025-07-08 08:02:09,506 - INFO - ⏳ Waiting 5.60s for user emulation...
2025-07-08 08:02:17,309 - INFO - ⏳ Waiting 4.44s for user emulation...
2025-07-08 08:02:18,055 - INFO - ⏳ Waiting 4.08s for user emulation...
2025-07-08 08:02:22,874 - INFO - Saved txt: download_final_baocao/1135_Bao-cao-2313-BC-BNV-tinh-hinh-va-ket-qua-thuc-hien-Quyet-dinh-945-QD-TTg-143999.txt
2025-07-08 08:02:23,236 - INFO - Saved txt: download_final_baocao/1136_Bao-cao-164-BC-UBTVQH13-giai-trinh-tiep-thu-y-kien-vi-dai-bieu-Quoc-hoi-143178.txt
2025-07-08 08:02:23,301 - INFO - ⏳ 4.90s between batches...
2025-07-08 08:02:28,204 - INFO - Processing batch 144 to 146
2025-07-08 08:02:30,920 - INFO - ⏳ Waiting 6.05s for user emulation...
2025-07-08 08:02:30,958 - INFO - ⏳ Waiting 5.38s for user emulation...
2025-07-08 08:02:37,889 - INFO - ⏳ Waiting 4.65s for user emulation...
2025-07-08 08:02:38,944 - INFO - ⏳ Waiting 3.43s for user emulation...
2025-07-08 08:02:43,291 - INFO - Saved txt: download_final_baocao/1137_Bao-cao-928-BC-SLDTBXH-cong-tac-lao-dong-thuong-binh-va-xa-hoi-140292.txt
2025-07-08 08:02:43,694 - INFO - Saved txt: download_final_baocao/1138_Bao-cao-1620-BC-BNN-KTHT-nhiem-vu-xoa-bo-thay-the-chua-chat-ma-tuy-139927.txt
2025-07-08 08:02:43,761 - INFO - ⏳ 7.23s between batches...
2025-07-08 08:02:50,990 - INFO - Processing batch 146 to 148
2025-07-08 08:02:53,711 - INFO - ⏳ Waiting 6.54s for user emulation...
2025-07-08 08:02:53,730 - INFO - ⏳ Waiting 6.40s for user emulation...
2025-07-08 08:03:01,929 - INFO - ⏳ Waiting 5.13s for user emulation...
2025-07-08 08:03:02,354 - INFO - ⏳ Waiting 5.62s for user emulation...
2025-07-08 08:03:08,127 - INFO - Saved txt: download_final_baocao/1140_Bao-cao-1198-BC-TTCP-ket-qua-cong-tac-tiep-cong-dan-giai-quyet-khieu-nai-to-cao-140561.txt
2025-07-08 08:03:09,204 - INFO - Saved txt: download_final_baocao/1139_Bao-cao-1516-BC-BNN-CB-to-chuc-hoi-thao-chuyen-de-Co-gioi-hoa-nong-nghiep-139549.txt
2025-07-08 08:03:09,270 - INFO - ⏳ 5.22s between batches...
2025-07-08 08:03:14,488 - INFO - Processing batch 148 to 150
2025-07-08 08:03:16,980 - INFO - ⏳ Waiting 4.80s for user emulation...
2025-07-08 08:03:17,184 - INFO - ⏳ Waiting 5.00s for user emulation...
2025-07-08 08:03:24,817 - INFO - ⏳ Waiting 5.13s for user emulation...
2025-07-08 08:03:24,986 - INFO - ⏳ Waiting 5.04s for user emulation...
2025-07-08 08:03:30,707 - INFO - Saved txt: download_final_baocao/1142_Bao-cao-34-BC-UBDT-tinh-hinh-vung-Dan-toc-va-cong-tac-chi-dao-dieu-hanh-thang-4-139402.txt
2025-07-08 08:03:31,495 - INFO - Saved txt: download_final_baocao/1141_Bao-cao-68-BC-UBND-ket-qua-Chuong-trinh-nang-cao-chat-luong-nguon-nhan-luc-150741.txt
2025-07-08 08:03:31,563 - INFO - ⏳ 5.41s between batches...
2025-07-08 08:03:36,976 - INFO - Processing batch 150 to 152
2025-07-08 08:03:39,600 - INFO - ⏳ Waiting 4.84s for user emulation...
2025-07-08 08:03:39,810 - INFO - ⏳ Waiting 4.51s for user emulation...
2025-07-08 08:03:46,060 - INFO - ⏳ Waiting 5.90s for user emulation...
2025-07-08 08:03:46,726 - INFO - ⏳ Waiting 5.93s for user emulation...
2025-07-08 08:03:52,661 - INFO - Saved txt: download_final_baocao/1143_Bao-cao-522-BC-UBTCNS13-Chuong-trinh-muc-tieu-quoc-gia-giai-doan-2011-2015-141091.txt
2025-07-08 08:03:53,766 - INFO - Saved txt: download_final_baocao/1144_Bao-cao-987-BC-BNN-TT-tinh-hinh-ap-dung-thuc-hanh-nong-nghiep-tot-GAP-137791.txt
2025-07-08 08:03:53,832 - INFO - ⏳ 6.20s between batches...
2025-07-08 08:04:00,029 - INFO - Processing batch 152 to 154
2025-07-08 08:04:02,588 - INFO - ⏳ Waiting 5.54s for user emulation...
2025-07-08 08:04:02,783 - INFO - ⏳ Waiting 6.09s for user emulation...
2025-07-08 08:04:09,712 - INFO - ⏳ Waiting 4.80s for user emulation...
2025-07-08 08:04:11,311 - INFO - ⏳ Waiting 4.75s for user emulation...
2025-07-08 08:04:15,431 - INFO - Saved txt: download_final_baocao/1146_Bao-cao-76-BC-UBND-2012-ket-qua-cai-cach-hanh-chinh-Quan-5-Ho-Chi-Minh-Quy-I-540993.txt
2025-07-08 08:04:17,402 - INFO - Saved txt: download_final_baocao/1145_Bao-cao-2246-BC-VPCP-cong-tac-cai-cach-thu-tuc-hanh-chinh-138188.txt
2025-07-08 08:04:17,471 - INFO - ⏳ 4.61s between batches...
2025-07-08 08:04:22,081 - INFO - Processing batch 154 to 156
2025-07-08 08:04:24,617 - INFO - ⏳ Waiting 5.37s for user emulation...
2025-07-08 08:04:24,815 - INFO - ⏳ Waiting 6.82s for user emulation...
2025-07-08 08:04:31,508 - INFO - ⏳ Waiting 3.90s for user emulation...
2025-07-08 08:04:34,279 - INFO - ⏳ Waiting 5.56s for user emulation...
2025-07-08 08:04:36,031 - INFO - Saved txt: download_final_baocao/1148_Bao-cao-21-BC-BCT-cong-tac-cai-cach-hanh-chinh-quy-I-nam-2012-141457.txt
2025-07-08 08:04:41,465 - INFO - Saved txt: download_final_baocao/1147_Bao-cao-969-BC-BNV-tinh-hinh-va-ket-qua-thuc-hien-Quyet-dinh-945-QD-TTg-137798.txt
2025-07-08 08:04:41,533 - INFO - ⏳ 3.20s between batches...
2025-07-08 08:04:44,738 - INFO - Processing batch 156 to 158
2025-07-08 08:04:47,414 - INFO - ⏳ Waiting 6.18s for user emulation...
2025-07-08 08:04:47,586 - INFO - ⏳ Waiting 6.91s for user emulation...
2025-07-08 08:04:55,126 - INFO - ⏳ Waiting 4.44s for user emulation...
2025-07-08 08:04:56,940 - INFO - ⏳ Waiting 3.02s for user emulation...
2025-07-08 08:05:00,243 - INFO - Saved txt: download_final_baocao/1150_Bao-cao-608-BC-BNN-PC-thuc-hien-chinh-sach-phap-luat-trong-giai-quyet-khieu-nai-136124.txt
2025-07-08 08:05:01,778 - INFO - Saved txt: download_final_baocao/1149_Bao-cao-22-BC-BCT-tinh-hinh-ket-qua-thuc-hien-Quyet-dinh-945-QD-TTg-141460.txt
2025-07-08 08:05:01,843 - INFO - ⏳ 4.96s between batches...
2025-07-08 08:05:06,805 - INFO - Processing batch 158 to 160
2025-07-08 08:05:09,342 - INFO - ⏳ Waiting 6.52s for user emulation...
2025-07-08 08:05:09,510 - INFO - ⏳ Waiting 4.98s for user emulation...
2025-07-08 08:05:16,534 - INFO - ⏳ Waiting 4.67s for user emulation...
2025-07-08 08:05:17,950 - INFO - ⏳ Waiting 4.78s for user emulation...
2025-07-08 08:05:22,520 - INFO - Saved txt: download_final_baocao/1152_Bao-cao-11-BC-UBND-2012-ket-qua-thuc-hien-Nghi-quyet-11-NQ-CP-quan-Phu-Nhuan-Ho-Chi-Minh-541184.txt
2025-07-08 08:05:23,704 - INFO - Saved txt: download_final_baocao/1151_Bao-cao-32-BC-UBND-2012-ket-qua-thuc-hien-Nam-Thanh-nien-2011-Ho-Chi-Minh-542245.txt
2025-07-08 08:05:23,771 - INFO - ⏳ 6.22s between batches...
2025-07-08 08:05:29,993 - INFO - Processing batch 160 to 162
2025-07-08 08:05:32,639 - INFO - ⏳ Waiting 5.63s for user emulation...
2025-07-08 08:05:32,710 - INFO - ⏳ Waiting 6.43s for user emulation...
2025-07-08 08:05:43,192 - INFO - ⏳ Waiting 5.73s for user emulation...
2025-07-08 08:05:44,611 - INFO - ⏳ Waiting 5.25s for user emulation...
2025-07-08 08:05:50,066 - INFO - Saved txt: download_final_baocao/1154_Bao-cao-264-BC-BNN-KTHT-ket-qua-thuc-hien-cong-tac-di-dan-tai-dinh-cu-134623.txt
2025-07-08 08:05:50,812 - INFO - Saved txt: download_final_baocao/1153_Bao-cao-748-BC-BNN-TCCB-tong-ket-cong-tac-thi-dua-khen-thuong-nam-2011-134817.txt
2025-07-08 08:05:50,877 - INFO - ⏳ 3.68s between batches...
2025-07-08 08:05:54,559 - INFO - Processing batch 162 to 164
2025-07-08 08:05:57,024 - INFO - ⏳ Waiting 6.57s for user emulation...
2025-07-08 08:05:57,300 - INFO - ⏳ Waiting 6.16s for user emulation...
2025-07-08 08:06:04,953 - INFO - ⏳ Waiting 5.89s for user emulation...
2025-07-08 08:06:05,554 - INFO - ⏳ Waiting 5.88s for user emulation...
2025-07-08 08:06:12,039 - INFO - Saved txt: download_final_baocao/1155_Bao-cao-9898-BC-SXD-TTr-P3-tien-do-xu-ly-truong-hop-nha-dat-khong-du-dieu-kien-133963.txt
2025-07-08 08:06:12,158 - INFO - Saved txt: download_final_baocao/1156_Bao-cao-5483-BC-BNN-PC-tong-ket-cong-tac-phap-che-nam-2011-131478.txt
2025-07-08 08:06:12,226 - INFO - ⏳ 7.96s between batches...
2025-07-08 08:06:20,185 - INFO - Processing batch 164 to 166
2025-07-08 08:06:22,909 - INFO - ⏳ Waiting 6.40s for user emulation...
2025-07-08 08:06:23,030 - INFO - ⏳ Waiting 6.77s for user emulation...
2025-07-08 08:06:31,630 - INFO - ⏳ Waiting 4.00s for user emulation...
2025-07-08 08:06:31,833 - INFO - ⏳ Waiting 4.25s for user emulation...
2025-07-08 08:06:36,349 - INFO - Saved txt: download_final_baocao/1157_Bao-cao-3090-BC-BNN-CB-ket-qua-Hoi-nghi-truc-tuyen-tong-ket-5-nam-131438.txt
2025-07-08 08:06:37,108 - INFO - Saved txt: download_final_baocao/1158_Bao-cao-4985-BC-BNN-PC-tinh-hinh-thuc-hien-Thong-tu-03-2010-TT-BTP-130017.txt
2025-07-08 08:06:37,174 - INFO - ⏳ 4.90s between batches...
2025-07-08 08:06:42,074 - INFO - Processing batch 166 to 168
2025-07-08 08:06:44,745 - INFO - ⏳ Waiting 4.31s for user emulation...
2025-07-08 08:06:44,806 - INFO - ⏳ Waiting 5.93s for user emulation...
2025-07-08 08:06:50,231 - INFO - ⏳ Waiting 3.22s for user emulation...
2025-07-08 08:06:52,605 - INFO - ⏳ Waiting 4.73s for user emulation...
2025-07-08 08:06:54,994 - INFO - Saved txt: download_final_baocao/1160_Bao-cao-69-BC-LDTBXH-cong-tac-cai-nghien-ma-tuy-tai-Viet-Nam-thoi-gian-qua-128876.txt
2025-07-08 08:06:58,654 - INFO - Saved txt: download_final_baocao/1159_Bao-cao-2785-BC-BNN-PC-giai-trinh-tiep-thu-y-kien-thanh-vien-Chinh-phu-129722.txt
2025-07-08 08:06:58,720 - INFO - ⏳ 4.89s between batches...
2025-07-08 08:07:03,610 - INFO - Processing batch 168 to 170
2025-07-08 08:07:06,240 - INFO - ⏳ Waiting 6.67s for user emulation...
2025-07-08 08:07:06,341 - INFO - ⏳ Waiting 6.90s for user emulation...
2025-07-08 08:07:14,275 - INFO - ⏳ Waiting 4.44s for user emulation...
2025-07-08 08:07:15,051 - INFO - ⏳ Waiting 3.15s for user emulation...
2025-07-08 08:07:18,921 - INFO - Saved txt: download_final_baocao/1161_Bao-cao-56-BC-UBDT-tinh-hinh-vung-dan-toc-va-cong-tac-chi-dao-dieu-hanh-thang-8-151181.txt
2025-07-08 08:07:19,368 - INFO - Saved txt: download_final_baocao/1162_Bao-cao-2477-BC-BNN-TT-tinh-hinh-giao-dat-rung-trong-cay-cao-su-128639.txt
2025-07-08 08:07:19,433 - INFO - ⏳ 6.32s between batches...
2025-07-08 08:07:25,750 - INFO - Processing batch 170 to 172
2025-07-08 08:07:28,269 - INFO - ⏳ Waiting 4.66s for user emulation...
2025-07-08 08:07:28,283 - INFO - ⏳ Waiting 6.19s for user emulation...
2025-07-08 08:07:34,175 - INFO - ⏳ Waiting 5.27s for user emulation...
2025-07-08 08:07:35,875 - INFO - ⏳ Waiting 3.99s for user emulation...
2025-07-08 08:07:40,430 - INFO - Saved txt: download_final_baocao/1163_Bao-cao-16-BC-UBTVQH13-giai-trinh-tiep-thu-y-kien-vi-dai-bieu-quoc-hoi-128003.txt
2025-07-08 08:07:40,524 - INFO - Saved txt: download_final_baocao/1164_Bao-cao-2171-BC-BNN-XD-thuc-hien-Chi-thi-734-CT-TTg-chan-chinh-cong-tac-quan-ly-127826.txt
2025-07-08 08:07:40,589 - INFO - ⏳ 5.27s between batches...
2025-07-08 08:07:45,864 - INFO - Processing batch 172 to 174
2025-07-08 08:07:48,374 - INFO - ⏳ Waiting 5.73s for user emulation...
2025-07-08 08:07:48,513 - INFO - ⏳ Waiting 4.86s for user emulation...
2025-07-08 08:07:58,420 - INFO - ⏳ Waiting 4.34s for user emulation...
2025-07-08 08:07:59,424 - INFO - ⏳ Waiting 3.25s for user emulation...
2025-07-08 08:08:03,714 - INFO - Saved txt: download_final_baocao/1165_Bao-cao-758-BC-UBTVQH12-cong-tac-tu-sau-ky-hop-thu-chin-Quoc-hoi-khoa-XII-127967.txt
2025-07-08 08:08:04,184 - INFO - Saved txt: download_final_baocao/1166_Bao-cao-4710-BC-VPCP-tinh-hinh-thuc-hien-cong-tac-kiem-soat-thu-tuc-hanh-chinh-126476.txt
2025-07-08 08:08:04,250 - INFO - ⏳ 7.32s between batches...
2025-07-08 08:08:11,575 - INFO - Processing batch 174 to 176
2025-07-08 08:08:14,202 - INFO - ⏳ Waiting 4.18s for user emulation...
2025-07-08 08:08:14,461 - INFO - ⏳ Waiting 4.39s for user emulation...
2025-07-08 08:08:19,861 - INFO - ⏳ Waiting 5.45s for user emulation...
2025-07-08 08:08:20,220 - INFO - ⏳ Waiting 5.67s for user emulation...
2025-07-08 08:08:26,654 - INFO - Saved txt: download_final_baocao/1168_Bao-cao-1796-BC-BNV-tinh-hinh-thuc-hien-cong-tac-cai-cach-hanh-chinh-124951.txt
2025-07-08 08:08:26,791 - INFO - Saved txt: download_final_baocao/1167_Bao-cao-44-BC-LDTBXH-tinh-hinh-va-ket-qua-thuc-hien-chi-thi-1408-CT-TTg-126020.txt
2025-07-08 08:08:26,856 - INFO - ⏳ 5.56s between batches...
2025-07-08 08:08:32,419 - INFO - Processing batch 176 to 178
2025-07-08 08:08:34,736 - INFO - ⏳ Waiting 5.74s for user emulation...
2025-07-08 08:08:35,275 - INFO - ⏳ Waiting 6.33s for user emulation...
2025-07-08 08:08:41,593 - INFO - ⏳ Waiting 5.27s for user emulation...
2025-07-08 08:08:42,650 - INFO - ⏳ Waiting 3.61s for user emulation...
2025-07-08 08:08:47,815 - INFO - Saved txt: download_final_baocao/1170_Bao-cao-29-BC-LDTBXH-cong-tac-tu-phap-6-thang-dau-nam-124983.txt
2025-07-08 08:08:55,172 - ERROR - ❌ Main content not found at https://thuvienphapluat.vn/van-ban/Thuong-mai/Bao-cao-nhanh-26-BC-UBND-2011-ket-qua-kiem-che-lam-phat-quan-Phu-Nhuan-Ho-Chi-Minh-541143.aspx - saved image error download_final_baocao/error_file_1169.png
2025-07-08 08:08:55,237 - INFO - ⏳ 8.00s between batches...
2025-07-08 08:09:03,235 - INFO - Processing batch 178 to 180
2025-07-08 08:09:05,838 - INFO - ⏳ Waiting 6.08s for user emulation...
2025-07-08 08:09:05,972 - INFO - ⏳ Waiting 4.24s for user emulation...
2025-07-08 08:09:11,286 - INFO - ⏳ Waiting 3.13s for user emulation...
2025-07-08 08:09:12,955 - INFO - ⏳ Waiting 5.38s for user emulation...
2025-07-08 08:09:23,801 - ERROR - ❌ Main content not found at https://thuvienphapluat.vn/van-ban/Bo-may-hanh-chinh/Bao-cao-1454-BC-BNV-tinh-hinh-thuc-hien-cong-tac-cai-cach-hanh-chinh-123609.aspx - saved image error download_final_baocao/error_file_1171.png
2025-07-08 08:09:28,136 - ERROR - ❌ Main content not found at https://thuvienphapluat.vn/van-ban/Cong-nghe-thong-tin/Cong-van-22-BC-BTTTT-tinh-hinh-thuc-hien-Chi-thi-34-2008-CT-TTg-tang-cuong-176762.aspx - saved image error download_final_baocao/error_file_1172.png
2025-07-08 08:09:28,201 - INFO - ⏳ 6.50s between batches...
2025-07-08 08:09:34,706 - INFO - Processing batch 180 to 182
2025-07-08 08:09:37,351 - INFO - ⏳ Waiting 5.76s for user emulation...
2025-07-08 08:09:37,437 - INFO - ⏳ Waiting 6.03s for user emulation...
2025-07-08 08:09:44,226 - INFO - ⏳ Waiting 3.08s for user emulation...
2025-07-08 08:09:44,689 - INFO - ⏳ Waiting 5.39s for user emulation...
2025-07-08 08:09:56,767 - ERROR - ❌ Main content not found at https://thuvienphapluat.vn/van-ban/Van-hoa-Xa-hoi/Bao-cao-937-BC-BNN-KTHT-ket-qua-thuc-hien-cong-tac-di-dan-tai-dinh-cu-122998.aspx - saved image error download_final_baocao/error_file_1174.png
2025-07-08 08:09:59,216 - ERROR - ❌ Main content not found at https://thuvienphapluat.vn/van-ban/Bo-may-hanh-chinh/Bao-cao-978-BC-BNN-VP-cong-tac-cai-cach-hanh-chinh-122584.aspx - saved image error download_final_baocao/error_file_1173.png
2025-07-08 08:09:59,280 - INFO - ⏳ 7.22s between batches...
2025-07-08 08:10:06,503 - INFO - Processing batch 182 to 184
2025-07-08 08:10:08,985 - INFO - ⏳ Waiting 5.19s for user emulation...
2025-07-08 08:10:09,176 - INFO - ⏳ Waiting 5.37s for user emulation...
2025-07-08 08:10:15,309 - INFO - ⏳ Waiting 5.77s for user emulation...
2025-07-08 08:10:15,786 - INFO - ⏳ Waiting 3.32s for user emulation...
2025-07-08 08:10:28,203 - ERROR - ❌ Main content not found at https://thuvienphapluat.vn/van-ban/Tien-te-Ngan-hang/Bao-cao-31-BC-TCTK-chi-so-gia-tieu-dung-gia-vang-va-do-la-My-120897.aspx - saved image error download_final_baocao/error_file_1176.png
2025-07-08 08:10:30,319 - ERROR - ❌ Main content not found at https://thuvienphapluat.vn/van-ban/Bo-may-hanh-chinh/Bao-cao-1720-BC-BNN-TCCB-ket-qua-ke-khai-xac-minh-tai-san-thu-nhap-122137.aspx - saved image error download_final_baocao/error_file_1175.png
2025-07-08 08:10:30,384 - INFO - ⏳ 4.89s between batches...
2025-07-08 08:10:35,274 - INFO - Processing batch 184 to 186
2025-07-08 08:10:37,884 - INFO - ⏳ Waiting 4.19s for user emulation...
2025-07-08 08:10:38,014 - INFO - ⏳ Waiting 5.52s for user emulation...
2025-07-08 08:10:43,107 - INFO - ⏳ Waiting 3.26s for user emulation...
2025-07-08 08:10:44,561 - INFO - ⏳ Waiting 3.79s for user emulation...
2025-07-08 08:10:55,536 - ERROR - ❌ Main content not found at https://thuvienphapluat.vn/van-ban/Van-hoa-Xa-hoi/Bao-cao-20-BC-LDTBXH-ket-qua-thuc-hien-cong-tac-quan-ly-nha-nuoc-nguoi-cao-tuoi-120964.aspx - saved image error download_final_baocao/error_file_1177.png
2025-07-08 08:10:57,697 - ERROR - ❌ Main content not found at https://thuvienphapluat.vn/van-ban/Van-hoa-Xa-hoi/Bao-cao-17-BC-LDTBXH-tong-ket-Quyet-dinh-19-2004-QD-TTg-phe-duyet-Chuong-trinh-120494.aspx - saved image error download_final_baocao/error_file_1178.png
2025-07-08 08:10:57,761 - INFO - ⏳ 5.78s between batches...
2025-07-08 08:11:03,543 - INFO - Processing batch 186 to 188
2025-07-08 08:11:06,016 - INFO - ⏳ Waiting 5.77s for user emulation...
2025-07-08 08:11:06,214 - INFO - ⏳ Waiting 6.82s for user emulation...
2025-07-08 08:11:12,834 - INFO - ⏳ Waiting 3.22s for user emulation...
2025-07-08 08:11:14,053 - INFO - ⏳ Waiting 5.77s for user emulation...
2025-07-08 08:11:24,946 - ERROR - ❌ Main content not found at https://thuvienphapluat.vn/van-ban/Lao-dong-Tien-luong/Bao-cao-18-BC-LDTBXH-cong-tac-cai-cach-hanh-chinh-quy-I-nam-2011-120536.aspx - saved image error download_final_baocao/error_file_1179.png
2025-07-08 08:11:29,613 - ERROR - ❌ Main content not found at https://thuvienphapluat.vn/van-ban/Dau-tu/Bao-cao-94-BC-BGDDT-tinh-hinh-thuc-hien-de-an-kien-co-hoa-truong-lop-hoc-120072.aspx - saved image error download_final_baocao/error_file_1180.png
2025-07-08 08:11:29,677 - INFO - ⏳ 5.59s between batches...
2025-07-08 08:11:35,265 - INFO - Processing batch 188 to 190
2025-07-08 08:11:37,876 - INFO - ⏳ Waiting 6.38s for user emulation...
2025-07-08 08:11:38,026 - INFO - ⏳ Waiting 6.77s for user emulation...
2025-07-08 08:11:45,946 - INFO - ⏳ Waiting 5.59s for user emulation...
2025-07-08 08:11:46,392 - INFO - ⏳ Waiting 4.15s for user emulation...
2025-07-08 08:12:00,027 - ERROR - ❌ Main content not found at https://thuvienphapluat.vn/van-ban/Bo-may-hanh-chinh/Bao-cao-888-BC-VPCP-tong-ket-hoat-dong-to-cong-tac-chuyen-trach-cai-cach-124096.aspx - saved image error download_final_baocao/error_file_1182.png
2025-07-08 08:12:00,612 - ERROR - ❌ Main content not found at https://thuvienphapluat.vn/van-ban/Bo-may-hanh-chinh/Bao-cao-423-BC-BNN-VP-cong-tac-cai-cach-hanh-chinh-thang-02-119125.aspx - saved image error download_final_baocao/error_file_1181.png
2025-07-08 08:12:00,677 - INFO - ⏳ 5.45s between batches...
2025-07-08 08:12:06,129 - INFO - Processing batch 190 to 192
2025-07-08 08:12:08,756 - INFO - ⏳ Waiting 6.17s for user emulation...
2025-07-08 08:12:08,756 - INFO - ⏳ Waiting 6.47s for user emulation...
2025-07-08 08:12:16,429 - INFO - ⏳ Waiting 4.09s for user emulation...
2025-07-08 08:12:21,333 - INFO - Saved txt: download_final_baocao/1184_Bao-cao-04-BC-BLDTBXH-tinh-hinh-thuc-hien-binh-dang-gioi-118646.txt
2025-07-08 08:12:46,340 - INFO - ⏳ Waiting 4.08s for user emulation...
2025-07-08 08:12:51,013 - INFO - Saved txt: download_final_baocao/1183_Bao-cao-367-BC-BNN-KTHT-ket-qua-khao-sat-thuc-hien-di-dan-hau-di-dan-cong-trinh-148433.txt
2025-07-08 08:12:51,081 - INFO - ⏳ 7.93s between batches...
2025-07-08 08:12:59,012 - INFO - Processing batch 192 to 194
2025-07-08 08:13:01,614 - INFO - ⏳ Waiting 4.54s for user emulation...
2025-07-08 08:13:01,684 - INFO - ⏳ Waiting 6.38s for user emulation...
2025-07-08 08:13:07,778 - INFO - ⏳ Waiting 3.22s for user emulation...
2025-07-08 08:13:09,329 - INFO - ⏳ Waiting 5.46s for user emulation...
2025-07-08 08:13:11,872 - INFO - Saved txt: download_final_baocao/1185_Bao-cao-4390-BC-BNN-CB-ket-qua-hoi-thao-quoc-te-Moi-lang-mot-san-pham-120096.txt
2025-07-08 08:13:16,293 - INFO - Saved txt: download_final_baocao/1186_Bao-cao-4307-BC-BNN-VP-cong-tac-cai-cach-hanh-chinh-nam-2010-116781.txt
2025-07-08 08:13:16,359 - INFO - ⏳ 5.07s between batches...
2025-07-08 08:13:21,429 - INFO - Processing batch 194 to 196
2025-07-08 08:13:24,044 - INFO - ⏳ Waiting 6.13s for user emulation...
2025-07-08 08:13:24,074 - INFO - ⏳ Waiting 4.17s for user emulation...
2025-07-08 08:13:29,555 - INFO - ⏳ Waiting 3.64s for user emulation...
2025-07-08 08:13:31,573 - INFO - ⏳ Waiting 3.53s for user emulation...
2025-07-08 08:13:34,573 - INFO - Saved txt: download_final_baocao/1187_Bao-cao-1023-BC-BYT-cong-tac-cai-cach-hanh-chinh-quy-IV-116632.txt
2025-07-08 08:13:36,312 - INFO - Saved txt: download_final_baocao/1188_Bao-cao-4004-BC-BNN-HTQT-ket-qua-Hoi-thao-cap-cao-lan-thu-ba-giua-Viet-Nam-115292.txt
2025-07-08 08:13:36,377 - INFO - ⏳ 7.05s between batches...
2025-07-08 08:13:43,423 - INFO - Processing batch 196 to 198
2025-07-08 08:13:45,764 - INFO - ⏳ Waiting 5.67s for user emulation...
2025-07-08 08:13:46,011 - INFO - ⏳ Waiting 4.61s for user emulation...
2025-07-08 08:13:52,104 - INFO - ⏳ Waiting 5.10s for user emulation...
2025-07-08 08:13:53,181 - INFO - ⏳ Waiting 3.32s for user emulation...
2025-07-08 08:13:57,627 - INFO - Saved txt: download_final_baocao/1190_Bao-cao-942-BC-BYT-cong-tac-y-te-thang-11-nam-2010-115535.txt
2025-07-08 08:13:58,524 - INFO - Saved txt: download_final_baocao/1189_Bao-cao-108-BC-BLDTBXH-ket-qua-Hoi-nghi-tong-ket-5-nam-thuc-hien-Chuong-trinh-115197.txt
2025-07-08 08:13:58,589 - INFO - ⏳ 3.58s between batches...
2025-07-08 08:14:02,168 - INFO - Processing batch 198 to 200
2025-07-08 08:14:04,724 - INFO - ⏳ Waiting 6.45s for user emulation...
2025-07-08 08:14:04,835 - INFO - ⏳ Waiting 5.12s for user emulation...
2025-07-08 08:14:11,181 - INFO - ⏳ Waiting 3.62s for user emulation...
2025-07-08 08:14:12,345 - INFO - ⏳ Waiting 4.23s for user emulation...
2025-07-08 08:14:16,170 - INFO - Saved txt: download_final_baocao/1192_Bao-cao-3695-BC-BNN-VP-cong-tac-lanh-dao-chi-dao-trong-thuc-hien-Chuong-trinh-114390.txt
2025-07-08 08:14:17,327 - INFO - Saved txt: download_final_baocao/1191_Bao-cao-3745-BC-BNN-VP-cong-tac-cai-cach-hanh-chinh-114553.txt
2025-07-08 08:14:17,392 - INFO - ⏳ 5.98s between batches...
2025-07-08 08:14:23,374 - INFO - Processing batch 200 to 202
2025-07-08 08:14:25,561 - INFO - ⏳ Waiting 4.32s for user emulation...
2025-07-08 08:14:25,929 - INFO - ⏳ Waiting 6.45s for user emulation...
2025-07-08 08:14:31,285 - INFO - ⏳ Waiting 5.96s for user emulation...
2025-07-08 08:14:38,753 - INFO - Saved txt: download_final_baocao/1194_Bao-cao-6059-BC-BNN-PC-tinh-hinh-thi-hanh-phap-luat-nam-2010-114141.txt
2025-07-08 08:15:08,438 - INFO - ⏳ Waiting 3.27s for user emulation...
2025-07-08 08:15:12,729 - INFO - Saved txt: download_final_baocao/1193_Bao-cao-45-BC-DCT-ket-qua-lam-viec-4-tinh-Nam-Dinh-Ha-Nam-Hung-Yen-va-Thai-Binh-115073.txt
2025-07-08 08:15:12,798 - INFO - ⏳ 4.65s between batches...
2025-07-08 08:15:17,443 - INFO - Processing batch 202 to 204
2025-07-08 08:15:19,969 - INFO - ⏳ Waiting 5.04s for user emulation...
2025-07-08 08:15:20,023 - INFO - ⏳ Waiting 4.59s for user emulation...
2025-07-08 08:15:26,431 - INFO - ⏳ Waiting 5.03s for user emulation...
2025-07-08 08:15:26,889 - INFO - ⏳ Waiting 5.77s for user emulation...
2025-07-08 08:15:32,133 - INFO - Saved txt: download_final_baocao/1196_Bao-cao-856-BC-BYT-cong-tac-y-te-thang-10-nam-2010-113795.txt
2025-07-08 08:15:33,574 - INFO - Saved txt: download_final_baocao/1195_Bao-cao-163-BC-CP-nang-cao-hieu-luc-hieu-qua-thuc-hien-chinh-sach-phap-luat-132003.txt
2025-07-08 08:15:33,638 - INFO - ⏳ 5.64s between batches...
2025-07-08 08:15:39,275 - INFO - Processing batch 204 to 206
2025-07-08 08:15:41,881 - INFO - ⏳ Waiting 6.06s for user emulation...
2025-07-08 08:15:41,908 - INFO - ⏳ Waiting 6.98s for user emulation...
2025-07-08 08:15:49,740 - INFO - ⏳ Waiting 5.97s for user emulation...
2025-07-08 08:15:50,894 - INFO - ⏳ Waiting 5.18s for user emulation...
2025-07-08 08:15:56,474 - INFO - Saved txt: download_final_baocao/1198_Bao-cao-378-BC-UBTVQH12-thuc-hien-cai-cach-thu-tuc-hanh-chinh-115371.txt
2025-07-08 08:15:56,717 - INFO - Saved txt: download_final_baocao/1197_Bao-cao-852-BC-BYT-cong-tac-cai-cach-hanh-chinh-thang-10-nam-2010-113204.txt
2025-07-08 08:15:56,783 - INFO - ⏳ 5.45s between batches...
2025-07-08 08:16:02,230 - INFO - Processing batch 206 to 208
2025-07-08 08:16:04,726 - INFO - ⏳ Waiting 4.50s for user emulation...
2025-07-08 08:16:04,908 - INFO - ⏳ Waiting 6.84s for user emulation...
2025-07-08 08:16:11,134 - INFO - ⏳ Waiting 3.28s for user emulation...
2025-07-08 08:16:13,268 - INFO - ⏳ Waiting 4.23s for user emulation...
2025-07-08 08:16:15,863 - INFO - Saved txt: download_final_baocao/1200_Bao-cao-475-BC-CCTTHC-giao-ban-thang-9-nam-2010-tinh-hinh-thuc-hien-De-an-30-112738.txt
2025-07-08 08:16:18,121 - INFO - Saved txt: download_final_baocao/1199_Bao-cao-97-BC-LDTBXH-cong-tac-cai-cach-hanh-chinh-thang-10-nam-2010-113183.txt
2025-07-08 08:16:18,185 - INFO - ⏳ 6.48s between batches...
2025-07-08 08:16:24,668 - INFO - Processing batch 208 to 210
2025-07-08 08:16:27,082 - INFO - ⏳ Waiting 5.13s for user emulation...
2025-07-08 08:16:27,144 - INFO - ⏳ Waiting 6.04s for user emulation...
2025-07-08 08:16:33,664 - INFO - ⏳ Waiting 3.32s for user emulation...
2025-07-08 08:16:37,280 - INFO - ⏳ Waiting 4.96s for user emulation...
2025-07-08 08:16:38,407 - INFO - Saved txt: download_final_baocao/1201_Bao-cao-90-BC-LDTBXH-tinh-hinh-thuc-hien-nhiem-vu-cong-tac-thang-9-112552.txt
2025-07-08 08:16:43,719 - INFO - Saved txt: download_final_baocao/1202_Bao-cao-3161-BC-BNN-TCTL-giai-trinh-tiep-thu-y-kien-tham-dinh-Bo-Tu-phap-112531.txt
2025-07-08 08:16:43,783 - INFO - ⏳ 7.60s between batches...
2025-07-08 08:16:51,384 - INFO - Processing batch 210 to 212
2025-07-08 08:16:54,017 - INFO - ⏳ Waiting 6.64s for user emulation...
2025-07-08 08:16:54,166 - INFO - ⏳ Waiting 4.85s for user emulation...
2025-07-08 08:17:01,416 - INFO - ⏳ Waiting 4.66s for user emulation...
2025-07-08 08:17:02,494 - INFO - ⏳ Waiting 5.20s for user emulation...
2025-07-08 08:17:06,959 - INFO - Saved txt: download_final_baocao/1203_Bao-cao-3158-BC-BNN-TCTL-danh-gia-tac-dong-du-thao-nghi-dinh-cham-dut-su-dung-112528.txt
2025-07-08 08:17:08,553 - INFO - Saved txt: download_final_baocao/1204_Bao-cao-3159-BC-BNN-TCTL-tong-ket-thi-hanh-nghi-dinh-62-1999-ND-CP-112529.txt
2025-07-08 08:17:08,621 - INFO - ⏳ 7.41s between batches...
2025-07-08 08:17:16,036 - INFO - Processing batch 212 to 214
2025-07-08 08:17:18,589 - INFO - ⏳ Waiting 5.34s for user emulation...
2025-07-08 08:17:18,687 - INFO - ⏳ Waiting 4.31s for user emulation...
2025-07-08 08:17:26,219 - INFO - ⏳ Waiting 3.76s for user emulation...
2025-07-08 08:17:26,252 - INFO - ⏳ Waiting 3.85s for user emulation...
2025-07-08 08:17:31,298 - INFO - Saved txt: download_final_baocao/1206_Bao-cao-3347-BC-BNV-tinh-hinh-thuc-hien-cong-tac-cai-cach-hanh-chinh-quy-III-112540.txt
2025-07-08 08:17:31,364 - INFO - Saved txt: download_final_baocao/1205_Bao-cao-3160-BC-BNN-TCTL-tong-hop-y-kien-Bo-dia-phuong-du-thao-nghi-dinh-112530.txt
2025-07-08 08:17:31,429 - INFO - ⏳ 6.19s between batches...
2025-07-08 08:17:37,621 - INFO - Processing batch 214 to 216
2025-07-08 08:17:39,932 - INFO - ⏳ Waiting 5.87s for user emulation...
2025-07-08 08:17:40,303 - INFO - ⏳ Waiting 5.11s for user emulation...
2025-07-08 08:17:47,905 - INFO - ⏳ Waiting 5.23s for user emulation...
2025-07-08 08:17:48,716 - INFO - ⏳ Waiting 3.06s for user emulation...
2025-07-08 08:17:52,979 - INFO - Saved txt: download_final_baocao/1207_Bao-cao-88-BC-LDTBXH-tong-ket-tinh-hinh-thuc-hien-ke-hoach-hanh-dong-vi-su-tien-112329.txt
2025-07-08 08:17:54,548 - INFO - Saved txt: download_final_baocao/1208_Bao-cao-3268-BC-BNV-tinh-hinh-ket-qua-thuc-hien-De-an-30-112439.txt
2025-07-08 08:17:54,615 - INFO - ⏳ 7.19s between batches...
2025-07-08 08:18:01,810 - INFO - Processing batch 216 to 218
2025-07-08 08:18:04,387 - INFO - ⏳ Waiting 6.16s for user emulation...
2025-07-08 08:18:04,398 - INFO - ⏳ Waiting 4.40s for user emulation...
2025-07-08 08:18:10,884 - INFO - ⏳ Waiting 3.16s for user emulation...
2025-07-08 08:18:11,895 - INFO - ⏳ Waiting 5.77s for user emulation...
2025-07-08 08:18:14,633 - INFO - Saved txt: download_final_baocao/1209_Cong-van-84-BCDTLQG-BC-ket-qua-to-chuc-tuan-le-quoc-gia-an-toan-ve-sinh-lao-dong-111861.txt
2025-07-08 08:18:18,730 - INFO - Saved txt: download_final_baocao/1210_Bao-cao-83-BC-LDTBXH-cong-tac-cai-cach-hanh-chinh-quy-III-111869.txt
2025-07-08 08:18:18,795 - INFO - ⏳ 4.75s between batches...
2025-07-08 08:18:23,544 - INFO - Processing batch 218 to 220
2025-07-08 08:18:26,172 - INFO - ⏳ Waiting 4.62s for user emulation...
2025-07-08 08:18:26,219 - INFO - ⏳ Waiting 4.36s for user emulation...
2025-07-08 08:18:32,062 - INFO - ⏳ Waiting 4.22s for user emulation...
2025-07-08 08:18:32,769 - INFO - ⏳ Waiting 5.37s for user emulation...
2025-07-08 08:18:37,277 - INFO - Saved txt: download_final_baocao/1212_Bao-cao-690-BC-BYT-cong-tac-y-te-thang-8-nam-2010-111372.txt
2025-07-08 08:18:38,930 - INFO - Saved txt: download_final_baocao/1211_Bao-cao-5840-BC-BGTVT-thiet-hai-ban-dau-do-con-bao-so-3-gay-ra-111184.txt
2025-07-08 08:18:38,995 - INFO - ⏳ 3.10s between batches...
2025-07-08 08:18:42,092 - INFO - Processing batch 220 to 222
2025-07-08 08:18:44,665 - INFO - ⏳ Waiting 5.66s for user emulation...
2025-07-08 08:18:44,677 - INFO - ⏳ Waiting 6.04s for user emulation...
2025-07-08 08:18:51,748 - INFO - ⏳ Waiting 5.13s for user emulation...
2025-07-08 08:18:52,446 - INFO - ⏳ Waiting 5.25s for user emulation...
2025-07-08 08:18:57,640 - INFO - Saved txt: download_final_baocao/1213_Bao-cao-67-BC-UBDT-ket-qua-kiem-tra-cong-tac-phong-chong-AIDS-111391.txt
2025-07-08 08:18:58,801 - INFO - Saved txt: download_final_baocao/1214_Bao-cao-486-BC-BGDDT-ket-qua-Hoi-nghi-tong-ket-nam-hoc-2009-2010-110278.txt
2025-07-08 08:18:58,866 - INFO - ⏳ 5.54s between batches...
2025-07-08 08:19:04,407 - INFO - Processing batch 222 to 224
2025-07-08 08:19:06,948 - INFO - ⏳ Waiting 6.71s for user emulation...
2025-07-08 08:19:07,219 - INFO - ⏳ Waiting 4.51s for user emulation...
2025-07-08 08:19:13,194 - INFO - ⏳ Waiting 3.54s for user emulation...
2025-07-08 08:19:14,961 - INFO - ⏳ Waiting 5.45s for user emulation...
2025-07-08 08:19:17,380 - INFO - Saved txt: download_final_baocao/1215_Bao-cao-674-BC-BYT-cong-tac-cai-cach-hanh-chinh-thang-8-nam-2010-110404.txt
2025-07-08 08:19:21,039 - INFO - Saved txt: download_final_baocao/1216_Bao-cao-5535-BC-VPCP-so-ket-thuc-hien-cai-cach-thu-tuc-hanh-chinh-110051.txt
2025-07-08 08:19:21,106 - INFO - ⏳ 6.32s between batches...
2025-07-08 08:19:27,431 - INFO - Processing batch 224 to 226
2025-07-08 08:19:29,999 - INFO - ⏳ Waiting 6.10s for user emulation...
2025-07-08 08:19:30,046 - INFO - ⏳ Waiting 4.59s for user emulation...
2025-07-08 08:19:36,108 - INFO - ⏳ Waiting 4.38s for user emulation...
2025-07-08 08:19:37,362 - INFO - ⏳ Waiting 4.47s for user emulation...
2025-07-08 08:19:41,080 - INFO - Saved txt: download_final_baocao/1217_Bao-cao-70-BC-LDTBXH-tinh-hinh-thuc-hien-nhiem-vu-cong-tac-thang-7-109696.txt
2025-07-08 08:19:42,471 - INFO - Saved txt: download_final_baocao/1218_Bao-cao-112-BC-UBND-tinh-hinh-ket-qua-thuc-hien-De-an-30-109276.txt
2025-07-08 08:19:42,536 - INFO - ⏳ 3.32s between batches...
2025-07-08 08:19:45,859 - INFO - Processing batch 226 to 228
2025-07-08 08:19:48,381 - INFO - ⏳ Waiting 4.42s for user emulation...
2025-07-08 08:19:48,654 - INFO - ⏳ Waiting 4.07s for user emulation...
2025-07-08 08:19:54,526 - INFO - ⏳ Waiting 3.33s for user emulation...
2025-07-08 08:19:54,871 - INFO - ⏳ Waiting 4.82s for user emulation...
2025-07-08 08:19:58,854 - INFO - Saved txt: download_final_baocao/1220_Bao-cao-59-BC-LDTBXH-ket-qua-thuc-hien-Chuong-trinh-giam-ngheo-nhanh-ben-vung-108963.txt
2025-07-08 08:20:00,424 - INFO - Saved txt: download_final_baocao/1219_Bao-cao-144-BC-BVHTTDL-cong-tac-van-hoa-the-thao-va-du-lich-sau-thang-dau-nam-111252.txt
2025-07-08 08:20:00,488 - INFO - ⏳ 5.41s between batches...
2025-07-08 08:20:05,894 - INFO - Processing batch 228 to 230
2025-07-08 08:20:08,559 - INFO - ⏳ Waiting 4.07s for user emulation...
2025-07-08 08:20:08,580 - INFO - ⏳ Waiting 5.98s for user emulation...
2025-07-08 08:20:14,555 - INFO - ⏳ Waiting 5.82s for user emulation...
2025-07-08 08:20:16,408 - INFO - ⏳ Waiting 4.16s for user emulation...
2025-07-08 08:20:21,518 - INFO - Saved txt: download_final_baocao/1221_Bao-cao-370-BC-BGDDT-ket-qua-thi-tot-nghiep-trung-hoc-pho-thong-108185.txt
2025-07-08 08:20:21,830 - INFO - Saved txt: download_final_baocao/1222_Bao-cao-96-BC-UBND-thuc-hien-De-an-don-gian-hoa-thu-tuc-hanh-chinh-109643.txt
2025-07-08 08:20:21,897 - INFO - ⏳ 7.88s between batches...
2025-07-08 08:20:29,781 - INFO - Processing batch 230 to 232
2025-07-08 08:20:32,372 - INFO - ⏳ Waiting 4.31s for user emulation...
2025-07-08 08:20:32,375 - INFO - ⏳ Waiting 4.25s for user emulation...
2025-07-08 08:20:38,500 - INFO - ⏳ Waiting 4.59s for user emulation...
2025-07-08 08:20:38,962 - INFO - ⏳ Waiting 5.25s for user emulation...
2025-07-08 08:20:44,605 - INFO - Saved txt: download_final_baocao/1224_Bao-cao-509-BC-BYT-cong-tac-y-te-thang-6-nam-108052.txt
2025-07-08 08:20:45,002 - INFO - Saved txt: download_final_baocao/1223_Bao-cao-87-BC-UBND-cong-tac-dam-bao-an-sinh-xa-hoi-ho-tro-nguoi-ngheo-109435.txt
2025-07-08 08:20:45,067 - INFO - ⏳ 3.47s between batches...
2025-07-08 08:20:48,536 - INFO - Processing batch 232 to 234
2025-07-08 08:20:50,925 - INFO - ⏳ Waiting 4.33s for user emulation...
2025-07-08 08:20:51,162 - INFO - ⏳ Waiting 4.21s for user emulation...
2025-07-08 08:20:57,138 - INFO - ⏳ Waiting 5.41s for user emulation...
2025-07-08 08:20:57,246 - INFO - ⏳ Waiting 5.77s for user emulation...
2025-07-08 08:21:03,301 - INFO - Saved txt: download_final_baocao/1226_Bao-cao-495-BC-BYT-cong-tac-cai-cach-hanh-chinh-Quy-II-nam-2010-107282.txt
2025-07-08 08:21:03,667 - INFO - Saved txt: download_final_baocao/1225_Bao-cao-52-BC-LDTBXH-cai-cach-hanh-chinh-6-thang-dau-nam-2010-107405.txt
2025-07-08 08:21:03,733 - INFO - ⏳ 3.40s between batches...
2025-07-08 08:21:07,131 - INFO - Processing batch 234 to 236
2025-07-08 08:21:09,681 - INFO - ⏳ Waiting 6.56s for user emulation...
2025-07-08 08:21:09,781 - INFO - ⏳ Waiting 4.29s for user emulation...
2025-07-08 08:21:15,068 - INFO - ⏳ Waiting 3.52s for user emulation...
2025-07-08 08:21:17,534 - INFO - ⏳ Waiting 5.58s for user emulation...
2025-07-08 08:21:23,873 - INFO - Saved txt: download_final_baocao/1227_Bao-cao-1820-BC-BNN-VP-ve-cong-tac-cai-cach-hanh-chinh-thang-6-va-nhiem-vu-trong-111204.txt
2025-07-08 08:21:27,941 - ERROR - ❌ Main content not found at https://thuvienphapluat.vn/van-ban/Bo-may-hanh-chinh/Bao-cao-28-BC-BTTTT-so-ket-thuc-hien-De-an-don-gian-hoa-thu-tuc-hanh-chinh-107301.aspx - saved image error download_final_baocao/error_file_1228.png
2025-07-08 08:21:28,011 - INFO - ⏳ 6.90s between batches...
2025-07-08 08:21:34,915 - INFO - Processing batch 236 to 238
2025-07-08 08:21:37,396 - INFO - ⏳ Waiting 5.59s for user emulation...
2025-07-08 08:21:37,551 - INFO - ⏳ Waiting 6.75s for user emulation...
2025-07-08 08:21:43,984 - INFO - ⏳ Waiting 5.39s for user emulation...
2025-07-08 08:21:45,624 - INFO - ⏳ Waiting 4.44s for user emulation...
2025-07-08 08:21:58,478 - ERROR - ❌ Main content not found at https://thuvienphapluat.vn/van-ban/Bo-may-hanh-chinh/Bao-cao-50-BC-LDTBXH-thuc-hien-nhiem-vu-cong-tac-thang-5-106475.aspx - saved image error download_final_baocao/error_file_1229.png
2025-07-08 08:21:59,370 - ERROR - ❌ Main content not found at https://thuvienphapluat.vn/van-ban/Bo-may-hanh-chinh/Bao-cao-1575-BC-BNV-so-ket-tinh-hinh-ket-qua-thuc-hien-De-an-don-gian-hoa-107185.aspx - saved image error download_final_baocao/error_file_1230.png
2025-07-08 08:21:59,435 - INFO - ⏳ 3.41s between batches...
2025-07-08 08:22:02,843 - INFO - Processing batch 238 to 240
2025-07-08 08:22:05,296 - INFO - ⏳ Waiting 5.77s for user emulation...
2025-07-08 08:22:05,571 - INFO - ⏳ Waiting 5.96s for user emulation...
2025-07-08 08:22:12,170 - INFO - ⏳ Waiting 3.57s for user emulation...
2025-07-08 08:22:12,637 - INFO - ⏳ Waiting 3.68s for user emulation...
2025-07-08 08:22:25,136 - ERROR - ❌ Main content not found at https://thuvienphapluat.vn/van-ban/Bo-may-hanh-chinh/Bao-cao-1560-BC-BNN-VP-so-ket-thuc-hien-De-an-don-gian-hoa-thu-tuc-hanh-chinh-111203.aspx - saved image error download_final_baocao/error_file_1232.png
2025-07-08 08:22:26,036 - ERROR - ❌ Main content not found at https://thuvienphapluat.vn/van-ban/Van-hoa-Xa-hoi/Bao-cao-76-BC-UBND-tinh-hinh-kinh-te-xa-hoi-an-ninh-quoc-phong-106641.aspx - saved image error download_final_baocao/error_file_1231.png
2025-07-08 08:22:26,103 - INFO - ⏳ 6.57s between batches...
2025-07-08 08:22:32,675 - INFO - Processing batch 240 to 242
2025-07-08 08:22:35,150 - INFO - ⏳ Waiting 4.79s for user emulation...
2025-07-08 08:22:35,230 - INFO - ⏳ Waiting 4.63s for user emulation...
2025-07-08 08:22:40,992 - INFO - ⏳ Waiting 4.76s for user emulation...
2025-07-08 08:22:41,637 - INFO - ⏳ Waiting 5.46s for user emulation...
2025-07-08 08:22:55,271 - ERROR - ❌ Main content not found at https://thuvienphapluat.vn/van-ban/The-thao-Y-te/Bao-cao-399-BC-BYT-cong-tac-y-te-thang-5-nam-2010-106243.aspx - saved image error download_final_baocao/error_file_1233.png
2025-07-08 08:22:56,369 - ERROR - ❌ Main content not found at https://thuvienphapluat.vn/van-ban/Bo-may-hanh-chinh/Bao-cao-1387-BC-BNN-VP-cong-tac-cai-cach-hanh-chinh-thang-5-111202.aspx - saved image error download_final_baocao/error_file_1234.png
2025-07-08 08:22:56,434 - INFO - ⏳ 6.58s between batches...
2025-07-08 08:23:03,019 - INFO - Processing batch 242 to 244
2025-07-08 08:23:05,219 - INFO - ⏳ Waiting 6.12s for user emulation...
2025-07-08 08:23:05,747 - INFO - ⏳ Waiting 5.30s for user emulation...
2025-07-08 08:23:12,374 - INFO - ⏳ Waiting 5.13s for user emulation...
2025-07-08 08:23:12,626 - INFO - ⏳ Waiting 5.80s for user emulation...
2025-07-08 08:23:27,018 - ERROR - ❌ Main content not found at https://thuvienphapluat.vn/van-ban/The-thao-Y-te/Bao-cao-342-BC-BYT-cong-tac-y-te-thang-4-nam-2010-105464.aspx - saved image error download_final_baocao/error_file_1236.png
2025-07-08 08:23:27,501 - ERROR - ❌ Main content not found at https://thuvienphapluat.vn/van-ban/Giao-duc/Bao-cao-224-BC-BGDDT-so-ket-giua-ky-thuc-hien-de-an-kien-co-hoa-truong-lop-hoc-105266.aspx - saved image error download_final_baocao/error_file_1235.png
2025-07-08 08:23:27,565 - INFO - ⏳ 4.73s between batches...
2025-07-08 08:23:32,295 - INFO - Processing batch 244 to 246
2025-07-08 08:23:34,567 - INFO - ⏳ Waiting 5.50s for user emulation...
2025-07-08 08:23:35,120 - INFO - ⏳ Waiting 4.49s for user emulation...
2025-07-08 08:23:40,799 - INFO - ⏳ Waiting 3.38s for user emulation...
2025-07-08 08:23:41,244 - INFO - ⏳ Waiting 3.59s for user emulation...
2025-07-08 08:23:53,954 - ERROR - ❌ Main content not found at https://thuvienphapluat.vn/van-ban/Van-hoa-Xa-hoi/Bao-cao-36-BC-CP-muc-tieu-quoc-gia-binh-dang-gioi-nam-2009-104526.aspx - saved image error download_final_baocao/error_file_1237.png
2025-07-08 08:23:53,983 - ERROR - ❌ Main content not found at https://thuvienphapluat.vn/van-ban/Bo-may-hanh-chinh/Bao-cao-37-BC-LDTBXH-cong-tac-cai-cach-hanh-chinh-thang-4-nam-2010-104128.aspx - saved image error download_final_baocao/error_file_1238.png
2025-07-08 08:23:54,048 - INFO - ⏳ 3.73s between batches...
2025-07-08 08:23:57,777 - INFO - Processing batch 246 to 248
2025-07-08 08:24:00,402 - INFO - ⏳ Waiting 6.16s for user emulation...
2025-07-08 08:24:00,474 - INFO - ⏳ Waiting 5.89s for user emulation...
2025-07-08 08:24:07,594 - INFO - ⏳ Waiting 3.28s for user emulation...
2025-07-08 08:24:07,761 - INFO - ⏳ Waiting 5.64s for user emulation...
2025-07-08 08:24:20,282 - ERROR - ❌ Main content not found at https://thuvienphapluat.vn/van-ban/Van-hoa-Xa-hoi/Bao-cao-37-BC-UBND-tinh-hinh-kinh-te-xa-hoi-quy-I-nhiem-vu-giai-phap-trong-tam-9-thang-cuoi-nam-2010-103338.aspx - saved image error download_final_baocao/error_file_1240.png
2025-07-08 08:24:22,334 - ERROR - ❌ Main content not found at https://thuvienphapluat.vn/van-ban/Bo-may-hanh-chinh/Bao-cao-250-BC-VTLTNN-ket-qua-kiem-tra-cheo-cong-tac-van-thu-luu-tru-105328.aspx - saved image error download_final_baocao/error_file_1239.png
2025-07-08 08:24:22,399 - INFO - ⏳ 3.71s between batches...
2025-07-08 08:24:26,112 - INFO - Processing batch 248 to 250
2025-07-08 08:24:28,597 - INFO - ⏳ Waiting 6.69s for user emulation...
2025-07-08 08:24:28,622 - INFO - ⏳ Waiting 4.41s for user emulation...
2025-07-08 08:24:34,095 - INFO - ⏳ Waiting 3.96s for user emulation...
2025-07-08 08:24:36,299 - INFO - ⏳ Waiting 3.94s for user emulation...
2025-07-08 08:24:47,431 - ERROR - ❌ Main content not found at https://thuvienphapluat.vn/van-ban/Bo-may-hanh-chinh/Bao-cao-31-BC-LDTBXH-tinh-hinh-ket-qua-thuc-hien-De-an-30-103127.aspx - saved image error download_final_baocao/error_file_1241.png
2025-07-08 08:24:50,065 - ERROR - ❌ Main content not found at https://thuvienphapluat.vn/van-ban/Bo-may-hanh-chinh/Bao-cao-32-BC-LDTBXH-tinh-hinh-thuc-hien-nhiem-vu-cong-tac-quy-I-ke-hoach-cong-tac-thang-04-quy-II-nam-2010-103128.aspx - saved image error download_final_baocao/error_file_1242.png
2025-07-08 08:24:50,129 - INFO - ⏳ 3.33s between batches...
2025-07-08 08:24:53,460 - INFO - Processing batch 250 to 252
2025-07-08 08:24:55,938 - INFO - ⏳ Waiting 4.08s for user emulation...
2025-07-08 08:24:55,964 - INFO - ⏳ Waiting 6.97s for user emulation...
2025-07-08 08:25:00,966 - INFO - ⏳ Waiting 5.42s for user emulation...
2025-07-08 08:25:03,948 - INFO - ⏳ Waiting 3.46s for user emulation...
2025-07-08 08:25:15,546 - ERROR - ❌ Main content not found at https://thuvienphapluat.vn/van-ban/The-thao-Y-te/Bao-cao-267-BC-BYT-cong-tac-y-te-thang-3-nam-2010-do-Bo-Y-te-ban-hanh-102697.aspx - saved image error download_final_baocao/error_file_1244.png
2025-07-08 08:25:16,913 - ERROR - ❌ Main content not found at https://thuvienphapluat.vn/van-ban/Bo-may-hanh-chinh/Bao-cao-28-BC-CDKGDBD-cong-tac-quy-I-2010-chuong-trinh-cong-tac-quy-II-2010-104546.aspx - saved image error download_final_baocao/error_file_1243.png
2025-07-08 08:25:16,978 - INFO - ⏳ 5.23s between batches...
2025-07-08 08:25:22,213 - INFO - Processing batch 252 to 254
2025-07-08 08:25:24,763 - INFO - ⏳ Waiting 6.17s for user emulation...
2025-07-08 08:25:24,805 - INFO - ⏳ Waiting 4.62s for user emulation...
2025-07-08 08:25:30,463 - INFO - ⏳ Waiting 3.50s for user emulation...
2025-07-08 08:25:32,006 - INFO - ⏳ Waiting 5.32s for user emulation...
2025-07-08 08:25:43,029 - ERROR - ❌ Main content not found at https://thuvienphapluat.vn/van-ban/Bo-may-hanh-chinh/Bao-cao-793-BC-BNN-VP-ket-qua-thuc-hien-De-an-30-ky-bao-cao-tu-ngay-26-02-2010-111209.aspx - saved image error download_final_baocao/error_file_1245.png
2025-07-08 08:25:46,812 - ERROR - ❌ Main content not found at https://thuvienphapluat.vn/van-ban/Van-hoa-Xa-hoi/Bao-cao-24-BC-LDTBXH-tinh-hinh-thuc-hien-Chi-thi-1408-CT-TTg-tang-cuong-cong-tac-bao-ve-cham-soc-tre-em-102411.aspx - saved image error download_final_baocao/error_file_1246.png
2025-07-08 08:25:46,876 - INFO - ⏳ 7.44s between batches...
2025-07-08 08:25:54,314 - INFO - Processing batch 254 to 256
2025-07-08 08:25:54,778 - INFO - ⏳ Waiting 4.63s for user emulation...
2025-07-08 08:25:56,778 - INFO - ⏳ Waiting 4.06s for user emulation...
2025-07-08 08:26:00,476 - INFO - ⏳ Waiting 4.15s for user emulation...
2025-07-08 08:26:01,863 - INFO - ⏳ Waiting 4.25s for user emulation...
2025-07-08 08:26:13,761 - ERROR - ❌ Main content not found at https://thuvienphapluat.vn/van-ban/Van-hoa-Xa-hoi/Bao-cao-35-BC-UBND-tong-ket-9-nam-thuc-hien-Phap-lenh-Thu-do-Ha-Noi-102820.aspx - saved image error download_final_baocao/error_file_1248.png
2025-07-08 08:26:15,961 - ERROR - ❌ Main content not found at https://thuvienphapluat.vn/van-ban/Bo-may-hanh-chinh/Bao-cao-23-BC-LDTBXH-cong-tac-cai-cach-hanh-chinh-thang-03-nam-2010-102378.aspx - saved image error download_final_baocao/error_file_1247.png
2025-07-08 08:26:16,027 - INFO - ⏳ 7.00s between batches...
2025-07-08 08:26:23,024 - INFO - Processing batch 256 to 258
2025-07-08 08:26:25,677 - INFO - ⏳ Waiting 6.00s for user emulation...
2025-07-08 08:26:25,713 - INFO - ⏳ Waiting 5.54s for user emulation...
2025-07-08 08:26:32,330 - INFO - ⏳ Waiting 3.89s for user emulation...
2025-07-08 08:26:32,875 - INFO - ⏳ Waiting 5.94s for user emulation...
2025-07-08 08:26:45,759 - ERROR - ❌ Main content not found at https://thuvienphapluat.vn/van-ban/Bo-may-hanh-chinh/Bao-cao-208-BC-BYT-cong-tac-cai-cach-hanh-chinh-quy-I-nam-2010-102340.aspx - saved image error download_final_baocao/error_file_1249.png
2025-07-08 08:26:48,643 - ERROR - ❌ Main content not found at https://thuvienphapluat.vn/van-ban/Thuong-mai/Bao-cao-17-BC-MTHN-BCDTP-ket-qua-buoc-dau-thuc-hien-cuoc-van-dong-Nguoi-Viet-Nam-uu-tien-dung-hang-Viet-Nam-102947.aspx - saved image error download_final_baocao/error_file_1250.png
2025-07-08 08:26:48,708 - INFO - ⏳ 3.70s between batches...
2025-07-08 08:26:52,411 - INFO - Processing batch 258 to 260
2025-07-08 08:26:54,705 - INFO - ⏳ Waiting 6.50s for user emulation...
2025-07-08 08:26:54,954 - INFO - ⏳ Waiting 6.76s for user emulation...
2025-07-08 08:27:02,608 - INFO - ⏳ Waiting 4.68s for user emulation...
2025-07-08 08:27:02,911 - INFO - ⏳ Waiting 5.58s for user emulation...
2025-07-08 08:27:17,041 - ERROR - ❌ Main content not found at https://thuvienphapluat.vn/van-ban/Bo-may-hanh-chinh/Bao-cao-699-BC-BNN-VP-cong-tac-cai-cach-hanh-chinh-thang-3-111223.aspx - saved image error download_final_baocao/error_file_1251.png
2025-07-08 08:27:17,991 - ERROR - ❌ Main content not found at https://thuvienphapluat.vn/van-ban/Tai-chinh-nha-nuoc/Bao-cao-89-BC-BGDDT-De-an-kien-co-hoa-truong-lop-hoc-nha-cong-vu-giao-vien-nam-2009-ke-hoach-nam-2010-101977.aspx - saved image error download_final_baocao/error_file_1252.png
2025-07-08 08:27:18,057 - INFO - ⏳ 3.01s between batches...
2025-07-08 08:27:21,070 - INFO - Processing batch 260 to 262
2025-07-08 08:27:23,448 - INFO - ⏳ Waiting 6.95s for user emulation...
2025-07-08 08:27:23,802 - INFO - ⏳ Waiting 5.98s for user emulation...
2025-07-08 08:27:30,832 - INFO - ⏳ Waiting 5.58s for user emulation...
2025-07-08 08:27:31,971 - INFO - ⏳ Waiting 5.96s for user emulation...
2025-07-08 08:27:45,457 - ERROR - ❌ Main content not found at https://thuvienphapluat.vn/van-ban/Bo-may-hanh-chinh/Bao-cao-16-BC-UBDT-tinh-hinh-vung-dan-toc-cong-tac-chi-dao-dieu-hanh-thang-2-nhiem-vu-trong-tam-thang-3-nam-2010-102458.aspx - saved image error download_final_baocao/error_file_1253.png
2025-07-08 08:27:47,439 - ERROR - ❌ Main content not found at https://thuvienphapluat.vn/van-ban/Doanh-nghiep/Bao-cao-20-BC-BCT-tinh-hinh-hoat-dong-nganh-cong-nghiep-thuong-mai-thang-2-va-2-thang-nam-2010-101685.aspx - saved image error download_final_baocao/error_file_1254.png
2025-07-08 08:27:47,504 - INFO - ⏳ 7.99s between batches...
2025-07-08 08:27:55,494 - INFO - Processing batch 262 to 264
2025-07-08 08:27:58,070 - INFO - ⏳ Waiting 6.55s for user emulation...
2025-07-08 08:27:58,094 - INFO - ⏳ Waiting 5.00s for user emulation...
2025-07-08 08:28:04,260 - INFO - ⏳ Waiting 3.97s for user emulation...
2025-07-08 08:28:05,612 - INFO - ⏳ Waiting 3.18s for user emulation...
2025-07-08 08:28:17,623 - ERROR - ❌ Main content not found at https://thuvienphapluat.vn/van-ban/Lao-dong-Tien-luong/Bao-cao-17-BC-LDTBXH-tinh-hinh-thuc-hien-nhiem-vu-cong-tac-thang-02-ke-hoach-cong-tac-thang-03-nam-2010-101762.aspx - saved image error download_final_baocao/error_file_1255.png
2025-07-08 08:28:17,889 - ERROR - ❌ Main content not found at https://thuvienphapluat.vn/van-ban/Bo-may-hanh-chinh/Bao-cao-493-BC-BNV-tinh-hinh-ket-qua-thuc-hien-De-an-30-102675.aspx - saved image error download_final_baocao/error_file_1256.png
2025-07-08 08:28:17,954 - INFO - ⏳ 5.71s between batches...
2025-07-08 08:28:23,662 - INFO - Processing batch 264 to 266
2025-07-08 08:28:25,859 - INFO - ⏳ Waiting 6.65s for user emulation...
2025-07-08 08:28:26,274 - INFO - ⏳ Waiting 6.34s for user emulation...
2025-07-08 08:28:34,124 - INFO - ⏳ Waiting 3.23s for user emulation...
2025-07-08 08:28:34,624 - INFO - ⏳ Waiting 4.48s for user emulation...
2025-07-08 08:28:46,754 - ERROR - ❌ Main content not found at https://thuvienphapluat.vn/van-ban/The-thao-Y-te/Bao-cao-141-BC-BYT-cong-tac-y-te-trong-dip-Tet-Canh-Dan-2010-101322.aspx - saved image error download_final_baocao/error_file_1257.png
2025-07-08 08:28:48,770 - ERROR - ❌ Main content not found at https://thuvienphapluat.vn/van-ban/Tai-nguyen-Moi-truong/Bao-cao-33-BC-MTTU-TNMT-ket-qua-5-nam-thuc-hien-Nghi-quyet-lien-tich-01-2004-NQL-107555.aspx - saved image error download_final_baocao/error_file_1258.png
2025-07-08 08:28:48,838 - INFO - ⏳ 5.31s between batches...
2025-07-08 08:28:54,151 - INFO - Processing batch 266 to 268
2025-07-08 08:28:56,673 - INFO - ⏳ Waiting 4.50s for user emulation...
2025-07-08 08:28:56,799 - INFO - ⏳ Waiting 5.92s for user emulation...
2025-07-08 08:29:02,156 - INFO - ⏳ Waiting 5.34s for user emulation...
2025-07-08 08:29:03,756 - INFO - ⏳ Waiting 4.89s for user emulation...
2025-07-08 08:29:16,553 - ERROR - ❌ Main content not found at https://thuvienphapluat.vn/van-ban/Bo-may-hanh-chinh/Bao-cao-434-BC-BNN-VP-cong-tac-cai-cach-hanh-chinh-thang-02-111220.aspx - saved image error download_final_baocao/error_file_1259.png
2025-07-08 08:29:18,456 - ERROR - ❌ Main content not found at https://thuvienphapluat.vn/van-ban/Tai-chinh-nha-nuoc/Bao-cao-11-BC-LDTBXH-tien-do-ket-qua-thuc-hien-Nghi-quyet-30a-2008-NQ-CP-104721.aspx - saved image error download_final_baocao/error_file_1260.png
2025-07-08 08:29:18,521 - INFO - ⏳ 6.16s between batches...
2025-07-08 08:29:24,678 - INFO - Processing batch 268 to 270
2025-07-08 08:29:27,076 - INFO - ⏳ Waiting 4.90s for user emulation...
2025-07-08 08:29:27,275 - INFO - ⏳ Waiting 5.79s for user emulation...
2025-07-08 08:29:32,993 - INFO - ⏳ Waiting 3.80s for user emulation...
2025-07-08 08:29:34,119 - INFO - ⏳ Waiting 4.75s for user emulation...
2025-07-08 08:29:46,018 - ERROR - ❌ Main content not found at https://thuvienphapluat.vn/van-ban/Bo-may-hanh-chinh/Bao-cao-23-BC-BTP-tong-ket-cong-tac-tu-phap-nam-2009-phuong-huong-nhiem-vu-cong-tac-nam-2010-101156.aspx - saved image error download_final_baocao/error_file_1261.png
2025-07-08 08:29:48,002 - ERROR - ❌ Main content not found at https://thuvienphapluat.vn/van-ban/Van-hoa-Xa-hoi/Bao-cao-09-BC-LDTBXH-tong-ket-cong-tac-vi-su-tien-bo-phu-nu-bo-nam-2009-101103.aspx - saved image error download_final_baocao/error_file_1262.png
2025-07-08 08:29:48,068 - INFO - ⏳ 6.35s between batches...
2025-07-08 08:29:54,415 - INFO - Processing batch 270 to 272
2025-07-08 08:29:56,724 - INFO - ⏳ Waiting 4.29s for user emulation...
2025-07-08 08:29:57,181 - INFO - ⏳ Waiting 6.51s for user emulation...
2025-07-08 08:30:02,037 - INFO - ⏳ Waiting 3.55s for user emulation...
2025-07-08 08:30:04,666 - INFO - ⏳ Waiting 3.99s for user emulation...
2025-07-08 08:30:14,468 - ERROR - ❌ Main content not found at https://thuvienphapluat.vn/van-ban/Linh-vuc-khac/Bao-cao-14-BC-BTP-tong-ket-5-nam-thuc-hien-Nghi-dinh-119-2004-ND-CP-101127.aspx - saved image error download_final_baocao/error_file_1264.png
2025-07-08 08:30:17,886 - ERROR - ❌ Main content not found at https://thuvienphapluat.vn/van-ban/Bo-may-hanh-chinh/Bao-cao-07-BC-LDTBXH-tinh-hinh-thuc-hien-nhiem-vu-cong-tac-thang-01-ke-hoach-cong-tac-thang-02-nam-2010-100962.aspx - saved image error download_final_baocao/error_file_1263.png
2025-07-08 08:30:17,952 - INFO - ⏳ 5.18s between batches...
2025-07-08 08:30:23,128 - INFO - Processing batch 272 to 274
2025-07-08 08:30:25,686 - INFO - ⏳ Waiting 6.57s for user emulation...
2025-07-08 08:30:25,742 - INFO - ⏳ Waiting 4.32s for user emulation...
2025-07-08 08:30:31,101 - INFO - ⏳ Waiting 3.40s for user emulation...
2025-07-08 08:30:33,254 - INFO - ⏳ Waiting 5.42s for user emulation...
2025-07-08 08:30:43,972 - ERROR - ❌ Main content not found at https://thuvienphapluat.vn/van-ban/Bo-may-hanh-chinh/Bao-cao-05-BC-LDTBXH-tinh-hinh-ket-qua-thuc-hien-De-an-30-tai-Bo-Lao-dong-Thuong-binh-100632.aspx - saved image error download_final_baocao/error_file_1266.png
2025-07-08 08:30:47,616 - ERROR - ❌ Main content not found at https://thuvienphapluat.vn/van-ban/Bo-may-hanh-chinh/Bao-cao-266a-BC-BNN-VP-ket-qua-thuc-hien-De-an-30-ky-bao-cao-tu-ngay-26-12-2009-111216.aspx - saved image error download_final_baocao/error_file_1265.png
2025-07-08 08:30:47,682 - INFO - ⏳ 3.93s between batches...
2025-07-08 08:30:51,612 - INFO - Processing batch 274 to 276
2025-07-08 08:30:54,182 - INFO - ⏳ Waiting 4.21s for user emulation...
2025-07-08 08:30:54,390 - INFO - ⏳ Waiting 4.55s for user emulation...
2025-07-08 08:30:59,667 - INFO - ⏳ Waiting 3.08s for user emulation...
2025-07-08 08:31:00,441 - INFO - ⏳ Waiting 3.90s for user emulation...
2025-07-08 08:31:12,598 - ERROR - ❌ Main content not found at https://thuvienphapluat.vn/van-ban/Van-hoa-Xa-hoi/Bao-cao-04-BC-PCTNXH-ket-qua-cong-tac-cai-nghien-phuc-hoi-va-phong-chong-te-nan-mai-dam-nam-200-nhiem-vu-trong-tam-nam-2010-100420.aspx - saved image error download_final_baocao/error_file_1267.png
2025-07-08 08:31:13,265 - ERROR - ❌ Main content not found at https://thuvienphapluat.vn/van-ban/Bo-may-hanh-chinh/Bao-cao-27-BC-BYT-cong-tac-cai-cach-hanh-chinh-thang-1-nam-2010-100435.aspx - saved image error download_final_baocao/error_file_1268.png
2025-07-08 08:31:13,330 - INFO - ⏳ 5.28s between batches...
2025-07-08 08:31:18,609 - INFO - Processing batch 276 to 278
2025-07-08 08:31:21,084 - INFO - ⏳ Waiting 5.46s for user emulation...
2025-07-08 08:31:21,133 - INFO - ⏳ Waiting 5.38s for user emulation...
2025-07-08 08:31:28,013 - INFO - ⏳ Waiting 4.05s for user emulation...
2025-07-08 08:31:28,644 - INFO - ⏳ Waiting 5.21s for user emulation...
2025-07-08 08:31:41,615 - ERROR - ❌ Main content not found at https://thuvienphapluat.vn/van-ban/Bo-may-hanh-chinh/Bao-cao-112-BC-BNN-VP-cong-tac-cai-cach-hanh-chinh-thang-01-111211.aspx - saved image error download_final_baocao/error_file_1270.png
2025-07-08 08:31:43,547 - ERROR - ❌ Main content not found at https://thuvienphapluat.vn/van-ban/Lao-dong-Tien-luong/Bao-cao-03-BC-LDTBXH-cong-tac-cai-cach-hanh-chinh-thang-01-nam-2010-100165.aspx - saved image error download_final_baocao/error_file_1269.png
2025-07-08 08:31:43,612 - INFO - ⏳ 7.06s between batches...
2025-07-08 08:31:50,667 - INFO - Processing batch 278 to 280
2025-07-08 08:31:52,945 - INFO - ⏳ Waiting 5.99s for user emulation...
2025-07-08 08:31:53,132 - INFO - ⏳ Waiting 4.84s for user emulation...
2025-07-08 08:32:00,680 - INFO - ⏳ Waiting 4.68s for user emulation...
2025-07-08 08:32:01,304 - INFO - ⏳ Waiting 5.06s for user emulation...
2025-07-08 08:32:14,949 - ERROR - ❌ Main content not found at https://thuvienphapluat.vn/van-ban/Bao-hiem/Bao-cao-140-BC-LDTBXH-ve-ket-qua-phoi-hop-tuyen-truyen-pho-bien-phap-luat-bao-hiem-xa-hoi-cho-nguoi-lao-dong-giua-Bo-Lao-dong-Thuong-binh-va-Xa-hoi-99613.aspx - saved image error download_final_baocao/error_file_1272.png
2025-07-08 08:32:15,930 - ERROR - ❌ Main content not found at https://thuvienphapluat.vn/van-ban/Doanh-nghiep/Bao-cao-02-BC-LDTBXH-ket-qua-thuc-hien-Chi-thi-22-CT-TW-Quyet-dinh-1129-QD-TTg-100184.aspx - saved image error download_final_baocao/error_file_1271.png
2025-07-08 08:32:15,996 - INFO - ⏳ 3.51s between batches...
2025-07-08 08:32:19,508 - INFO - Processing batch 280 to 282
2025-07-08 08:32:22,035 - INFO - ⏳ Waiting 6.34s for user emulation...
2025-07-08 08:32:22,070 - INFO - ⏳ Waiting 6.94s for user emulation...
2025-07-08 08:32:29,964 - INFO - ⏳ Waiting 5.08s for user emulation...
2025-07-08 08:32:30,232 - INFO - ⏳ Waiting 3.76s for user emulation...
2025-07-08 08:32:43,564 - ERROR - ❌ Main content not found at https://thuvienphapluat.vn/van-ban/Dau-tu/Bao-cao-98-BC-BXD-Chuong-trinh-xay-dung-nha-o-cho-hoc-sinh-sinh-vien-107591.aspx - saved image error download_final_baocao/error_file_1274.png
2025-07-08 08:32:44,032 - ERROR - ❌ Main content not found at https://thuvienphapluat.vn/van-ban/The-thao-Y-te/Bao-cao-1193-BC-BYT-cong-tac-y-te-thang-12-nam-2009-99612.aspx - saved image error download_final_baocao/error_file_1273.png
2025-07-08 08:32:44,096 - INFO - ⏳ 7.22s between batches...
2025-07-08 08:32:51,318 - INFO - Processing batch 282 to 284
2025-07-08 08:32:53,763 - INFO - ⏳ Waiting 5.12s for user emulation...
2025-07-08 08:32:53,768 - INFO - ⏳ Waiting 4.51s for user emulation...
2025-07-08 08:32:59,451 - INFO - ⏳ Waiting 5.22s for user emulation...
2025-07-08 08:33:00,082 - INFO - ⏳ Waiting 4.68s for user emulation...
2025-07-08 08:33:13,777 - ERROR - ❌ Main content not found at https://thuvienphapluat.vn/van-ban/Lao-dong-Tien-luong/Bao-cao-133-BC-LDTBXH-thuc-trang-cung-cau-lao-dong-nhung-giai-phap-98914.aspx - saved image error download_final_baocao/error_file_1275.png
2025-07-08 08:33:14,029 - ERROR - ❌ Main content not found at https://thuvienphapluat.vn/van-ban/Lao-dong-Tien-luong/Bao-cao-1160-BC-BYT-tinh-hinh-thuc-hien-Chi-thi-05-2008-CT-TTg-6-thang-cuoi-nam-2009-98736.aspx - saved image error download_final_baocao/error_file_1276.png
2025-07-08 08:33:14,093 - INFO - ⏳ 6.87s between batches...
2025-07-08 08:33:20,960 - INFO - Processing batch 284 to 286
2025-07-08 08:33:23,448 - INFO - ⏳ Waiting 4.84s for user emulation...
2025-07-08 08:33:23,538 - INFO - ⏳ Waiting 5.91s for user emulation...
2025-07-08 08:33:29,315 - INFO - ⏳ Waiting 5.24s for user emulation...
2025-07-08 08:33:30,473 - INFO - ⏳ Waiting 4.27s for user emulation...
2025-07-08 08:33:43,513 - ERROR - ❌ Main content not found at https://thuvienphapluat.vn/van-ban/Van-hoa-Xa-hoi/Cong-van-131-BC-LDTBXH-tong-ket-05-nam-thuc-hien-Chi-thi-39-CT-TW-tiep-tuc-doi-moi-day-manh-phong-trao-thi-dua-yeu-nuoc-98882.aspx - saved image error download_final_baocao/error_file_1278.png
2025-07-08 08:33:44,293 - ERROR - ❌ Main content not found at https://thuvienphapluat.vn/van-ban/Dau-tu/Bao-cao-94-BC-BXD-Chuong-trinh-xay-dung-nha-o-cho-hoc-sinh-sinh-vien-107589.aspx - saved image error download_final_baocao/error_file_1277.png
2025-07-08 08:33:44,357 - INFO - ⏳ 7.26s between batches...
2025-07-08 08:33:51,615 - INFO - Processing batch 286 to 288
2025-07-08 08:33:54,100 - INFO - ⏳ Waiting 5.71s for user emulation...
2025-07-08 08:33:54,132 - INFO - ⏳ Waiting 4.73s for user emulation...
2025-07-08 08:33:59,923 - INFO - ⏳ Waiting 3.45s for user emulation...
2025-07-08 08:34:00,925 - INFO - ⏳ Waiting 5.04s for user emulation...
2025-07-08 08:34:12,458 - ERROR - ❌ Main content not found at https://thuvienphapluat.vn/van-ban/Bo-may-hanh-chinh/Bao-cao-130-BC-LDTBXH-tong-ket-cong-tac-xay-dung-phong-trao-toan-dan-bao-ve-an-ninh-to-quoc-nam-2009-98605.aspx - saved image error download_final_baocao/error_file_1280.png
2025-07-08 08:34:15,393 - ERROR - ❌ Main content not found at https://thuvienphapluat.vn/van-ban/Doanh-nghiep/Bao-cao-1547-BC-QLTT-ket-qua-kiem-tra-xu-ly-ve-hanh-nghe-kham-chua-benh-bang-y-hoc-co-truyen-tu-nhan-tai-cac-Phong-kham-Dong-y-Trung-Quoc-101202.aspx - saved image error download_final_baocao/error_file_1279.png
2025-07-08 08:34:15,458 - INFO - ⏳ 3.44s between batches...
2025-07-08 08:34:18,899 - INFO - Processing batch 288 to 290
2025-07-08 08:34:20,994 - INFO - ⏳ Waiting 6.79s for user emulation...
2025-07-08 08:34:21,461 - INFO - ⏳ Waiting 6.86s for user emulation...
2025-07-08 08:34:28,916 - INFO - ⏳ Waiting 4.15s for user emulation...
2025-07-08 08:34:29,693 - INFO - ⏳ Waiting 5.90s for user emulation...
2025-07-08 08:34:42,740 - ERROR - ❌ Main content not found at https://thuvienphapluat.vn/van-ban/Lao-dong-Tien-luong/Bao-cao-127-BC-LDTBXH-tinh-hinh-ket-qua-thuc-hien-de-an-30-tai-Bo-Lao-dong-Thuong-binh-Xa-hoi-97923.aspx - saved image error download_final_baocao/error_file_1282.png
2025-07-08 08:34:45,127 - ERROR - ❌ Main content not found at https://thuvienphapluat.vn/van-ban/Bo-may-hanh-chinh/Bao-cao-128-BC-LDTBXH-CT138-ket-qua-cong-tac-phong-chong-toi-pham-nganh-lao-dong-thuong-binh-va-xa-hoi-nam-2009-97920.aspx - saved image error download_final_baocao/error_file_1281.png
2025-07-08 08:34:45,192 - INFO - ⏳ 6.15s between batches...
2025-07-08 08:34:51,345 - INFO - Processing batch 290 to 292
2025-07-08 08:34:53,676 - INFO - ⏳ Waiting 5.15s for user emulation...
2025-07-08 08:34:53,912 - INFO - ⏳ Waiting 5.62s for user emulation...
2025-07-08 08:35:00,528 - INFO - ⏳ Waiting 3.17s for user emulation...
2025-07-08 08:35:01,129 - INFO - ⏳ Waiting 4.13s for user emulation...
2025-07-08 08:35:12,556 - ERROR - ❌ Main content not found at https://thuvienphapluat.vn/van-ban/Vi-pham-hanh-chinh/Bao-cao-126-BC-LDTBXH-ket-qua-thuc-hien-Nghi-dinh-135-2004-ND-CP-che-do-ap-dung-bien-phap-dua-vao-co-so-chua-benh-97676.aspx - saved image error download_final_baocao/error_file_1283.png
2025-07-08 08:35:14,639 - ERROR - ❌ Main content not found at https://thuvienphapluat.vn/van-ban/Bo-may-hanh-chinh/Bao-cao-124-BC-LDTBXH-cong-tac-tu-phap-nam-2009-97577.aspx - saved image error download_final_baocao/error_file_1284.png
2025-07-08 08:35:14,703 - INFO - ⏳ 6.32s between batches...
2025-07-08 08:35:21,023 - INFO - Processing batch 292 to 294
2025-07-08 08:35:23,432 - INFO - ⏳ Waiting 6.44s for user emulation...
2025-07-08 08:35:23,732 - INFO - ⏳ Waiting 5.19s for user emulation...
2025-07-08 08:35:30,062 - INFO - ⏳ Waiting 4.51s for user emulation...
2025-07-08 08:35:31,016 - INFO - ⏳ Waiting 5.35s for user emulation...
2025-07-08 08:35:43,855 - ERROR - ❌ Main content not found at https://thuvienphapluat.vn/van-ban/Bo-may-hanh-chinh/Bao-cao-1088-BC-BYT-cong-tac-cai-cach-hanh-chinh-thang-11-97552.aspx - saved image error download_final_baocao/error_file_1286.png
2025-07-08 08:35:46,155 - ERROR - ❌ Main content not found at https://thuvienphapluat.vn/van-ban/Bo-may-hanh-chinh/Bao-cao-125-BC-LDTBXH-cong-tac-soan-thao-kiem-tra-ra-soat-van-ban-nam-2009-97561.aspx - saved image error download_final_baocao/error_file_1285.png
2025-07-08 08:35:46,219 - INFO - ⏳ 8.00s between batches...
2025-07-08 08:35:54,217 - INFO - Processing batch 294 to 296
2025-07-08 08:35:56,861 - INFO - ⏳ Waiting 6.21s for user emulation...
2025-07-08 08:35:56,908 - INFO - ⏳ Waiting 6.11s for user emulation...
2025-07-08 08:36:04,265 - INFO - ⏳ Waiting 5.58s for user emulation...
2025-07-08 08:36:04,768 - INFO - ⏳ Waiting 3.05s for user emulation...
2025-07-08 08:36:16,803 - ERROR - ❌ Main content not found at https://thuvienphapluat.vn/van-ban/Van-hoa-Xa-hoi/Bao-cao-129-BC-UBND-bao-cao-tuan-so-46-2009-Tu-ngay-05-11-2009-den-ngay-11-11-2009-102862.aspx - saved image error download_final_baocao/error_file_1287.png
2025-07-08 08:36:19,036 - ERROR - ❌ Main content not found at https://thuvienphapluat.vn/van-ban/Lao-dong-Tien-luong/Bao-cao-120-BC-LDTBXH-tinh-hinh-lao-dong-mat-thieu-viec-lam-do-suy-giam-kinh-te-quy-III-2009-ket-qua-thuc-hien-Quyet-dinh-30-QD-TTg-97282.aspx - saved image error download_final_baocao/error_file_1288.png
2025-07-08 08:36:19,103 - INFO - ⏳ 7.94s between batches...
2025-07-08 08:36:27,044 - INFO - Processing batch 296 to 298
2025-07-08 08:36:29,445 - INFO - ⏳ Waiting 6.00s for user emulation...
2025-07-08 08:36:29,671 - INFO - ⏳ Waiting 4.74s for user emulation...
2025-07-08 08:36:35,460 - INFO - ⏳ Waiting 5.59s for user emulation...
2025-07-08 08:36:36,575 - INFO - ⏳ Waiting 4.84s for user emulation...
2025-07-08 08:36:50,286 - ERROR - ❌ Main content not found at https://thuvienphapluat.vn/van-ban/Giao-duc/Bao-cao-760-BC-BGDDTsu-phat-trien-he-thong-giao-duc-dai-hoc-cac-giai-phap-dam-bao-nang-cao-chat-luong-dao-tao-96869.aspx - saved image error download_final_baocao/error_file_1289.png
2025-07-08 08:36:50,539 - ERROR - ❌ Main content not found at https://thuvienphapluat.vn/van-ban/Bo-may-hanh-chinh/Bao-cao-117-BC-BLDTBXH-tinh-hinh-thuc-hien-nhiem-vu-cong-tac-thang-10-ke-hoach-cong-tac-thang-11-nam-2009-96695.aspx - saved image error download_final_baocao/error_file_1290.png
2025-07-08 08:36:50,604 - INFO - ⏳ 7.53s between batches...
2025-07-08 08:36:58,136 - INFO - Processing batch 298 to 300
2025-07-08 08:37:00,505 - INFO - ⏳ Waiting 4.91s for user emulation...
2025-07-08 08:37:00,718 - INFO - ⏳ Waiting 4.99s for user emulation...
2025-07-08 08:37:06,568 - INFO - ⏳ Waiting 4.87s for user emulation...
2025-07-08 08:37:06,842 - INFO - ⏳ Waiting 5.53s for user emulation...
2025-07-08 08:37:20,950 - ERROR - ❌ Main content not found at https://thuvienphapluat.vn/van-ban/Van-hoa-Xa-hoi/Bao-cao-115-BC-LDTBXH-ket-qua-9-thang-dau-nam-2009-thuc-hien-Nghi-quyet-30a-2008-NQ-CP-chuong-trinh-ho-giam-ngheo-nhanh-ben-vung-61-huyen-ngheo-96552.aspx - saved image error download_final_baocao/error_file_1291.png
2025-07-08 08:37:21,401 - ERROR - ❌ Main content not found at https://thuvienphapluat.vn/van-ban/Bo-may-hanh-chinh/Bao-cao-116-BC-LDTBXH-ket-qua-thuc-hien-De-an-30-Bo-Lao-dong-Thuong-binh-va-Xa-hoi-96605.aspx - saved image error download_final_baocao/error_file_1292.png
2025-07-08 08:37:21,467 - INFO - ⏳ 6.11s between batches...
2025-07-08 08:37:27,578 - INFO - Processing batch 300 to 302
2025-07-08 08:37:29,993 - INFO - ⏳ Waiting 4.35s for user emulation...
2025-07-08 08:37:30,413 - INFO - ⏳ Waiting 6.49s for user emulation...
2025-07-08 08:37:35,433 - INFO - ⏳ Waiting 4.23s for user emulation...
2025-07-08 08:37:37,978 - INFO - ⏳ Waiting 5.70s for user emulation...
2025-07-08 08:37:48,783 - ERROR - ❌ Main content not found at https://thuvienphapluat.vn/van-ban/Xay-dung-Do-thi/Bao-cao-76-BC-BXD-danh-gia-tac-dong-Nghi-dinh-hop-dong-trong-hoat-dong-xay-dung-107628.aspx - saved image error download_final_baocao/error_file_1293.png
2025-07-08 08:37:52,683 - ERROR - ❌ Main content not found at https://thuvienphapluat.vn/van-ban/Bo-may-hanh-chinh/Bao-cao-113-BC-LDTBXH-cong-tac-cai-cach-hanh-chinh-thang-10-2009-96151.aspx - saved image error download_final_baocao/error_file_1294.png
2025-07-08 08:37:52,747 - INFO - ⏳ 6.27s between batches...
2025-07-08 08:37:59,021 - INFO - Processing batch 302 to 304
2025-07-08 08:38:01,500 - INFO - ⏳ Waiting 6.68s for user emulation...
2025-07-08 08:38:01,623 - INFO - ⏳ Waiting 6.92s for user emulation...
2025-07-08 08:38:09,437 - INFO - ⏳ Waiting 5.79s for user emulation...
2025-07-08 08:38:09,719 - INFO - ⏳ Waiting 4.68s for user emulation...
2025-07-08 08:38:23,831 - ERROR - ❌ Main content not found at https://thuvienphapluat.vn/van-ban/Lao-dong-Tien-luong/Bao-cao-107-BC-LDTBXH-hoat-dong-quy-III-ke-hoach-quy-IV-2009-de-an-tuyen-truyen-pho-bien-phap-luat-cho-nguoi-lao-dong-nguoi-su-dung-lao-dong-95942.aspx - saved image error download_final_baocao/error_file_1295.png
2025-07-08 08:38:25,031 - ERROR - ❌ Main content not found at https://thuvienphapluat.vn/van-ban/Lao-dong-Tien-luong/Bao-cao-105-BC-LDTBXH-ket-qua-thuc-hien-giai-doan-I-De-an-30-tai-Bo-Lao-dong-Thuong-binh-va-Xa-hoi-95877.aspx - saved image error download_final_baocao/error_file_1296.png
2025-07-08 08:38:25,095 - INFO - ⏳ 6.85s between batches...
2025-07-08 08:38:31,947 - INFO - Processing batch 304 to 306
2025-07-08 08:38:34,414 - INFO - ⏳ Waiting 4.27s for user emulation...
2025-07-08 08:38:34,418 - INFO - ⏳ Waiting 4.83s for user emulation...
2025-07-08 08:38:39,824 - INFO - ⏳ Waiting 5.17s for user emulation...
2025-07-08 08:38:40,398 - INFO - ⏳ Waiting 4.82s for user emulation...
2025-07-08 08:38:54,047 - ERROR - ❌ Main content not found at https://thuvienphapluat.vn/van-ban/Van-hoa-Xa-hoi/Bao-cao-103-BC-LDTBXH-ket-qua-hoat-dong-nam-2009-95659.aspx - saved image error download_final_baocao/error_file_1297.png
2025-07-08 08:38:55,076 - ERROR - ❌ Main content not found at https://thuvienphapluat.vn/van-ban/Lao-dong-Tien-luong/Bao-cao-101-BC-BLDTBXH-tinh-hinh-thuc-hien-nhiem-vu-cong-tac-thang-9-va-quy-III-ke-hoach-cong-tac-quy-IV-2009-95403.aspx - saved image error download_final_baocao/error_file_1298.png
2025-07-08 08:38:55,143 - INFO - ⏳ 7.35s between batches...
2025-07-08 08:39:02,490 - INFO - Processing batch 306 to 308
2025-07-08 08:39:03,976 - ERROR - Error saving document TXT 306: ('Connection aborted.', RemoteDisconnected('Remote end closed connection without response'))
2025-07-08 08:39:03,977 - WARNING - Retrying (Retry(total=2, connect=None, read=None, redirect=None, status=None)) after connection broken by 'NewConnectionError('<urllib3.connection.HTTPConnection object at 0x75ee7ab66b40>: Failed to establish a new connection: [Errno 111] Connection refused')': /session/624042ea06c26d286dfd7b80cc54b536/screenshot
2025-07-08 08:39:03,983 - WARNING - Retrying (Retry(total=1, connect=None, read=None, redirect=None, status=None)) after connection broken by 'NewConnectionError('<urllib3.connection.HTTPConnection object at 0x75ee7ab65250>: Failed to establish a new connection: [Errno 111] Connection refused')': /session/624042ea06c26d286dfd7b80cc54b536/screenshot
2025-07-08 08:39:03,987 - WARNING - Retrying (Retry(total=0, connect=None, read=None, redirect=None, status=None)) after connection broken by 'NewConnectionError('<urllib3.connection.HTTPConnection object at 0x75ee7ab64470>: Failed to establish a new connection: [Errno 111] Connection refused')': /session/624042ea06c26d286dfd7b80cc54b536/screenshot
2025-07-08 08:39:03,988 - ERROR - Error saving document TXT 307: ('Connection aborted.', RemoteDisconnected('Remote end closed connection without response'))
2025-07-08 08:39:03,989 - WARNING - Retrying (Retry(total=2, connect=None, read=None, redirect=None, status=None)) after connection broken by 'NewConnectionError('<urllib3.connection.HTTPConnection object at 0x75ee7ab66330>: Failed to establish a new connection: [Errno 111] Connection refused')': /session/b1d2c927abb96e776543cbc686401684/screenshot
2025-07-08 08:39:03,991 - WARNING - Retrying (Retry(total=1, connect=None, read=None, redirect=None, status=None)) after connection broken by 'NewConnectionError('<urllib3.connection.HTTPConnection object at 0x75ee7ab661b0>: Failed to establish a new connection: [Errno 111] Connection refused')': /session/b1d2c927abb96e776543cbc686401684/screenshot
2025-07-08 08:39:03,990 - WARNING - Retrying (Retry(total=2, connect=None, read=None, redirect=None, status=None)) after connection broken by 'NewConnectionError('<urllib3.connection.HTTPConnection object at 0x75ee7ab668a0>: Failed to establish a new connection: [Errno 111] Connection refused')': /session/624042ea06c26d286dfd7b80cc54b536
2025-07-08 08:39:03,993 - WARNING - Retrying (Retry(total=0, connect=None, read=None, redirect=None, status=None)) after connection broken by 'NewConnectionError('<urllib3.connection.HTTPConnection object at 0x75ee802c50d0>: Failed to establish a new connection: [Errno 111] Connection refused')': /session/b1d2c927abb96e776543cbc686401684/screenshot
2025-07-08 08:39:03,994 - WARNING - Retrying (Retry(total=1, connect=None, read=None, redirect=None, status=None)) after connection broken by 'NewConnectionError('<urllib3.connection.HTTPConnection object at 0x75ee7a897f20>: Failed to establish a new connection: [Errno 111] Connection refused')': /session/624042ea06c26d286dfd7b80cc54b536
2025-07-08 08:39:03,996 - WARNING - Retrying (Retry(total=0, connect=None, read=None, redirect=None, status=None)) after connection broken by 'NewConnectionError('<urllib3.connection.HTTPConnection object at 0x75ee823db050>: Failed to establish a new connection: [Errno 111] Connection refused')': /session/624042ea06c26d286dfd7b80cc54b536
2025-07-08 08:39:03,998 - WARNING - Retrying (Retry(total=2, connect=None, read=None, redirect=None, status=None)) after connection broken by 'NewConnectionError('<urllib3.connection.HTTPConnection object at 0x75ee802a34a0>: Failed to establish a new connection: [Errno 111] Connection refused')': /session/b1d2c927abb96e776543cbc686401684
2025-07-08 08:39:03,999 - WARNING - Retrying (Retry(total=1, connect=None, read=None, redirect=None, status=None)) after connection broken by 'NewConnectionError('<urllib3.connection.HTTPConnection object at 0x75ee823da5a0>: Failed to establish a new connection: [Errno 111] Connection refused')': /session/b1d2c927abb96e776543cbc686401684
2025-07-08 08:39:04,001 - WARNING - Retrying (Retry(total=0, connect=None, read=None, redirect=None, status=None)) after connection broken by 'NewConnectionError('<urllib3.connection.HTTPConnection object at 0x75ee823daea0>: Failed to establish a new connection: [Errno 111] Connection refused')': /session/b1d2c927abb96e776543cbc686401684
2025-07-08 08:39:06,146 - ERROR - Error saving document TXT 307: ('Connection aborted.', RemoteDisconnected('Remote end closed connection without response'))
2025-07-08 08:39:06,147 - ERROR - Error saving document TXT 306: ('Connection aborted.', RemoteDisconnected('Remote end closed connection without response'))
