2025-07-14 10:51:28,076 - INFO - Total 3538 links found in bomayhanhchinh.txt
2025-07-14 10:51:28,076 - INFO - Processing batch 0 to 1
2025-07-14 10:51:29,757 - INFO - ⏳ Waiting 3.43s for user emulation...
2025-07-14 10:51:34,337 - INFO - ⏳ Waiting 4.41s for user emulation...
2025-07-14 10:51:39,670 - INFO - Saved txt: download_bomayhanhchinh/1_Quyet-dinh-2257-QD-BYT-2025-cong-bo-thu-tuc-hanh-chinh-bai-bo-linh-vuc-duoc-pham-664218.txt
2025-07-14 10:51:39,739 - INFO - ⏳ 4.38s between batches...
2025-07-14 10:51:44,122 - INFO - Processing batch 1 to 2
2025-07-14 10:51:45,784 - INFO - ⏳ Waiting 4.00s for user emulation...
2025-07-14 10:51:51,204 - INFO - ⏳ Waiting 3.09s for user emulation...
2025-07-14 10:51:55,883 - INFO - Saved txt: download_bomayhanhchinh/2_Quyet-dinh-2244-QD-BYT-2025-sua-doi-Quyet-dinh-3562-QD-BYT-cong-bo-thu-tuc-hanh-chinh-663990.txt
2025-07-14 10:51:55,951 - INFO - ⏳ 3.24s between batches...
2025-07-14 10:51:59,194 - INFO - Processing batch 2 to 3
2025-07-14 10:52:00,839 - INFO - ⏳ Waiting 3.49s for user emulation...
2025-07-14 10:52:05,436 - INFO - ⏳ Waiting 3.16s for user emulation...
2025-07-14 10:52:09,571 - INFO - Saved txt: download_bomayhanhchinh/3_Quyet-dinh-293-QD-UBND-2025-cong-bo-thu-tuc-hanh-chinh-linh-vuc-Du-lich-cac-cap-chinh-quyen-Phu-Tho-664167.txt
2025-07-14 10:52:09,638 - INFO - ⏳ 3.10s between batches...
2025-07-14 10:52:12,734 - INFO - Processing batch 3 to 4
2025-07-14 10:52:14,279 - INFO - ⏳ Waiting 2.84s for user emulation...
2025-07-14 10:52:18,184 - INFO - ⏳ Waiting 3.82s for user emulation...
2025-07-14 10:52:23,215 - INFO - Saved txt: download_bomayhanhchinh/4_Quyet-dinh-295-QD-UBND-2025-cong-bo-thu-tuc-hanh-chinh-Bao-tro-xa-hoi-cac-cap-chinh-quyen-Phu-Tho-664166.txt
2025-07-14 10:52:23,280 - INFO - ⏳ 4.12s between batches...
2025-07-14 10:52:27,404 - INFO - Processing batch 4 to 5
2025-07-14 10:52:29,181 - INFO - ⏳ Waiting 3.90s for user emulation...
2025-07-14 10:52:34,599 - INFO - ⏳ Waiting 4.06s for user emulation...
2025-07-14 10:52:39,527 - INFO - Saved txt: download_bomayhanhchinh/5_Nghi-dinh-197-2025-ND-CP-thu-tuc-thanh-lap-bo-may-giup-viec-cua-Hoi-dong-quan-ly-bao-hiem-xa-hoi-664283.txt
2025-07-14 10:52:39,596 - INFO - ⏳ 4.29s between batches...
2025-07-14 10:52:43,886 - INFO - Processing batch 5 to 6
2025-07-14 10:52:45,479 - INFO - ⏳ Waiting 3.30s for user emulation...
2025-07-14 10:52:50,116 - INFO - ⏳ Waiting 3.87s for user emulation...
2025-07-14 10:52:55,220 - INFO - Saved txt: download_bomayhanhchinh/6_Van-ban-hop-nhat-01-VBHN-VPCP-2025-Thong-tu-chuc-nang-Van-phong-Uy-ban-nhan-dan-tinh-664254.txt
2025-07-14 10:52:55,286 - INFO - ⏳ 3.40s between batches...
2025-07-14 10:52:58,684 - INFO - Processing batch 6 to 7
2025-07-14 10:53:00,076 - INFO - ⏳ Waiting 3.77s for user emulation...
2025-07-14 10:53:05,939 - INFO - ⏳ Waiting 5.48s for user emulation...
2025-07-14 10:53:13,865 - INFO - Saved txt: download_bomayhanhchinh/7_Quyet-dinh-113-QD-UBND-2025-cong-bo-thu-tuc-hanh-chinh-tra-ket-qua-Bo-phan-Mot-cua-Ho-Chi-Minh-664056.txt
2025-07-14 10:53:13,931 - INFO - ⏳ 3.34s between batches...
2025-07-14 10:53:17,271 - INFO - Processing batch 7 to 8
2025-07-14 10:53:18,903 - INFO - ⏳ Waiting 3.15s for user emulation...
2025-07-14 10:53:23,345 - INFO - ⏳ Waiting 4.77s for user emulation...
2025-07-14 10:53:28,801 - INFO - Saved txt: download_bomayhanhchinh/8_Quyet-dinh-1030-QD-BXD-2025-cong-bo-thu-tuc-hanh-chinh-bai-bo-linh-vuc-hoat-dong-xay-dung-664145.txt
2025-07-14 10:53:28,867 - INFO - ⏳ 3.34s between batches...
2025-07-14 10:53:32,203 - INFO - Processing batch 8 to 9
2025-07-14 10:53:33,930 - INFO - ⏳ Waiting 2.36s for user emulation...
2025-07-14 10:53:37,496 - INFO - ⏳ Waiting 4.69s for user emulation...
2025-07-14 10:53:43,520 - INFO - Saved txt: download_bomayhanhchinh/9_Quyet-dinh-96-QD-BCDCP-2025-Quy-che-to-chuc-va-hoat-dong-Ban-Chi-dao-phat-trien-khoa-hoc-664082.txt
2025-07-14 10:53:43,587 - INFO - ⏳ 4.37s between batches...
2025-07-14 10:53:47,956 - INFO - Processing batch 9 to 10
2025-07-14 10:53:49,609 - INFO - ⏳ Waiting 3.74s for user emulation...
2025-07-14 10:53:55,061 - INFO - ⏳ Waiting 4.65s for user emulation...
2025-07-14 10:54:00,884 - INFO - Saved txt: download_bomayhanhchinh/10_Quyet-dinh-2238-QD-BYT-2025-cong-bo-thu-tuc-hanh-chinh-Y-Duoc-co-truyen-tai-29-2025-TT-BYT-664024.txt
2025-07-14 10:54:00,951 - INFO - ⏳ 3.79s between batches...
2025-07-14 10:54:04,737 - INFO - Processing batch 10 to 11
2025-07-14 10:54:06,529 - INFO - ⏳ Waiting 3.59s for user emulation...
2025-07-14 10:54:11,449 - INFO - ⏳ Waiting 5.37s for user emulation...
2025-07-14 10:54:18,205 - INFO - Saved txt: download_bomayhanhchinh/11_Quyet-dinh-1016-QD-BXD-2025-cong-bo-thu-tuc-hanh-chinh-tiep-nhan-Bo-phan-Mot-cua-663730.txt
2025-07-14 10:54:18,270 - INFO - ⏳ 4.31s between batches...
2025-07-14 10:54:22,580 - INFO - Processing batch 11 to 12
2025-07-14 10:54:24,362 - INFO - ⏳ Waiting 2.38s for user emulation...
2025-07-14 10:54:28,096 - INFO - ⏳ Waiting 5.92s for user emulation...
2025-07-14 10:54:35,268 - INFO - Saved txt: download_bomayhanhchinh/12_Quyet-dinh-1015-QD-BXD-2025-cong-bo-thu-tuc-hanh-chinh-tiep-nhan-ho-so-tai-Bo-phan-Mot-cua-663731.txt
2025-07-14 10:54:35,334 - INFO - ⏳ 3.31s between batches...
2025-07-14 10:54:38,644 - INFO - Processing batch 12 to 13
2025-07-14 10:54:40,308 - INFO - ⏳ Waiting 2.52s for user emulation...
2025-07-14 10:54:44,059 - INFO - ⏳ Waiting 5.12s for user emulation...
2025-07-14 10:54:50,231 - INFO - Saved txt: download_bomayhanhchinh/13_Quyet-dinh-2304-QD-BTP-2025-Quy-che-tam-thoi-quan-ly-van-hanh-Cong-Phap-luat-quoc-gia-663963.txt
2025-07-14 10:54:50,299 - INFO - ⏳ 4.24s between batches...
2025-07-14 10:54:54,537 - INFO - Processing batch 13 to 14
2025-07-14 10:54:56,098 - INFO - ⏳ Waiting 3.56s for user emulation...
2025-07-14 10:55:01,194 - INFO - ⏳ Waiting 3.86s for user emulation...
2025-07-14 10:55:05,640 - INFO - Saved txt: download_bomayhanhchinh/14_Quyet-dinh-1625-QD-BKHCN-2025-cong-bo-thu-tuc-hanh-chinh-linh-vuc-Tan-so-vo-tuyen-dien-664044.txt
2025-07-14 10:55:05,705 - INFO - ⏳ 3.51s between batches...
2025-07-14 10:55:09,218 - INFO - Processing batch 14 to 15
2025-07-14 10:55:10,849 - INFO - ⏳ Waiting 2.50s for user emulation...
2025-07-14 10:55:14,630 - INFO - ⏳ Waiting 3.24s for user emulation...
2025-07-14 10:55:18,863 - INFO - Saved txt: download_bomayhanhchinh/15_Quyet-dinh-2371-QD-BTC-2025-cong-bo-thu-tuc-hanh-chinh-duoc-sua-doi-linh-vuc-hai-quan-664041.txt
2025-07-14 10:55:18,928 - INFO - ⏳ 3.85s between batches...
2025-07-14 10:55:22,780 - INFO - Processing batch 15 to 16
2025-07-14 10:55:24,487 - INFO - ⏳ Waiting 3.04s for user emulation...
2025-07-14 10:55:28,591 - INFO - ⏳ Waiting 5.00s for user emulation...
2025-07-14 10:55:34,147 - INFO - Saved txt: download_bomayhanhchinh/16_Quyet-dinh-2369-QD-BVHTTDL-2025-thuc-hien-66-NQ-TW-doi-moi-cong-tac-xay-dung-phap-luat-664141.txt
2025-07-14 10:55:34,212 - INFO - ⏳ 3.47s between batches...
2025-07-14 10:55:37,681 - INFO - Processing batch 16 to 17
2025-07-14 10:55:39,313 - INFO - ⏳ Waiting 3.81s for user emulation...
2025-07-14 10:55:44,325 - INFO - ⏳ Waiting 5.62s for user emulation...
2025-07-14 10:55:50,926 - INFO - Saved txt: download_bomayhanhchinh/17_Quyet-dinh-2345-QD-BTC-2025-cong-bo-thu-tuc-hanh-chinh-linh-vuc-quan-ly-thue-663619.txt
2025-07-14 10:55:50,993 - INFO - ⏳ 3.11s between batches...
2025-07-14 10:55:54,104 - INFO - Processing batch 17 to 18
2025-07-14 10:55:55,752 - INFO - ⏳ Waiting 2.74s for user emulation...
2025-07-14 10:55:59,839 - INFO - ⏳ Waiting 3.23s for user emulation...
2025-07-14 10:56:03,933 - INFO - Saved txt: download_bomayhanhchinh/18_Thong-tu-68-2025-TT-BQP-sua-doi-Thong-tu-148-2018-TT-BQP-goi-cong-dan-nhap-ngu-664036.txt
2025-07-14 10:56:03,999 - INFO - ⏳ 4.35s between batches...
2025-07-14 10:56:08,346 - INFO - Processing batch 18 to 19
2025-07-14 10:56:09,990 - INFO - ⏳ Waiting 3.23s for user emulation...
2025-07-14 10:56:14,403 - INFO - ⏳ Waiting 4.09s for user emulation...
2025-07-14 10:56:19,192 - INFO - Saved txt: download_bomayhanhchinh/19_Quyet-dinh-2354-QD-BTC-2025-cong-bo-thu-tuc-hanh-chinh-thanh-lap-va-hoat-dong-doanh-nghiep-664037.txt
2025-07-14 10:56:19,257 - INFO - ⏳ 3.52s between batches...
2025-07-14 10:56:22,776 - INFO - Processing batch 19 to 20
2025-07-14 10:56:24,407 - INFO - ⏳ Waiting 2.24s for user emulation...
2025-07-14 10:56:27,925 - INFO - ⏳ Waiting 5.31s for user emulation...
2025-07-14 10:56:34,807 - INFO - Saved txt: download_bomayhanhchinh/20_Quyet-dinh-1600-QD-BKHCN-2025-ma-dinh-danh-dien-tu-cac-co-quan-don-vi-thuoc-Bo-Khoa-hoc-663956.txt
2025-07-14 10:56:34,873 - INFO - ⏳ 4.06s between batches...
2025-07-14 10:56:38,934 - INFO - Processing batch 20 to 21
2025-07-14 10:56:40,471 - INFO - ⏳ Waiting 3.88s for user emulation...
2025-07-14 10:56:45,642 - INFO - ⏳ Waiting 3.55s for user emulation...
2025-07-14 10:56:50,749 - INFO - Saved txt: download_bomayhanhchinh/21_Quyet-dinh-2353-QD-BTC-2025-cong-bo-thu-tuc-hanh-chinh-thanh-lap-ho-kinh-doanh-663922.txt
2025-07-14 10:56:50,815 - INFO - ⏳ 3.32s between batches...
2025-07-14 10:56:54,137 - INFO - Processing batch 21 to 22
2025-07-14 10:56:55,906 - INFO - ⏳ Waiting 2.34s for user emulation...
2025-07-14 10:56:59,570 - INFO - ⏳ Waiting 4.90s for user emulation...
2025-07-14 10:57:05,997 - INFO - Saved txt: download_bomayhanhchinh/22_Van-ban-hop-nhat-10-VBHN-NHNN-2025-Thong-tu-cong-tac-thi-dua-khen-thuong-nganh-Ngan-hang-664256.txt
2025-07-14 10:57:06,063 - INFO - ⏳ 3.05s between batches...
2025-07-14 10:57:09,110 - INFO - Processing batch 22 to 23
2025-07-14 10:57:10,854 - INFO - ⏳ Waiting 3.46s for user emulation...
2025-07-14 10:57:15,659 - INFO - ⏳ Waiting 4.85s for user emulation...
2025-07-14 10:57:21,808 - INFO - Saved txt: download_bomayhanhchinh/23_Thong-tu-65-2025-TT-BQP-sua-doi-Thong-tu-tinh-tuoi-quan-cap-Giay-chung-minh-quan-nhan-chuyen-nghiep-663694.txt
2025-07-14 10:57:21,874 - INFO - ⏳ 4.90s between batches...
2025-07-14 10:57:26,776 - INFO - Processing batch 23 to 24
2025-07-14 10:57:28,517 - INFO - ⏳ Waiting 3.05s for user emulation...
2025-07-14 10:57:32,885 - INFO - ⏳ Waiting 3.39s for user emulation...
2025-07-14 10:57:37,005 - INFO - Saved txt: download_bomayhanhchinh/24_Huong-dan-18-HD-BTGDVTW-BCD-2025-lay-y-kien-Nhan-dan-du-thao-van-kien-trinh-Dai-hoi-dai-bieu-lan-thu-XIV-664149.txt
2025-07-14 10:57:37,070 - INFO - ⏳ 4.41s between batches...
2025-07-14 10:57:41,478 - INFO - Processing batch 24 to 25
2025-07-14 10:57:43,312 - INFO - ⏳ Waiting 3.34s for user emulation...
2025-07-14 10:57:47,835 - INFO - ⏳ Waiting 3.89s for user emulation...
2025-07-14 10:57:52,703 - INFO - Saved txt: download_bomayhanhchinh/25_Thong-tu-64-2025-TT-BQP-che-do-bao-cao-hoat-dong-o-vanh-dai-bien-gioi-khu-vuc-bien-gioi-663693.txt
2025-07-14 10:57:52,771 - INFO - ⏳ 3.62s between batches...
2025-07-14 10:57:56,394 - INFO - Processing batch 25 to 26
2025-07-14 10:57:58,078 - INFO - ⏳ Waiting 3.25s for user emulation...
2025-07-14 10:58:02,713 - INFO - ⏳ Waiting 4.34s for user emulation...
2025-07-14 10:58:08,451 - INFO - Saved txt: download_bomayhanhchinh/26_Quyet-dinh-997-QD-BXD-2025-cong-bo-thu-tuc-hanh-chinh-sua-doi-linh-vuc-duong-bo-663737.txt
2025-07-14 10:58:08,516 - INFO - ⏳ 3.00s between batches...
2025-07-14 10:58:11,519 - INFO - Processing batch 26 to 27
2025-07-14 10:58:13,221 - INFO - ⏳ Waiting 2.73s for user emulation...
2025-07-14 10:58:17,594 - INFO - ⏳ Waiting 3.60s for user emulation...
2025-07-14 10:58:22,376 - INFO - Saved txt: download_bomayhanhchinh/27_Quyet-dinh-2302-QD-BVHTTDL-2025-cong-bo-thu-tuc-hanh-chinh-linh-vuc-Du-lich-663745.txt
2025-07-14 10:58:22,442 - INFO - ⏳ 3.20s between batches...
2025-07-14 10:58:25,645 - INFO - Processing batch 27 to 28
2025-07-14 10:58:27,366 - INFO - ⏳ Waiting 2.60s for user emulation...
2025-07-14 10:58:31,336 - INFO - ⏳ Waiting 4.37s for user emulation...
2025-07-14 10:58:37,194 - INFO - Saved txt: download_bomayhanhchinh/28_Quyet-dinh-1928-QD-BCT-2025-thu-tuc-hanh-chinh-thuc-hien-dich-vu-cong-truc-tuyen-toan-trinh-664147.txt
2025-07-14 10:58:37,259 - INFO - ⏳ 4.66s between batches...
2025-07-14 10:58:41,922 - INFO - Processing batch 28 to 29
2025-07-14 10:58:43,669 - INFO - ⏳ Waiting 3.33s for user emulation...
2025-07-14 10:58:48,332 - INFO - ⏳ Waiting 5.90s for user emulation...
2025-07-14 10:58:55,122 - INFO - Saved txt: download_bomayhanhchinh/29_Thong-tu-33-2025-TT-BYT-thoi-han-luu-tru-ho-so-tai-lieu-nganh-y-te-663505.txt
2025-07-14 10:58:55,192 - INFO - ⏳ 3.13s between batches...
2025-07-14 10:58:58,320 - INFO - Processing batch 29 to 30
2025-07-14 10:59:00,051 - INFO - ⏳ Waiting 2.16s for user emulation...
2025-07-14 10:59:03,510 - INFO - ⏳ Waiting 3.11s for user emulation...
2025-07-14 10:59:07,565 - INFO - Saved txt: download_bomayhanhchinh/30_Thong-tu-56-2025-TT-BCA-luu-tru-so-tai-lieu-hinh-thanh-pho-bien-trong-Cong-an-nhan-dan-663705.txt
2025-07-14 10:59:07,631 - INFO - ⏳ 4.03s between batches...
2025-07-14 10:59:11,660 - INFO - Processing batch 30 to 31
2025-07-14 10:59:13,333 - INFO - ⏳ Waiting 3.75s for user emulation...
2025-07-14 10:59:18,394 - INFO - ⏳ Waiting 5.26s for user emulation...
2025-07-14 10:59:24,935 - INFO - Saved txt: download_bomayhanhchinh/31_Quyet-dinh-06-2025-QD-UBND-chuc-nang-nhiem-vu-quyen-han-So-Cong-thuong-Dong-Nai-663247.txt
2025-07-14 10:59:25,000 - INFO - ⏳ 4.72s between batches...
2025-07-14 10:59:29,722 - INFO - Processing batch 31 to 32
2025-07-14 10:59:31,447 - INFO - ⏳ Waiting 2.86s for user emulation...
2025-07-14 10:59:35,610 - INFO - ⏳ Waiting 5.86s for user emulation...
2025-07-14 10:59:42,912 - INFO - Saved txt: download_bomayhanhchinh/32_Quyet-dinh-07-2025-QD-UBND-chuc-nang-nhiem-vu-Chi-cuc-Quan-ly-thi-truong-Dong-Nai-663248.txt
2025-07-14 10:59:42,982 - INFO - ⏳ 3.88s between batches...
2025-07-14 10:59:46,865 - INFO - Processing batch 32 to 33
2025-07-14 10:59:48,595 - INFO - ⏳ Waiting 2.92s for user emulation...
2025-07-14 10:59:52,933 - INFO - ⏳ Waiting 5.71s for user emulation...
2025-07-14 11:00:00,034 - INFO - Saved txt: download_bomayhanhchinh/33_Quyet-dinh-58-2025-QD-UBND-chuc-nang-nhiem-vu-quyen-han-Thanh-tra-tinh-Son-La-663363.txt
2025-07-14 11:00:00,100 - INFO - ⏳ 4.07s between batches...
2025-07-14 11:00:04,167 - INFO - Processing batch 33 to 34
2025-07-14 11:00:05,849 - INFO - ⏳ Waiting 2.93s for user emulation...
2025-07-14 11:00:09,994 - INFO - ⏳ Waiting 3.23s for user emulation...
2025-07-14 11:00:14,501 - INFO - Saved txt: download_bomayhanhchinh/34_Thong-tu-66-2025-TT-BTC-phan-cap-tham-quyen-quan-ly-noi-nganh-quan-ly-ngan-sach-663671.txt
2025-07-14 11:00:14,567 - INFO - ⏳ 3.80s between batches...
2025-07-14 11:00:18,372 - INFO - Processing batch 34 to 35
2025-07-14 11:00:20,062 - INFO - ⏳ Waiting 3.22s for user emulation...
2025-07-14 11:00:25,056 - INFO - ⏳ Waiting 5.83s for user emulation...
2025-07-14 11:00:32,519 - INFO - Saved txt: download_bomayhanhchinh/35_Thong-tu-55-2025-TT-BCA-cong-tac-luu-tru-tai-lieu-hinh-thanh-pho-bien-trong-Cong-an-nhan-dan-663704.txt
2025-07-14 11:00:32,587 - INFO - ⏳ 4.86s between batches...
2025-07-14 11:00:37,446 - INFO - Processing batch 35 to 36
2025-07-14 11:00:39,110 - INFO - ⏳ Waiting 2.46s for user emulation...
2025-07-14 11:00:42,629 - INFO - ⏳ Waiting 5.91s for user emulation...
2025-07-14 11:00:49,933 - INFO - Saved txt: download_bomayhanhchinh/36_Quyet-dinh-02-2025-QD-UBND-chuc-nang-nhiem-vu-quyen-han-So-Tu-phap-Dong-Nai-663216.txt
2025-07-14 11:00:49,998 - INFO - ⏳ 3.63s between batches...
2025-07-14 11:00:53,626 - INFO - Processing batch 36 to 37
2025-07-14 11:00:55,352 - INFO - ⏳ Waiting 2.67s for user emulation...
2025-07-14 11:00:59,325 - INFO - ⏳ Waiting 4.42s for user emulation...
2025-07-14 11:01:04,587 - INFO - Saved txt: download_bomayhanhchinh/37_Quyet-dinh-2342-QD-UBND-2025-cong-bo-thu-tuc-hanh-chinh-dich-vu-cong-truc-tuyen-So-Tu-phap-Thanh-Hoa-663344.txt
2025-07-14 11:01:04,655 - INFO - ⏳ 3.91s between batches...
2025-07-14 11:01:08,565 - INFO - Processing batch 37 to 38
2025-07-14 11:01:10,244 - INFO - ⏳ Waiting 3.08s for user emulation...
2025-07-14 11:01:14,556 - INFO - ⏳ Waiting 3.55s for user emulation...
2025-07-14 11:01:18,935 - INFO - Saved txt: download_bomayhanhchinh/38_Quyet-dinh-2346-QD-UBND-2025-cong-bo-thu-tuc-hanh-chinh-ho-tro-phap-ly-doanh-nghiep-So-Tu-phap-Thanh-Hoa-663343.txt
2025-07-14 11:01:19,003 - INFO - ⏳ 3.26s between batches...
2025-07-14 11:01:22,267 - INFO - Processing batch 38 to 39
2025-07-14 11:01:23,974 - INFO - ⏳ Waiting 3.14s for user emulation...
2025-07-14 11:01:28,875 - INFO - ⏳ Waiting 4.80s for user emulation...
2025-07-14 11:01:34,550 - INFO - Saved txt: download_bomayhanhchinh/39_Nghi-dinh-184-2025-ND-CP-phan-dinh-tham-quyen-khi-to-chuc-chinh-quyen-dia-phuong-02-cap-664032.txt
2025-07-14 11:01:34,619 - INFO - ⏳ 4.56s between batches...
2025-07-14 11:01:39,177 - INFO - Processing batch 39 to 40
2025-07-14 11:01:40,800 - INFO - ⏳ Waiting 3.60s for user emulation...
2025-07-14 11:01:45,607 - INFO - ⏳ Waiting 4.05s for user emulation...
2025-07-14 11:01:51,102 - INFO - Saved txt: download_bomayhanhchinh/40_Quyet-dinh-3454-QD-UBND-2025-cong-bo-thu-tuc-hanh-chinh-linh-vuc-Moi-truong-So-Nong-nghiep-Ho-Chi-Minh-663655.txt
2025-07-14 11:01:51,174 - INFO - ⏳ 4.07s between batches...
2025-07-14 11:01:55,240 - INFO - Processing batch 40 to 41
2025-07-14 11:01:56,758 - INFO - ⏳ Waiting 2.24s for user emulation...
2025-07-14 11:02:00,219 - INFO - ⏳ Waiting 5.46s for user emulation...
2025-07-14 11:02:06,825 - INFO - Saved txt: download_bomayhanhchinh/41_Quyet-dinh-824-QD-CHQ-2025-chuc-nang-nhiem-vu-cac-Phong-thuoc-Chi-cuc-Dieu-tra-chong-buon-lau-663239.txt
2025-07-14 11:02:06,890 - INFO - ⏳ 3.40s between batches...
2025-07-14 11:02:10,292 - INFO - Processing batch 41 to 42
2025-07-14 11:02:12,073 - INFO - ⏳ Waiting 3.47s for user emulation...
2025-07-14 11:02:16,692 - INFO - ⏳ Waiting 5.58s for user emulation...
2025-07-14 11:02:23,407 - INFO - Saved txt: download_bomayhanhchinh/42_Quyet-dinh-1458-QD-TTg-2025-thanh-lap-Ban-Quan-ly-Khu-cong-nghiep-Bac-Ninh-663334.txt
2025-07-14 11:02:23,473 - INFO - ⏳ 3.45s between batches...
2025-07-14 11:02:26,924 - INFO - Processing batch 42 to 43
2025-07-14 11:02:28,631 - INFO - ⏳ Waiting 2.41s for user emulation...
2025-07-14 11:02:32,175 - INFO - ⏳ Waiting 4.25s for user emulation...
2025-07-14 11:02:37,526 - INFO - Saved txt: download_bomayhanhchinh/43_Quyet-dinh-822-QD-CHQ-2025-nhiem-vu-quyen-han-Chi-cuc-Kiem-dinh-hai-quan-663238.txt
2025-07-14 11:02:37,591 - INFO - ⏳ 4.99s between batches...
2025-07-14 11:02:42,578 - INFO - Processing batch 43 to 44
2025-07-14 11:02:44,280 - INFO - ⏳ Waiting 2.71s for user emulation...
2025-07-14 11:02:48,099 - INFO - ⏳ Waiting 3.43s for user emulation...
2025-07-14 11:02:52,685 - INFO - Saved txt: download_bomayhanhchinh/44_Quyet-dinh-819-QD-CHQ-2025-nhiem-vu-quyen-han-Chi-cuc-Hai-quan-khu-vuc-663552.txt
2025-07-14 11:02:52,753 - INFO - ⏳ 3.42s between batches...
2025-07-14 11:02:56,174 - INFO - Processing batch 44 to 45
2025-07-14 11:02:57,901 - INFO - ⏳ Waiting 3.26s for user emulation...
2025-07-14 11:03:02,372 - INFO - ⏳ Waiting 4.39s for user emulation...
2025-07-14 11:03:07,567 - INFO - Saved txt: download_bomayhanhchinh/45_Quyet-dinh-820-QD-CHQ-2025-nhiem-vu-quyen-han-Chi-cuc-Dieu-tra-chong-buon-lau-663241.txt
2025-07-14 11:03:07,632 - INFO - ⏳ 4.43s between batches...
2025-07-14 11:03:12,063 - INFO - Processing batch 45 to 46
2025-07-14 11:03:13,791 - INFO - ⏳ Waiting 3.35s for user emulation...
2025-07-14 11:03:18,232 - INFO - ⏳ Waiting 3.46s for user emulation...
2025-07-14 11:03:22,312 - INFO - Saved txt: download_bomayhanhchinh/46_Quyet-dinh-821-QD-CHQ-2025-nhiem-vu-quyen-han-Chi-cuc-Kiem-tra-sau-thong-quan-663240.txt
2025-07-14 11:03:22,379 - INFO - ⏳ 3.02s between batches...
2025-07-14 11:03:25,398 - INFO - Processing batch 46 to 47
2025-07-14 11:03:27,026 - INFO - ⏳ Waiting 2.72s for user emulation...
2025-07-14 11:03:31,068 - INFO - ⏳ Waiting 3.54s for user emulation...
2025-07-14 11:03:35,762 - INFO - Saved txt: download_bomayhanhchinh/47_Thong-tu-04-2025-TT-TANDTC-co-cau-to-chuc-bo-may-giup-viec-Toa-an-nhan-dan-cap-tinh-663638.txt
2025-07-14 11:03:35,832 - INFO - ⏳ 3.63s between batches...
2025-07-14 11:03:39,463 - INFO - Processing batch 47 to 48
2025-07-14 11:03:41,059 - INFO - ⏳ Waiting 2.76s for user emulation...
2025-07-14 11:03:45,301 - INFO - ⏳ Waiting 5.92s for user emulation...
2025-07-14 11:03:52,573 - INFO - Saved txt: download_bomayhanhchinh/48_Thong-tu-03-2025-TT-TANDTC-thanh-lap-Toa-Phuc-tham-cuc-vu-cua-Toa-an-nhan-dan-toi-cao-663711.txt
2025-07-14 11:03:52,639 - INFO - ⏳ 3.36s between batches...
2025-07-14 11:03:56,000 - INFO - Processing batch 48 to 49
2025-07-14 11:03:57,748 - INFO - ⏳ Waiting 2.12s for user emulation...
2025-07-14 11:04:01,380 - INFO - ⏳ Waiting 5.62s for user emulation...
2025-07-14 11:04:08,169 - INFO - Saved txt: download_bomayhanhchinh/49_Quyet-dinh-85-QD-BCDCTMTQG-2025-Quy-che-hoat-dong-Ban-Chi-dao-Trung-uong-chuong-trinh-muc-tieu-quoc-gia-663262.txt
2025-07-14 11:04:08,236 - INFO - ⏳ 4.25s between batches...
2025-07-14 11:04:12,486 - INFO - Processing batch 49 to 50
2025-07-14 11:04:14,220 - INFO - ⏳ Waiting 3.57s for user emulation...
2025-07-14 11:04:19,232 - INFO - ⏳ Waiting 3.03s for user emulation...
2025-07-14 11:04:23,524 - INFO - Saved txt: download_bomayhanhchinh/50_Nghi-dinh-166-2025-ND-CP-sua-doi-Nghi-dinh-29-2025-ND-CP-chuc-nang-nhiem-vu-Bo-Tai-chinh-662962.txt
2025-07-14 11:04:23,592 - INFO - ⏳ 3.54s between batches...
2025-07-14 11:04:27,134 - INFO - Processing batch 50 to 51
2025-07-14 11:04:28,892 - INFO - ⏳ Waiting 3.48s for user emulation...
2025-07-14 11:04:34,356 - INFO - ⏳ Waiting 4.48s for user emulation...
2025-07-14 11:04:39,898 - INFO - Saved txt: download_bomayhanhchinh/51_Cong-dien-04-CD-KBNN-2025-sap-xep-to-chuc-lai-he-thong-Kho-bac-Nha-nuoc-663236.txt
2025-07-14 11:04:39,964 - INFO - ⏳ 4.80s between batches...
2025-07-14 11:04:44,764 - INFO - Processing batch 51 to 52
2025-07-14 11:04:46,288 - INFO - ⏳ Waiting 2.15s for user emulation...
2025-07-14 11:04:49,832 - INFO - ⏳ Waiting 5.89s for user emulation...
2025-07-14 11:04:56,608 - INFO - Saved txt: download_bomayhanhchinh/52_Quyet-dinh-672-QD-BNV-2025-cong-bo-thu-tuc-hanh-chinh-dich-vu-cong-truc-tuyen-toan-trinh-663330.txt
2025-07-14 11:04:56,676 - INFO - ⏳ 3.43s between batches...
2025-07-14 11:05:00,107 - INFO - Processing batch 52 to 53
2025-07-14 11:05:01,935 - INFO - ⏳ Waiting 3.95s for user emulation...
2025-07-14 11:05:07,569 - INFO - ⏳ Waiting 4.70s for user emulation...
2025-07-14 11:05:13,740 - INFO - Saved txt: download_bomayhanhchinh/53_Thong-tu-05-2025-TT-TANDTC-sua-doi-bai-bo-Thong-tu-cua-Chanh-an-Toa-an-nhan-dan-toi-cao-663342.txt
2025-07-14 11:05:13,805 - INFO - ⏳ 4.40s between batches...
2025-07-14 11:05:18,209 - INFO - Processing batch 53 to 54
2025-07-14 11:05:19,932 - INFO - ⏳ Waiting 3.94s for user emulation...
2025-07-14 11:05:25,225 - INFO - ⏳ Waiting 4.26s for user emulation...
2025-07-14 11:05:30,407 - INFO - Saved txt: download_bomayhanhchinh/54_Quyet-dinh-1417-QD-TTg-2025-thanh-lap-Ban-Chi-dao-ve-cai-cach-thu-tuc-hanh-chinh-663264.txt
2025-07-14 11:05:30,474 - INFO - ⏳ 4.32s between batches...
2025-07-14 11:05:34,795 - INFO - Processing batch 54 to 55
2025-07-14 11:05:36,481 - INFO - ⏳ Waiting 3.70s for user emulation...
2025-07-14 11:05:41,532 - INFO - ⏳ Waiting 3.89s for user emulation...
2025-07-14 11:05:46,894 - INFO - Saved txt: download_bomayhanhchinh/55_Quyet-dinh-1378-QD-CT-2025-ten-goi-tru-so-dia-ban-quan-ly-cua-cac-Thue-co-so-thuoc-Thue-tinh-663004.txt
2025-07-14 11:05:46,961 - INFO - ⏳ 3.38s between batches...
2025-07-14 11:05:50,339 - INFO - Processing batch 55 to 56
2025-07-14 11:05:51,861 - INFO - ⏳ Waiting 3.62s for user emulation...
2025-07-14 11:05:57,194 - INFO - ⏳ Waiting 5.32s for user emulation...
2025-07-14 11:06:03,279 - INFO - Saved txt: download_bomayhanhchinh/56_Quyet-dinh-668-QD-BNV-2025-Quy-che-hoat-dong-Cong-thong-tin-dien-tu-moi-truong-mang-663882.txt
2025-07-14 11:06:03,347 - INFO - ⏳ 4.77s between batches...
2025-07-14 11:06:08,116 - INFO - Processing batch 56 to 57
2025-07-14 11:06:09,795 - INFO - ⏳ Waiting 2.43s for user emulation...
2025-07-14 11:06:13,342 - INFO - ⏳ Waiting 5.37s for user emulation...
2025-07-14 11:06:19,500 - INFO - Saved txt: download_bomayhanhchinh/57_Quyet-dinh-825-QD-CHQ-2025-nhiem-vu-quyen-han-cac-Doi-Kiem-soat-chong-buon-lau-ma-tuy-663535.txt
2025-07-14 11:06:19,566 - INFO - ⏳ 3.98s between batches...
2025-07-14 11:06:23,548 - INFO - Processing batch 57 to 58
2025-07-14 11:06:25,184 - INFO - ⏳ Waiting 2.56s for user emulation...
2025-07-14 11:06:28,883 - INFO - ⏳ Waiting 5.42s for user emulation...
2025-07-14 11:06:35,104 - INFO - Saved txt: download_bomayhanhchinh/58_Quyet-dinh-49-2025-QD-UBND-bai-bo-cac-van-ban-quy-pham-phap-luat-cua-Uy-ban-nhan-dan-Lang-Son-663218.txt
2025-07-14 11:06:35,171 - INFO - ⏳ 4.68s between batches...
2025-07-14 11:06:39,855 - INFO - Processing batch 58 to 59
2025-07-14 11:06:41,508 - INFO - ⏳ Waiting 3.18s for user emulation...
2025-07-14 11:06:45,745 - INFO - ⏳ Waiting 3.93s for user emulation...
2025-07-14 11:06:51,164 - INFO - Saved txt: download_bomayhanhchinh/59_Quyet-dinh-45-2025-QD-UBND-chuc-nang-nhiem-vu-quyen-han-Thanh-tra-tinh-Lang-Son-663519.txt
2025-07-14 11:06:51,230 - INFO - ⏳ 3.93s between batches...
2025-07-14 11:06:55,163 - INFO - Processing batch 59 to 60
2025-07-14 11:06:56,620 - INFO - ⏳ Waiting 3.77s for user emulation...
2025-07-14 11:07:01,623 - INFO - ⏳ Waiting 5.15s for user emulation...
2025-07-14 11:07:08,104 - INFO - Saved txt: download_bomayhanhchinh/60_Nghi-dinh-171-2025-ND-CP-quy-dinh-ve-dao-tao-boi-duong-cong-chuc-663215.txt
2025-07-14 11:07:08,173 - INFO - ⏳ 4.06s between batches...
2025-07-14 11:07:12,236 - INFO - Processing batch 60 to 61
2025-07-14 11:07:13,799 - INFO - ⏳ Waiting 2.05s for user emulation...
2025-07-14 11:07:17,231 - INFO - ⏳ Waiting 4.00s for user emulation...
2025-07-14 11:07:22,719 - INFO - Saved txt: download_bomayhanhchinh/61_Nghi-dinh-172-2025-ND-CP-quy-dinh-ve-xu-ly-ky-luat-can-bo-cong-chuc-663214.txt
2025-07-14 11:07:22,787 - INFO - ⏳ 3.77s between batches...
2025-07-14 11:07:26,554 - INFO - Processing batch 61 to 62
2025-07-14 11:07:28,060 - INFO - ⏳ Waiting 2.46s for user emulation...
2025-07-14 11:07:31,855 - INFO - ⏳ Waiting 5.20s for user emulation...
2025-07-14 11:07:38,081 - INFO - Saved txt: download_bomayhanhchinh/62_Quyet-dinh-37-2025-QD-UBND-chuc-nang-nhiem-vu-quyen-han-So-Y-te-Dak-Lak-663245.txt
2025-07-14 11:07:38,149 - INFO - ⏳ 4.60s between batches...
2025-07-14 11:07:42,750 - INFO - Processing batch 62 to 63
2025-07-14 11:07:44,227 - INFO - ⏳ Waiting 3.92s for user emulation...
2025-07-14 11:07:50,292 - INFO - ⏳ Waiting 4.32s for user emulation...
2025-07-14 11:07:56,387 - INFO - Saved txt: download_bomayhanhchinh/63_Quyet-dinh-19-2025-QD-TTg-Bang-danh-muc-va-ma-so-cac-don-vi-hanh-chinh-Viet-Nam-663707.txt
2025-07-14 11:07:56,455 - INFO - ⏳ 4.75s between batches...
2025-07-14 11:08:01,206 - INFO - Processing batch 63 to 64
2025-07-14 11:08:02,741 - INFO - ⏳ Waiting 2.62s for user emulation...
2025-07-14 11:08:06,677 - INFO - ⏳ Waiting 3.72s for user emulation...
2025-07-14 11:08:11,475 - INFO - Saved txt: download_bomayhanhchinh/64_Quyet-dinh-2277-QD-BVHTTDL-2025-Quy-che-tiep-cong-dan-663617.txt
2025-07-14 11:08:11,541 - INFO - ⏳ 4.11s between batches...
2025-07-14 11:08:15,650 - INFO - Processing batch 64 to 65
2025-07-14 11:08:17,349 - INFO - ⏳ Waiting 3.01s for user emulation...
2025-07-14 11:08:21,821 - INFO - ⏳ Waiting 5.20s for user emulation...
2025-07-14 11:08:28,055 - INFO - Saved txt: download_bomayhanhchinh/65_Quyet-dinh-2179-QD-BYT-2025-cong-bo-thu-tuc-hanh-chinh-sua-doi-linh-vuc-Phong-chong-te-nan-xa-hoi-663333.txt
2025-07-14 11:08:28,121 - INFO - ⏳ 4.22s between batches...
2025-07-14 11:08:32,344 - INFO - Processing batch 65 to 66
2025-07-14 11:08:33,982 - INFO - ⏳ Waiting 2.15s for user emulation...
2025-07-14 11:08:37,699 - INFO - ⏳ Waiting 5.52s for user emulation...
2025-07-14 11:08:44,566 - INFO - Saved txt: download_bomayhanhchinh/66_Thong-tu-09-2025-TT-BNG-nhiem-vu-ve-cong-tac-doi-ngoai-co-quan-chuyen-mon-thuoc-Uy-ban-tinh-664052.txt
2025-07-14 11:08:44,632 - INFO - ⏳ 3.90s between batches...
2025-07-14 11:08:48,536 - INFO - Processing batch 66 to 67
2025-07-14 11:08:50,186 - INFO - ⏳ Waiting 2.48s for user emulation...
2025-07-14 11:08:54,082 - INFO - ⏳ Waiting 3.35s for user emulation...
2025-07-14 11:08:58,492 - INFO - Saved txt: download_bomayhanhchinh/67_Quyet-dinh-2254-QD-BVHTTDL-2025-ung-dung-du-lieu-so-hoa-ho-so-thu-tuc-hanh-chinh-663258.txt
2025-07-14 11:08:58,557 - INFO - ⏳ 4.73s between batches...
2025-07-14 11:09:03,289 - INFO - Processing batch 67 to 68
2025-07-14 11:09:04,891 - INFO - ⏳ Waiting 3.26s for user emulation...
2025-07-14 11:09:09,296 - INFO - ⏳ Waiting 3.80s for user emulation...
2025-07-14 11:09:14,316 - INFO - Saved txt: download_bomayhanhchinh/68_Thong-tu-10-2025-TT-BNG-huong-dan-Dieu-13-Dieu-14-Nghi-dinh-134-2025-ND-CP-664053.txt
2025-07-14 11:09:14,383 - INFO - ⏳ 3.95s between batches...
2025-07-14 11:09:18,337 - INFO - Processing batch 68 to 69
2025-07-14 11:09:19,873 - INFO - ⏳ Waiting 3.24s for user emulation...
2025-07-14 11:09:24,629 - INFO - ⏳ Waiting 3.82s for user emulation...
2025-07-14 11:09:29,668 - INFO - Saved txt: download_bomayhanhchinh/69_Quyet-dinh-823-QD-CHQ-2025-sua-doi-Quyet-dinh-chuc-nang-nhiem-vu-don-vi-Cuc-Hai-quan-663237.txt
2025-07-14 11:09:29,733 - INFO - ⏳ 3.31s between batches...
2025-07-14 11:09:33,042 - INFO - Processing batch 69 to 70
2025-07-14 11:09:34,765 - INFO - ⏳ Waiting 2.20s for user emulation...
2025-07-14 11:09:38,172 - INFO - ⏳ Waiting 5.83s for user emulation...
2025-07-14 11:09:45,032 - INFO - Saved txt: download_bomayhanhchinh/70_Quyet-dinh-1376-QD-BTC-2025-chuc-nang-nhiem-vu-quyen-han-co-cau-to-chuc-Thue-tinh-663152.txt
2025-07-14 11:09:45,098 - INFO - ⏳ 3.33s between batches...
2025-07-14 11:09:48,425 - INFO - Processing batch 70 to 71
2025-07-14 11:09:50,158 - INFO - ⏳ Waiting 3.78s for user emulation...
2025-07-14 11:09:55,048 - INFO - ⏳ Waiting 4.38s for user emulation...
2025-07-14 11:10:00,539 - INFO - Saved txt: download_bomayhanhchinh/71_Quyet-dinh-1452-QD-TTg-2025-Ke-hoach-trien-khai-thi-hanh-Bo-luat-Hinh-su-sua-doi-663331.txt
2025-07-14 11:10:00,605 - INFO - ⏳ 4.94s between batches...
2025-07-14 11:10:05,540 - INFO - Processing batch 71 to 72
2025-07-14 11:10:07,273 - INFO - ⏳ Waiting 3.61s for user emulation...
2025-07-14 11:10:12,137 - INFO - ⏳ Waiting 4.93s for user emulation...
2025-07-14 11:10:18,119 - INFO - Saved txt: download_bomayhanhchinh/72_Quyet-dinh-56-2025-QD-UBND-bai-bo-Quyet-dinh-41-2022-QD-UBND-Son-La-663087.txt
2025-07-14 11:10:18,186 - INFO - ⏳ 3.02s between batches...
2025-07-14 11:10:21,207 - INFO - Processing batch 72 to 73
2025-07-14 11:10:22,916 - INFO - ⏳ Waiting 3.12s for user emulation...
2025-07-14 11:10:27,469 - INFO - ⏳ Waiting 3.79s for user emulation...
2025-07-14 11:10:32,655 - INFO - Saved txt: download_bomayhanhchinh/73_Quyet-dinh-39-2025-QD-UBND-Quy-che-lam-viec-cua-Uy-ban-thanh-pho-Ha-Noi-664002.txt
2025-07-14 11:10:32,722 - INFO - ⏳ 4.71s between batches...
2025-07-14 11:10:37,428 - INFO - Processing batch 73 to 74
2025-07-14 11:10:39,131 - INFO - ⏳ Waiting 2.97s for user emulation...
2025-07-14 11:10:43,473 - INFO - ⏳ Waiting 5.09s for user emulation...
2025-07-14 11:10:49,834 - INFO - Saved txt: download_bomayhanhchinh/74_Quyet-dinh-2229-QD-BTC-2025-sua-doi-Quyet-dinh-381-QD-BTC-chuc-nang-nhiem-vu-Cuc-Thue-663079.txt
2025-07-14 11:10:49,899 - INFO - ⏳ 4.85s between batches...
2025-07-14 11:10:54,754 - INFO - Processing batch 74 to 75
2025-07-14 11:10:56,399 - INFO - ⏳ Waiting 3.19s for user emulation...
2025-07-14 11:11:00,952 - INFO - ⏳ Waiting 3.83s for user emulation...
2025-07-14 11:11:06,126 - INFO - Saved txt: download_bomayhanhchinh/75_Quyet-dinh-39-2025-QD-UBND-chuc-nang-nhiem-vu-quyen-han-So-Noi-vu-Lang-Son-663561.txt
2025-07-14 11:11:06,196 - INFO - ⏳ 4.09s between batches...
2025-07-14 11:11:10,288 - INFO - Processing batch 75 to 76
2025-07-14 11:11:12,059 - INFO - ⏳ Waiting 2.16s for user emulation...
2025-07-14 11:11:15,451 - INFO - ⏳ Waiting 4.61s for user emulation...
2025-07-14 11:11:21,421 - INFO - Saved txt: download_bomayhanhchinh/76_Quyet-dinh-40-2025-QD-UBND-chuc-nang-nhiem-vu-quyen-han-So-Cong-Thuong-Lang-Son-663560.txt
2025-07-14 11:11:21,487 - INFO - ⏳ 4.12s between batches...
2025-07-14 11:11:25,611 - INFO - Processing batch 76 to 77
2025-07-14 11:11:27,268 - INFO - ⏳ Waiting 3.52s for user emulation...
2025-07-14 11:11:31,899 - INFO - ⏳ Waiting 4.28s for user emulation...
2025-07-14 11:11:36,933 - INFO - Saved txt: download_bomayhanhchinh/77_Quyet-dinh-38-2025-QD-UBND-chuc-nang-nhiem-vu-quyen-han-So-Y-te-Lang-Son-663559.txt
2025-07-14 11:11:36,998 - INFO - ⏳ 3.59s between batches...
2025-07-14 11:11:40,583 - INFO - Processing batch 77 to 78
2025-07-14 11:11:42,345 - INFO - ⏳ Waiting 3.17s for user emulation...
2025-07-14 11:11:46,853 - INFO - ⏳ Waiting 3.78s for user emulation...
2025-07-14 11:11:51,864 - INFO - Saved txt: download_bomayhanhchinh/78_Nghi-dinh-177-2025-ND-CP-sua-doi-cac-Nghi-dinh-trong-linh-vuc-thoa-thuan-quoc-te-663358.txt
2025-07-14 11:11:51,929 - INFO - ⏳ 3.03s between batches...
2025-07-14 11:11:54,963 - INFO - Processing batch 78 to 79
2025-07-14 11:11:56,688 - INFO - ⏳ Waiting 3.21s for user emulation...
2025-07-14 11:12:01,204 - INFO - ⏳ Waiting 5.68s for user emulation...
2025-07-14 11:12:08,097 - INFO - Saved txt: download_bomayhanhchinh/79_Nghi-dinh-170-2025-ND-CP-su-dung-va-quan-ly-cong-chuc-663212.txt
2025-07-14 11:12:08,164 - INFO - ⏳ 4.14s between batches...
2025-07-14 11:12:12,306 - INFO - Processing batch 79 to 80
2025-07-14 11:12:13,951 - INFO - ⏳ Waiting 3.39s for user emulation...
2025-07-14 11:12:18,586 - INFO - ⏳ Waiting 5.04s for user emulation...
2025-07-14 11:12:24,988 - INFO - Saved txt: download_bomayhanhchinh/80_Nghi-dinh-173-2025-ND-CP-hop-dong-thuc-hien-nhiem-vu-cua-cong-chuc-663213.txt
2025-07-14 11:12:25,053 - INFO - ⏳ 3.09s between batches...
2025-07-14 11:12:28,145 - INFO - Processing batch 80 to 81
2025-07-14 11:12:29,843 - INFO - ⏳ Waiting 2.55s for user emulation...
2025-07-14 11:12:33,893 - INFO - ⏳ Waiting 5.47s for user emulation...
2025-07-14 11:12:40,403 - INFO - Saved txt: download_bomayhanhchinh/81_Quyet-dinh-1641-QD-UBND-2025-cong-bo-thu-tuc-hanh-chinh-linh-vuc-Duong-bo-So-Xay-dung-Son-La-663051.txt
2025-07-14 11:12:40,471 - INFO - ⏳ 3.01s between batches...
2025-07-14 11:12:43,483 - INFO - Processing batch 81 to 82
2025-07-14 11:12:45,196 - INFO - ⏳ Waiting 3.63s for user emulation...
2025-07-14 11:12:49,978 - INFO - ⏳ Waiting 5.78s for user emulation...
2025-07-14 11:12:56,912 - INFO - Saved txt: download_bomayhanhchinh/82_Quyet-dinh-294-QD-VP-2025-cong-bo-thu-tuc-hanh-chinh-So-Dan-toc-Ton-giao-Tuyen-Quang-663049.txt
2025-07-14 11:12:56,977 - INFO - ⏳ 3.36s between batches...
2025-07-14 11:13:00,337 - INFO - Processing batch 82 to 83
2025-07-14 11:13:02,046 - INFO - ⏳ Waiting 3.60s for user emulation...
2025-07-14 11:13:06,777 - INFO - ⏳ Waiting 5.24s for user emulation...
2025-07-14 11:13:13,503 - INFO - Saved txt: download_bomayhanhchinh/83_Quyet-dinh-80-2025-QD-UBND-bai-bo-Quyet-dinh-199-2003-QD-UB-Ho-Chi-Minh-664267.txt
2025-07-14 11:13:13,568 - INFO - ⏳ 4.79s between batches...
2025-07-14 11:13:18,357 - INFO - Processing batch 83 to 84
2025-07-14 11:13:19,996 - INFO - ⏳ Waiting 3.53s for user emulation...
2025-07-14 11:13:24,642 - INFO - ⏳ Waiting 3.03s for user emulation...
2025-07-14 11:13:29,222 - INFO - Saved txt: download_bomayhanhchinh/84_Quyet-dinh-2180-QD-BYT-2025-cong-bo-thu-tuc-hanh-chinh-moi-linh-vuc-Bao-tro-xa-hoi-664222.txt
2025-07-14 11:13:29,289 - INFO - ⏳ 3.29s between batches...
2025-07-14 11:13:32,580 - INFO - Processing batch 84 to 85
2025-07-14 11:13:34,265 - INFO - ⏳ Waiting 2.78s for user emulation...
2025-07-14 11:13:38,382 - INFO - ⏳ Waiting 4.73s for user emulation...
2025-07-14 11:13:43,705 - INFO - Saved txt: download_bomayhanhchinh/85_Cong-dien-101-CD-TTg%e2%80%8b-2025-dam-bao-khong-gian-doan-thong-tin-du-lieu-hoat-dong-cong-vu-662957.txt
2025-07-14 11:13:43,770 - INFO - ⏳ 3.17s between batches...
2025-07-14 11:13:46,945 - INFO - Processing batch 85 to 86
2025-07-14 11:13:48,613 - INFO - ⏳ Waiting 2.30s for user emulation...
2025-07-14 11:13:52,189 - INFO - ⏳ Waiting 4.74s for user emulation...
2025-07-14 11:13:57,644 - INFO - Saved txt: download_bomayhanhchinh/86_Nghi-dinh-161-2025-ND-CP-huong-dan-Phap-lenh-Quan-ly-bao-ve-Khu-Di-tich-Lang-Chu-tich-Ho-Chi-Minh-662889.txt
2025-07-14 11:13:57,711 - INFO - ⏳ 4.52s between batches...
2025-07-14 11:14:02,230 - INFO - Processing batch 86 to 87
2025-07-14 11:14:03,954 - INFO - ⏳ Waiting 2.47s for user emulation...
2025-07-14 11:14:07,643 - INFO - ⏳ Waiting 5.83s for user emulation...
2025-07-14 11:14:15,033 - INFO - Saved txt: download_bomayhanhchinh/87_Quyet-dinh-2255-QD-UBND-2025-cong-bo-thu-tuc-hanh-chinh-So-Cong-Thuong-Thanh-Hoa-663346.txt
2025-07-14 11:14:15,100 - INFO - ⏳ 4.40s between batches...
2025-07-14 11:14:19,496 - INFO - Processing batch 87 to 88
2025-07-14 11:14:21,037 - INFO - ⏳ Waiting 3.17s for user emulation...
2025-07-14 11:14:25,407 - INFO - ⏳ Waiting 4.74s for user emulation...
2025-07-14 11:14:31,015 - INFO - Saved txt: download_bomayhanhchinh/88_Quyet-dinh-2280-QD-UBND-2025-cong-bo-thu-tuc-hanh-chinh-chuan-hoa-So-Giao-duc-Thanh-Hoa-663345.txt
2025-07-14 11:14:31,081 - INFO - ⏳ 4.49s between batches...
2025-07-14 11:14:35,573 - INFO - Processing batch 88 to 89
2025-07-14 11:14:37,329 - INFO - ⏳ Waiting 2.29s for user emulation...
2025-07-14 11:14:40,992 - INFO - ⏳ Waiting 4.63s for user emulation...
2025-07-14 11:14:46,332 - INFO - Saved txt: download_bomayhanhchinh/89_Quyet-dinh-946-QD-BXD-2025-thuc-hien-Nghi-quyet-140-NQ-CP-doi-moi-cong-tac-xay-dung-phap-luat-663553.txt
2025-07-14 11:14:46,398 - INFO - ⏳ 3.94s between batches...
2025-07-14 11:14:50,334 - INFO - Processing batch 89 to 90
2025-07-14 11:14:51,942 - INFO - ⏳ Waiting 3.85s for user emulation...
2025-07-14 11:14:57,025 - INFO - ⏳ Waiting 3.54s for user emulation...
2025-07-14 11:15:01,906 - INFO - Saved txt: download_bomayhanhchinh/90_Quyet-dinh-1400-QD-TTg-2025-thanh-lap-Ban-Quan-ly-Khu-kinh-te-khu-cong-nghiep-Ninh-Binh-662976.txt
2025-07-14 11:15:01,974 - INFO - ⏳ 4.43s between batches...
2025-07-14 11:15:06,408 - INFO - Processing batch 90 to 91
2025-07-14 11:15:08,052 - INFO - ⏳ Waiting 2.34s for user emulation...
2025-07-14 11:15:11,829 - INFO - ⏳ Waiting 4.29s for user emulation...
2025-07-14 11:15:16,852 - INFO - Saved txt: download_bomayhanhchinh/91_Quyet-dinh-1980-QD-BTP2025-cong-bo-thu-tuc-hanh-chinh-linh-vuc-pho-bien-giao-duc-phap-luat-663883.txt
2025-07-14 11:15:16,917 - INFO - ⏳ 3.11s between batches...
2025-07-14 11:15:20,022 - INFO - Processing batch 91 to 92
2025-07-14 11:15:21,680 - INFO - ⏳ Waiting 2.88s for user emulation...
2025-07-14 11:15:25,921 - INFO - ⏳ Waiting 4.54s for user emulation...
2025-07-14 11:15:32,004 - INFO - Saved txt: download_bomayhanhchinh/92_Quyet-dinh-36-2025-QD-UBND-bai-bo-Chi-thi-03-2014-CT-UBND-Quang-Nam-662989.txt
2025-07-14 11:15:32,071 - INFO - ⏳ 4.84s between batches...
2025-07-14 11:15:36,916 - INFO - Processing batch 92 to 93
2025-07-14 11:15:38,420 - INFO - ⏳ Waiting 3.95s for user emulation...
2025-07-14 11:15:43,659 - INFO - ⏳ Waiting 5.04s for user emulation...
2025-07-14 11:15:49,726 - INFO - Saved txt: download_bomayhanhchinh/93_Quyet-dinh-2418-QD-BNNMT-2025-dinh-chinh-Nghi-dinh-151-2025-ND-CP-664111.txt
2025-07-14 11:15:49,794 - INFO - ⏳ 3.07s between batches...
2025-07-14 11:15:52,868 - INFO - Processing batch 93 to 94
2025-07-14 11:15:54,578 - INFO - ⏳ Waiting 2.63s for user emulation...
2025-07-14 11:15:58,643 - INFO - ⏳ Waiting 3.61s for user emulation...
2025-07-14 11:16:03,534 - INFO - Saved txt: download_bomayhanhchinh/94_Quyet-dinh-60-2025-QD-UBND-thuc-hien-co-che-mot-cua-lien-thong-cap-dien-qua-luoi-dien-trung-ap-Thanh-Hoa-663181.txt
2025-07-14 11:16:03,598 - INFO - ⏳ 3.62s between batches...
2025-07-14 11:16:07,216 - INFO - Processing batch 94 to 95
2025-07-14 11:16:08,818 - INFO - ⏳ Waiting 3.21s for user emulation...
2025-07-14 11:16:13,111 - INFO - ⏳ Waiting 5.66s for user emulation...
2025-07-14 11:16:20,033 - INFO - Saved txt: download_bomayhanhchinh/95_Nghi-quyet-13-2025-NQ-HDND-bai-bo-Nghi-quyet-16-2023-NQ-HDND-Ho-Chi-Minh-663645.txt
2025-07-14 11:16:20,098 - INFO - ⏳ 4.86s between batches...
2025-07-14 11:16:24,961 - INFO - Processing batch 95 to 96
2025-07-14 11:16:26,482 - INFO - ⏳ Waiting 3.32s for user emulation...
2025-07-14 11:16:31,213 - INFO - ⏳ Waiting 5.93s for user emulation...
2025-07-14 11:16:38,421 - INFO - Saved txt: download_bomayhanhchinh/96_Quyet-dinh-35-2025-QD-UBND-bai-bo-Quyet-dinh-29-2021-QD-UBND-Quang-Nam-662988.txt
2025-07-14 11:16:38,486 - INFO - ⏳ 4.19s between batches...
2025-07-14 11:16:42,681 - INFO - Processing batch 96 to 97
2025-07-14 11:16:44,388 - INFO - ⏳ Waiting 3.31s for user emulation...
2025-07-14 11:16:48,762 - INFO - ⏳ Waiting 3.08s for user emulation...
2025-07-14 11:16:53,232 - INFO - Saved txt: download_bomayhanhchinh/97_Quyet-dinh-59-2025-QD-UBND-uy-quyen-So-Cong-Thuong-thuc-hien-nhiem-vu-cong-nghiep-Thanh-Hoa-663183.txt
2025-07-14 11:16:53,300 - INFO - ⏳ 3.26s between batches...
2025-07-14 11:16:56,559 - INFO - Processing batch 97 to 98
2025-07-14 11:16:58,358 - INFO - ⏳ Waiting 2.40s for user emulation...
2025-07-14 11:17:02,126 - INFO - ⏳ Waiting 5.54s for user emulation...
2025-07-14 11:17:08,970 - INFO - Saved txt: download_bomayhanhchinh/98_Quyet-dinh-1709-QD-BGDDT-2025-cong-bo-thu-tuc-hanh-chinh-noi-bo-moi-duoc-sua-doi-662879.txt
2025-07-14 11:17:09,035 - INFO - ⏳ 4.08s between batches...
2025-07-14 11:17:13,113 - INFO - Processing batch 98 to 99
2025-07-14 11:17:14,820 - INFO - ⏳ Waiting 2.48s for user emulation...
2025-07-14 11:17:18,786 - INFO - ⏳ Waiting 5.21s for user emulation...
2025-07-14 11:17:24,994 - INFO - Saved txt: download_bomayhanhchinh/99_Nghi-quyet-1745-NQ-UBTVQH15-2025-phe-chuan-de-nghi-ve-bo-may-lam-viec-cua-Vien-kiem-sat-toi-cao-662876.txt
2025-07-14 11:17:25,060 - INFO - ⏳ 3.37s between batches...
2025-07-14 11:17:28,432 - INFO - Processing batch 99 to 100
2025-07-14 11:17:29,990 - INFO - ⏳ Waiting 2.69s for user emulation...
2025-07-14 11:17:34,206 - INFO - ⏳ Waiting 4.86s for user emulation...
2025-07-14 11:17:40,352 - INFO - Saved txt: download_bomayhanhchinh/100_Thong-tu-10-2025-TT-BKHCN-huong-dan-chuc-nang-co-quan-chuyen-mon-Uy-ban-nhan-dan-cap-tinh-662839.txt
2025-07-14 11:17:40,419 - INFO - ⏳ 4.66s between batches...
2025-07-15 04:04:45,312 - INFO - Total 3438 links found in bomayhanhchinh.txt
2025-07-15 04:04:45,344 - INFO - Processing batch 0 to 1
2025-07-15 04:05:07,528 - INFO - ⏳ Waiting 2.18s for user emulation...
2025-07-15 04:05:11,165 - INFO - ⏳ Waiting 4.95s for user emulation...
2025-07-15 04:05:17,425 - INFO - Saved txt: download_bomayhanhchinh/101_Cong-dien-98-CD-TTg-2025-bao-dam-nhiem-vu-linh-vuc-tai-chinh-hieu-qua-sap-xep-don-vi-hanh-chinh-662986.txt
2025-07-15 04:05:17,492 - INFO - ⏳ 3.92s between batches...
2025-07-15 04:05:21,409 - INFO - Processing batch 1 to 2
2025-07-15 04:05:23,030 - INFO - ⏳ Waiting 3.79s for user emulation...
2025-07-15 04:05:28,162 - INFO - ⏳ Waiting 5.02s for user emulation...
2025-07-15 04:05:34,237 - INFO - Saved txt: download_bomayhanhchinh/102_Nghi-quyet-85-2025-UBTVQH15-phe-chuan-thanh-lap-Toa-Phuc-tham-Toa-an-nhan-dan-toi-cao-663716.txt
2025-07-15 04:05:34,303 - INFO - ⏳ 3.23s between batches...
2025-07-15 04:05:37,538 - INFO - Processing batch 2 to 3
2025-07-15 04:05:39,167 - INFO - ⏳ Waiting 2.00s for user emulation...
2025-07-15 04:05:42,328 - INFO - ⏳ Waiting 5.05s for user emulation...
2025-07-15 04:05:48,058 - INFO - Saved txt: download_bomayhanhchinh/103_Quyet-dinh-2391-QD-BNNMT-2025-cong-bo-thu-tuc-hanh-chinh-sua-doi-linh-vuc-lam-nghiep-663513.txt
2025-07-15 04:05:48,124 - INFO - ⏳ 4.27s between batches...
2025-07-15 04:05:52,394 - INFO - Processing batch 3 to 4
2025-07-15 04:05:53,820 - INFO - ⏳ Waiting 4.00s for user emulation...
2025-07-15 04:05:59,345 - INFO - ⏳ Waiting 5.58s for user emulation...
2025-07-15 04:06:05,754 - INFO - Saved txt: download_bomayhanhchinh/104_Thong-tu-48-2025-TT-BCA-sua-doi-Thong-tu-09-2024-TT-BCA-cong-tac-dan-van-Cong-an-nhan-dan-663450.txt
2025-07-15 04:06:05,823 - INFO - ⏳ 4.76s between batches...
2025-07-15 04:06:10,584 - INFO - Processing batch 4 to 5
2025-07-15 04:06:12,227 - INFO - ⏳ Waiting 2.02s for user emulation...
2025-07-15 04:06:15,999 - INFO - ⏳ Waiting 3.91s for user emulation...
2025-07-15 04:06:21,085 - INFO - Saved txt: download_bomayhanhchinh/105_Nghi-quyet-84-2025-UBTVQH15-thanh-lap-Vien-kiem-sat-nhan-dan-cap-tinh-Vien-kiem-sat-nhan-dan-khu-vuc-663715.txt
2025-07-15 04:06:21,152 - INFO - ⏳ 4.20s between batches...
2025-07-15 04:06:25,354 - INFO - Processing batch 5 to 6
2025-07-15 04:06:26,907 - INFO - ⏳ Waiting 3.91s for user emulation...
2025-07-15 04:06:32,144 - INFO - ⏳ Waiting 5.36s for user emulation...
2025-07-15 04:06:38,966 - INFO - Saved txt: download_bomayhanhchinh/106_Quyet-dinh-1393-QD-TTg-2025-thanh-lap-Ban-Quan-ly-Khu-kinh-te-tinh-Quang-Tri-662978.txt
2025-07-15 04:06:39,031 - INFO - ⏳ 3.21s between batches...
2025-07-15 04:06:42,241 - INFO - Processing batch 6 to 7
2025-07-15 04:06:43,878 - INFO - ⏳ Waiting 2.73s for user emulation...
2025-07-15 04:06:48,123 - INFO - ⏳ Waiting 3.27s for user emulation...
2025-07-15 04:06:52,408 - INFO - Saved txt: download_bomayhanhchinh/107_Quyet-dinh-1392-QD-TTg-2025-thanh-lap-Ban-Quan-ly-cac-khu-cong-nghiep-tinh-Thai-Nguyen-662977.txt
2025-07-15 04:06:52,473 - INFO - ⏳ 3.64s between batches...
2025-07-15 04:06:56,111 - INFO - Processing batch 7 to 8
2025-07-15 04:06:57,659 - INFO - ⏳ Waiting 2.58s for user emulation...
2025-07-15 04:07:01,461 - INFO - ⏳ Waiting 5.29s for user emulation...
2025-07-15 04:07:07,519 - INFO - Saved txt: download_bomayhanhchinh/108_Quyet-dinh-1753-QD-BGDDT-2025-Phuong-an-cat-giam-07-thu-tuc-hanh-chinh-san-xuat-kinh-doanh-663614.txt
2025-07-15 04:07:07,584 - INFO - ⏳ 4.88s between batches...
2025-07-15 04:07:12,460 - INFO - Processing batch 8 to 9
2025-07-15 04:07:14,099 - INFO - ⏳ Waiting 2.42s for user emulation...
2025-07-15 04:07:17,602 - INFO - ⏳ Waiting 4.02s for user emulation...
2025-07-15 04:07:23,076 - INFO - Saved txt: download_bomayhanhchinh/109_Quyet-dinh-26-2025-QD-UBND-bai-bo-cac-van-ban-quy-pham-phap-luat-Tuyen-Quang-662742.txt
2025-07-15 04:07:23,141 - INFO - ⏳ 4.82s between batches...
2025-07-15 04:07:27,958 - INFO - Processing batch 9 to 10
2025-07-15 04:07:29,682 - INFO - ⏳ Waiting 2.44s for user emulation...
2025-07-15 04:07:33,262 - INFO - ⏳ Waiting 5.78s for user emulation...
2025-07-15 04:07:39,680 - INFO - Saved txt: download_bomayhanhchinh/110_Quyet-dinh-1629-QD-UBND-2025-cong-bo-thu-tuc-hanh-chinh-khoa-hoc-cong-nghe-So-Khoa-hoc-Lai-Chau-662823.txt
2025-07-15 04:07:39,745 - INFO - ⏳ 3.28s between batches...
2025-07-15 04:07:43,026 - INFO - Processing batch 10 to 11
2025-07-15 04:07:44,790 - INFO - ⏳ Waiting 2.73s for user emulation...
2025-07-15 04:07:48,732 - INFO - ⏳ Waiting 5.40s for user emulation...
2025-07-15 04:07:55,142 - INFO - Saved txt: download_bomayhanhchinh/111_Quyet-dinh-1755-QD-BGDDT-2025-cong-bo-thu-tuc-hanh-chinh-chuan-hoa-thuoc-Bo-Giao-duc-Dao-tao-663329.txt
2025-07-15 04:07:55,208 - INFO - ⏳ 3.37s between batches...
2025-07-15 04:07:58,576 - INFO - Processing batch 11 to 12
2025-07-15 04:08:00,315 - INFO - ⏳ Waiting 3.72s for user emulation...
2025-07-15 04:08:06,143 - INFO - ⏳ Waiting 5.31s for user emulation...
2025-07-15 04:08:12,945 - INFO - Saved txt: download_bomayhanhchinh/112_Nghi-quyet-82-2025-UBTVQH15-sua-doi-Nghi-quyet-dieu-kien-cua-tung-bac-Tham-phan-Toa-an-nhan-dan-623011.txt
2025-07-15 04:08:13,013 - INFO - ⏳ 4.55s between batches...
2025-07-15 04:08:17,562 - INFO - Processing batch 12 to 13
2025-07-15 04:08:19,054 - INFO - ⏳ Waiting 3.80s for user emulation...
2025-07-15 04:08:24,218 - INFO - ⏳ Waiting 4.81s for user emulation...
2025-07-15 04:08:29,911 - INFO - Saved txt: download_bomayhanhchinh/113_Cong-dien-99-CD-TTg-2025-bao-dam-van-hanh-mo-hinh-to-chuc-chinh-quyen-02-cap-thong-suot-662987.txt
2025-07-15 04:08:29,976 - INFO - ⏳ 4.68s between batches...
2025-07-15 04:08:34,652 - INFO - Processing batch 13 to 14
2025-07-15 04:08:36,210 - INFO - ⏳ Waiting 2.53s for user emulation...
2025-07-15 04:08:40,101 - INFO - ⏳ Waiting 5.18s for user emulation...
2025-07-15 04:08:46,696 - INFO - Saved txt: download_bomayhanhchinh/114_Quyet-dinh-2194-QD-BTC-2025-cong-bo-thu-tuc-hanh-chinh-linh-vuc-kinh-doanh-bao-hiem-663206.txt
2025-07-15 04:08:46,761 - INFO - ⏳ 3.00s between batches...
2025-07-15 04:08:49,765 - INFO - Processing batch 14 to 15
2025-07-15 04:08:51,234 - INFO - ⏳ Waiting 3.93s for user emulation...
2025-07-15 04:08:56,561 - INFO - ⏳ Waiting 5.32s for user emulation...
2025-07-15 04:09:03,031 - INFO - Saved txt: download_bomayhanhchinh/115_Quyet-dinh-383-QD-BDTTG-2025-dinh-chinh-Thong-tu-04-2025-TT-BDTTG-sua-doi-Thong-tu-01-2022-TT-UBDT-663362.txt
2025-07-15 04:09:03,096 - INFO - ⏳ 4.17s between batches...
2025-07-15 04:09:07,269 - INFO - Processing batch 15 to 16
2025-07-15 04:09:08,851 - INFO - ⏳ Waiting 3.93s for user emulation...
2025-07-15 04:09:14,005 - INFO - ⏳ Waiting 4.57s for user emulation...
2025-07-15 04:09:19,365 - INFO - Saved txt: download_bomayhanhchinh/116_Nghi-quyet-81-2025-UBTVQH15-thanh-lap-Toa-an-nhan-dan-cap-tinh-Toa-an-nhan-dan-khu-vuc-662791.txt
2025-07-15 04:09:19,432 - INFO - ⏳ 3.07s between batches...
2025-07-15 04:09:22,502 - INFO - Processing batch 16 to 17
2025-07-15 04:09:24,120 - INFO - ⏳ Waiting 3.48s for user emulation...
2025-07-15 04:09:28,691 - INFO - ⏳ Waiting 4.25s for user emulation...
2025-07-15 04:09:34,220 - INFO - Saved txt: download_bomayhanhchinh/117_Luat-sua-doi-Luat-Mat-tran-To-quoc-Viet-Nam-Luat-Cong-doan-Luat-Thanh-nien-2025-663709.txt
2025-07-15 04:09:34,286 - INFO - ⏳ 3.41s between batches...
2025-07-15 04:09:37,694 - INFO - Processing batch 17 to 18
2025-07-15 04:09:39,384 - INFO - ⏳ Waiting 2.56s for user emulation...
2025-07-15 04:09:43,514 - INFO - ⏳ Waiting 5.71s for user emulation...
2025-07-15 04:09:50,263 - INFO - Saved txt: download_bomayhanhchinh/118_Nghi-quyet-193-NQ-CP-2025-phong-chong-tham-nhung-trong-quan-ly-su-dung-tai-san-cong-662982.txt
2025-07-15 04:09:50,328 - INFO - ⏳ 3.30s between batches...
2025-07-15 04:09:53,630 - INFO - Processing batch 18 to 19
2025-07-15 04:09:55,309 - INFO - ⏳ Waiting 3.02s for user emulation...
2025-07-15 04:09:59,589 - INFO - ⏳ Waiting 4.02s for user emulation...
2025-07-15 04:10:04,789 - INFO - Saved txt: download_bomayhanhchinh/119_Quyet-dinh-5461-QD-BCA-C07-2025-cong-bo-thu-tuc-hanh-chinh-linh-vuc-phong-chay-chua-chay-663884.txt
2025-07-15 04:10:04,853 - INFO - ⏳ 3.83s between batches...
2025-07-15 04:10:08,685 - INFO - Processing batch 19 to 20
2025-07-15 04:10:10,446 - INFO - ⏳ Waiting 3.34s for user emulation...
2025-07-15 04:10:15,206 - INFO - ⏳ Waiting 5.17s for user emulation...
2025-07-15 04:10:21,091 - INFO - Saved txt: download_bomayhanhchinh/120_Quyet-dinh-382-QD-BDTTG-2025-dinh-chinh-Thong-tu-06-2025-TT-BDTTG-663706.txt
2025-07-15 04:10:21,156 - INFO - ⏳ 4.30s between batches...
2025-07-15 04:10:25,451 - INFO - Processing batch 20 to 21
2025-07-15 04:10:27,086 - INFO - ⏳ Waiting 3.33s for user emulation...
2025-07-15 04:10:31,791 - INFO - ⏳ Waiting 4.23s for user emulation...
2025-07-15 04:10:37,353 - INFO - Saved txt: download_bomayhanhchinh/121_Quyet-dinh-46-2025-QD-UBND-chuc-nang-nhiem-vu-Trung-tam-Giao-duc-Thuong-xuyen-Hai-Phong-663001.txt
2025-07-15 04:10:37,418 - INFO - ⏳ 3.88s between batches...
2025-07-15 04:10:41,301 - INFO - Processing batch 21 to 22
2025-07-15 04:10:43,063 - INFO - ⏳ Waiting 3.14s for user emulation...
2025-07-15 04:10:47,429 - INFO - ⏳ Waiting 5.03s for user emulation...
2025-07-15 04:10:53,116 - INFO - Saved txt: download_bomayhanhchinh/122_Quyet-dinh-45-2025-QD-UBND-chuc-nang-nhiem-vu-Ban-Quan-ly-cang-ca-ben-ca-Hai-Phong-662994.txt
2025-07-15 04:10:53,181 - INFO - ⏳ 4.95s between batches...
2025-07-15 04:10:58,135 - INFO - Processing batch 22 to 23
2025-07-15 04:10:59,800 - INFO - ⏳ Waiting 2.32s for user emulation...
2025-07-15 04:11:03,223 - INFO - ⏳ Waiting 3.28s for user emulation...
2025-07-15 04:11:07,983 - INFO - Saved txt: download_bomayhanhchinh/123_Quyet-dinh-43-2025-QD-UBND-chuc-nang-nhiem-vu-quyen-han-Trung-tam-Khuyen-nong-Hai-Phong-662996.txt
2025-07-15 04:11:08,052 - INFO - ⏳ 4.53s between batches...
2025-07-15 04:11:12,581 - INFO - Processing batch 23 to 24
2025-07-15 04:11:14,390 - INFO - ⏳ Waiting 2.89s for user emulation...
2025-07-15 04:11:18,416 - INFO - ⏳ Waiting 4.92s for user emulation...
2025-07-15 04:11:24,333 - INFO - Saved txt: download_bomayhanhchinh/124_Quyet-dinh-44-2025-QD-UBND-chuc-nang-nhiem-vu-Trung-tam-Quan-trac-moi-truong-Hai-Phong-662995.txt
2025-07-15 04:11:24,397 - INFO - ⏳ 4.53s between batches...
2025-07-15 04:11:28,930 - INFO - Processing batch 24 to 25
2025-07-15 04:11:30,685 - INFO - ⏳ Waiting 2.27s for user emulation...
2025-07-15 04:11:34,045 - INFO - ⏳ Waiting 4.23s for user emulation...
2025-07-15 04:11:39,004 - INFO - Saved txt: download_bomayhanhchinh/125_Quyet-dinh-42-2025-QD-UBND-chuc-nang-nhiem-vu-Van-phong-Dang-ky-dat-dai-Hai-Phong-662993.txt
2025-07-15 04:11:39,069 - INFO - ⏳ 4.12s between batches...
2025-07-15 04:11:43,190 - INFO - Processing batch 25 to 26
2025-07-15 04:11:44,841 - INFO - ⏳ Waiting 2.20s for user emulation...
2025-07-15 04:11:48,172 - INFO - ⏳ Waiting 4.40s for user emulation...
2025-07-15 04:11:53,152 - INFO - Saved txt: download_bomayhanhchinh/126_Quyet-dinh-50-2025-QD-UBND-chuc-nang-nhiem-vu-Ban-Quan-ly-du-an-dau-tu-xay-dung-Nam-Dinh-663003.txt
2025-07-15 04:11:53,217 - INFO - ⏳ 4.28s between batches...
2025-07-15 04:11:57,493 - INFO - Processing batch 26 to 27
2025-07-15 04:11:59,165 - INFO - ⏳ Waiting 3.31s for user emulation...
2025-07-15 04:12:03,592 - INFO - ⏳ Waiting 4.29s for user emulation...
2025-07-15 04:12:09,128 - INFO - Saved txt: download_bomayhanhchinh/127_Quyet-dinh-52-2025-QD-UBND-chuc-nang-nhiem-vu-Benh-vien-Da-khoa-Nam-Dinh-thuoc-So-Y-te-Nam-Dinh-663000.txt
2025-07-15 04:12:09,193 - INFO - ⏳ 4.95s between batches...
2025-07-15 04:12:14,139 - INFO - Processing batch 27 to 28
2025-07-15 04:12:15,800 - INFO - ⏳ Waiting 2.14s for user emulation...
2025-07-15 04:12:19,061 - INFO - ⏳ Waiting 5.22s for user emulation...
2025-07-15 04:12:25,730 - INFO - Saved txt: download_bomayhanhchinh/128_Quyet-dinh-1069-QD-UBND-2025-cong-bo-thu-tuc-hanh-chinh-boi-thuong-nha-nuoc-So-Tu-phap-Quang-Ngai-663313.txt
2025-07-15 04:12:25,794 - INFO - ⏳ 4.48s between batches...
2025-07-15 04:12:30,275 - INFO - Processing batch 28 to 29
2025-07-15 04:12:31,664 - INFO - ⏳ Waiting 2.80s for user emulation...
2025-07-15 04:12:35,999 - INFO - ⏳ Waiting 5.51s for user emulation...
2025-07-15 04:12:42,791 - INFO - Saved txt: download_bomayhanhchinh/129_Quyet-dinh-1097-QD-UBND-2025-cong-bo-thu-tuc-hanh-chinh-hoat-dong-to-hop-tac-Uy-ban-xa-Quang-Ngai-663314.txt
2025-07-15 04:12:42,856 - INFO - ⏳ 4.04s between batches...
2025-07-15 04:12:46,894 - INFO - Processing batch 29 to 30
2025-07-15 04:12:48,607 - INFO - ⏳ Waiting 3.37s for user emulation...
2025-07-15 04:12:53,111 - INFO - ⏳ Waiting 3.70s for user emulation...
2025-07-15 04:12:58,001 - INFO - Saved txt: download_bomayhanhchinh/130_Quyet-dinh-60-2025-QD-UBND-bai-bo-cac-Quyet-dinh-Quy-che-quan-ly-Quy-phat-trien-dat-Tay-Ninh-662850.txt
2025-07-15 04:12:58,065 - INFO - ⏳ 4.59s between batches...
2025-07-15 04:13:02,658 - INFO - Processing batch 30 to 31
2025-07-15 04:13:04,108 - INFO - ⏳ Waiting 2.02s for user emulation...
2025-07-15 04:13:07,258 - INFO - ⏳ Waiting 5.25s for user emulation...
2025-07-15 04:13:13,596 - INFO - Saved txt: download_bomayhanhchinh/131_Quyet-dinh-62-2025-QD-UBND-sua-doi-Quy-dinh-chuc-nang-nhiem-vu-Thanh-tra-Tay-Ninh-662848.txt
2025-07-15 04:13:13,660 - INFO - ⏳ 3.51s between batches...
2025-07-15 04:13:17,174 - INFO - Processing batch 31 to 32
2025-07-15 04:13:18,711 - INFO - ⏳ Waiting 4.00s for user emulation...
2025-07-15 04:13:23,719 - INFO - ⏳ Waiting 5.70s for user emulation...
2025-07-15 04:13:30,417 - INFO - Saved txt: download_bomayhanhchinh/132_Quyet-dinh-51-2025-QD-UBND-chuc-nang-Ban-Quan-ly-du-an-xay-dung-chuyen-nganh-Nong-nghiep-Nam-Dinh-663002.txt
2025-07-15 04:13:30,482 - INFO - ⏳ 4.60s between batches...
2025-07-15 04:13:35,081 - INFO - Processing batch 32 to 33
2025-07-15 04:13:36,563 - INFO - ⏳ Waiting 2.91s for user emulation...
2025-07-15 04:13:40,559 - INFO - ⏳ Waiting 3.86s for user emulation...
2025-07-15 04:13:45,031 - INFO - Saved txt: download_bomayhanhchinh/133_Quyet-dinh-1113-QD-UBND-2025-cong-bo-thu-tuc-hanh-chinh-Quan-ly-cong-san-So-Tai-chinh-Quang-Ngai-663307.txt
2025-07-15 04:13:45,095 - INFO - ⏳ 4.03s between batches...
2025-07-15 04:13:49,129 - INFO - Processing batch 33 to 34
2025-07-15 04:13:50,666 - INFO - ⏳ Waiting 3.12s for user emulation...
2025-07-15 04:13:54,837 - INFO - ⏳ Waiting 4.25s for user emulation...
2025-07-15 04:14:00,374 - INFO - Saved txt: download_bomayhanhchinh/134_Quyet-dinh-1125-QD-UBND-2025-cong-bo-thu-tuc-hanh-chinh-linh-vuc-tiep-cong-dan-Quang-Ngai-663308.txt
2025-07-15 04:14:00,440 - INFO - ⏳ 4.73s between batches...
2025-07-15 04:14:05,166 - INFO - Processing batch 34 to 35
2025-07-15 04:14:06,916 - INFO - ⏳ Waiting 3.63s for user emulation...
2025-07-15 04:14:11,529 - INFO - ⏳ Waiting 3.06s for user emulation...
2025-07-15 04:14:15,878 - INFO - Saved txt: download_bomayhanhchinh/135_Quyet-dinh-37-2025-QD-UBND-chuc-nang-nhiem-vu-quyen-han-Thanh-tra-thanh-pho-Ha-Noi-664213.txt
2025-07-15 04:14:15,942 - INFO - ⏳ 3.22s between batches...
2025-07-15 04:14:19,159 - INFO - Processing batch 35 to 36
2025-07-15 04:14:21,087 - INFO - ⏳ Waiting 3.71s for user emulation...
2025-07-15 04:14:25,951 - INFO - ⏳ Waiting 4.96s for user emulation...
2025-07-15 04:14:31,618 - INFO - Saved txt: download_bomayhanhchinh/136_Quyet-dinh-46-2025-QD-UBND-chuc-nang-Trung-tam-Quan-ly-Du-lieu-tai-nguyen-moi-truong-Da-Nang-663243.txt
2025-07-15 04:14:31,683 - INFO - ⏳ 4.12s between batches...
2025-07-15 04:14:35,800 - INFO - Processing batch 36 to 37
2025-07-15 04:14:37,191 - INFO - ⏳ Waiting 2.46s for user emulation...
2025-07-15 04:14:40,750 - INFO - ⏳ Waiting 4.55s for user emulation...
2025-07-15 04:14:46,769 - INFO - Saved txt: download_bomayhanhchinh/137_Quyet-dinh-1126-QD-UBND-2025-cong-bo-thu-tuc-hanh-chinh-So-Giao-duc-Quang-Ngai-664097.txt
2025-07-15 04:14:46,833 - INFO - ⏳ 4.83s between batches...
2025-07-15 04:14:51,665 - INFO - Processing batch 37 to 38
2025-07-15 04:14:53,120 - INFO - ⏳ Waiting 2.63s for user emulation...
2025-07-15 04:14:57,190 - INFO - ⏳ Waiting 5.62s for user emulation...
2025-07-15 04:15:04,363 - INFO - Saved txt: download_bomayhanhchinh/138_Nghi-quyet-225-2025-QH15-thi-hanh-Luat-To-chuc-Toa-an-nhan-dan-sua-doi-662842.txt
2025-07-15 04:15:04,427 - INFO - ⏳ 3.20s between batches...
2025-07-15 04:15:07,625 - INFO - Processing batch 38 to 39
2025-07-15 04:15:09,230 - INFO - ⏳ Waiting 2.22s for user emulation...
2025-07-15 04:15:12,552 - INFO - ⏳ Waiting 3.14s for user emulation...
2025-07-15 04:15:16,924 - INFO - Saved txt: download_bomayhanhchinh/139_Luat-sua-doi-11-Luat-ve-quan-su-quoc-phong-2025-so-98-2025-QH15-662116.txt
2025-07-15 04:15:16,989 - INFO - ⏳ 3.79s between batches...
2025-07-15 04:15:20,782 - INFO - Processing batch 39 to 40
2025-07-15 04:15:22,445 - INFO - ⏳ Waiting 3.24s for user emulation...
2025-07-15 04:15:27,016 - INFO - ⏳ Waiting 4.98s for user emulation...
2025-07-15 04:15:32,822 - INFO - Saved txt: download_bomayhanhchinh/140_Nghi-quyet-83-2025-UBTVQH15-Quy-che-hoat-dong-Hoi-dong-tuyen-chon-Tham-phan-quoc-gia-663714.txt
2025-07-15 04:15:32,887 - INFO - ⏳ 4.55s between batches...
2025-07-15 04:15:37,435 - INFO - Processing batch 40 to 41
2025-07-15 04:15:38,986 - INFO - ⏳ Waiting 2.22s for user emulation...
2025-07-15 04:15:42,423 - INFO - ⏳ Waiting 5.28s for user emulation...
2025-07-15 04:15:48,689 - INFO - Saved txt: download_bomayhanhchinh/141_Nghi-quyet-02-2025-NQ-HDTP-sua-doi-mot-so-Nghi-quyet-cua-Hoi-dong-Tham-phan-Toa-an-toi-cao-663113.txt
2025-07-15 04:15:48,754 - INFO - ⏳ 4.03s between batches...
2025-07-15 04:15:52,783 - INFO - Processing batch 41 to 42
2025-07-15 04:15:54,573 - INFO - ⏳ Waiting 3.00s for user emulation...
2025-07-15 04:15:58,762 - INFO - ⏳ Waiting 3.65s for user emulation...
2025-07-15 04:16:03,946 - INFO - Saved txt: download_bomayhanhchinh/142_Quyet-dinh-57-2025-QD-UBND-bai-bo-Quyet-dinh-10-2024-QD-UBND-Thanh-Hoa-663185.txt
2025-07-15 04:16:04,011 - INFO - ⏳ 3.44s between batches...
2025-07-15 04:16:07,446 - INFO - Processing batch 42 to 43
2025-07-15 04:16:09,151 - INFO - ⏳ Waiting 3.91s for user emulation...
2025-07-15 04:16:14,268 - INFO - ⏳ Waiting 5.60s for user emulation...
2025-07-15 04:16:20,895 - INFO - Saved txt: download_bomayhanhchinh/143_Quyet-dinh-58-2025-QD-UBND-to-chuc-lai-Trung-tam-Phuc-vu-Hanh-chinh-cong-Thanh-Hoa-663188.txt
2025-07-15 04:16:20,960 - INFO - ⏳ 4.83s between batches...
2025-07-15 04:16:25,786 - INFO - Processing batch 43 to 44
2025-07-15 04:16:27,384 - INFO - ⏳ Waiting 2.84s for user emulation...
2025-07-15 04:16:31,418 - INFO - ⏳ Waiting 4.78s for user emulation...
2025-07-15 04:16:36,876 - INFO - Saved txt: download_bomayhanhchinh/144_Quyet-dinh-27-2025-QD-UBND-bai-bo-Quyet-dinh-02-2014-QD-UBND-Quang-Binh-663027.txt
2025-07-15 04:16:36,941 - INFO - ⏳ 5.00s between batches...
2025-07-15 04:16:41,941 - INFO - Processing batch 44 to 45
2025-07-15 04:16:43,709 - INFO - ⏳ Waiting 3.80s for user emulation...
2025-07-15 04:16:48,817 - INFO - ⏳ Waiting 3.28s for user emulation...
2025-07-15 04:16:52,868 - INFO - Saved txt: download_bomayhanhchinh/145_Quyet-dinh-1081-QD-UBND-2025-thu-tuc-hanh-chinh-quan-ly-de-dieu-So-Nong-nghiep-Quang-Ngai-663059.txt
2025-07-15 04:16:52,933 - INFO - ⏳ 3.70s between batches...
2025-07-15 04:16:56,638 - INFO - Processing batch 45 to 46
2025-07-15 04:16:58,355 - INFO - ⏳ Waiting 2.13s for user emulation...
2025-07-15 04:17:01,768 - INFO - ⏳ Waiting 4.15s for user emulation...
2025-07-15 04:17:07,100 - INFO - Saved txt: download_bomayhanhchinh/146_Quy-dinh-337-QD-TW%e2%80%8b-2025-gui-nhan-van-ban-dien-tu-tren-mang-thong-tin-dien-rong-cua-Dang-662959.txt
2025-07-15 04:17:07,165 - INFO - ⏳ 3.37s between batches...
2025-07-15 04:17:10,536 - INFO - Processing batch 46 to 47
2025-07-15 04:17:12,353 - INFO - ⏳ Waiting 2.73s for user emulation...
2025-07-15 04:17:16,653 - INFO - ⏳ Waiting 3.94s for user emulation...
2025-07-15 04:17:22,111 - INFO - Saved txt: download_bomayhanhchinh/147_Phap-lenh-08-2025-UBTVQH15-sua-doi-Phap-lenh-Thu-tuc-bat-giu-tau-bien-662841.txt
2025-07-15 04:17:22,176 - INFO - ⏳ 3.51s between batches...
2025-07-15 04:17:25,686 - INFO - Processing batch 47 to 48
2025-07-15 04:17:27,436 - INFO - ⏳ Waiting 2.74s for user emulation...
2025-07-15 04:17:31,207 - INFO - ⏳ Waiting 5.08s for user emulation...
2025-07-15 04:17:37,777 - INFO - Saved txt: download_bomayhanhchinh/148_Quyet-dinh-1700-QD-UBND-2025-thu-tuc-hanh-chinh-dat-dai-khong-phu-thuoc-dia-gioi-hanh-chinh-Can-Tho-663347.txt
2025-07-15 04:17:37,841 - INFO - ⏳ 4.38s between batches...
2025-07-15 04:17:42,224 - INFO - Processing batch 48 to 49
2025-07-15 04:17:43,943 - INFO - ⏳ Waiting 2.99s for user emulation...
2025-07-15 04:17:48,179 - INFO - ⏳ Waiting 5.64s for user emulation...
2025-07-15 04:17:54,897 - INFO - Saved txt: download_bomayhanhchinh/149_Quyet-dinh-34-2025-QD-UBND-bai-bo-cac-Quyet-dinh-cua-Uy-ban-nhan-dan-Quang-Nam-662998.txt
2025-07-15 04:17:54,961 - INFO - ⏳ 3.37s between batches...
2025-07-15 04:17:58,332 - INFO - Processing batch 49 to 50
2025-07-15 04:18:00,097 - INFO - ⏳ Waiting 3.44s for user emulation...
2025-07-15 04:18:04,602 - INFO - ⏳ Waiting 5.22s for user emulation...
2025-07-15 04:18:11,343 - INFO - Saved txt: download_bomayhanhchinh/150_Quyet-dinh-1501-QD-UBND-2025-cong-bo-thu-tuc-hanh-chinh-noi-bo-So-Khoa-hoc-Dak-Lak-662736.txt
2025-07-15 04:18:11,409 - INFO - ⏳ 3.01s between batches...
2025-07-15 04:18:14,419 - INFO - Processing batch 50 to 51
2025-07-15 04:18:16,041 - INFO - ⏳ Waiting 2.40s for user emulation...
2025-07-15 04:18:19,448 - INFO - ⏳ Waiting 3.27s for user emulation...
2025-07-15 04:18:24,032 - INFO - Saved txt: download_bomayhanhchinh/151_Quyet-dinh-1504-QD-UBND-2025-cong-bo-thu-tuc-hanh-chinh-thanh-lap-Ho-kinh-doanh-Uy-ban-xa-Dak-Lak-662739.txt
2025-07-15 04:18:24,097 - INFO - ⏳ 4.31s between batches...
2025-07-15 04:18:28,402 - INFO - Processing batch 51 to 52
2025-07-15 04:18:29,918 - INFO - ⏳ Waiting 2.07s for user emulation...
2025-07-15 04:18:33,066 - INFO - ⏳ Waiting 5.94s for user emulation...
2025-07-15 04:18:40,387 - INFO - Saved txt: download_bomayhanhchinh/152_Quyet-dinh-1503-QD-UBND-2025-cong-bo-thu-tuc-hanh-chinh-ho-tro-To-hop-tac-Uy-ban-xa-Dak-Lak-662738.txt
2025-07-15 04:18:40,451 - INFO - ⏳ 3.96s between batches...
2025-07-15 04:18:44,416 - INFO - Processing batch 52 to 53
2025-07-15 04:18:45,984 - INFO - ⏳ Waiting 3.37s for user emulation...
2025-07-15 04:18:50,411 - INFO - ⏳ Waiting 3.93s for user emulation...
2025-07-15 04:18:55,189 - INFO - Saved txt: download_bomayhanhchinh/153_Quyet-dinh-1502-QD-UBND-2025-cong-bo-thu-tuc-hanh-chinh-An-toan-thuc-pham-So-Y-te-Dak-Lak-662737.txt
2025-07-15 04:18:55,254 - INFO - ⏳ 4.18s between batches...
2025-07-15 04:18:59,438 - INFO - Processing batch 53 to 54
2025-07-15 04:19:00,876 - INFO - ⏳ Waiting 3.60s for user emulation...
2025-07-15 04:19:05,614 - INFO - ⏳ Waiting 5.72s for user emulation...
2025-07-15 04:19:12,325 - INFO - Saved txt: download_bomayhanhchinh/154_Quyet-dinh-1509-QD-UBND-2025-cong-bo-thu-tuc-hanh-chinh-linh-vuc-hang-hai-So-Xay-dung-Dak-Lak-662740.txt
2025-07-15 04:19:12,390 - INFO - ⏳ 3.56s between batches...
2025-07-15 04:19:15,947 - INFO - Processing batch 54 to 55
2025-07-15 04:19:17,510 - INFO - ⏳ Waiting 2.10s for user emulation...
2025-07-15 04:19:20,853 - INFO - ⏳ Waiting 4.34s for user emulation...
2025-07-15 04:19:25,875 - INFO - Saved txt: download_bomayhanhchinh/155_Quyet-dinh-1567-QD-UBND-2025-cong-bo-thu-tuc-hanh-chinh-linh-vuc-Thuy-san-So-Nong-nghiep-Son-La-662676.txt
2025-07-15 04:19:25,941 - INFO - ⏳ 4.32s between batches...
2025-07-15 04:19:30,261 - INFO - Processing batch 55 to 56
2025-07-15 04:19:31,764 - INFO - ⏳ Waiting 3.60s for user emulation...
2025-07-15 04:19:36,564 - INFO - ⏳ Waiting 3.84s for user emulation...
2025-07-15 04:19:41,246 - INFO - Saved txt: download_bomayhanhchinh/156_Quyet-dinh-1568-QD-UBND-2025-cong-bo-thu-tuc-hanh-chinh-Lam-nghiep-So-Nong-nghiep-Son-La-662677.txt
2025-07-15 04:19:41,311 - INFO - ⏳ 3.05s between batches...
2025-07-15 04:19:44,363 - INFO - Processing batch 56 to 57
2025-07-15 04:19:45,982 - INFO - ⏳ Waiting 2.45s for user emulation...
2025-07-15 04:19:49,539 - INFO - ⏳ Waiting 4.70s for user emulation...
2025-07-15 04:19:55,031 - INFO - Saved txt: download_bomayhanhchinh/157_Quyet-dinh-1569-QD-UBND-2025-cong-bo-thu-tuc-hanh-chinh-Kinh-te-hop-tac-So-Nong-nghiep-Son-La-662678.txt
2025-07-15 04:19:55,096 - INFO - ⏳ 3.79s between batches...
2025-07-15 04:19:58,885 - INFO - Processing batch 57 to 58
2025-07-15 04:20:00,335 - INFO - ⏳ Waiting 2.65s for user emulation...
2025-07-15 04:20:04,268 - INFO - ⏳ Waiting 4.29s for user emulation...
2025-07-15 04:20:09,351 - INFO - Saved txt: download_bomayhanhchinh/158_Quyet-dinh-1571-QD-UBND-2025-cong-bo-thu-tuc-hanh-chinh-linh-vuc-Thuy-loi-So-Nong-nghiep-Son-La-662680.txt
2025-07-15 04:20:09,416 - INFO - ⏳ 3.87s between batches...
2025-07-15 04:20:13,286 - INFO - Processing batch 58 to 59
2025-07-15 04:20:14,861 - INFO - ⏳ Waiting 3.32s for user emulation...
2025-07-15 04:20:19,543 - INFO - ⏳ Waiting 3.37s for user emulation...
2025-07-15 04:20:24,439 - INFO - Saved txt: download_bomayhanhchinh/159_Quyet-dinh-1098-QD-UBND-2025-cong-bo-thu-tuc-hanh-chinh-giao-duc-dao-tao-So-Giao-duc-Quang-Ngai-663062.txt
2025-07-15 04:20:24,508 - INFO - ⏳ 3.83s between batches...
2025-07-15 04:20:28,335 - INFO - Processing batch 59 to 60
2025-07-15 04:20:29,757 - INFO - ⏳ Waiting 3.69s for user emulation...
2025-07-15 04:20:34,616 - INFO - ⏳ Waiting 4.83s for user emulation...
2025-07-15 04:20:40,545 - INFO - Saved txt: download_bomayhanhchinh/160_Quyet-dinh-948-QD-TTPVHCC-2025-cong-bo-thu-tuc-hanh-chinh-hoat-dong-xay-dung-So-Xay-dung-Ha-Noi-664277.txt
2025-07-15 04:20:40,610 - INFO - ⏳ 4.09s between batches...
2025-07-15 04:20:44,697 - INFO - Processing batch 60 to 61
2025-07-15 04:20:46,159 - INFO - ⏳ Waiting 3.30s for user emulation...
2025-07-15 04:20:50,940 - INFO - ⏳ Waiting 4.05s for user emulation...
2025-07-15 04:20:56,702 - INFO - Saved txt: download_bomayhanhchinh/161_Quyet-dinh-1570-QD-UBND-2025-cong-bo-thu-tuc-hanh-chinh-Tai-nguyen-nuoc-So-Nong-nghiep-Son-La-662679.txt
2025-07-15 04:20:56,768 - INFO - ⏳ 4.99s between batches...
2025-07-15 04:21:01,759 - INFO - Processing batch 61 to 62
2025-07-15 04:21:03,358 - INFO - ⏳ Waiting 2.32s for user emulation...
2025-07-15 04:21:06,892 - INFO - ⏳ Waiting 5.27s for user emulation...
2025-07-15 04:21:13,040 - INFO - Saved txt: download_bomayhanhchinh/162_Quyet-dinh-2405-QD-BNNMT-2025-cong-bo-thu-tuc-hanh-chinh-linh-vuc-lam-nghiep-kiem-lam-663205.txt
2025-07-15 04:21:13,105 - INFO - ⏳ 4.64s between batches...
2025-07-15 04:21:17,747 - INFO - Processing batch 62 to 63
2025-07-15 04:21:19,356 - INFO - ⏳ Waiting 2.38s for user emulation...
2025-07-15 04:21:22,868 - INFO - ⏳ Waiting 5.89s for user emulation...
2025-07-15 04:21:30,104 - INFO - Saved txt: download_bomayhanhchinh/163_Quyet-dinh-1626-QD-UBND-2025-cong-bo-thu-tuc-hanh-chinh-Hoa-giai-o-co-so-So-Tu-phap-Lai-Chau-663054.txt
2025-07-15 04:21:30,169 - INFO - ⏳ 4.97s between batches...
2025-07-15 04:21:35,141 - INFO - Processing batch 63 to 64
2025-07-15 04:21:37,228 - INFO - ⏳ Waiting 2.48s for user emulation...
2025-07-15 04:21:40,900 - INFO - ⏳ Waiting 4.06s for user emulation...
2025-07-15 04:21:46,193 - INFO - Saved txt: download_bomayhanhchinh/164_Quyet-dinh-1625-QD-UBND-2025-cong-bo-thu-tuc-hanh-chinh-Nuoi-con-nuoi-So-Tu-phap-Lai-Chau-663055.txt
2025-07-15 04:21:46,257 - INFO - ⏳ 3.22s between batches...
2025-07-15 04:21:49,482 - INFO - Processing batch 64 to 65
2025-07-15 04:21:51,655 - INFO - ⏳ Waiting 3.78s for user emulation...
2025-07-15 04:21:56,670 - INFO - ⏳ Waiting 3.33s for user emulation...
2025-07-15 04:22:01,065 - INFO - Saved txt: download_bomayhanhchinh/165_Quyet-dinh-1623-QD-UBND-2025-cong-bo-thu-tuc-hanh-chinh-Trong-tai-thuong-mai-So-Tu-phap-Lai-Chau-663056.txt
2025-07-15 04:22:01,131 - INFO - ⏳ 4.91s between batches...
2025-07-15 04:22:06,042 - INFO - Processing batch 65 to 66
2025-07-15 04:22:07,611 - INFO - ⏳ Waiting 2.92s for user emulation...
2025-07-15 04:22:11,727 - INFO - ⏳ Waiting 3.21s for user emulation...
2025-07-15 04:22:15,960 - INFO - Saved txt: download_bomayhanhchinh/166_Quyet-dinh-1577-QD-UBND-2025-cong-bo-thu-tuc-hanh-chinh-linh-vuc-chung-thuc-So-Tu-phap-Son-La-662674.txt
2025-07-15 04:22:16,025 - INFO - ⏳ 3.78s between batches...
2025-07-15 04:22:19,809 - INFO - Processing batch 66 to 67
2025-07-15 04:22:21,407 - INFO - ⏳ Waiting 3.74s for user emulation...
2025-07-15 04:22:26,312 - INFO - ⏳ Waiting 5.71s for user emulation...
2025-07-15 04:22:33,243 - INFO - Saved txt: download_bomayhanhchinh/167_Quyet-dinh-1574-QD-UBND-2025-cong-bo-thu-tuc-hanh-chinh-linh-vuc-duong-bo-So-Xay-dung-Son-La-662683.txt
2025-07-15 04:22:33,309 - INFO - ⏳ 3.41s between batches...
2025-07-15 04:22:36,724 - INFO - Processing batch 67 to 68
2025-07-15 04:22:38,172 - INFO - ⏳ Waiting 3.15s for user emulation...
2025-07-15 04:22:42,495 - INFO - ⏳ Waiting 3.03s for user emulation...
2025-07-15 04:22:46,625 - INFO - Saved txt: download_bomayhanhchinh/168_Thong-tu-60-2025-TT-BTC-quy-trinh-trinh-tu-phan-cap-linh-vuc-du-tru-quoc-gia-de-vien-tro-663549.txt
2025-07-15 04:22:46,690 - INFO - ⏳ 4.78s between batches...
2025-07-15 04:22:51,471 - INFO - Processing batch 68 to 69
2025-07-15 04:22:53,075 - INFO - ⏳ Waiting 2.19s for user emulation...
2025-07-15 04:22:56,582 - INFO - ⏳ Waiting 3.06s for user emulation...
2025-07-15 04:23:00,716 - INFO - Saved txt: download_bomayhanhchinh/169_Quyet-dinh-1356-QD-TTg-2025-thuc-hien-Nghi-dinh-118-2025-ND-CP-thu-tuc-hanh-chinh-theo-co-che-mot-cua-662582.txt
2025-07-15 04:23:00,782 - INFO - ⏳ 4.80s between batches...
2025-07-15 04:23:05,587 - INFO - Processing batch 69 to 70
2025-07-15 04:23:07,319 - INFO - ⏳ Waiting 3.39s for user emulation...
2025-07-15 04:23:11,805 - INFO - ⏳ Waiting 5.98s for user emulation...
2025-07-15 04:23:19,224 - INFO - Saved txt: download_bomayhanhchinh/170_Quyet-dinh-2123-QD-BYT-2025-cong-bo-thu-tuc-hanh-chinh-linh-vuc-Kham-benh-chua-benh-662579.txt
2025-07-15 04:23:19,289 - INFO - ⏳ 3.95s between batches...
2025-07-15 04:23:23,243 - INFO - Processing batch 70 to 71
2025-07-15 04:23:26,352 - INFO - ⏳ Waiting 3.83s for user emulation...
2025-07-15 04:23:31,459 - INFO - ⏳ Waiting 5.94s for user emulation...
2025-07-15 04:23:38,358 - INFO - Saved txt: download_bomayhanhchinh/171_Cong-dien-96-CD-TTg-2025-nang-cap-he-thong-thong-tin-phuc-vu-chi-dao-khi-sap-xep-don-vi-hanh-chinh-662704.txt
2025-07-15 04:23:38,422 - INFO - ⏳ 4.02s between batches...
2025-07-15 04:23:42,440 - INFO - Processing batch 71 to 72
2025-07-15 04:23:44,203 - INFO - ⏳ Waiting 3.25s for user emulation...
2025-07-15 04:23:48,835 - INFO - ⏳ Waiting 3.92s for user emulation...
2025-07-15 04:23:54,246 - INFO - Saved txt: download_bomayhanhchinh/172_Quyet-dinh-1546-QD-UBND-2025-cong-bo-thu-tuc-hanh-chinh-Bao-ton-thien-nhien-So-Nong-nghiep-Son-La-662568.txt
2025-07-15 04:23:54,314 - INFO - ⏳ 4.22s between batches...
2025-07-15 04:23:58,538 - INFO - Processing batch 72 to 73
2025-07-15 04:24:00,224 - INFO - ⏳ Waiting 3.46s for user emulation...
2025-07-15 04:24:04,887 - INFO - ⏳ Waiting 4.50s for user emulation...
2025-07-15 04:24:10,859 - INFO - Saved txt: download_bomayhanhchinh/173_Quyet-dinh-1547-QD-UBND-2025-thu-tuc-hanh-chinh-ho-tro-phap-ly-doanh-nghiep-nho-So-Tu-phap-Son-La-662567.txt
2025-07-15 04:24:10,923 - INFO - ⏳ 3.63s between batches...
2025-07-15 04:24:14,549 - INFO - Processing batch 73 to 74
2025-07-15 04:24:16,101 - INFO - ⏳ Waiting 2.29s for user emulation...
2025-07-15 04:24:19,433 - INFO - ⏳ Waiting 4.99s for user emulation...
2025-07-15 04:24:25,920 - INFO - Saved txt: download_bomayhanhchinh/174_Quyet-dinh-1543-QD-UBND-2025-cong-bo-thu-tuc-hanh-chinh-dau-gia-tai-san-So-Tu-phap-Son-La-662569.txt
2025-07-15 04:24:25,985 - INFO - ⏳ 3.87s between batches...
2025-07-15 04:24:29,856 - INFO - Processing batch 74 to 75
2025-07-15 04:24:31,410 - INFO - ⏳ Waiting 3.01s for user emulation...
2025-07-15 04:24:35,598 - INFO - ⏳ Waiting 3.82s for user emulation...
2025-07-15 04:24:40,190 - INFO - Saved txt: download_bomayhanhchinh/175_Quyet-dinh-1548-QD-UBND-2025-cong-bo-thu-tuc-hanh-chinh-luat-su-So-Tu-phap-Son-La-662566.txt
2025-07-15 04:24:40,257 - INFO - ⏳ 3.53s between batches...
2025-07-15 04:24:43,788 - INFO - Processing batch 75 to 76
2025-07-15 04:24:45,362 - INFO - ⏳ Waiting 2.13s for user emulation...
2025-07-15 04:24:48,629 - INFO - ⏳ Waiting 4.19s for user emulation...
2025-07-15 04:24:54,007 - INFO - Saved txt: download_bomayhanhchinh/176_Quyet-dinh-1544-QD-UBND-2025-cong-bo-thu-tuc-hanh-chinh-Phong-chong-thien-tai-So-Nong-nghiep-Son-La-662565.txt
2025-07-15 04:24:54,072 - INFO - ⏳ 3.59s between batches...
2025-07-15 04:24:57,661 - INFO - Processing batch 76 to 77
2025-07-15 04:24:59,087 - INFO - ⏳ Waiting 2.00s for user emulation...
2025-07-15 04:25:02,216 - INFO - ⏳ Waiting 5.15s for user emulation...
2025-07-15 04:25:08,658 - INFO - Saved txt: download_bomayhanhchinh/177_Quyet-dinh-1545-QD-UBND-2025-cong-bo-bai-bo-Danh-muc-thu-tuc-hanh-chinh-Thanh-tra-Son-La-662570.txt
2025-07-15 04:25:08,723 - INFO - ⏳ 3.08s between batches...
2025-07-15 04:25:11,805 - INFO - Processing batch 77 to 78
2025-07-15 04:25:13,406 - INFO - ⏳ Waiting 3.00s for user emulation...
2025-07-15 04:25:17,852 - INFO - ⏳ Waiting 3.92s for user emulation...
2025-07-15 04:25:22,724 - INFO - Saved txt: download_bomayhanhchinh/178_Quyet-dinh-2119-QD-BYT-2025-cong-bo-thu-tuc-hanh-chinh-bi-bai-bo-linh-vuc-giam-dinh-y-khoa-662495.txt
2025-07-15 04:25:22,789 - INFO - ⏳ 3.80s between batches...
2025-07-15 04:25:26,594 - INFO - Processing batch 78 to 79
2025-07-15 04:25:28,264 - INFO - ⏳ Waiting 2.68s for user emulation...
2025-07-15 04:25:32,192 - INFO - ⏳ Waiting 3.17s for user emulation...
2025-07-15 04:25:36,523 - INFO - Saved txt: download_bomayhanhchinh/179_Quyet-dinh-2117-QD-BYT-2025-cong-bo-thu-tuc-hanh-chinh-bi-bai-bo-linh-vuc-Y-Duoc-co-truyen-662494.txt
2025-07-15 04:25:36,589 - INFO - ⏳ 4.95s between batches...
2025-07-15 04:25:41,539 - INFO - Processing batch 79 to 80
2025-07-15 04:25:43,483 - INFO - ⏳ Waiting 3.70s for user emulation...
2025-07-15 04:25:48,450 - INFO - ⏳ Waiting 5.09s for user emulation...
2025-07-15 04:25:54,159 - INFO - Saved txt: download_bomayhanhchinh/180_Nghi-quyet-191-NQ-CP-2025-phien-hop-chuyen-de-xay-dung-phap-luat-thang-6-662705.txt
2025-07-15 04:25:54,224 - INFO - ⏳ 3.72s between batches...
2025-07-15 04:25:57,948 - INFO - Processing batch 80 to 81
2025-07-15 04:25:59,732 - INFO - ⏳ Waiting 3.92s for user emulation...
2025-07-15 04:26:04,863 - INFO - ⏳ Waiting 5.23s for user emulation...
2025-07-15 04:26:11,578 - INFO - Saved txt: download_bomayhanhchinh/181_Quyet-dinh-1940-QD-BTP-2025-cong-bo-thu-tuc-hang-chinh-sua-doi-linh-vuc-hoa-giai-thuong-mai-663556.txt
2025-07-15 04:26:11,642 - INFO - ⏳ 3.73s between batches...
2025-07-15 04:26:15,375 - INFO - Processing batch 81 to 82
2025-07-15 04:26:17,051 - INFO - ⏳ Waiting 3.62s for user emulation...
2025-07-15 04:26:22,087 - INFO - ⏳ Waiting 4.80s for user emulation...
2025-07-15 04:26:28,105 - INFO - Saved txt: download_bomayhanhchinh/182_Quyet-dinh-2267-QD-UBND-2025-cong-bo-thu-tuc-hanh-chinh-linh-vuc-dat-dai-So-Nong-nghiep-Da-Nang-663669.txt
2025-07-15 04:26:28,170 - INFO - ⏳ 4.73s between batches...
2025-07-15 04:26:32,905 - INFO - Processing batch 82 to 83
2025-07-15 04:26:34,391 - INFO - ⏳ Waiting 2.75s for user emulation...
2025-07-15 04:26:38,357 - INFO - ⏳ Waiting 4.85s for user emulation...
2025-07-15 04:26:44,477 - INFO - Saved txt: download_bomayhanhchinh/183_Quyet-dinh-2153-QD-UBND-2025-cong-bo-thu-tuc-hanh-chinh-Nguoi-co-cong-So-Noi-vu-Thanh-Hoa-662698.txt
2025-07-15 04:26:44,542 - INFO - ⏳ 4.60s between batches...
2025-07-15 04:26:49,141 - INFO - Processing batch 83 to 84
2025-07-15 04:26:50,926 - INFO - ⏳ Waiting 3.20s for user emulation...
2025-07-15 04:26:55,281 - INFO - ⏳ Waiting 4.12s for user emulation...
2025-07-15 04:27:00,675 - INFO - Saved txt: download_bomayhanhchinh/184_Quyet-dinh-2138-QD-UBND-2025-cong-bo-thu-tuc-hanh-chinh-giao-duc-phap-luat-Uy-ban-xa-Thanh-Hoa-662697.txt
2025-07-15 04:27:00,740 - INFO - ⏳ 4.00s between batches...
2025-07-15 04:27:04,742 - INFO - Processing batch 84 to 85
2025-07-15 04:27:06,476 - INFO - ⏳ Waiting 3.90s for user emulation...
2025-07-15 04:27:11,511 - INFO - ⏳ Waiting 5.02s for user emulation...
2025-07-15 04:27:17,222 - INFO - Saved txt: download_bomayhanhchinh/185_Quyet-dinh-2154-QD-UBND-2025-cong-bo-thu-tuc-hanh-chinh-So-Khoa-hoc-Cong-nghe-Thanh-Hoa-662700.txt
2025-07-15 04:27:17,287 - INFO - ⏳ 4.42s between batches...
2025-07-15 04:27:21,707 - INFO - Processing batch 85 to 86
2025-07-15 04:27:23,446 - INFO - ⏳ Waiting 3.03s for user emulation...
2025-07-15 04:27:28,043 - INFO - ⏳ Waiting 3.56s for user emulation...
2025-07-15 04:27:32,703 - INFO - Saved txt: download_bomayhanhchinh/186_Cong-dien-03-CD-BTC-2025-chuan-bi-cong-tac-quan-ly-no-cho-vay-lai-chinh-quyen-dia-phuong-662919.txt
2025-07-15 04:27:32,767 - INFO - ⏳ 4.01s between batches...
2025-07-15 04:27:36,779 - INFO - Processing batch 86 to 87
2025-07-15 04:27:38,384 - INFO - ⏳ Waiting 3.21s for user emulation...
2025-07-15 04:27:42,774 - INFO - ⏳ Waiting 5.33s for user emulation...
2025-07-15 04:27:48,967 - INFO - Saved txt: download_bomayhanhchinh/187_Huong-dan-16-HD-BTGDVTW-2025-bao-chi-tuyen-truyen-viec-sap-xep-don-vi-hanh-chinh-cac-cap-662638.txt
2025-07-15 04:27:49,032 - INFO - ⏳ 3.04s between batches...
2025-07-15 04:27:52,076 - INFO - Processing batch 87 to 88
2025-07-15 04:27:53,343 - INFO - ⏳ Waiting 2.72s for user emulation...
2025-07-15 04:27:57,274 - INFO - ⏳ Waiting 3.44s for user emulation...
2025-07-15 04:28:02,137 - INFO - Saved txt: download_bomayhanhchinh/188_Quyet-dinh-2504-QD-NHNN-2025-cong-bo-thu-tuc-hanh-chinh-linh-vuc-hoat-dong-khac-tai-Bo-phan-mot-cua-663204.txt
2025-07-15 04:28:02,202 - INFO - ⏳ 3.21s between batches...
2025-07-15 04:28:05,408 - INFO - Processing batch 88 to 89
2025-07-15 04:28:06,784 - INFO - ⏳ Waiting 3.65s for user emulation...
2025-07-15 04:28:11,630 - INFO - ⏳ Waiting 5.98s for user emulation...
2025-07-15 04:28:19,026 - INFO - Saved txt: download_bomayhanhchinh/189_Quyet-dinh-2140-QD-UBND-2025-cong-bo-thu-tuc-hanh-chinh-dau-gia-tai-san-So-Tu-phap-Thanh-Hoa-662699.txt
2025-07-15 04:28:19,090 - INFO - ⏳ 4.04s between batches...
2025-07-15 04:28:23,130 - INFO - Processing batch 89 to 90
2025-07-15 04:28:24,754 - INFO - ⏳ Waiting 3.22s for user emulation...
2025-07-15 04:28:29,142 - INFO - ⏳ Waiting 4.56s for user emulation...
2025-07-15 04:28:34,778 - INFO - Saved txt: download_bomayhanhchinh/190_Quyet-dinh-2133-QD-UBND-2025-cong-bo-thu-tuc-hanh-chinh-linh-vuc-Viec-lam-So-Noi-vu-Thanh-Hoa-662741.txt
2025-07-15 04:28:34,843 - INFO - ⏳ 3.17s between batches...
2025-07-15 04:28:38,008 - INFO - Processing batch 90 to 91
2025-07-15 04:28:40,023 - INFO - ⏳ Waiting 2.38s for user emulation...
2025-07-15 04:28:43,539 - INFO - ⏳ Waiting 3.29s for user emulation...
2025-07-15 04:28:47,911 - INFO - Saved txt: download_bomayhanhchinh/191_Quyet-dinh-2139-QD-UBND-2025-cong-bo-thu-tuc-hanh-chinh-trong-tai-thuong-mai-So-Tu-phap-Thanh-Hoa-662702.txt
2025-07-15 04:28:47,976 - INFO - ⏳ 4.26s between batches...
2025-07-15 04:28:52,236 - INFO - Processing batch 91 to 92
2025-07-15 04:28:53,967 - INFO - ⏳ Waiting 2.75s for user emulation...
2025-07-15 04:28:57,824 - INFO - ⏳ Waiting 4.43s for user emulation...
2025-07-15 04:29:03,051 - INFO - Saved txt: download_bomayhanhchinh/192_Quyet-dinh-2146-QD-UBND-2025-cong-bo-thu-tuc-hanh-chinh-Di-san-van-hoa-So-Van-hoa-Thanh-Hoa-662701.txt
2025-07-15 04:29:03,116 - INFO - ⏳ 4.83s between batches...
2025-07-15 04:29:07,949 - INFO - Processing batch 92 to 93
2025-07-15 04:29:09,768 - INFO - ⏳ Waiting 3.07s for user emulation...
2025-07-15 04:29:15,783 - INFO - ⏳ Waiting 5.50s for user emulation...
2025-07-15 04:29:21,989 - INFO - Saved txt: download_bomayhanhchinh/193_Quyet-dinh-2171-QD-BTC-2025-cong-bo-thu-tuc-hanh-chinh-bai-bo-linh-vuc-kinh-doanh-bao-hiem-662984.txt
2025-07-15 04:29:22,054 - INFO - ⏳ 3.24s between batches...
2025-07-15 04:29:25,289 - INFO - Processing batch 93 to 94
2025-07-15 04:29:26,988 - INFO - ⏳ Waiting 3.84s for user emulation...
2025-07-15 04:29:31,943 - INFO - ⏳ Waiting 4.13s for user emulation...
2025-07-15 04:29:37,350 - INFO - Saved txt: download_bomayhanhchinh/194_Nghi-quyet-190-NQ-CP-2025-con-dau-cac-co-quan-chuyen-mon-thuoc-Uy-ban-nhan-dan-xa-662725.txt
2025-07-15 04:29:37,419 - INFO - ⏳ 4.93s between batches...
2025-07-15 04:29:42,349 - INFO - Processing batch 94 to 95
2025-07-15 04:29:44,088 - INFO - ⏳ Waiting 3.58s for user emulation...
2025-07-15 04:29:48,805 - INFO - ⏳ Waiting 5.80s for user emulation...
2025-07-15 04:29:55,395 - INFO - Saved txt: download_bomayhanhchinh/195_Quyet-dinh-56-2025-QD-UBND-chuc-nang-nhiem-vu-Trung-tam-phat-trien-quy-dat-Tay-Ninh-662854.txt
2025-07-15 04:29:55,460 - INFO - ⏳ 3.22s between batches...
2025-07-15 04:29:58,682 - INFO - Processing batch 95 to 96
2025-07-15 04:30:00,186 - INFO - ⏳ Waiting 3.45s for user emulation...
2025-07-15 04:30:04,977 - INFO - ⏳ Waiting 5.31s for user emulation...
2025-07-15 04:30:11,670 - INFO - Saved txt: download_bomayhanhchinh/196_Quyet-dinh-2344-QD-UBND-2025-cong-bo-thu-tuc-hanh-chinh-linh-vuc-trong-trot-Uy-ban-xa-Ben-Tre-664022.txt
2025-07-15 04:30:11,735 - INFO - ⏳ 3.70s between batches...
2025-07-15 04:30:15,434 - INFO - Processing batch 96 to 97
2025-07-15 04:30:16,959 - INFO - ⏳ Waiting 2.26s for user emulation...
2025-07-15 04:30:20,285 - INFO - ⏳ Waiting 3.50s for user emulation...
2025-07-15 04:30:24,367 - INFO - Saved txt: download_bomayhanhchinh/197_Thong-tu-56-2025-TT-BQP-che-do-nghi-cua-si-quan-quan-nhan-chuyen-nghiep-663163.txt
2025-07-15 04:30:24,432 - INFO - ⏳ 4.66s between batches...
2025-07-15 04:30:29,088 - INFO - Processing batch 97 to 98
2025-07-15 04:30:30,650 - INFO - ⏳ Waiting 2.47s for user emulation...
2025-07-15 04:30:34,251 - INFO - ⏳ Waiting 5.56s for user emulation...
2025-07-15 04:30:40,616 - INFO - Saved txt: download_bomayhanhchinh/198_Quyet-dinh-2343-QD-UBND-2025-phuong-an-don-gian-hoa-thu-tuc-hanh-chinh-xay-dung-Ben-Tre-664021.txt
2025-07-15 04:30:40,680 - INFO - ⏳ 4.91s between batches...
2025-07-15 04:30:45,586 - INFO - Processing batch 98 to 99
2025-07-15 04:30:47,042 - INFO - ⏳ Waiting 2.67s for user emulation...
2025-07-15 04:30:50,811 - INFO - ⏳ Waiting 5.55s for user emulation...
2025-07-15 04:30:57,591 - INFO - Saved txt: download_bomayhanhchinh/199_Quyet-dinh-2342-QD-UBND-2025-Phuong-an-don-gian-hoa-thu-tuc-hanh-chinh-linh-vuc-Cong-Thuong-Ben-Tre-664020.txt
2025-07-15 04:30:57,655 - INFO - ⏳ 4.32s between batches...
2025-07-15 04:31:01,973 - INFO - Processing batch 99 to 100
2025-07-15 04:31:03,449 - INFO - ⏳ Waiting 2.52s for user emulation...
2025-07-15 04:31:07,164 - INFO - ⏳ Waiting 3.10s for user emulation...
2025-07-15 04:31:10,857 - INFO - Saved txt: download_bomayhanhchinh/200_Quyet-dinh-55-2025-QD-UBND-chuc-nang-nhiem-vu-Trung-tam-Giam-dinh-Y-khoa-Phap-y-Tay-Ninh-662856.txt
2025-07-15 04:31:10,921 - INFO - ⏳ 3.07s between batches...
2025-07-15 04:31:13,996 - INFO - Processing batch 100 to 101
2025-07-15 04:31:15,515 - INFO - ⏳ Waiting 2.48s for user emulation...
2025-07-15 04:31:19,250 - INFO - ⏳ Waiting 4.41s for user emulation...
2025-07-15 04:31:24,533 - INFO - Saved txt: download_bomayhanhchinh/201_Quyet-dinh-2341-QD-UBND-2025-cong-bo-thu-tuc-hanh-chinh-bao-ve-thuc-vat-So-Nong-nghiep-Ben-Tre-664019.txt
2025-07-15 04:31:24,598 - INFO - ⏳ 3.39s between batches...
2025-07-15 04:31:27,992 - INFO - Processing batch 101 to 102
2025-07-15 04:31:29,985 - INFO - ⏳ Waiting 3.64s for user emulation...
2025-07-15 04:31:34,794 - INFO - ⏳ Waiting 3.77s for user emulation...
2025-07-15 04:31:40,109 - INFO - Saved txt: download_bomayhanhchinh/202_Quyet-dinh-1603-QD-UBND-2025-cong-bo-Danh-muc-thu-tuc-hanh-chinh-So-Xay-dung-Lai-Chau-662696.txt
2025-07-15 04:31:40,174 - INFO - ⏳ 4.09s between batches...
2025-07-15 04:31:44,261 - INFO - Processing batch 102 to 103
2025-07-15 04:31:45,968 - INFO - ⏳ Waiting 2.78s for user emulation...
2025-07-15 04:31:50,040 - INFO - ⏳ Waiting 3.91s for user emulation...
2025-07-15 04:31:55,019 - INFO - Saved txt: download_bomayhanhchinh/203_Quyet-dinh-1600-QD-UBND-2025-cong-bo-thu-tuc-hanh-chinh-An-toan-thuc-pham-So-Y-te-Lai-Chau-663058.txt
2025-07-15 04:31:55,086 - INFO - ⏳ 4.50s between batches...
2025-07-15 04:31:59,582 - INFO - Processing batch 103 to 104
2025-07-15 04:32:01,364 - INFO - ⏳ Waiting 3.05s for user emulation...
2025-07-15 04:32:05,530 - INFO - ⏳ Waiting 4.25s for user emulation...
2025-07-15 04:32:11,339 - INFO - Saved txt: download_bomayhanhchinh/204_Thong-tu-11-2025-TT-BTP-sua-doi-Thong-tu-linh-vuc-quan-ly-nha-nuoc-cua-Bo-Tu-phap-662710.txt
2025-07-15 04:32:11,403 - INFO - ⏳ 4.62s between batches...
2025-07-15 04:32:16,027 - INFO - Processing batch 104 to 105
2025-07-15 04:32:17,661 - INFO - ⏳ Waiting 2.73s for user emulation...
2025-07-15 04:32:21,486 - INFO - ⏳ Waiting 5.68s for user emulation...
2025-07-15 04:32:28,458 - INFO - Saved txt: download_bomayhanhchinh/205_Thong-tu-02-2025-TT-TTCP-thuc-hien-quy-dinh-quan-ly-nha-nuoc-cua-Thanh-tra-Chinh-phu-662807.txt
2025-07-15 04:32:28,523 - INFO - ⏳ 4.20s between batches...
2025-07-15 04:32:32,728 - INFO - Processing batch 105 to 106
2025-07-15 04:32:34,323 - INFO - ⏳ Waiting 2.74s for user emulation...
2025-07-15 04:32:38,146 - INFO - ⏳ Waiting 5.09s for user emulation...
2025-07-15 04:32:44,670 - INFO - Saved txt: download_bomayhanhchinh/206_Thong-tu-57-2025-TT-BTC-huong-dan-chuc-nang-nhiem-vu-So-Tai-chinh-thuoc-Uy-ban-cap-tinh-662965.txt
2025-07-15 04:32:44,734 - INFO - ⏳ 4.82s between batches...
2025-07-15 04:32:49,556 - INFO - Processing batch 106 to 107
2025-07-15 04:32:51,206 - INFO - ⏳ Waiting 2.69s for user emulation...
2025-07-15 04:32:54,931 - INFO - ⏳ Waiting 4.11s for user emulation...
2025-07-15 04:32:59,706 - INFO - Saved txt: download_bomayhanhchinh/207_Quyet-dinh-1693-QD-BGDDT-2025-cong-bo-thu-tuc-hanh-chinh-sua-doi-linh-vuc-giao-duc-trung-hoc-662877.txt
2025-07-15 04:32:59,773 - INFO - ⏳ 3.63s between batches...
2025-07-15 04:33:03,407 - INFO - Processing batch 107 to 108
2025-07-15 04:33:05,148 - INFO - ⏳ Waiting 3.13s for user emulation...
2025-07-15 04:33:09,532 - INFO - ⏳ Waiting 5.40s for user emulation...
2025-07-15 04:33:15,563 - INFO - Saved txt: download_bomayhanhchinh/208_Quyet-dinh-1466-QD-BKHCN-2025-cong-bo-thu-tuc-hanh-chinh-Tieu-chuan-Do-luong-Chat-luong-662983.txt
2025-07-15 04:33:15,627 - INFO - ⏳ 4.38s between batches...
2025-07-15 04:33:20,003 - INFO - Processing batch 108 to 109
2025-07-15 04:33:21,780 - INFO - ⏳ Waiting 2.54s for user emulation...
2025-07-15 04:33:25,522 - INFO - ⏳ Waiting 3.05s for user emulation...
2025-07-15 04:33:29,435 - INFO - Saved txt: download_bomayhanhchinh/209_Quyet-dinh-594-QD-UBND-2025-cong-bo-thu-tuc-hanh-chinh-linh-vuc-viec-lam-So-Noi-vu-Gia-Lai-662452.txt
2025-07-15 04:33:29,500 - INFO - ⏳ 4.89s between batches...
2025-07-15 04:33:34,391 - INFO - Processing batch 109 to 110
2025-07-15 04:33:36,320 - INFO - ⏳ Waiting 2.35s for user emulation...
2025-07-15 04:33:39,804 - INFO - ⏳ Waiting 5.03s for user emulation...
2025-07-15 04:33:46,073 - INFO - Saved txt: download_bomayhanhchinh/210_Quyet-dinh-598-QD-UBND-2025-cong-bo-thu-tuc-hanh-chinhlinh-vuc-Bao-chi-So-Van-hoa-Gia-Lai-662451.txt
2025-07-15 04:33:46,138 - INFO - ⏳ 3.75s between batches...
2025-07-15 04:33:49,889 - INFO - Processing batch 110 to 111
2025-07-15 04:33:51,603 - INFO - ⏳ Waiting 2.21s for user emulation...
2025-07-15 04:33:54,913 - INFO - ⏳ Waiting 4.82s for user emulation...
2025-07-15 04:34:00,549 - INFO - Saved txt: download_bomayhanhchinh/211_Luat-Thanh-tra-2025-so-84-2025-QH15-655378.txt
2025-07-15 04:34:00,614 - INFO - ⏳ 4.37s between batches...
2025-07-15 04:34:04,987 - INFO - Processing batch 111 to 112
2025-07-15 04:34:06,655 - INFO - ⏳ Waiting 2.93s for user emulation...
2025-07-15 04:34:10,639 - INFO - ⏳ Waiting 4.79s for user emulation...
2025-07-15 04:34:16,118 - INFO - Saved txt: download_bomayhanhchinh/212_Quyet-dinh-1340-QD-TTg-2025-giai-the-to-chuc-phoi-hop-lien-nganh-662499.txt
2025-07-15 04:34:16,183 - INFO - ⏳ 3.08s between batches...
2025-07-15 04:34:19,259 - INFO - Processing batch 112 to 113
2025-07-15 04:34:20,687 - INFO - ⏳ Waiting 3.01s for user emulation...
2025-07-15 04:34:24,854 - INFO - ⏳ Waiting 3.70s for user emulation...
2025-07-15 04:34:29,690 - INFO - Saved txt: download_bomayhanhchinh/213_Thong-tu-06-2025-TT-BDTTG-he-thong-chi-tieu-thong-ke-cong-tac-dan-toc-tin-nguong-ton-giao-663699.txt
2025-07-15 04:34:29,755 - INFO - ⏳ 4.49s between batches...
2025-07-15 04:34:34,249 - INFO - Processing batch 113 to 114
2025-07-15 04:34:35,758 - INFO - ⏳ Waiting 3.63s for user emulation...
2025-07-15 04:34:40,543 - INFO - ⏳ Waiting 5.19s for user emulation...
2025-07-15 04:34:46,811 - INFO - Saved txt: download_bomayhanhchinh/214_Luat-Ban-hanh-van-ban-quy-pham-phap-luat-sua-doi-2025-so-87-2025-QH15-662673.txt
2025-07-15 04:34:46,876 - INFO - ⏳ 3.10s between batches...
2025-07-15 04:34:49,978 - INFO - Processing batch 114 to 115
2025-07-15 04:34:51,412 - INFO - ⏳ Waiting 2.55s for user emulation...
2025-07-15 04:34:55,093 - INFO - ⏳ Waiting 3.13s for user emulation...
2025-07-15 04:34:59,536 - INFO - Saved txt: download_bomayhanhchinh/215_Quyet-dinh-587-QD-TTCP-2025-cong-bo-thu-tuc-hanh-chinh-cap-xa-sua-doi-cua-Thanh-tra-Chinh-phu-663554.txt
2025-07-15 04:34:59,604 - INFO - ⏳ 3.30s between batches...
2025-07-15 04:35:02,906 - INFO - Processing batch 115 to 116
2025-07-15 04:35:04,478 - INFO - ⏳ Waiting 2.27s for user emulation...
2025-07-15 04:35:08,840 - INFO - ⏳ Waiting 3.83s for user emulation...
2025-07-15 04:35:13,785 - INFO - Saved txt: download_bomayhanhchinh/216_Quyet-dinh-1877-QD-BTP-2025-cong-bo-thu-tuc-hanh-chinh-thuc-hien-dich-vu-cong-truc-tuyen-toan-trinh-663555.txt
2025-07-15 04:35:13,855 - INFO - ⏳ 4.20s between batches...
2025-07-15 04:35:18,059 - INFO - Processing batch 116 to 117
2025-07-15 04:35:19,660 - INFO - ⏳ Waiting 2.20s for user emulation...
2025-07-15 04:35:23,114 - INFO - ⏳ Waiting 4.44s for user emulation...
2025-07-15 04:35:28,474 - INFO - Saved txt: download_bomayhanhchinh/217_Quyet-dinh-2145-QD-BVHTTDL-2025-cong-bo-thu-tuc-hanh-chinh-phan-dinh-tham-quyen-cua-Bo-Van-hoa-662666.txt
2025-07-15 04:35:28,540 - INFO - ⏳ 3.63s between batches...
2025-07-15 04:35:32,175 - INFO - Processing batch 117 to 118
2025-07-15 04:35:33,788 - INFO - ⏳ Waiting 3.01s for user emulation...
2025-07-15 04:35:37,838 - INFO - ⏳ Waiting 5.51s for user emulation...
2025-07-15 04:35:44,751 - INFO - Saved txt: download_bomayhanhchinh/218_Quyet-dinh-593-QD-UBND-2025-%e2%80%8bcong-bo-thu-tuc-hanh-chinh-linh-vuc-lao-dong-So-Noi-vu-Gia-Lai-662449.txt
2025-07-15 04:35:44,815 - INFO - ⏳ 3.77s between batches...
2025-07-15 04:35:48,584 - INFO - Processing batch 118 to 119
2025-07-15 04:35:50,211 - INFO - ⏳ Waiting 3.82s for user emulation...
2025-07-15 04:35:55,068 - INFO - ⏳ Waiting 4.17s for user emulation...
2025-07-15 04:36:00,765 - INFO - Saved txt: download_bomayhanhchinh/219_Nghi-quyet-572-2025-NQ-HDND-chinh-sach-ho-tro-mot-lan-ve-cong-tac-tai-tinh-Phu-Tho-sau-sap-xep-Hoa-Binh-662867.txt
2025-07-15 04:36:00,830 - INFO - ⏳ 4.19s between batches...
2025-07-15 04:36:05,020 - INFO - Processing batch 119 to 120
2025-07-15 04:36:06,400 - INFO - ⏳ Waiting 3.94s for user emulation...
2025-07-15 04:36:11,450 - INFO - ⏳ Waiting 4.61s for user emulation...
2025-07-15 04:36:17,413 - INFO - Saved txt: download_bomayhanhchinh/220_Quyet-dinh-53-2025-QD-UBND-chuc-nang-nhiem-vu-Truong-Cao-dang-nghe-Tay-Ninh-662822.txt
2025-07-15 04:36:17,478 - INFO - ⏳ 3.58s between batches...
2025-07-15 04:36:21,061 - INFO - Processing batch 120 to 121
2025-07-15 04:36:22,611 - INFO - ⏳ Waiting 3.57s for user emulation...
2025-07-15 04:36:27,265 - INFO - ⏳ Waiting 5.20s for user emulation...
2025-07-15 04:36:33,453 - INFO - Saved txt: download_bomayhanhchinh/221_Quyet-dinh-52-2025-QD-UBND-chuc-nang-nhiem-vu-Truong-Trung-cap-Kinh-te-Ky-thuat-Tay-Ninh-662821.txt
2025-07-15 04:36:33,517 - INFO - ⏳ 4.55s between batches...
2025-07-15 04:36:38,062 - INFO - Processing batch 121 to 122
2025-07-15 04:36:39,557 - INFO - ⏳ Waiting 2.02s for user emulation...
2025-07-15 04:36:42,926 - INFO - ⏳ Waiting 3.19s for user emulation...
2025-07-15 04:36:47,261 - INFO - Saved txt: download_bomayhanhchinh/222_Nghi-dinh-159-2025-ND-CP-huong-dan-Luat-Bao-hiem-xa-hoi-ve-bao-hiem-xa-hoi-tu-nguyen-634788.txt
2025-07-15 04:36:47,326 - INFO - ⏳ 3.20s between batches...
2025-07-15 04:36:50,525 - INFO - Processing batch 122 to 123
2025-07-15 04:36:51,898 - INFO - ⏳ Waiting 3.54s for user emulation...
2025-07-15 04:36:56,968 - INFO - ⏳ Waiting 4.64s for user emulation...
2025-07-15 04:37:03,100 - INFO - Saved txt: download_bomayhanhchinh/223_Nghi-quyet-208-2025-QH15-sua-doi-Nghi-quyet-71-2022-QH15-Noi-quy-ky-hop-Quoc-hoi-662769.txt
2025-07-15 04:37:03,165 - INFO - ⏳ 3.66s between batches...
2025-07-15 04:37:06,827 - INFO - Processing batch 123 to 124
2025-07-15 04:37:08,404 - INFO - ⏳ Waiting 3.09s for user emulation...
2025-07-15 04:37:12,770 - INFO - ⏳ Waiting 3.37s for user emulation...
2025-07-15 04:37:17,625 - INFO - Saved txt: download_bomayhanhchinh/224_Luat-sua-doi-Bo-luat-To-tung-dan-su-Luat-To-tung-hanh-chinh-Luat-Tu-phap-nguoi-chua-thanh-nien-2025-651570.txt
2025-07-15 04:37:17,690 - INFO - ⏳ 3.09s between batches...
2025-07-15 04:37:20,776 - INFO - Processing batch 124 to 125
2025-07-15 04:37:22,187 - INFO - ⏳ Waiting 3.27s for user emulation...
2025-07-15 04:37:26,478 - INFO - ⏳ Waiting 5.57s for user emulation...
2025-07-15 04:37:33,458 - INFO - Saved txt: download_bomayhanhchinh/225_Nghi-quyet-210-2025-QH15-so-thanh-vien-Uy-ban-Thuong-vu-Quoc-hoi-khoa-XV-662911.txt
2025-07-15 04:37:33,523 - INFO - ⏳ 4.29s between batches...
2025-07-15 04:37:37,808 - INFO - Processing batch 125 to 126
2025-07-15 04:37:39,246 - INFO - ⏳ Waiting 3.21s for user emulation...
2025-07-15 04:37:43,661 - INFO - ⏳ Waiting 4.05s for user emulation...
2025-07-15 04:37:48,407 - INFO - Saved txt: download_bomayhanhchinh/226_Thong-tu-01-2025-TT-VPCP-sua-doi-Thong-tu-01-2022-TT-VPCP-chuc-nang-Van-phong-Uy-ban-tinh-662726.txt
2025-07-15 04:37:48,472 - INFO - ⏳ 3.45s between batches...
2025-07-15 04:37:51,925 - INFO - Processing batch 126 to 127
2025-07-15 04:37:53,738 - INFO - ⏳ Waiting 2.29s for user emulation...
2025-07-15 04:37:57,225 - INFO - ⏳ Waiting 5.41s for user emulation...
2025-07-15 04:38:03,823 - INFO - Saved txt: download_bomayhanhchinh/227_Quyet-dinh-599-QD-UBND-2025-cong-bo-thu-tuc-hanh-chinh-nguoi-co-cong-So-Noi-vu-Gia-Lai-662450.txt
2025-07-15 04:38:03,888 - INFO - ⏳ 4.38s between batches...
2025-07-15 04:38:08,267 - INFO - Processing batch 127 to 128
2025-07-15 04:38:10,000 - INFO - ⏳ Waiting 2.70s for user emulation...
2025-07-15 04:38:14,079 - INFO - ⏳ Waiting 4.00s for user emulation...
2025-07-15 04:38:19,098 - INFO - Saved txt: download_bomayhanhchinh/228_Nghi-dinh-157-2025-ND-CP-huong-dan-Luat-Bao-hiem-xa-hoi-ve-bao-hiem-xa-hoi-bat-buoc-quan-nhan-662578.txt
2025-07-15 04:38:19,162 - INFO - ⏳ 3.11s between batches...
2025-07-15 04:38:22,268 - INFO - Processing batch 128 to 129
2025-07-15 04:38:24,037 - INFO - ⏳ Waiting 2.77s for user emulation...
2025-07-15 04:38:27,941 - INFO - ⏳ Waiting 5.50s for user emulation...
2025-07-15 04:38:34,798 - INFO - Saved txt: download_bomayhanhchinh/229_Quyet-dinh-1013-QD-UBND-2025-dich-vu-cong-truc-tuyen-toan-trinh-Ban-Quan-ly-Khu-cong-nghiep-Quang-Ngai-662643.txt
2025-07-15 04:38:34,862 - INFO - ⏳ 4.33s between batches...
2025-07-15 04:38:39,190 - INFO - Processing batch 129 to 130
2025-07-15 04:38:40,781 - INFO - ⏳ Waiting 3.68s for user emulation...
2025-07-15 04:38:45,900 - INFO - ⏳ Waiting 4.94s for user emulation...
2025-07-15 04:38:52,100 - INFO - Saved txt: download_bomayhanhchinh/230_Thong-tu-07-2025-TT-BDTTG-che-do-bao-cao-thong-ke-cong-tac-dan-toc-tin-nguong-ton-giao-663517.txt
2025-07-15 04:38:52,167 - INFO - ⏳ 4.85s between batches...
2025-07-15 04:38:57,017 - INFO - Processing batch 130 to 131
2025-07-15 04:38:58,638 - INFO - ⏳ Waiting 2.42s for user emulation...
2025-07-15 04:39:02,523 - INFO - ⏳ Waiting 3.80s for user emulation...
2025-07-15 04:39:07,851 - INFO - Saved txt: download_bomayhanhchinh/231_Quyet-dinh-2352-QD-BNNMT-2025-cong-bo-chuan-hoa-thu-tuc-hanh-chinh-linh-vuc-quan-ly-de-dieu-662594.txt
2025-07-15 04:39:07,919 - INFO - ⏳ 4.91s between batches...
2025-07-15 04:39:12,832 - INFO - Processing batch 131 to 132
2025-07-15 04:39:14,452 - INFO - ⏳ Waiting 3.68s for user emulation...
2025-07-15 04:39:19,162 - INFO - ⏳ Waiting 4.51s for user emulation...
2025-07-15 04:39:24,343 - INFO - Saved txt: download_bomayhanhchinh/232_Quyet-dinh-1898-QD-BTP-2025-nhiem-vu-quyen-han-Cuc-Quan-ly-Thi-hanh-an-dan-su-663249.txt
2025-07-15 04:39:24,410 - INFO - ⏳ 4.01s between batches...
2025-07-15 04:39:28,417 - INFO - Processing batch 132 to 133
2025-07-15 04:39:29,895 - INFO - ⏳ Waiting 2.66s for user emulation...
2025-07-15 04:39:33,510 - INFO - ⏳ Waiting 5.84s for user emulation...
2025-07-15 04:39:40,876 - INFO - Saved txt: download_bomayhanhchinh/233_Nghi-quyet-571-2025-NQ-HDND-muc-tro-cap-dac-thu-si-quan-lam-viec-tai-co-so-cai-nghien-ma-tuy-Hoa-Binh-662614.txt
2025-07-15 04:39:40,940 - INFO - ⏳ 4.36s between batches...
2025-07-15 04:39:45,297 - INFO - Processing batch 133 to 134
2025-07-15 04:39:46,950 - INFO - ⏳ Waiting 3.63s for user emulation...
2025-07-15 04:39:51,836 - INFO - ⏳ Waiting 4.00s for user emulation...
2025-07-15 04:39:57,153 - INFO - Saved txt: download_bomayhanhchinh/234_Quyet-dinh-41-2025-QD-UBND-bai-bo-Quyet-dinh-02-2021-QD-UBND-Hai-Phong-663010.txt
2025-07-15 04:39:57,217 - INFO - ⏳ 4.91s between batches...
2025-07-15 04:40:02,128 - INFO - Processing batch 134 to 135
2025-07-15 04:40:03,616 - INFO - ⏳ Waiting 2.36s for user emulation...
2025-07-15 04:40:06,986 - INFO - ⏳ Waiting 5.04s for user emulation...
2025-07-15 04:40:12,800 - INFO - Saved txt: download_bomayhanhchinh/235_Nghi-quyet-03-2025-NQ-HDND-chinh-sach-ho-tro-can-bo-tai-Trung-tam-hanh-chinh-Dong-Nai-663007.txt
2025-07-15 04:40:13,866 - INFO - ⏳ 4.33s between batches...
2025-07-15 04:40:18,193 - INFO - Processing batch 135 to 136
2025-07-15 04:40:19,672 - INFO - ⏳ Waiting 2.13s for user emulation...
2025-07-15 04:40:22,894 - INFO - ⏳ Waiting 5.35s for user emulation...
2025-07-15 04:40:29,557 - INFO - Saved txt: download_bomayhanhchinh/236_Quyet-dinh-36-2025-QD-UBND-chuc-nang-nhiem-vu-quyen-han-co-cau-to-chuc-Thanh-tra-Ha-Tinh-663191.txt
2025-07-15 04:40:29,621 - INFO - ⏳ 3.34s between batches...
2025-07-15 04:40:32,966 - INFO - Processing batch 136 to 137
2025-07-15 04:40:34,547 - INFO - ⏳ Waiting 2.71s for user emulation...
2025-07-15 04:40:38,375 - INFO - ⏳ Waiting 3.96s for user emulation...
2025-07-15 04:40:43,319 - INFO - Saved txt: download_bomayhanhchinh/237_Quyet-dinh-1270-QD-TTg-2025-danh-sach-don-vi-su-nghiep-cong-lap-truc-thuoc-Bo-Van-hoa-662468.txt
2025-07-15 04:40:43,384 - INFO - ⏳ 3.58s between batches...
2025-07-15 04:40:46,962 - INFO - Processing batch 137 to 138
2025-07-15 04:40:48,476 - INFO - ⏳ Waiting 3.52s for user emulation...
2025-07-15 04:40:53,361 - INFO - ⏳ Waiting 5.29s for user emulation...
2025-07-15 04:40:59,704 - INFO - Saved txt: download_bomayhanhchinh/238_Quyet-dinh-1672-QD-BGDDT-2025-cong-bo-thu-tuc-hanh-chinh-sua-doi-linh-vuc-giao-duc-giao-duc-662884.txt
2025-07-15 04:40:59,769 - INFO - ⏳ 3.46s between batches...
2025-07-15 04:41:03,225 - INFO - Processing batch 138 to 139
2025-07-15 04:41:04,780 - INFO - ⏳ Waiting 2.34s for user emulation...
2025-07-15 04:41:08,359 - INFO - ⏳ Waiting 5.76s for user emulation...
2025-07-15 04:41:14,827 - INFO - Saved txt: download_bomayhanhchinh/239_Quyet-dinh-1674-QD-BGDDT-2025-cong-bo-thu-tuc-hanh-chinh-sua-doi-linh-vuc-giao-duc-nghe-nghiep-662880.txt
2025-07-15 04:41:14,891 - INFO - ⏳ 3.02s between batches...
2025-07-15 04:41:17,909 - INFO - Processing batch 139 to 140
2025-07-15 04:41:19,517 - INFO - ⏳ Waiting 3.66s for user emulation...
2025-07-15 04:41:24,662 - INFO - ⏳ Waiting 3.26s for user emulation...
2025-07-15 04:41:29,419 - INFO - Saved txt: download_bomayhanhchinh/240_Quyet-dinh-364-QD-BDTTG-2025-cong-bo-thu-tuc-hanh-chinh-sua-doi-thuoc-Bo-Dan-toc-Ton-giao-662885.txt
2025-07-15 04:41:29,484 - INFO - ⏳ 3.60s between batches...
2025-07-15 04:41:33,085 - INFO - Processing batch 140 to 141
2025-07-15 04:41:34,745 - INFO - ⏳ Waiting 2.01s for user emulation...
2025-07-15 04:41:37,991 - INFO - ⏳ Waiting 3.08s for user emulation...
2025-07-15 04:41:42,247 - INFO - Saved txt: download_bomayhanhchinh/241_Quyet-dinh-900-QD-BXD-2025-cong-bo-thu-tuc-hanh-chinh-sua-doi-linh-vuc-duong-sat-662692.txt
2025-07-15 04:41:42,311 - INFO - ⏳ 4.20s between batches...
2025-07-15 04:41:46,507 - INFO - Processing batch 141 to 142
2025-07-15 04:41:47,948 - INFO - ⏳ Waiting 3.48s for user emulation...
2025-07-15 04:41:52,762 - INFO - ⏳ Waiting 3.49s for user emulation...
2025-07-15 04:41:56,979 - INFO - Saved txt: download_bomayhanhchinh/242_Quyet-dinh-2122-QD-BTC-2025-cong-bo-thu-tuc-hanh-chinh-linh-vuc-quan-ly-thue-hai-quan-662250.txt
2025-07-15 04:41:57,044 - INFO - ⏳ 3.84s between batches...
2025-07-15 04:42:00,883 - INFO - Processing batch 142 to 143
2025-07-15 04:42:02,492 - INFO - ⏳ Waiting 2.55s for user emulation...
2025-07-15 04:42:06,140 - INFO - ⏳ Waiting 5.01s for user emulation...
2025-07-15 04:42:11,911 - INFO - Saved txt: download_bomayhanhchinh/243_Quyet-dinh-1254-QD-TTg-2025-kien-toan-Ban-Quan-ly-Quy-Den-on-dap-nghia-Trung-uong-662433.txt
2025-07-15 04:42:11,975 - INFO - ⏳ 3.19s between batches...
2025-07-15 04:42:15,169 - INFO - Processing batch 143 to 144
2025-07-15 04:42:16,863 - INFO - ⏳ Waiting 2.71s for user emulation...
2025-07-15 04:42:20,668 - INFO - ⏳ Waiting 4.14s for user emulation...
2025-07-15 04:42:25,794 - INFO - Saved txt: download_bomayhanhchinh/244_Chi-thi-08-CT-UBND-2025-to-chuc-thuc-hien-Tong-dieu-tra-nong-thon-nong-nghiep-Bac-Ninh-662376.txt
2025-07-15 04:42:25,859 - INFO - ⏳ 4.38s between batches...
2025-07-15 04:42:30,240 - INFO - Processing batch 144 to 145
2025-07-15 04:42:32,009 - INFO - ⏳ Waiting 2.26s for user emulation...
2025-07-15 04:42:35,515 - INFO - ⏳ Waiting 3.06s for user emulation...
2025-07-15 04:42:39,554 - INFO - Saved txt: download_bomayhanhchinh/245_Quyet-dinh-267-QD-VP-2025-cong-bo-thu-tuc-hanh-chinh-dau-gia-tai-san-So-Tu-phap-Tuyen-Quang-662224.txt
2025-07-15 04:42:39,619 - INFO - ⏳ 4.27s between batches...
2025-07-15 04:42:43,892 - INFO - Processing batch 145 to 146
2025-07-15 04:42:45,630 - INFO - ⏳ Waiting 2.34s for user emulation...
2025-07-15 04:42:49,089 - INFO - ⏳ Waiting 4.47s for user emulation...
2025-07-15 04:42:54,507 - INFO - Saved txt: download_bomayhanhchinh/246_Quyet-dinh-2113-QD-UBND-2025-cong-bo-thu-tuc-hanh-chinh-truc-tuyen-toan-trinh-So-Nong-nghiep-Thanh-Hoa-662456.txt
2025-07-15 04:42:54,572 - INFO - ⏳ 4.86s between batches...
2025-07-15 04:42:59,436 - INFO - Processing batch 146 to 147
2025-07-15 04:43:01,217 - INFO - ⏳ Waiting 2.12s for user emulation...
2025-07-15 04:43:04,446 - INFO - ⏳ Waiting 5.27s for user emulation...
2025-07-15 04:43:11,248 - INFO - Saved txt: download_bomayhanhchinh/247_Quyet-dinh-2117-QD-UBND-2025-cong-bo-thu-tuc-hanh-chinh-linh-vuc-Kham-benh-So-Y-te-Thanh-Hoa-662454.txt
2025-07-15 04:43:11,313 - INFO - ⏳ 4.94s between batches...
2025-07-15 04:43:16,257 - INFO - Processing batch 147 to 148
2025-07-15 04:43:17,820 - INFO - ⏳ Waiting 3.28s for user emulation...
2025-07-15 04:43:22,187 - INFO - ⏳ Waiting 4.90s for user emulation...
2025-07-15 04:43:28,316 - INFO - Saved txt: download_bomayhanhchinh/248_Quyet-dinh-2096-QD-UBND-2025-cong-bo-thu-tuc-hanh-chinh-linh-vuc-Lao-dong-So-Noi-vu-Thanh-Hoa-662223.txt
2025-07-15 04:43:28,380 - INFO - ⏳ 3.23s between batches...
2025-07-15 04:43:31,610 - INFO - Processing batch 148 to 149
2025-07-15 04:43:33,023 - INFO - ⏳ Waiting 3.48s for user emulation...
2025-07-15 04:43:37,727 - INFO - ⏳ Waiting 5.54s for user emulation...
2025-07-15 04:43:44,102 - INFO - Saved txt: download_bomayhanhchinh/249_Quyet-dinh-2074-QD-BYT-2025-cong-bo-thu-tuc-hanh-chinh-linh-vuc-Y-Duoc-co-truyen-662256.txt
2025-07-15 04:43:44,167 - INFO - ⏳ 4.43s between batches...
2025-07-15 04:43:48,599 - INFO - Processing batch 149 to 150
2025-07-15 04:43:50,174 - INFO - ⏳ Waiting 3.13s for user emulation...
2025-07-15 04:43:54,075 - INFO - ⏳ Waiting 4.08s for user emulation...
2025-07-15 04:44:07,117 - ERROR - ❌ Main content not found at https://thuvienphapluat.vn/van-ban/Bo-may-hanh-chinh/Quyet-dinh-2075-QD-BYT-2025-cong-bo-thu-tuc-hanh-chinh-Thiet-bi-y-te-tai-Nghi-dinh-148-2025-ND-CP-662255.aspx - saved image error download_bomayhanhchinh/error_file_250.png
2025-07-15 04:44:07,182 - INFO - ⏳ 3.76s between batches...
2025-07-15 04:44:10,946 - INFO - Processing batch 150 to 151
2025-07-15 04:44:12,654 - INFO - ⏳ Waiting 3.72s for user emulation...
2025-07-15 04:44:17,450 - INFO - ⏳ Waiting 4.55s for user emulation...
2025-07-15 04:44:22,872 - INFO - Saved txt: download_bomayhanhchinh/251_Quyet-dinh-2075-QD-BYT-2025-cong-bo-thu-tuc-hanh-chinh-moi-bi-bai-bo-linh-vuc-thiet-bi-y-te-662508.txt
2025-07-15 04:44:22,936 - INFO - ⏳ 4.17s between batches...
2025-07-15 04:44:27,108 - INFO - Processing batch 151 to 152
2025-07-15 04:44:28,801 - INFO - ⏳ Waiting 3.65s for user emulation...
2025-07-15 04:44:33,672 - INFO - ⏳ Waiting 4.63s for user emulation...
2025-07-15 04:44:38,989 - INFO - Saved txt: download_bomayhanhchinh/252_Quyet-dinh-5919-QD-KBNN-2025-chuc-nang-Phong-Giao-dich-thuoc-Kho-bac-Nha-nuoc-khu-vuc-663654.txt
2025-07-15 04:44:39,054 - INFO - ⏳ 3.08s between batches...
2025-07-15 04:44:42,139 - INFO - Processing batch 152 to 153
2025-07-15 04:44:43,855 - INFO - ⏳ Waiting 3.25s for user emulation...
2025-07-15 04:44:48,192 - INFO - ⏳ Waiting 4.97s for user emulation...
2025-07-15 04:44:54,496 - INFO - Saved txt: download_bomayhanhchinh/253_Thong-tu-09-2025-TT-NHNN-sua-doi-Thong-tu-25-2023-TT-NHNN-thi-dua-khen-thuong-nganh-Ngan-hang-662553.txt
2025-07-15 04:44:54,565 - INFO - ⏳ 4.67s between batches...
2025-07-15 04:44:59,231 - INFO - Processing batch 153 to 154
2025-07-15 04:45:00,696 - INFO - ⏳ Waiting 2.22s for user emulation...
2025-07-15 04:45:04,107 - INFO - ⏳ Waiting 4.15s for user emulation...
2025-07-15 04:45:09,411 - INFO - Saved txt: download_bomayhanhchinh/254_Quyet-dinh-2093-QD-BYT-2025-cong-bo-thu-tuc-hanh-chinh-linh-vuc-phong-benh-tai-148-2025-ND-CP-662415.txt
2025-07-15 04:45:09,476 - INFO - ⏳ 3.06s between batches...
2025-07-15 04:45:12,535 - INFO - Processing batch 154 to 155
2025-07-15 04:45:14,299 - INFO - ⏳ Waiting 2.53s for user emulation...
2025-07-15 04:45:18,115 - INFO - ⏳ Waiting 3.76s for user emulation...
2025-07-15 04:45:23,299 - INFO - Saved txt: download_bomayhanhchinh/255_Quyet-dinh-736-QD-UBND-2025-Phuong-an-cat-giam-thu-tuc-hanh-chinh-hoat-dong-san-xuat-Tuyen-Quang-662176.txt
2025-07-15 04:45:23,363 - INFO - ⏳ 4.63s between batches...
2025-07-15 04:45:27,992 - INFO - Processing batch 155 to 156
2025-07-15 04:45:29,662 - INFO - ⏳ Waiting 3.88s for user emulation...
2025-07-15 04:45:34,596 - INFO - ⏳ Waiting 4.83s for user emulation...
2025-07-15 04:45:40,175 - INFO - Saved txt: download_bomayhanhchinh/256_Quyet-dinh-1547-QD-UBND-2025-cong-bo-thu-tuc-hanh-chinh-Kham-benh-chua-benh-So-Y-te-Lai-Chau-662453.txt
2025-07-15 04:45:40,244 - INFO - ⏳ 4.75s between batches...
2025-07-15 04:45:44,996 - INFO - Processing batch 156 to 157
2025-07-15 04:45:46,696 - INFO - ⏳ Waiting 2.97s for user emulation...
2025-07-15 04:45:50,767 - INFO - ⏳ Waiting 5.14s for user emulation...
2025-07-15 04:45:57,412 - INFO - Saved txt: download_bomayhanhchinh/257_Quyet-dinh-965-QD-UBND-2025-cong-bo-thu-tuc-hanh-chinh-linh-vuc-duoc-pham-So-Y-te-Quang-Ngai-662457.txt
2025-07-15 04:45:57,476 - INFO - ⏳ 4.70s between batches...
2025-07-15 04:46:02,175 - INFO - Processing batch 157 to 158
2025-07-15 04:46:03,595 - INFO - ⏳ Waiting 2.92s for user emulation...
2025-07-15 04:46:07,771 - INFO - ⏳ Waiting 4.26s for user emulation...
2025-07-15 04:46:13,483 - INFO - Saved txt: download_bomayhanhchinh/258_Quyet-dinh-2205-QD-UBND-2025-cong-bo-thu-tuc-hanh-chinh-linh-vuc-Duoc-pham-So-Y-te-Quang-Binh-662455.txt
2025-07-15 04:46:13,547 - INFO - ⏳ 3.10s between batches...
2025-07-15 04:46:16,647 - INFO - Processing batch 158 to 159
2025-07-15 04:46:18,084 - INFO - ⏳ Waiting 3.82s for user emulation...
2025-07-15 04:46:23,112 - INFO - ⏳ Waiting 3.84s for user emulation...
2025-07-15 04:46:27,963 - INFO - Saved txt: download_bomayhanhchinh/259_Quyet-dinh-903-QD-BXD-2025-cong-bo-thu-tuc-hanh-chinh-nha-o-lien-quan-den-sap-xep-to-chuc-bo-may-663557.txt
2025-07-15 04:46:28,028 - INFO - ⏳ 4.50s between batches...
2025-07-15 04:46:32,530 - INFO - Processing batch 159 to 160
2025-07-15 04:46:34,006 - INFO - ⏳ Waiting 2.61s for user emulation...
2025-07-15 04:46:37,845 - INFO - ⏳ Waiting 4.07s for user emulation...
2025-07-15 04:46:42,821 - INFO - Saved txt: download_bomayhanhchinh/260_Thong-tu-02-2025-TT-BDTTG-huong-dan-chuc-nang-So-Dan-toc-va-Ton-giao-thuoc-Uy-ban-tinh-662559.txt
2025-07-15 04:46:42,886 - INFO - ⏳ 3.86s between batches...
2025-07-15 04:46:46,745 - INFO - Processing batch 160 to 161
2025-07-15 04:46:48,404 - INFO - ⏳ Waiting 2.15s for user emulation...
2025-07-15 04:46:51,724 - INFO - ⏳ Waiting 3.37s for user emulation...
2025-07-15 04:46:56,081 - INFO - Saved txt: download_bomayhanhchinh/261_Quyet-dinh-897-QD-TTPVHCC-2025-cong-bo-thu-tuc-hanh-chinh-linh-vuc-Tai-chinh-Uy-ban-Thanh-pho-Ha-Noi-662153.txt
2025-07-15 04:46:56,147 - INFO - ⏳ 4.64s between batches...
2025-07-15 04:47:00,787 - INFO - Processing batch 161 to 162
2025-07-15 04:47:02,404 - INFO - ⏳ Waiting 2.01s for user emulation...
2025-07-15 04:47:05,475 - INFO - ⏳ Waiting 4.31s for user emulation...
2025-07-15 04:47:10,928 - INFO - Saved txt: download_bomayhanhchinh/262_Quyet-dinh-49-2025-QD-UBND-bai-bo-Quyet-dinh-51-2016-QD-UBND-Lao-Cai-663023.txt
2025-07-15 04:47:10,992 - INFO - ⏳ 3.07s between batches...
2025-07-15 04:47:14,062 - INFO - Processing batch 162 to 163
2025-07-15 04:47:15,641 - INFO - ⏳ Waiting 2.52s for user emulation...
2025-07-15 04:47:19,318 - INFO - ⏳ Waiting 4.09s for user emulation...
2025-07-15 04:47:24,717 - INFO - Saved txt: download_bomayhanhchinh/263_Quyet-dinh-44-2025-QD-UBND-bai-bo-cac-Quyet-dinh-cua-Uy-ban-nhan-dan-Bac-Ninh-662375.txt
2025-07-15 04:47:24,782 - INFO - ⏳ 3.98s between batches...
2025-07-15 04:47:28,765 - INFO - Processing batch 163 to 164
2025-07-15 04:47:30,572 - INFO - ⏳ Waiting 3.82s for user emulation...
2025-07-15 04:47:35,597 - INFO - ⏳ Waiting 3.11s for user emulation...
2025-07-15 04:47:39,933 - INFO - Saved txt: download_bomayhanhchinh/264_Nghi-quyet-206-2025-QH15-co-che-dac-biet-xu-ly-kho-khan-vuong-mac-do-quy-dinh-cua-phap-luat-662225.txt
2025-07-15 04:47:39,998 - INFO - ⏳ 3.57s between batches...
2025-07-15 04:47:43,570 - INFO - Processing batch 164 to 165
2025-07-15 04:47:45,244 - INFO - ⏳ Waiting 2.94s for user emulation...
2025-07-15 04:47:49,323 - INFO - ⏳ Waiting 3.52s for user emulation...
2025-07-15 04:47:54,063 - INFO - Saved txt: download_bomayhanhchinh/265_Nghi-quyet-03-2025-NQ-HDND-bai-bo-mot-so-Nghi-quyet-cua-Hoi-dong-nhan-dan-tinh-Tien-Giang-662869.txt
2025-07-15 04:47:54,128 - INFO - ⏳ 4.29s between batches...
2025-07-15 04:47:58,417 - INFO - Processing batch 165 to 166
2025-07-15 04:48:00,137 - INFO - ⏳ Waiting 3.17s for user emulation...
2025-07-15 04:48:04,389 - INFO - ⏳ Waiting 5.24s for user emulation...
2025-07-15 04:48:10,989 - INFO - Saved txt: download_bomayhanhchinh/266_Nghi-quyet-11-2025-NQ-HDND-bai-bo-Nghi-quyet-03-2025-NQ-HDND-Thai-Binh-663017.txt
2025-07-15 04:48:11,053 - INFO - ⏳ 4.54s between batches...
2025-07-15 04:48:15,594 - INFO - Processing batch 166 to 167
2025-07-15 04:48:17,128 - INFO - ⏳ Waiting 3.43s for user emulation...
2025-07-15 04:48:21,890 - INFO - ⏳ Waiting 4.11s for user emulation...
2025-07-15 04:48:27,398 - INFO - Saved txt: download_bomayhanhchinh/267_Luat-To-chuc-Toa-an-nhan-dan-sua-doi-2025-so-81-2025-QH15-660533.txt
2025-07-15 04:48:27,464 - INFO - ⏳ 3.63s between batches...
2025-07-15 04:48:31,098 - INFO - Processing batch 167 to 168
2025-07-15 04:48:32,617 - INFO - ⏳ Waiting 2.50s for user emulation...
2025-07-15 04:48:36,146 - INFO - ⏳ Waiting 3.69s for user emulation...
2025-07-15 04:48:40,887 - INFO - Saved txt: download_bomayhanhchinh/268_Quyet-dinh-34-2025-QD-UBND-chuc-nang-nhiem-vu-quyen-han-So-Noi-vu-Dak-Lak-663112.txt
2025-07-15 04:48:40,952 - INFO - ⏳ 3.97s between batches...
2025-07-15 04:48:44,919 - INFO - Processing batch 168 to 169
2025-07-15 04:48:46,544 - INFO - ⏳ Waiting 2.96s for user emulation...
2025-07-15 04:48:50,837 - INFO - ⏳ Waiting 5.53s for user emulation...
2025-07-15 04:48:57,452 - INFO - Saved txt: download_bomayhanhchinh/269_Quyet-dinh-902-QD-BXD-2025-cong-bo-thu-tuc-hanh-chinh-linh-vuc-hang-hai-duong-thuy-noi-dia-662365.txt
2025-07-15 04:48:57,518 - INFO - ⏳ 3.93s between batches...
2025-07-15 04:49:01,451 - INFO - Processing batch 169 to 170
2025-07-15 04:49:02,977 - INFO - ⏳ Waiting 3.87s for user emulation...
2025-07-15 04:49:08,013 - INFO - ⏳ Waiting 5.07s for user emulation...
2025-07-15 04:49:14,502 - INFO - Saved txt: download_bomayhanhchinh/270_Thong-tu-03-2025-TT-BDTTG-huong-dan-Luat-Thi-dua-khen-thuong-linh-vuc-cong-tac-dan-toc-663713.txt
2025-07-15 04:49:14,567 - INFO - ⏳ 4.98s between batches...
2025-07-15 04:49:19,547 - INFO - Processing batch 170 to 171
2025-07-15 04:49:21,144 - INFO - ⏳ Waiting 3.23s for user emulation...
2025-07-15 04:49:25,573 - INFO - ⏳ Waiting 5.37s for user emulation...
2025-07-15 04:49:32,379 - INFO - Saved txt: download_bomayhanhchinh/271_Luat-To-chuc-Vien-kiem-sat-nhan-dan-sua-doi-2025-so-82-2025-QH15-660530.txt
2025-07-15 04:49:32,444 - INFO - ⏳ 4.23s between batches...
2025-07-15 04:49:36,673 - INFO - Processing batch 171 to 172
2025-07-15 04:49:38,107 - INFO - ⏳ Waiting 3.37s for user emulation...
2025-07-15 04:49:42,787 - INFO - ⏳ Waiting 4.12s for user emulation...
2025-07-15 04:49:48,236 - INFO - Saved txt: download_bomayhanhchinh/272_Luat-Can-bo-cong-chuc-2025-so-80-2025-QH15-649688.txt
2025-07-15 04:49:48,302 - INFO - ⏳ 4.76s between batches...
2025-07-15 04:49:53,065 - INFO - Processing batch 172 to 173
2025-07-15 04:49:54,757 - INFO - ⏳ Waiting 2.01s for user emulation...
2025-07-15 04:49:57,979 - INFO - ⏳ Waiting 4.86s for user emulation...
2025-07-15 04:50:03,857 - INFO - Saved txt: download_bomayhanhchinh/273_Quyet-dinh-2082-QD-BYT-2025-cong-bo-thu-tuc-hanh-chinh-linh-vuc-Dan-so-663207.txt
2025-07-15 04:50:03,922 - INFO - ⏳ 3.96s between batches...
2025-07-15 04:50:07,884 - INFO - Processing batch 173 to 174
2025-07-15 04:50:09,606 - INFO - ⏳ Waiting 3.23s for user emulation...
2025-07-15 04:50:13,918 - INFO - ⏳ Waiting 3.16s for user emulation...
2025-07-15 04:50:18,597 - INFO - Saved txt: download_bomayhanhchinh/274_Quyet-dinh-35-2025-QD-UBND-chuc-nang-nhiem-vu-quyen-han-Thanh-tra-tinh-Dien-Bien-662870.txt
2025-07-15 04:50:18,662 - INFO - ⏳ 4.68s between batches...
2025-07-15 04:50:23,340 - INFO - Processing batch 174 to 175
2025-07-15 04:50:24,955 - INFO - ⏳ Waiting 3.05s for user emulation...
2025-07-15 04:50:29,103 - INFO - ⏳ Waiting 4.94s for user emulation...
2025-07-15 04:50:34,866 - INFO - Saved txt: download_bomayhanhchinh/275_Nghi-quyet-117-2025-NQ-HDND-bai-bo-cac-Nghi-quyet-cua-Hoi-dong-nhan-dan-tinh-Gia-Lai-662694.txt
2025-07-15 04:50:34,930 - INFO - ⏳ 3.59s between batches...
2025-07-15 04:50:38,517 - INFO - Processing batch 175 to 176
2025-07-15 04:50:40,121 - INFO - ⏳ Waiting 2.83s for user emulation...
2025-07-15 04:50:44,064 - INFO - ⏳ Waiting 4.96s for user emulation...
2025-07-15 04:50:49,769 - INFO - Saved txt: download_bomayhanhchinh/276_Quyet-dinh-2209-QD-UBND-2025-Phuong-an-don-gian-hoa-thu-tuc-hanh-chinh-nong-nghiep-Ben-Tre-664018.txt
2025-07-15 04:50:49,834 - INFO - ⏳ 3.85s between batches...
2025-07-15 04:50:53,689 - INFO - Processing batch 176 to 177
2025-07-15 04:50:55,254 - INFO - ⏳ Waiting 3.88s for user emulation...
2025-07-15 04:51:00,154 - INFO - ⏳ Waiting 5.60s for user emulation...
2025-07-15 04:51:07,150 - INFO - Saved txt: download_bomayhanhchinh/277_Quyet-dinh-266-QD-VP-2025-quy-trinh-thu-tuc-hanh-chinh-linh-vuc-dat-dai-So-Nong-nghiep-Tuyen-Quang-662151.txt
2025-07-15 04:51:07,214 - INFO - ⏳ 3.36s between batches...
2025-07-15 04:51:10,570 - INFO - Processing batch 177 to 178
2025-07-15 04:51:12,092 - INFO - ⏳ Waiting 3.61s for user emulation...
2025-07-15 04:51:16,904 - INFO - ⏳ Waiting 4.51s for user emulation...
2025-07-15 04:51:22,293 - INFO - Saved txt: download_bomayhanhchinh/278_Quyet-dinh-1442-QD-BKHCN-2025-cong-bo-thu-tuc-hanh-chinh-theo-quy-dinh-phan-quyen-662252.txt
2025-07-15 04:51:22,360 - INFO - ⏳ 4.42s between batches...
2025-07-15 04:51:26,784 - INFO - Processing batch 178 to 179
2025-07-15 04:51:28,376 - INFO - ⏳ Waiting 2.59s for user emulation...
2025-07-15 04:51:32,116 - INFO - ⏳ Waiting 5.48s for user emulation...
2025-07-15 04:51:38,342 - INFO - Saved txt: download_bomayhanhchinh/279_Quyet-dinh-2069-QD-BYT-2025-bai-bo-quy-dinh-cap-huyen-tai-Thong-tu-48-2015-TT-BYT-662253.txt
2025-07-15 04:51:38,407 - INFO - ⏳ 3.82s between batches...
2025-07-15 04:51:42,230 - INFO - Processing batch 179 to 180
2025-07-15 04:51:43,670 - INFO - ⏳ Waiting 2.40s for user emulation...
2025-07-15 04:51:47,422 - INFO - ⏳ Waiting 5.76s for user emulation...
2025-07-15 04:51:54,226 - INFO - Saved txt: download_bomayhanhchinh/280_Quyet-dinh-2305-QD-BNNMT-2025-cong-bo-thu-tuc-hanh-chinh-moi-linh-vuc-thuy-loi-662249.txt
2025-07-15 04:51:54,291 - INFO - ⏳ 3.25s between batches...
2025-07-15 04:51:57,540 - INFO - Processing batch 180 to 181
2025-07-15 04:51:59,326 - INFO - ⏳ Waiting 3.88s for user emulation...
2025-07-15 04:52:04,399 - INFO - ⏳ Waiting 4.06s for user emulation...
2025-07-15 04:52:09,568 - INFO - Saved txt: download_bomayhanhchinh/281_Quyet-dinh-2310-QD-BNNMT-2025-cong-bo-thu-tuc-hanh-chinh-linh-vuc-thuy-san-duoc-sua-doi-662592.txt
2025-07-15 04:52:09,633 - INFO - ⏳ 4.49s between batches...
2025-07-15 04:52:14,122 - INFO - Processing batch 181 to 182
2025-07-15 04:52:16,150 - INFO - ⏳ Waiting 2.38s for user emulation...
2025-07-15 04:52:19,707 - INFO - ⏳ Waiting 3.92s for user emulation...
2025-07-15 04:52:24,667 - INFO - Saved txt: download_bomayhanhchinh/282_Quyet-dinh-2301-QD-BNNMT-2025-cong-bo-thu-tuc-hanh-chinh-linh-vuc-tai-nguyen-nuoc-662914.txt
2025-07-15 04:52:24,734 - INFO - ⏳ 3.69s between batches...
2025-07-15 04:52:28,421 - INFO - Processing batch 182 to 183
2025-07-15 04:52:30,186 - INFO - ⏳ Waiting 3.20s for user emulation...
2025-07-15 04:52:34,775 - INFO - ⏳ Waiting 3.20s for user emulation...
2025-07-15 04:52:39,249 - INFO - Saved txt: download_bomayhanhchinh/283_Quyet-dinh-2103-QD-BTC-2025-cong-bo-thu-tuc-hanh-chinh-linh-vuc-thanh-lap-ho-tro-hop-tac-xa-662691.txt
2025-07-15 04:52:39,313 - INFO - ⏳ 3.25s between batches...
2025-07-15 04:52:42,564 - INFO - Processing batch 183 to 184
2025-07-15 04:52:44,418 - INFO - ⏳ Waiting 2.92s for user emulation...
2025-07-15 04:52:48,382 - INFO - ⏳ Waiting 3.32s for user emulation...
2025-07-15 04:53:01,210 - ERROR - ❌ Main content not found at https://thuvienphapluat.vn/van-ban/Bo-may-hanh-chinh/Quyet-dinh-439-QD-UBND-2025-tru-so-lam-viec-co-quan-hanh-chinh-cap-tinh-sau-sap-xep-Quang-Ngai-662086.aspx - saved image error download_bomayhanhchinh/error_file_284.png
2025-07-15 04:53:01,275 - INFO - ⏳ 3.46s between batches...
2025-07-15 04:53:04,731 - INFO - Processing batch 184 to 185
2025-07-15 04:53:06,538 - INFO - ⏳ Waiting 3.60s for user emulation...
2025-07-15 04:53:11,131 - INFO - ⏳ Waiting 4.78s for user emulation...
2025-07-15 04:53:24,827 - ERROR - ❌ Main content not found at https://thuvienphapluat.vn/van-ban/Bo-may-hanh-chinh/Quyet-dinh-2045-QD-BYT-2025-cong-bo-thu-tuc-hanh-chinh-linh-vuc-Kham-benh-chua-benh-662930.aspx - saved image error download_bomayhanhchinh/error_file_285.png
2025-07-15 04:53:24,891 - INFO - ⏳ 4.55s between batches...
2025-07-15 04:53:29,439 - INFO - Processing batch 185 to 186
2025-07-15 04:53:30,984 - INFO - ⏳ Waiting 3.55s for user emulation...
2025-07-15 04:53:35,581 - INFO - ⏳ Waiting 4.37s for user emulation...
2025-07-15 04:53:49,341 - ERROR - ❌ Main content not found at https://thuvienphapluat.vn/van-ban/Bo-may-hanh-chinh/Quyet-dinh-1568-QD-UBND-2025-quy-trinh-thu-tuc-hanh-chinh-So-Xay-dung-Thanh-pho-Can-Tho-662051.aspx - saved image error download_bomayhanhchinh/error_file_286.png
2025-07-15 04:53:49,406 - INFO - ⏳ 5.00s between batches...
2025-07-15 04:53:54,404 - INFO - Processing batch 186 to 187
2025-07-15 04:53:56,108 - INFO - ⏳ Waiting 3.20s for user emulation...
2025-07-15 04:54:00,322 - INFO - ⏳ Waiting 4.41s for user emulation...
2025-07-15 04:54:13,907 - ERROR - ❌ Main content not found at https://thuvienphapluat.vn/van-ban/Bat-dong-san/Quyet-dinh-2072-QD-UBND-2025-cong-bo-thu-tuc-hanh-chinh-linh-vuc-Nha-o-So-Xay-dung-Thanh-Hoa-662460.aspx - saved image error download_bomayhanhchinh/error_file_287.png
2025-07-15 04:54:13,972 - INFO - ⏳ 4.34s between batches...
2025-07-15 04:54:18,313 - INFO - Processing batch 187 to 188
2025-07-15 04:54:19,974 - INFO - ⏳ Waiting 2.86s for user emulation...
2025-07-15 04:54:23,843 - INFO - ⏳ Waiting 3.14s for user emulation...
2025-07-15 04:54:36,773 - ERROR - ❌ Main content not found at https://thuvienphapluat.vn/van-ban/Bo-may-hanh-chinh/Quyet-dinh-2071-QD-UBND-2025-cong-bo-thu-tuc-hanh-chinh-linh-vuc-Hang-hai-So-Xay-dung-Thanh-Hoa-662459.aspx - saved image error download_bomayhanhchinh/error_file_288.png
2025-07-15 04:54:36,837 - INFO - ⏳ 3.15s between batches...
2025-07-15 04:54:39,985 - INFO - Processing batch 188 to 189
2025-07-15 04:54:41,467 - INFO - ⏳ Waiting 2.13s for user emulation...
2025-07-15 04:54:44,741 - INFO - ⏳ Waiting 4.75s for user emulation...
2025-07-15 04:54:58,891 - ERROR - ❌ Main content not found at https://thuvienphapluat.vn/van-ban/Bo-may-hanh-chinh/Quyet-dinh-2064-QD-UBND-2025-cong-bo-thu-tuc-hanh-chinh-Bao-chi-Xuat-ban-So-Van-hoa-Thanh-Hoa-662159.aspx - saved image error download_bomayhanhchinh/error_file_289.png
2025-07-15 04:54:58,956 - INFO - ⏳ 4.52s between batches...
2025-07-15 04:55:03,481 - INFO - Processing batch 189 to 190
2025-07-15 04:55:05,102 - INFO - ⏳ Waiting 3.47s for user emulation...
2025-07-15 04:55:09,876 - INFO - ⏳ Waiting 4.80s for user emulation...
2025-07-15 04:55:24,121 - ERROR - ❌ Main content not found at https://thuvienphapluat.vn/van-ban/Bo-may-hanh-chinh/Quyet-dinh-2063-QD-UBND-2025-cong-bo-thu-tuc-hanh-chinh-Quan-ly-ve-hoi-So-Noi-vu-Thanh-Hoa-662157.aspx - saved image error download_bomayhanhchinh/error_file_290.png
2025-07-15 04:55:24,188 - INFO - ⏳ 3.82s between batches...
2025-07-15 04:55:28,011 - INFO - Processing batch 190 to 191
2025-07-15 04:55:29,573 - INFO - ⏳ Waiting 3.49s for user emulation...
2025-07-15 04:55:34,021 - INFO - ⏳ Waiting 3.46s for user emulation...
2025-07-15 04:55:46,025 - WARNING - Retrying (Retry(total=2, connect=None, read=None, redirect=None, status=None)) after connection broken by 'NewConnectionError('<urllib3.connection.HTTPConnection object at 0x77a883f66990>: Failed to establish a new connection: [Errno 111] Connection refused')': /session/33cc12a2bc69ba11ac184a442366bd79/element
2025-07-15 04:55:46,026 - WARNING - Retrying (Retry(total=1, connect=None, read=None, redirect=None, status=None)) after connection broken by 'NewConnectionError('<urllib3.connection.HTTPConnection object at 0x77a888d86300>: Failed to establish a new connection: [Errno 111] Connection refused')': /session/33cc12a2bc69ba11ac184a442366bd79/element
2025-07-15 04:55:46,026 - WARNING - Retrying (Retry(total=0, connect=None, read=None, redirect=None, status=None)) after connection broken by 'NewConnectionError('<urllib3.connection.HTTPConnection object at 0x77a8885fa270>: Failed to establish a new connection: [Errno 111] Connection refused')': /session/33cc12a2bc69ba11ac184a442366bd79/element
2025-07-15 04:55:46,027 - WARNING - Retrying (Retry(total=2, connect=None, read=None, redirect=None, status=None)) after connection broken by 'NewConnectionError('<urllib3.connection.HTTPConnection object at 0x77a88937cfe0>: Failed to establish a new connection: [Errno 111] Connection refused')': /session/33cc12a2bc69ba11ac184a442366bd79/screenshot
2025-07-15 04:55:46,028 - WARNING - Retrying (Retry(total=1, connect=None, read=None, redirect=None, status=None)) after connection broken by 'NewConnectionError('<urllib3.connection.HTTPConnection object at 0x77a883f384a0>: Failed to establish a new connection: [Errno 111] Connection refused')': /session/33cc12a2bc69ba11ac184a442366bd79/screenshot
2025-07-15 04:55:46,028 - WARNING - Retrying (Retry(total=0, connect=None, read=None, redirect=None, status=None)) after connection broken by 'NewConnectionError('<urllib3.connection.HTTPConnection object at 0x77a883f677a0>: Failed to establish a new connection: [Errno 111] Connection refused')': /session/33cc12a2bc69ba11ac184a442366bd79/screenshot
2025-07-15 04:55:46,028 - ERROR - Error saving document TXT 190: HTTPConnectionPool(host='localhost', port=37413): Max retries exceeded with url: /session/33cc12a2bc69ba11ac184a442366bd79/screenshot (Caused by NewConnectionError('<urllib3.connection.HTTPConnection object at 0x77a883f66180>: Failed to establish a new connection: [Errno 111] Connection refused'))
2025-07-15 04:55:46,029 - WARNING - Retrying (Retry(total=2, connect=None, read=None, redirect=None, status=None)) after connection broken by 'NewConnectionError('<urllib3.connection.HTTPConnection object at 0x77a883f66660>: Failed to establish a new connection: [Errno 111] Connection refused')': /session/33cc12a2bc69ba11ac184a442366bd79/screenshot
2025-07-15 04:55:46,029 - WARNING - Retrying (Retry(total=1, connect=None, read=None, redirect=None, status=None)) after connection broken by 'NewConnectionError('<urllib3.connection.HTTPConnection object at 0x77a883f66c30>: Failed to establish a new connection: [Errno 111] Connection refused')': /session/33cc12a2bc69ba11ac184a442366bd79/screenshot
2025-07-15 04:55:46,030 - WARNING - Retrying (Retry(total=0, connect=None, read=None, redirect=None, status=None)) after connection broken by 'NewConnectionError('<urllib3.connection.HTTPConnection object at 0x77a883f66480>: Failed to establish a new connection: [Errno 111] Connection refused')': /session/33cc12a2bc69ba11ac184a442366bd79/screenshot
2025-07-15 04:55:46,031 - WARNING - Retrying (Retry(total=2, connect=None, read=None, redirect=None, status=None)) after connection broken by 'NewConnectionError('<urllib3.connection.HTTPConnection object at 0x77a883f662a0>: Failed to establish a new connection: [Errno 111] Connection refused')': /session/33cc12a2bc69ba11ac184a442366bd79
2025-07-15 04:55:46,031 - WARNING - Retrying (Retry(total=1, connect=None, read=None, redirect=None, status=None)) after connection broken by 'NewConnectionError('<urllib3.connection.HTTPConnection object at 0x77a883f66420>: Failed to establish a new connection: [Errno 111] Connection refused')': /session/33cc12a2bc69ba11ac184a442366bd79
2025-07-15 04:55:46,032 - WARNING - Retrying (Retry(total=0, connect=None, read=None, redirect=None, status=None)) after connection broken by 'NewConnectionError('<urllib3.connection.HTTPConnection object at 0x77a883f65d00>: Failed to establish a new connection: [Errno 111] Connection refused')': /session/33cc12a2bc69ba11ac184a442366bd79
2025-07-15 10:23:40,022 - INFO - Total 3438 links found in bomayhanhchinh.txt
2025-07-15 10:23:40,139 - INFO - Processing batch 0 to 1
2025-07-15 10:24:07,697 - INFO - ⏳ Waiting 2.76s for user emulation...
2025-07-15 10:24:11,954 - INFO - ⏳ Waiting 3.98s for user emulation...
2025-07-15 10:24:17,098 - INFO - Saved txt: download_bomayhanhchinh/284_Cong-dien-98-CD-TTg-2025-bao-dam-nhiem-vu-linh-vuc-tai-chinh-hieu-qua-sap-xep-don-vi-hanh-chinh-662986.txt
2025-07-15 10:24:17,166 - INFO - ⏳ 4.03s between batches...
2025-07-15 10:30:34,434 - INFO - Total 3438 links found in bomayhanhchinh.txt
2025-07-15 10:30:34,435 - INFO - Processing batch 0 to 1
2025-07-15 10:30:36,486 - INFO - ⏳ Waiting 3.42s for user emulation...
2025-07-15 10:30:40,996 - INFO - ⏳ Waiting 4.99s for user emulation...
2025-07-15 10:30:46,871 - INFO - Saved txt: download_bomayhanhchinh/new_Cong-dien-98-CD-TTg-2025-bao-dam-nhiem-vu-linh-vuc-tai-chinh-hieu-qua-sap-xep-don-vi-hanh-chinh-662986.txt
2025-07-15 10:30:46,936 - INFO - ⏳ 4.02s between batches...
2025-07-15 10:30:50,956 - INFO - Processing batch 1 to 2
2025-07-15 10:30:53,143 - INFO - ⏳ Waiting 3.96s for user emulation...
2025-07-15 10:30:58,341 - INFO - ⏳ Waiting 5.74s for user emulation...
2025-07-15 10:31:05,211 - INFO - Saved txt: download_bomayhanhchinh/new_Nghi-quyet-85-2025-UBTVQH15-phe-chuan-thanh-lap-Toa-Phuc-tham-Toa-an-nhan-dan-toi-cao-663716.txt
2025-07-15 10:31:05,276 - INFO - ⏳ 4.79s between batches...
2025-07-15 10:31:10,065 - INFO - Processing batch 2 to 3
2025-07-15 10:31:11,736 - INFO - ⏳ Waiting 2.31s for user emulation...
2025-07-15 10:31:15,159 - INFO - ⏳ Waiting 4.73s for user emulation...
2025-07-15 10:31:20,769 - INFO - Saved txt: download_bomayhanhchinh/new_Quyet-dinh-2391-QD-BNNMT-2025-cong-bo-thu-tuc-hanh-chinh-sua-doi-linh-vuc-lam-nghiep-663513.txt
2025-07-15 10:31:20,833 - INFO - ⏳ 3.38s between batches...
2025-07-15 10:31:24,214 - INFO - Processing batch 3 to 4
2025-07-15 10:31:25,911 - INFO - ⏳ Waiting 3.06s for user emulation...
2025-07-15 10:31:30,271 - INFO - ⏳ Waiting 5.94s for user emulation...
2025-07-15 10:31:37,591 - INFO - Saved txt: download_bomayhanhchinh/new_Thong-tu-48-2025-TT-BCA-sua-doi-Thong-tu-09-2024-TT-BCA-cong-tac-dan-van-Cong-an-nhan-dan-663450.txt
2025-07-15 10:31:37,656 - INFO - ⏳ 4.18s between batches...
2025-07-15 10:31:41,834 - INFO - Processing batch 4 to 5
2025-07-15 10:31:43,534 - INFO - ⏳ Waiting 2.01s for user emulation...
2025-07-15 10:31:46,617 - INFO - ⏳ Waiting 3.35s for user emulation...
2025-07-15 10:31:50,577 - INFO - Saved txt: download_bomayhanhchinh/new_Nghi-quyet-84-2025-UBTVQH15-thanh-lap-Vien-kiem-sat-nhan-dan-cap-tinh-Vien-kiem-sat-nhan-dan-khu-vuc-663715.txt
2025-07-15 10:31:50,641 - INFO - ⏳ 3.82s between batches...
2025-07-15 10:31:54,461 - INFO - Processing batch 5 to 6
2025-07-15 10:31:56,481 - INFO - ⏳ Waiting 3.37s for user emulation...
2025-07-15 10:32:00,934 - INFO - ⏳ Waiting 4.76s for user emulation...
2025-07-15 10:32:07,166 - INFO - Saved txt: download_bomayhanhchinh/new_Quyet-dinh-1393-QD-TTg-2025-thanh-lap-Ban-Quan-ly-Khu-kinh-te-tinh-Quang-Tri-662978.txt
2025-07-15 10:32:07,230 - INFO - ⏳ 4.99s between batches...
2025-07-15 10:32:12,217 - INFO - Processing batch 6 to 7
2025-07-15 10:32:13,870 - INFO - ⏳ Waiting 2.08s for user emulation...
2025-07-15 10:32:16,985 - INFO - ⏳ Waiting 4.09s for user emulation...
2025-07-15 10:32:22,553 - INFO - Saved txt: download_bomayhanhchinh/new_Quyet-dinh-1392-QD-TTg-2025-thanh-lap-Ban-Quan-ly-cac-khu-cong-nghiep-tinh-Thai-Nguyen-662977.txt
2025-07-15 10:32:22,618 - INFO - ⏳ 4.12s between batches...
2025-07-15 10:32:26,734 - INFO - Processing batch 7 to 8
2025-07-15 10:32:28,132 - INFO - ⏳ Waiting 3.58s for user emulation...
2025-07-15 10:32:33,079 - INFO - ⏳ Waiting 5.09s for user emulation...
2025-07-15 10:32:39,664 - INFO - Saved txt: download_bomayhanhchinh/new_Quyet-dinh-1753-QD-BGDDT-2025-Phuong-an-cat-giam-07-thu-tuc-hanh-chinh-san-xuat-kinh-doanh-663614.txt
2025-07-15 10:32:39,729 - INFO - ⏳ 4.51s between batches...
2025-07-15 10:32:44,243 - INFO - Processing batch 8 to 9
2025-07-15 10:32:45,742 - INFO - ⏳ Waiting 2.14s for user emulation...
2025-07-15 10:32:48,919 - INFO - ⏳ Waiting 4.89s for user emulation...
2025-07-15 10:32:55,232 - INFO - Saved txt: download_bomayhanhchinh/new_Quyet-dinh-26-2025-QD-UBND-bai-bo-cac-van-ban-quy-pham-phap-luat-Tuyen-Quang-662742.txt
2025-07-15 10:32:55,296 - INFO - ⏳ 3.06s between batches...
2025-07-15 10:32:58,354 - INFO - Processing batch 9 to 10
2025-07-15 10:32:59,906 - INFO - ⏳ Waiting 3.86s for user emulation...
2025-07-15 10:33:04,951 - INFO - ⏳ Waiting 3.34s for user emulation...
2025-07-15 10:33:08,975 - INFO - Saved txt: download_bomayhanhchinh/new_Quyet-dinh-1629-QD-UBND-2025-cong-bo-thu-tuc-hanh-chinh-khoa-hoc-cong-nghe-So-Khoa-hoc-Lai-Chau-662823.txt
2025-07-15 10:33:09,039 - INFO - ⏳ 4.28s between batches...
2025-07-15 10:33:13,315 - INFO - Processing batch 10 to 11
2025-07-15 10:33:14,899 - INFO - ⏳ Waiting 3.45s for user emulation...
2025-07-15 10:33:19,498 - INFO - ⏳ Waiting 3.99s for user emulation...
2025-07-15 10:33:24,356 - INFO - Saved txt: download_bomayhanhchinh/new_Quyet-dinh-1755-QD-BGDDT-2025-cong-bo-thu-tuc-hanh-chinh-chuan-hoa-thuoc-Bo-Giao-duc-Dao-tao-663329.txt
2025-07-15 10:33:24,421 - INFO - ⏳ 3.70s between batches...
2025-07-15 10:33:28,116 - INFO - Processing batch 11 to 12
2025-07-15 10:33:29,717 - INFO - ⏳ Waiting 3.55s for user emulation...
2025-07-15 10:33:34,704 - INFO - ⏳ Waiting 3.15s for user emulation...
2025-07-15 10:33:38,489 - INFO - Saved txt: download_bomayhanhchinh/new_Nghi-quyet-82-2025-UBTVQH15-sua-doi-Nghi-quyet-dieu-kien-cua-tung-bac-Tham-phan-Toa-an-nhan-dan-623011.txt
2025-07-15 10:33:38,554 - INFO - ⏳ 4.68s between batches...
2025-07-15 10:33:43,234 - INFO - Processing batch 12 to 13
2025-07-15 10:33:44,741 - INFO - ⏳ Waiting 2.11s for user emulation...
2025-07-15 10:33:47,924 - INFO - ⏳ Waiting 4.62s for user emulation...
2025-07-15 10:33:53,971 - INFO - Saved txt: download_bomayhanhchinh/new_Cong-dien-99-CD-TTg-2025-bao-dam-van-hanh-mo-hinh-to-chuc-chinh-quyen-02-cap-thong-suot-662987.txt
2025-07-15 10:33:54,035 - INFO - ⏳ 4.21s between batches...
2025-07-15 10:33:58,241 - INFO - Processing batch 13 to 14
2025-07-15 10:34:00,129 - INFO - ⏳ Waiting 2.76s for user emulation...
2025-07-15 10:34:03,980 - INFO - ⏳ Waiting 5.11s for user emulation...
2025-07-15 10:34:10,087 - INFO - Saved txt: download_bomayhanhchinh/new_Quyet-dinh-2194-QD-BTC-2025-cong-bo-thu-tuc-hanh-chinh-linh-vuc-kinh-doanh-bao-hiem-663206.txt
2025-07-15 10:34:10,152 - INFO - ⏳ 3.66s between batches...
2025-07-15 10:34:13,812 - INFO - Processing batch 14 to 15
2025-07-15 10:34:15,962 - INFO - ⏳ Waiting 3.07s for user emulation...
2025-07-15 10:34:20,300 - INFO - ⏳ Waiting 5.77s for user emulation...
2025-07-15 10:34:27,380 - INFO - Saved txt: download_bomayhanhchinh/new_Quyet-dinh-383-QD-BDTTG-2025-dinh-chinh-Thong-tu-04-2025-TT-BDTTG-sua-doi-Thong-tu-01-2022-TT-UBDT-663362.txt
2025-07-15 10:34:27,445 - INFO - ⏳ 4.08s between batches...
2025-07-15 10:34:31,525 - INFO - Processing batch 15 to 16
2025-07-15 10:34:33,115 - INFO - ⏳ Waiting 3.33s for user emulation...
2025-07-15 10:34:37,728 - INFO - ⏳ Waiting 4.31s for user emulation...
2025-07-15 10:34:43,038 - INFO - Saved txt: download_bomayhanhchinh/new_Nghi-quyet-81-2025-UBTVQH15-thanh-lap-Toa-an-nhan-dan-cap-tinh-Toa-an-nhan-dan-khu-vuc-662791.txt
2025-07-15 10:34:43,104 - INFO - ⏳ 4.18s between batches...
2025-07-15 10:34:47,285 - INFO - Processing batch 16 to 17
2025-07-15 10:34:48,927 - INFO - ⏳ Waiting 2.03s for user emulation...
2025-07-15 10:34:52,242 - INFO - ⏳ Waiting 5.20s for user emulation...
2025-07-15 10:34:58,391 - INFO - Saved txt: download_bomayhanhchinh/new_Luat-sua-doi-Luat-Mat-tran-To-quoc-Viet-Nam-Luat-Cong-doan-Luat-Thanh-nien-2025-663709.txt
2025-07-15 10:34:59,457 - INFO - ⏳ 4.30s between batches...
2025-07-15 10:35:03,760 - INFO - Processing batch 17 to 18
2025-07-15 10:35:05,342 - INFO - ⏳ Waiting 2.82s for user emulation...
2025-07-15 10:35:09,523 - INFO - ⏳ Waiting 4.60s for user emulation...
2025-07-15 10:35:15,577 - INFO - Saved txt: download_bomayhanhchinh/new_Nghi-quyet-193-NQ-CP-2025-phong-chong-tham-nhung-trong-quan-ly-su-dung-tai-san-cong-662982.txt
2025-07-15 10:35:15,642 - INFO - ⏳ 4.11s between batches...
2025-07-15 10:35:19,750 - INFO - Processing batch 18 to 19
2025-07-15 10:35:21,699 - INFO - ⏳ Waiting 2.07s for user emulation...
2025-07-15 10:35:24,911 - INFO - ⏳ Waiting 4.23s for user emulation...
2025-07-15 10:35:29,788 - INFO - Saved txt: download_bomayhanhchinh/new_Quyet-dinh-5461-QD-BCA-C07-2025-cong-bo-thu-tuc-hanh-chinh-linh-vuc-phong-chay-chua-chay-663884.txt
2025-07-15 10:35:29,859 - INFO - ⏳ 3.46s between batches...
2025-07-15 10:35:33,322 - INFO - Processing batch 19 to 20
2025-07-15 10:35:35,560 - INFO - ⏳ Waiting 2.81s for user emulation...
2025-07-15 10:35:39,555 - INFO - ⏳ Waiting 4.51s for user emulation...
2025-07-15 10:35:44,803 - INFO - Saved txt: download_bomayhanhchinh/new_Quyet-dinh-382-QD-BDTTG-2025-dinh-chinh-Thong-tu-06-2025-TT-BDTTG-663706.txt
2025-07-15 10:35:44,868 - INFO - ⏳ 3.54s between batches...
2025-07-15 10:35:48,411 - INFO - Processing batch 20 to 21
2025-07-15 10:35:50,426 - INFO - ⏳ Waiting 2.16s for user emulation...
2025-07-15 10:35:53,740 - INFO - ⏳ Waiting 4.14s for user emulation...
2025-07-15 10:35:58,808 - INFO - Saved txt: download_bomayhanhchinh/new_Quyet-dinh-46-2025-QD-UBND-chuc-nang-nhiem-vu-Trung-tam-Giao-duc-Thuong-xuyen-Hai-Phong-663001.txt
2025-07-15 10:35:58,875 - INFO - ⏳ 3.48s between batches...
2025-07-15 10:36:02,354 - INFO - Processing batch 21 to 22
2025-07-15 10:36:03,840 - INFO - ⏳ Waiting 2.56s for user emulation...
2025-07-15 10:36:07,490 - INFO - ⏳ Waiting 5.90s for user emulation...
2025-07-15 10:36:14,596 - INFO - Saved txt: download_bomayhanhchinh/new_Quyet-dinh-45-2025-QD-UBND-chuc-nang-nhiem-vu-Ban-Quan-ly-cang-ca-ben-ca-Hai-Phong-662994.txt
2025-07-15 10:36:14,662 - INFO - ⏳ 4.51s between batches...
2025-07-15 10:36:19,171 - INFO - Processing batch 22 to 23
2025-07-15 10:36:21,336 - INFO - ⏳ Waiting 3.82s for user emulation...
2025-07-15 10:36:26,190 - INFO - ⏳ Waiting 4.66s for user emulation...
2025-07-15 10:36:31,398 - INFO - Saved txt: download_bomayhanhchinh/new_Quyet-dinh-43-2025-QD-UBND-chuc-nang-nhiem-vu-quyen-han-Trung-tam-Khuyen-nong-Hai-Phong-662996.txt
2025-07-15 10:36:31,464 - INFO - ⏳ 3.98s between batches...
2025-07-15 10:36:35,440 - INFO - Processing batch 23 to 24
2025-07-15 10:36:37,177 - INFO - ⏳ Waiting 3.69s for user emulation...
2025-07-15 10:36:41,982 - INFO - ⏳ Waiting 4.90s for user emulation...
2025-07-15 10:36:47,467 - INFO - Saved txt: download_bomayhanhchinh/new_Quyet-dinh-44-2025-QD-UBND-chuc-nang-nhiem-vu-Trung-tam-Quan-trac-moi-truong-Hai-Phong-662995.txt
2025-07-15 10:36:47,532 - INFO - ⏳ 3.61s between batches...
2025-07-15 10:36:51,140 - INFO - Processing batch 24 to 25
2025-07-15 10:36:52,796 - INFO - ⏳ Waiting 3.12s for user emulation...
2025-07-15 10:36:56,979 - INFO - ⏳ Waiting 3.28s for user emulation...
2025-07-15 10:37:01,664 - INFO - Saved txt: download_bomayhanhchinh/new_Quyet-dinh-42-2025-QD-UBND-chuc-nang-nhiem-vu-Van-phong-Dang-ky-dat-dai-Hai-Phong-662993.txt
2025-07-15 10:37:01,729 - INFO - ⏳ 3.63s between batches...
2025-07-15 10:37:05,355 - INFO - Processing batch 25 to 26
2025-07-15 10:37:06,838 - INFO - ⏳ Waiting 3.55s for user emulation...
2025-07-15 10:37:11,516 - INFO - ⏳ Waiting 3.63s for user emulation...
2025-07-15 10:37:16,078 - INFO - Saved txt: download_bomayhanhchinh/new_Quyet-dinh-50-2025-QD-UBND-chuc-nang-nhiem-vu-Ban-Quan-ly-du-an-dau-tu-xay-dung-Nam-Dinh-663003.txt
2025-07-15 10:37:16,142 - INFO - ⏳ 4.75s between batches...
2025-07-15 10:37:20,895 - INFO - Processing batch 26 to 27
2025-07-15 10:37:22,365 - INFO - ⏳ Waiting 3.78s for user emulation...
2025-07-15 10:37:27,301 - INFO - ⏳ Waiting 3.48s for user emulation...
2025-07-15 10:37:31,519 - INFO - Saved txt: download_bomayhanhchinh/new_Quyet-dinh-52-2025-QD-UBND-chuc-nang-nhiem-vu-Benh-vien-Da-khoa-Nam-Dinh-thuoc-So-Y-te-Nam-Dinh-663000.txt
2025-07-15 10:37:31,583 - INFO - ⏳ 3.11s between batches...
2025-07-15 10:37:34,698 - INFO - Processing batch 27 to 28
2025-07-15 10:37:36,257 - INFO - ⏳ Waiting 2.56s for user emulation...
2025-07-15 10:37:39,978 - INFO - ⏳ Waiting 3.27s for user emulation...
2025-07-15 10:37:44,205 - INFO - Saved txt: download_bomayhanhchinh/new_Quyet-dinh-1069-QD-UBND-2025-cong-bo-thu-tuc-hanh-chinh-boi-thuong-nha-nuoc-So-Tu-phap-Quang-Ngai-663313.txt
2025-07-15 10:37:44,269 - INFO - ⏳ 3.89s between batches...
2025-07-15 10:37:48,162 - INFO - Processing batch 28 to 29
2025-07-15 10:37:49,634 - INFO - ⏳ Waiting 3.95s for user emulation...
2025-07-15 10:37:54,864 - INFO - ⏳ Waiting 3.56s for user emulation...
2025-07-15 10:37:59,873 - INFO - Saved txt: download_bomayhanhchinh/new_Quyet-dinh-1097-QD-UBND-2025-cong-bo-thu-tuc-hanh-chinh-hoat-dong-to-hop-tac-Uy-ban-xa-Quang-Ngai-663314.txt
2025-07-15 10:37:59,938 - INFO - ⏳ 3.44s between batches...
2025-07-15 10:38:03,380 - INFO - Processing batch 29 to 30
2025-07-15 10:38:04,863 - INFO - ⏳ Waiting 3.30s for user emulation...
2025-07-15 10:38:09,256 - INFO - ⏳ Waiting 4.26s for user emulation...
2025-07-15 10:38:14,192 - INFO - Saved txt: download_bomayhanhchinh/new_Quyet-dinh-60-2025-QD-UBND-bai-bo-cac-Quyet-dinh-Quy-che-quan-ly-Quy-phat-trien-dat-Tay-Ninh-662850.txt
2025-07-15 10:38:14,256 - INFO - ⏳ 3.60s between batches...
2025-07-15 10:38:17,860 - INFO - Processing batch 30 to 31
2025-07-15 10:38:19,335 - INFO - ⏳ Waiting 2.34s for user emulation...
2025-07-15 10:38:22,859 - INFO - ⏳ Waiting 3.91s for user emulation...
2025-07-15 10:38:28,270 - INFO - Saved txt: download_bomayhanhchinh/new_Quyet-dinh-62-2025-QD-UBND-sua-doi-Quy-dinh-chuc-nang-nhiem-vu-Thanh-tra-Tay-Ninh-662848.txt
2025-07-15 10:38:28,335 - INFO - ⏳ 4.33s between batches...
2025-07-15 10:38:32,664 - INFO - Processing batch 31 to 32
2025-07-15 10:38:34,072 - INFO - ⏳ Waiting 2.56s for user emulation...
2025-07-15 10:38:37,704 - INFO - ⏳ Waiting 3.95s for user emulation...
2025-07-15 10:38:43,157 - INFO - Saved txt: download_bomayhanhchinh/new_Quyet-dinh-51-2025-QD-UBND-chuc-nang-Ban-Quan-ly-du-an-xay-dung-chuyen-nganh-Nong-nghiep-Nam-Dinh-663002.txt
2025-07-15 10:38:43,221 - INFO - ⏳ 4.45s between batches...
2025-07-15 10:38:47,673 - INFO - Processing batch 32 to 33
2025-07-15 10:38:49,219 - INFO - ⏳ Waiting 3.63s for user emulation...
2025-07-15 10:38:53,919 - INFO - ⏳ Waiting 3.27s for user emulation...
2025-07-15 10:38:58,527 - INFO - Saved txt: download_bomayhanhchinh/new_Quyet-dinh-1113-QD-UBND-2025-cong-bo-thu-tuc-hanh-chinh-Quan-ly-cong-san-So-Tai-chinh-Quang-Ngai-663307.txt
2025-07-15 10:38:58,592 - INFO - ⏳ 4.72s between batches...
2025-07-15 10:39:03,308 - INFO - Processing batch 33 to 34
2025-07-15 10:39:04,664 - INFO - ⏳ Waiting 2.45s for user emulation...
2025-07-15 10:39:08,211 - INFO - ⏳ Waiting 3.02s for user emulation...
2025-07-15 10:39:12,338 - INFO - Saved txt: download_bomayhanhchinh/new_Quyet-dinh-1125-QD-UBND-2025-cong-bo-thu-tuc-hanh-chinh-linh-vuc-tiep-cong-dan-Quang-Ngai-663308.txt
2025-07-15 10:39:12,402 - INFO - ⏳ 4.39s between batches...
2025-07-15 10:39:16,788 - INFO - Processing batch 34 to 35
2025-07-15 10:39:18,294 - INFO - ⏳ Waiting 2.38s for user emulation...
2025-07-15 10:39:21,769 - INFO - ⏳ Waiting 4.41s for user emulation...
2025-07-15 10:39:26,785 - INFO - Saved txt: download_bomayhanhchinh/new_Quyet-dinh-37-2025-QD-UBND-chuc-nang-nhiem-vu-quyen-han-Thanh-tra-thanh-pho-Ha-Noi-664213.txt
2025-07-15 10:39:26,851 - INFO - ⏳ 3.03s between batches...
2025-07-15 10:39:29,881 - INFO - Processing batch 35 to 36
2025-07-15 10:39:31,513 - INFO - ⏳ Waiting 2.57s for user emulation...
2025-07-15 10:39:35,176 - INFO - ⏳ Waiting 4.64s for user emulation...
2025-07-15 10:39:41,063 - INFO - Saved txt: download_bomayhanhchinh/new_Quyet-dinh-46-2025-QD-UBND-chuc-nang-Trung-tam-Quan-ly-Du-lieu-tai-nguyen-moi-truong-Da-Nang-663243.txt
2025-07-15 10:39:41,128 - INFO - ⏳ 4.59s between batches...
2025-07-15 10:39:45,718 - INFO - Processing batch 36 to 37
2025-07-15 10:39:47,351 - INFO - ⏳ Waiting 2.96s for user emulation...
2025-07-15 10:39:51,458 - INFO - ⏳ Waiting 4.33s for user emulation...
2025-07-15 10:39:56,819 - INFO - Saved txt: download_bomayhanhchinh/new_Quyet-dinh-1126-QD-UBND-2025-cong-bo-thu-tuc-hanh-chinh-So-Giao-duc-Quang-Ngai-664097.txt
2025-07-15 10:39:56,883 - INFO - ⏳ 3.39s between batches...
2025-07-15 10:40:00,276 - INFO - Processing batch 37 to 38
2025-07-15 10:40:01,928 - INFO - ⏳ Waiting 2.68s for user emulation...
2025-07-15 10:40:05,859 - INFO - ⏳ Waiting 3.91s for user emulation...
2025-07-15 10:40:10,625 - INFO - Saved txt: download_bomayhanhchinh/new_Nghi-quyet-225-2025-QH15-thi-hanh-Luat-To-chuc-Toa-an-nhan-dan-sua-doi-662842.txt
2025-07-15 10:40:10,695 - INFO - ⏳ 4.51s between batches...
2025-07-15 10:40:15,205 - INFO - Processing batch 38 to 39
2025-07-15 10:40:16,758 - INFO - ⏳ Waiting 2.64s for user emulation...
2025-07-15 10:40:20,522 - INFO - ⏳ Waiting 4.98s for user emulation...
2025-07-15 10:40:26,342 - INFO - Saved txt: download_bomayhanhchinh/new_Luat-sua-doi-11-Luat-ve-quan-su-quoc-phong-2025-so-98-2025-QH15-662116.txt
2025-07-15 10:40:26,406 - INFO - ⏳ 3.01s between batches...
2025-07-15 10:40:29,415 - INFO - Processing batch 39 to 40
2025-07-15 10:40:31,243 - INFO - ⏳ Waiting 2.82s for user emulation...
2025-07-15 10:40:35,329 - INFO - ⏳ Waiting 4.70s for user emulation...
2025-07-15 10:40:41,384 - INFO - Saved txt: download_bomayhanhchinh/new_Nghi-quyet-83-2025-UBTVQH15-Quy-che-hoat-dong-Hoi-dong-tuyen-chon-Tham-phan-quoc-gia-663714.txt
2025-07-15 10:40:41,449 - INFO - ⏳ 4.17s between batches...
2025-07-15 10:40:45,617 - INFO - Processing batch 40 to 41
2025-07-15 10:40:47,444 - INFO - ⏳ Waiting 2.10s for user emulation...
2025-07-15 10:40:50,697 - INFO - ⏳ Waiting 5.25s for user emulation...
2025-07-15 10:40:57,454 - INFO - Saved txt: download_bomayhanhchinh/new_Nghi-quyet-02-2025-NQ-HDTP-sua-doi-mot-so-Nghi-quyet-cua-Hoi-dong-Tham-phan-Toa-an-toi-cao-663113.txt
2025-07-15 10:40:57,519 - INFO - ⏳ 4.23s between batches...
2025-07-15 10:41:01,745 - INFO - Processing batch 41 to 42
2025-07-15 10:41:03,431 - INFO - ⏳ Waiting 2.53s for user emulation...
2025-07-15 10:41:07,071 - INFO - ⏳ Waiting 5.42s for user emulation...
2025-07-15 10:41:13,898 - INFO - Saved txt: download_bomayhanhchinh/new_Quyet-dinh-57-2025-QD-UBND-bai-bo-Quyet-dinh-10-2024-QD-UBND-Thanh-Hoa-663185.txt
2025-07-15 10:41:13,962 - INFO - ⏳ 3.61s between batches...
2025-07-15 10:41:17,571 - INFO - Processing batch 42 to 43
2025-07-15 10:41:19,236 - INFO - ⏳ Waiting 2.87s for user emulation...
2025-07-15 10:41:23,257 - INFO - ⏳ Waiting 4.93s for user emulation...
2025-07-15 10:41:29,680 - INFO - Saved txt: download_bomayhanhchinh/new_Quyet-dinh-58-2025-QD-UBND-to-chuc-lai-Trung-tam-Phuc-vu-Hanh-chinh-cong-Thanh-Hoa-663188.txt
2025-07-15 10:41:29,744 - INFO - ⏳ 3.93s between batches...
2025-07-15 10:41:33,670 - INFO - Processing batch 43 to 44
2025-07-15 10:41:35,327 - INFO - ⏳ Waiting 2.26s for user emulation...
2025-07-15 10:41:38,704 - INFO - ⏳ Waiting 4.86s for user emulation...
2025-07-15 10:41:44,376 - INFO - Saved txt: download_bomayhanhchinh/new_Quyet-dinh-27-2025-QD-UBND-bai-bo-Quyet-dinh-02-2014-QD-UBND-Quang-Binh-663027.txt
2025-07-15 10:41:44,441 - INFO - ⏳ 3.28s between batches...
2025-07-15 10:41:47,718 - INFO - Processing batch 44 to 45
2025-07-15 10:41:49,457 - INFO - ⏳ Waiting 2.23s for user emulation...
2025-07-15 10:41:52,960 - INFO - ⏳ Waiting 4.60s for user emulation...
2025-07-15 10:41:58,670 - INFO - Saved txt: download_bomayhanhchinh/new_Quyet-dinh-1081-QD-UBND-2025-thu-tuc-hanh-chinh-quan-ly-de-dieu-So-Nong-nghiep-Quang-Ngai-663059.txt
2025-07-15 10:41:58,735 - INFO - ⏳ 4.99s between batches...
2025-07-15 10:42:03,724 - INFO - Processing batch 45 to 46
2025-07-15 10:42:05,284 - INFO - ⏳ Waiting 2.27s for user emulation...
2025-07-15 10:42:08,825 - INFO - ⏳ Waiting 5.07s for user emulation...
2025-07-15 10:42:15,359 - INFO - Saved txt: download_bomayhanhchinh/new_Quy-dinh-337-QD-TW%e2%80%8b-2025-gui-nhan-van-ban-dien-tu-tren-mang-thong-tin-dien-rong-cua-Dang-662959.txt
2025-07-15 10:42:15,423 - INFO - ⏳ 4.82s between batches...
2025-07-15 10:42:20,241 - INFO - Processing batch 46 to 47
2025-07-15 10:42:21,755 - INFO - ⏳ Waiting 3.90s for user emulation...
2025-07-15 10:42:26,978 - INFO - ⏳ Waiting 4.53s for user emulation...
2025-07-15 10:42:32,795 - INFO - Saved txt: download_bomayhanhchinh/new_Phap-lenh-08-2025-UBTVQH15-sua-doi-Phap-lenh-Thu-tuc-bat-giu-tau-bien-662841.txt
2025-07-15 10:42:32,860 - INFO - ⏳ 3.11s between batches...
2025-07-15 10:42:35,969 - INFO - Processing batch 47 to 48
2025-07-15 10:42:37,471 - INFO - ⏳ Waiting 3.18s for user emulation...
2025-07-15 10:42:41,733 - INFO - ⏳ Waiting 3.86s for user emulation...
2025-07-15 10:42:47,145 - INFO - Saved txt: download_bomayhanhchinh/new_Quyet-dinh-1700-QD-UBND-2025-thu-tuc-hanh-chinh-dat-dai-khong-phu-thuoc-dia-gioi-hanh-chinh-Can-Tho-663347.txt
2025-07-15 10:42:47,214 - INFO - ⏳ 4.22s between batches...
2025-07-15 10:42:51,434 - INFO - Processing batch 48 to 49
2025-07-15 10:42:52,896 - INFO - ⏳ Waiting 3.40s for user emulation...
2025-07-15 10:42:57,395 - INFO - ⏳ Waiting 3.57s for user emulation...
2025-07-15 10:43:01,655 - INFO - Saved txt: download_bomayhanhchinh/new_Quyet-dinh-34-2025-QD-UBND-bai-bo-cac-Quyet-dinh-cua-Uy-ban-nhan-dan-Quang-Nam-662998.txt
2025-07-15 10:43:01,719 - INFO - ⏳ 3.60s between batches...
2025-07-15 10:43:05,321 - INFO - Processing batch 49 to 50
2025-07-15 10:43:07,111 - INFO - ⏳ Waiting 2.44s for user emulation...
2025-07-15 10:43:10,591 - INFO - ⏳ Waiting 3.53s for user emulation...
2025-07-15 10:43:15,040 - INFO - Saved txt: download_bomayhanhchinh/new_Quyet-dinh-1501-QD-UBND-2025-cong-bo-thu-tuc-hanh-chinh-noi-bo-So-Khoa-hoc-Dak-Lak-662736.txt
2025-07-15 10:43:15,104 - INFO - ⏳ 3.05s between batches...
2025-07-15 10:43:18,154 - INFO - Processing batch 50 to 51
2025-07-15 10:43:19,951 - INFO - ⏳ Waiting 2.84s for user emulation...
2025-07-15 10:43:23,810 - INFO - ⏳ Waiting 5.57s for user emulation...
2025-07-15 10:43:30,650 - INFO - Saved txt: download_bomayhanhchinh/new_Quyet-dinh-1504-QD-UBND-2025-cong-bo-thu-tuc-hanh-chinh-thanh-lap-Ho-kinh-doanh-Uy-ban-xa-Dak-Lak-662739.txt
2025-07-15 10:43:30,716 - INFO - ⏳ 3.79s between batches...
2025-07-15 10:43:34,504 - INFO - Processing batch 51 to 52
2025-07-15 10:43:36,268 - INFO - ⏳ Waiting 3.76s for user emulation...
2025-07-15 10:43:41,052 - INFO - ⏳ Waiting 5.43s for user emulation...
2025-07-15 10:43:47,141 - INFO - Saved txt: download_bomayhanhchinh/new_Quyet-dinh-1503-QD-UBND-2025-cong-bo-thu-tuc-hanh-chinh-ho-tro-To-hop-tac-Uy-ban-xa-Dak-Lak-662738.txt
2025-07-15 10:43:47,207 - INFO - ⏳ 3.92s between batches...
2025-07-15 10:43:51,132 - INFO - Processing batch 52 to 53
2025-07-15 10:43:52,725 - INFO - ⏳ Waiting 2.74s for user emulation...
2025-07-15 10:43:56,601 - INFO - ⏳ Waiting 5.18s for user emulation...
2025-07-15 10:44:02,577 - INFO - Saved txt: download_bomayhanhchinh/new_Quyet-dinh-1502-QD-UBND-2025-cong-bo-thu-tuc-hanh-chinh-An-toan-thuc-pham-So-Y-te-Dak-Lak-662737.txt
2025-07-15 10:44:02,642 - INFO - ⏳ 4.53s between batches...
2025-07-15 10:44:07,169 - INFO - Processing batch 53 to 54
2025-07-15 10:44:08,751 - INFO - ⏳ Waiting 2.84s for user emulation...
2025-07-15 10:44:12,783 - INFO - ⏳ Waiting 3.90s for user emulation...
2025-07-15 10:44:17,887 - INFO - Saved txt: download_bomayhanhchinh/new_Quyet-dinh-1509-QD-UBND-2025-cong-bo-thu-tuc-hanh-chinh-linh-vuc-hang-hai-So-Xay-dung-Dak-Lak-662740.txt
2025-07-15 10:44:17,953 - INFO - ⏳ 3.11s between batches...
2025-07-15 10:44:21,061 - INFO - Processing batch 54 to 55
2025-07-15 10:44:22,594 - INFO - ⏳ Waiting 3.81s for user emulation...
2025-07-15 10:44:27,565 - INFO - ⏳ Waiting 5.22s for user emulation...
2025-07-15 10:44:34,164 - INFO - Saved txt: download_bomayhanhchinh/new_Quyet-dinh-1567-QD-UBND-2025-cong-bo-thu-tuc-hanh-chinh-linh-vuc-Thuy-san-So-Nong-nghiep-Son-La-662676.txt
2025-07-15 10:44:34,229 - INFO - ⏳ 4.14s between batches...
2025-07-15 10:44:38,365 - INFO - Processing batch 55 to 56
2025-07-15 10:44:40,008 - INFO - ⏳ Waiting 2.92s for user emulation...
2025-07-15 10:44:44,057 - INFO - ⏳ Waiting 5.06s for user emulation...
2025-07-15 10:44:50,218 - INFO - Saved txt: download_bomayhanhchinh/new_Quyet-dinh-1568-QD-UBND-2025-cong-bo-thu-tuc-hanh-chinh-Lam-nghiep-So-Nong-nghiep-Son-La-662677.txt
2025-07-15 10:44:50,282 - INFO - ⏳ 4.19s between batches...
2025-07-15 10:44:54,469 - INFO - Processing batch 56 to 57
2025-07-15 10:44:56,088 - INFO - ⏳ Waiting 3.22s for user emulation...
2025-07-15 10:45:00,392 - INFO - ⏳ Waiting 5.96s for user emulation...
2025-07-15 10:45:07,296 - INFO - Saved txt: download_bomayhanhchinh/new_Quyet-dinh-1569-QD-UBND-2025-cong-bo-thu-tuc-hanh-chinh-Kinh-te-hop-tac-So-Nong-nghiep-Son-La-662678.txt
2025-07-15 10:45:07,362 - INFO - ⏳ 4.45s between batches...
2025-07-15 10:45:11,811 - INFO - Processing batch 57 to 58
2025-07-15 10:45:13,222 - INFO - ⏳ Waiting 3.24s for user emulation...
2025-07-15 10:45:17,770 - INFO - ⏳ Waiting 5.08s for user emulation...
2025-07-15 10:45:23,882 - INFO - Saved txt: download_bomayhanhchinh/new_Quyet-dinh-1571-QD-UBND-2025-cong-bo-thu-tuc-hanh-chinh-linh-vuc-Thuy-loi-So-Nong-nghiep-Son-La-662680.txt
2025-07-15 10:45:23,947 - INFO - ⏳ 4.04s between batches...
2025-07-15 10:45:27,989 - INFO - Processing batch 58 to 59
2025-07-15 10:45:29,502 - INFO - ⏳ Waiting 3.68s for user emulation...
2025-07-15 10:45:34,379 - INFO - ⏳ Waiting 4.90s for user emulation...
2025-07-15 10:45:40,781 - INFO - Saved txt: download_bomayhanhchinh/new_Quyet-dinh-1098-QD-UBND-2025-cong-bo-thu-tuc-hanh-chinh-giao-duc-dao-tao-So-Giao-duc-Quang-Ngai-663062.txt
2025-07-15 10:45:40,846 - INFO - ⏳ 3.03s between batches...
2025-07-15 10:45:43,871 - INFO - Processing batch 59 to 60
2025-07-15 10:45:45,327 - INFO - ⏳ Waiting 3.58s for user emulation...
2025-07-15 10:45:50,106 - INFO - ⏳ Waiting 4.71s for user emulation...
2025-07-15 10:45:55,408 - INFO - Saved txt: download_bomayhanhchinh/new_Quyet-dinh-948-QD-TTPVHCC-2025-cong-bo-thu-tuc-hanh-chinh-hoat-dong-xay-dung-So-Xay-dung-Ha-Noi-664277.txt
2025-07-15 10:45:55,472 - INFO - ⏳ 3.31s between batches...
2025-07-15 10:45:58,781 - INFO - Processing batch 60 to 61
2025-07-15 10:46:00,271 - INFO - ⏳ Waiting 2.94s for user emulation...
2025-07-15 10:46:04,436 - INFO - ⏳ Waiting 5.79s for user emulation...
2025-07-15 10:46:11,059 - INFO - Saved txt: download_bomayhanhchinh/new_Quyet-dinh-1570-QD-UBND-2025-cong-bo-thu-tuc-hanh-chinh-Tai-nguyen-nuoc-So-Nong-nghiep-Son-La-662679.txt
2025-07-15 10:46:11,123 - INFO - ⏳ 4.68s between batches...
2025-07-15 10:46:15,799 - INFO - Processing batch 61 to 62
2025-07-15 10:46:17,369 - INFO - ⏳ Waiting 2.31s for user emulation...
2025-07-15 10:46:20,915 - INFO - ⏳ Waiting 5.23s for user emulation...
2025-07-15 10:46:27,696 - INFO - Saved txt: download_bomayhanhchinh/new_Quyet-dinh-2405-QD-BNNMT-2025-cong-bo-thu-tuc-hanh-chinh-linh-vuc-lam-nghiep-kiem-lam-663205.txt
2025-07-15 10:46:27,760 - INFO - ⏳ 4.27s between batches...
2025-07-15 10:46:32,034 - INFO - Processing batch 62 to 63
2025-07-15 10:46:33,569 - INFO - ⏳ Waiting 3.33s for user emulation...
2025-07-15 10:46:38,085 - INFO - ⏳ Waiting 4.60s for user emulation...
2025-07-15 10:46:43,780 - INFO - Saved txt: download_bomayhanhchinh/new_Quyet-dinh-1626-QD-UBND-2025-cong-bo-thu-tuc-hanh-chinh-Hoa-giai-o-co-so-So-Tu-phap-Lai-Chau-663054.txt
2025-07-15 10:46:43,845 - INFO - ⏳ 4.59s between batches...
2025-07-15 10:46:48,440 - INFO - Processing batch 63 to 64
2025-07-15 10:46:49,876 - INFO - ⏳ Waiting 2.27s for user emulation...
2025-07-15 10:46:53,262 - INFO - ⏳ Waiting 5.87s for user emulation...
2025-07-15 10:47:00,104 - INFO - Saved txt: download_bomayhanhchinh/new_Quyet-dinh-1625-QD-UBND-2025-cong-bo-thu-tuc-hanh-chinh-Nuoi-con-nuoi-So-Tu-phap-Lai-Chau-663055.txt
2025-07-15 10:47:00,169 - INFO - ⏳ 4.17s between batches...
2025-07-15 10:47:04,334 - INFO - Processing batch 64 to 65
2025-07-15 10:47:05,820 - INFO - ⏳ Waiting 2.03s for user emulation...
2025-07-15 10:47:09,043 - INFO - ⏳ Waiting 5.98s for user emulation...
2025-07-15 10:47:15,953 - INFO - Saved txt: download_bomayhanhchinh/new_Quyet-dinh-1623-QD-UBND-2025-cong-bo-thu-tuc-hanh-chinh-Trong-tai-thuong-mai-So-Tu-phap-Lai-Chau-663056.txt
2025-07-15 10:47:16,018 - INFO - ⏳ 3.91s between batches...
2025-07-15 10:47:19,932 - INFO - Processing batch 65 to 66
2025-07-15 10:47:21,426 - INFO - ⏳ Waiting 3.99s for user emulation...
2025-07-15 10:47:26,650 - INFO - ⏳ Waiting 5.35s for user emulation...
2025-07-15 10:47:32,941 - INFO - Saved txt: download_bomayhanhchinh/new_Quyet-dinh-1577-QD-UBND-2025-cong-bo-thu-tuc-hanh-chinh-linh-vuc-chung-thuc-So-Tu-phap-Son-La-662674.txt
2025-07-15 10:47:33,006 - INFO - ⏳ 3.06s between batches...
2025-07-15 10:47:36,064 - INFO - Processing batch 66 to 67
2025-07-15 10:47:37,772 - INFO - ⏳ Waiting 3.20s for user emulation...
2025-07-15 10:47:42,129 - INFO - ⏳ Waiting 5.00s for user emulation...
2025-07-15 10:47:48,669 - INFO - Saved txt: download_bomayhanhchinh/new_Quyet-dinh-1574-QD-UBND-2025-cong-bo-thu-tuc-hanh-chinh-linh-vuc-duong-bo-So-Xay-dung-Son-La-662683.txt
2025-07-15 10:47:48,734 - INFO - ⏳ 4.68s between batches...
2025-07-15 10:47:53,410 - INFO - Processing batch 67 to 68
2025-07-15 10:47:54,850 - INFO - ⏳ Waiting 3.44s for user emulation...
2025-07-15 10:47:59,677 - INFO - ⏳ Waiting 3.69s for user emulation...
2025-07-15 10:48:04,447 - INFO - Saved txt: download_bomayhanhchinh/new_Thong-tu-60-2025-TT-BTC-quy-trinh-trinh-tu-phan-cap-linh-vuc-du-tru-quoc-gia-de-vien-tro-663549.txt
2025-07-15 10:48:04,512 - INFO - ⏳ 4.32s between batches...
2025-07-15 10:48:08,835 - INFO - Processing batch 68 to 69
2025-07-15 10:48:10,409 - INFO - ⏳ Waiting 3.08s for user emulation...
2025-07-15 10:48:14,643 - INFO - ⏳ Waiting 5.15s for user emulation...
2025-07-15 10:48:21,253 - INFO - Saved txt: download_bomayhanhchinh/new_Quyet-dinh-1356-QD-TTg-2025-thuc-hien-Nghi-dinh-118-2025-ND-CP-thu-tuc-hanh-chinh-theo-co-che-mot-cua-662582.txt
2025-07-15 10:48:21,318 - INFO - ⏳ 3.28s between batches...
2025-07-15 10:48:24,599 - INFO - Processing batch 69 to 70
2025-07-15 10:48:26,292 - INFO - ⏳ Waiting 2.32s for user emulation...
2025-07-15 10:48:29,891 - INFO - ⏳ Waiting 3.29s for user emulation...
2025-07-15 10:48:33,849 - INFO - Saved txt: download_bomayhanhchinh/new_Quyet-dinh-2123-QD-BYT-2025-cong-bo-thu-tuc-hanh-chinh-linh-vuc-Kham-benh-chua-benh-662579.txt
2025-07-15 10:48:33,916 - INFO - ⏳ 3.25s between batches...
2025-07-15 10:48:37,168 - INFO - Processing batch 70 to 71
2025-07-15 10:48:38,763 - INFO - ⏳ Waiting 2.88s for user emulation...
2025-07-15 10:48:42,860 - INFO - ⏳ Waiting 5.27s for user emulation...
2025-07-15 10:48:49,328 - INFO - Saved txt: download_bomayhanhchinh/new_Cong-dien-96-CD-TTg-2025-nang-cap-he-thong-thong-tin-phuc-vu-chi-dao-khi-sap-xep-don-vi-hanh-chinh-662704.txt
2025-07-15 10:48:49,396 - INFO - ⏳ 3.37s between batches...
2025-07-15 10:48:52,764 - INFO - Processing batch 71 to 72
2025-07-15 10:48:54,164 - INFO - ⏳ Waiting 2.45s for user emulation...
2025-07-15 10:48:57,757 - INFO - ⏳ Waiting 5.79s for user emulation...
2025-07-15 10:49:04,359 - INFO - Saved txt: download_bomayhanhchinh/new_Quyet-dinh-1546-QD-UBND-2025-cong-bo-thu-tuc-hanh-chinh-Bao-ton-thien-nhien-So-Nong-nghiep-Son-La-662568.txt
2025-07-15 10:49:04,424 - INFO - ⏳ 4.74s between batches...
2025-07-15 10:49:09,166 - INFO - Processing batch 72 to 73
2025-07-15 10:49:10,609 - INFO - ⏳ Waiting 3.04s for user emulation...
2025-07-15 10:49:14,804 - INFO - ⏳ Waiting 3.41s for user emulation...
2025-07-15 10:49:18,948 - INFO - Saved txt: download_bomayhanhchinh/new_Quyet-dinh-1547-QD-UBND-2025-thu-tuc-hanh-chinh-ho-tro-phap-ly-doanh-nghiep-nho-So-Tu-phap-Son-La-662567.txt
2025-07-15 10:49:19,013 - INFO - ⏳ 3.37s between batches...
2025-07-15 10:49:22,379 - INFO - Processing batch 73 to 74
2025-07-15 10:49:23,805 - INFO - ⏳ Waiting 3.57s for user emulation...
2025-07-15 10:49:28,491 - INFO - ⏳ Waiting 4.40s for user emulation...
2025-07-15 10:49:34,441 - INFO - Saved txt: download_bomayhanhchinh/new_Quyet-dinh-1543-QD-UBND-2025-cong-bo-thu-tuc-hanh-chinh-dau-gia-tai-san-So-Tu-phap-Son-La-662569.txt
2025-07-15 10:49:34,506 - INFO - ⏳ 3.60s between batches...
2025-07-15 10:49:38,103 - INFO - Processing batch 74 to 75
2025-07-15 10:49:39,661 - INFO - ⏳ Waiting 3.59s for user emulation...
2025-07-15 10:49:44,507 - INFO - ⏳ Waiting 5.29s for user emulation...
2025-07-15 10:49:51,260 - INFO - Saved txt: download_bomayhanhchinh/new_Quyet-dinh-1548-QD-UBND-2025-cong-bo-thu-tuc-hanh-chinh-luat-su-So-Tu-phap-Son-La-662566.txt
2025-07-15 10:49:51,325 - INFO - ⏳ 3.82s between batches...
2025-07-15 10:49:55,150 - INFO - Processing batch 75 to 76
2025-07-15 10:49:56,660 - INFO - ⏳ Waiting 2.69s for user emulation...
2025-07-15 10:50:00,536 - INFO - ⏳ Waiting 3.18s for user emulation...
2025-07-15 10:50:04,529 - INFO - Saved txt: download_bomayhanhchinh/new_Quyet-dinh-1544-QD-UBND-2025-cong-bo-thu-tuc-hanh-chinh-Phong-chong-thien-tai-So-Nong-nghiep-Son-La-662565.txt
2025-07-15 10:50:04,594 - INFO - ⏳ 3.31s between batches...
2025-07-15 10:50:07,906 - INFO - Processing batch 76 to 77
2025-07-15 10:50:09,560 - INFO - ⏳ Waiting 3.10s for user emulation...
2025-07-15 10:50:13,800 - INFO - ⏳ Waiting 5.05s for user emulation...
2025-07-15 10:50:19,481 - INFO - Saved txt: download_bomayhanhchinh/new_Quyet-dinh-1545-QD-UBND-2025-cong-bo-bai-bo-Danh-muc-thu-tuc-hanh-chinh-Thanh-tra-Son-La-662570.txt
2025-07-15 10:50:19,546 - INFO - ⏳ 4.20s between batches...
2025-07-15 10:50:23,746 - INFO - Processing batch 77 to 78
2025-07-15 10:50:25,118 - INFO - ⏳ Waiting 2.47s for user emulation...
2025-07-15 10:50:28,942 - INFO - ⏳ Waiting 5.38s for user emulation...
2025-07-15 10:50:35,733 - INFO - Saved txt: download_bomayhanhchinh/new_Quyet-dinh-2119-QD-BYT-2025-cong-bo-thu-tuc-hanh-chinh-bi-bai-bo-linh-vuc-giam-dinh-y-khoa-662495.txt
2025-07-15 10:50:35,798 - INFO - ⏳ 3.41s between batches...
2025-07-15 10:50:39,208 - INFO - Processing batch 78 to 79
2025-07-15 10:50:40,811 - INFO - ⏳ Waiting 3.60s for user emulation...
2025-07-15 10:50:45,656 - INFO - ⏳ Waiting 4.14s for user emulation...
2025-07-15 10:50:51,156 - INFO - Saved txt: download_bomayhanhchinh/new_Quyet-dinh-2117-QD-BYT-2025-cong-bo-thu-tuc-hanh-chinh-bi-bai-bo-linh-vuc-Y-Duoc-co-truyen-662494.txt
2025-07-15 10:50:51,221 - INFO - ⏳ 3.24s between batches...
2025-07-15 10:50:54,461 - INFO - Processing batch 79 to 80
2025-07-15 10:50:55,927 - INFO - ⏳ Waiting 2.35s for user emulation...
2025-07-15 10:50:59,368 - INFO - ⏳ Waiting 3.65s for user emulation...
2025-07-15 10:51:03,851 - INFO - Saved txt: download_bomayhanhchinh/new_Nghi-quyet-191-NQ-CP-2025-phien-hop-chuyen-de-xay-dung-phap-luat-thang-6-662705.txt
2025-07-15 10:51:03,916 - INFO - ⏳ 4.37s between batches...
2025-07-15 10:51:08,289 - INFO - Processing batch 80 to 81
2025-07-15 10:51:09,934 - INFO - ⏳ Waiting 2.41s for user emulation...
2025-07-15 10:51:13,754 - INFO - ⏳ Waiting 3.71s for user emulation...
2025-07-15 10:51:18,393 - INFO - Saved txt: download_bomayhanhchinh/new_Quyet-dinh-1940-QD-BTP-2025-cong-bo-thu-tuc-hang-chinh-sua-doi-linh-vuc-hoa-giai-thuong-mai-663556.txt
2025-07-15 10:51:18,458 - INFO - ⏳ 4.82s between batches...
2025-07-15 10:51:23,280 - INFO - Processing batch 81 to 82
2025-07-15 10:51:24,827 - INFO - ⏳ Waiting 3.18s for user emulation...
2025-07-15 10:51:29,314 - INFO - ⏳ Waiting 4.65s for user emulation...
2025-07-15 10:51:34,636 - INFO - Saved txt: download_bomayhanhchinh/new_Quyet-dinh-2267-QD-UBND-2025-cong-bo-thu-tuc-hanh-chinh-linh-vuc-dat-dai-So-Nong-nghiep-Da-Nang-663669.txt
2025-07-15 10:51:34,702 - INFO - ⏳ 3.01s between batches...
2025-07-15 10:51:37,712 - INFO - Processing batch 82 to 83
2025-07-15 10:51:39,352 - INFO - ⏳ Waiting 3.64s for user emulation...
2025-07-15 10:51:44,129 - INFO - ⏳ Waiting 4.06s for user emulation...
2025-07-15 10:51:49,361 - INFO - Saved txt: download_bomayhanhchinh/new_Quyet-dinh-2153-QD-UBND-2025-cong-bo-thu-tuc-hanh-chinh-Nguoi-co-cong-So-Noi-vu-Thanh-Hoa-662698.txt
2025-07-15 10:51:49,428 - INFO - ⏳ 3.06s between batches...
2025-07-15 10:51:52,486 - INFO - Processing batch 83 to 84
2025-07-15 10:51:53,925 - INFO - ⏳ Waiting 3.39s for user emulation...
2025-07-15 10:51:58,443 - INFO - ⏳ Waiting 5.32s for user emulation...
2025-07-15 10:52:04,732 - INFO - Saved txt: download_bomayhanhchinh/new_Quyet-dinh-2138-QD-UBND-2025-cong-bo-thu-tuc-hanh-chinh-giao-duc-phap-luat-Uy-ban-xa-Thanh-Hoa-662697.txt
2025-07-15 10:52:04,798 - INFO - ⏳ 4.16s between batches...
2025-07-15 10:52:08,957 - INFO - Processing batch 84 to 85
2025-07-15 10:52:10,415 - INFO - ⏳ Waiting 2.57s for user emulation...
2025-07-15 10:52:14,250 - INFO - ⏳ Waiting 3.40s for user emulation...
2025-07-15 10:52:18,871 - INFO - Saved txt: download_bomayhanhchinh/new_Quyet-dinh-2154-QD-UBND-2025-cong-bo-thu-tuc-hanh-chinh-So-Khoa-hoc-Cong-nghe-Thanh-Hoa-662700.txt
2025-07-15 10:52:18,936 - INFO - ⏳ 3.53s between batches...
2025-07-15 10:52:22,462 - INFO - Processing batch 85 to 86
2025-07-15 10:52:24,088 - INFO - ⏳ Waiting 2.26s for user emulation...
2025-07-15 10:52:27,728 - INFO - ⏳ Waiting 3.11s for user emulation...
2025-07-15 10:52:31,966 - INFO - Saved txt: download_bomayhanhchinh/new_Cong-dien-03-CD-BTC-2025-chuan-bi-cong-tac-quan-ly-no-cho-vay-lai-chinh-quyen-dia-phuong-662919.txt
2025-07-15 10:52:32,032 - INFO - ⏳ 4.38s between batches...
2025-07-15 10:52:36,411 - INFO - Processing batch 86 to 87
2025-07-15 10:52:37,988 - INFO - ⏳ Waiting 2.11s for user emulation...
2025-07-15 10:52:41,185 - INFO - ⏳ Waiting 4.22s for user emulation...
2025-07-15 10:52:46,458 - INFO - Saved txt: download_bomayhanhchinh/new_Huong-dan-16-HD-BTGDVTW-2025-bao-chi-tuyen-truyen-viec-sap-xep-don-vi-hanh-chinh-cac-cap-662638.txt
2025-07-15 10:52:46,523 - INFO - ⏳ 4.21s between batches...
2025-07-15 10:52:50,729 - INFO - Processing batch 87 to 88
2025-07-15 10:52:53,090 - INFO - ⏳ Waiting 3.46s for user emulation...
2025-07-15 10:52:57,778 - INFO - ⏳ Waiting 5.94s for user emulation...
2025-07-15 10:53:04,466 - INFO - Saved txt: download_bomayhanhchinh/new_Quyet-dinh-2504-QD-NHNN-2025-cong-bo-thu-tuc-hanh-chinh-linh-vuc-hoat-dong-khac-tai-Bo-phan-mot-cua-663204.txt
2025-07-15 10:53:04,533 - INFO - ⏳ 4.14s between batches...
2025-07-15 10:53:08,675 - INFO - Processing batch 88 to 89
2025-07-15 10:53:10,617 - INFO - ⏳ Waiting 3.30s for user emulation...
2025-07-15 10:53:14,919 - INFO - ⏳ Waiting 4.06s for user emulation...
2025-07-15 10:53:19,983 - INFO - Saved txt: download_bomayhanhchinh/new_Quyet-dinh-2140-QD-UBND-2025-cong-bo-thu-tuc-hanh-chinh-dau-gia-tai-san-So-Tu-phap-Thanh-Hoa-662699.txt
2025-07-15 10:53:20,051 - INFO - ⏳ 3.39s between batches...
2025-07-15 10:53:23,438 - INFO - Processing batch 89 to 90
2025-07-15 10:53:25,169 - INFO - ⏳ Waiting 3.41s for user emulation...
2025-07-15 10:53:29,739 - INFO - ⏳ Waiting 3.12s for user emulation...
2025-07-15 10:53:33,512 - INFO - Saved txt: download_bomayhanhchinh/new_Quyet-dinh-2133-QD-UBND-2025-cong-bo-thu-tuc-hanh-chinh-linh-vuc-Viec-lam-So-Noi-vu-Thanh-Hoa-662741.txt
2025-07-15 10:53:33,577 - INFO - ⏳ 3.33s between batches...
2025-07-15 10:53:36,904 - INFO - Processing batch 90 to 91
2025-07-15 10:53:38,898 - INFO - ⏳ Waiting 3.41s for user emulation...
2025-07-15 10:53:43,334 - INFO - ⏳ Waiting 3.69s for user emulation...
2025-07-15 10:53:48,518 - INFO - Saved txt: download_bomayhanhchinh/new_Quyet-dinh-2139-QD-UBND-2025-cong-bo-thu-tuc-hanh-chinh-trong-tai-thuong-mai-So-Tu-phap-Thanh-Hoa-662702.txt
2025-07-15 10:53:48,583 - INFO - ⏳ 4.69s between batches...
2025-07-15 10:53:53,275 - INFO - Processing batch 91 to 92
2025-07-15 10:53:54,952 - INFO - ⏳ Waiting 2.76s for user emulation...
2025-07-15 10:53:58,868 - INFO - ⏳ Waiting 4.25s for user emulation...
2025-07-15 10:54:03,915 - INFO - Saved txt: download_bomayhanhchinh/new_Quyet-dinh-2146-QD-UBND-2025-cong-bo-thu-tuc-hanh-chinh-Di-san-van-hoa-So-Van-hoa-Thanh-Hoa-662701.txt
2025-07-15 10:54:03,979 - INFO - ⏳ 3.18s between batches...
2025-07-15 10:54:07,157 - INFO - Processing batch 92 to 93
2025-07-15 10:54:08,588 - INFO - ⏳ Waiting 2.44s for user emulation...
2025-07-15 10:54:12,331 - INFO - ⏳ Waiting 5.24s for user emulation...
2025-07-15 10:54:19,058 - INFO - Saved txt: download_bomayhanhchinh/new_Quyet-dinh-2171-QD-BTC-2025-cong-bo-thu-tuc-hanh-chinh-bai-bo-linh-vuc-kinh-doanh-bao-hiem-662984.txt
2025-07-15 10:54:19,124 - INFO - ⏳ 3.03s between batches...
2025-07-15 10:54:22,159 - INFO - Processing batch 93 to 94
2025-07-15 10:54:23,738 - INFO - ⏳ Waiting 3.74s for user emulation...
2025-07-15 10:54:28,544 - INFO - ⏳ Waiting 5.33s for user emulation...
2025-07-15 10:54:35,188 - INFO - Saved txt: download_bomayhanhchinh/new_Nghi-quyet-190-NQ-CP-2025-con-dau-cac-co-quan-chuyen-mon-thuoc-Uy-ban-nhan-dan-xa-662725.txt
2025-07-15 10:54:35,254 - INFO - ⏳ 3.90s between batches...
2025-07-15 10:54:39,159 - INFO - Processing batch 94 to 95
2025-07-15 10:54:40,680 - INFO - ⏳ Waiting 3.24s for user emulation...
2025-07-15 10:54:45,060 - INFO - ⏳ Waiting 4.62s for user emulation...
2025-07-15 10:54:51,076 - INFO - Saved txt: download_bomayhanhchinh/new_Quyet-dinh-56-2025-QD-UBND-chuc-nang-nhiem-vu-Trung-tam-phat-trien-quy-dat-Tay-Ninh-662854.txt
2025-07-15 10:54:51,141 - INFO - ⏳ 3.86s between batches...
2025-07-15 10:54:55,006 - INFO - Processing batch 95 to 96
2025-07-15 10:54:56,760 - INFO - ⏳ Waiting 3.50s for user emulation...
2025-07-15 10:55:01,320 - INFO - ⏳ Waiting 3.31s for user emulation...
2025-07-15 10:55:05,969 - INFO - Saved txt: download_bomayhanhchinh/new_Quyet-dinh-2344-QD-UBND-2025-cong-bo-thu-tuc-hanh-chinh-linh-vuc-trong-trot-Uy-ban-xa-Ben-Tre-664022.txt
2025-07-15 10:55:06,036 - INFO - ⏳ 3.63s between batches...
2025-07-15 10:55:09,661 - INFO - Processing batch 96 to 97
2025-07-15 10:55:11,424 - INFO - ⏳ Waiting 2.84s for user emulation...
2025-07-15 10:55:15,557 - INFO - ⏳ Waiting 5.34s for user emulation...
2025-07-15 10:55:22,306 - INFO - Saved txt: download_bomayhanhchinh/new_Thong-tu-56-2025-TT-BQP-che-do-nghi-cua-si-quan-quan-nhan-chuyen-nghiep-663163.txt
2025-07-15 10:55:22,374 - INFO - ⏳ 3.35s between batches...
2025-07-15 10:55:25,727 - INFO - Processing batch 97 to 98
2025-07-15 10:55:27,387 - INFO - ⏳ Waiting 2.60s for user emulation...
2025-07-15 10:55:31,064 - INFO - ⏳ Waiting 4.47s for user emulation...
2025-07-15 10:55:36,555 - INFO - Saved txt: download_bomayhanhchinh/new_Quyet-dinh-2343-QD-UBND-2025-phuong-an-don-gian-hoa-thu-tuc-hanh-chinh-xay-dung-Ben-Tre-664021.txt
2025-07-15 10:55:36,619 - INFO - ⏳ 4.56s between batches...
2025-07-15 10:55:41,179 - INFO - Processing batch 98 to 99
2025-07-15 10:55:42,886 - INFO - ⏳ Waiting 2.56s for user emulation...
2025-07-15 10:55:46,567 - INFO - ⏳ Waiting 4.52s for user emulation...
2025-07-15 10:55:51,993 - INFO - Saved txt: download_bomayhanhchinh/new_Quyet-dinh-2342-QD-UBND-2025-Phuong-an-don-gian-hoa-thu-tuc-hanh-chinh-linh-vuc-Cong-Thuong-Ben-Tre-664020.txt
2025-07-15 10:55:52,058 - INFO - ⏳ 4.64s between batches...
2025-07-15 10:55:56,699 - INFO - Processing batch 99 to 100
2025-07-15 10:55:58,356 - INFO - ⏳ Waiting 3.16s for user emulation...
2025-07-15 10:56:02,659 - INFO - ⏳ Waiting 4.26s for user emulation...
2025-07-15 10:56:08,397 - INFO - Saved txt: download_bomayhanhchinh/new_Quyet-dinh-55-2025-QD-UBND-chuc-nang-nhiem-vu-Trung-tam-Giam-dinh-Y-khoa-Phap-y-Tay-Ninh-662856.txt
2025-07-15 10:56:08,463 - INFO - ⏳ 4.99s between batches...
2025-07-15 10:56:13,456 - INFO - Processing batch 100 to 101
2025-07-15 10:56:15,211 - INFO - ⏳ Waiting 3.97s for user emulation...
2025-07-15 10:56:21,424 - INFO - ⏳ Waiting 4.83s for user emulation...
2025-07-15 10:56:27,254 - INFO - Saved txt: download_bomayhanhchinh/new_Quyet-dinh-2341-QD-UBND-2025-cong-bo-thu-tuc-hanh-chinh-bao-ve-thuc-vat-So-Nong-nghiep-Ben-Tre-664019.txt
2025-07-15 10:56:27,319 - INFO - ⏳ 4.17s between batches...
2025-07-15 10:56:31,488 - INFO - Processing batch 101 to 102
2025-07-15 10:56:32,923 - INFO - ⏳ Waiting 3.71s for user emulation...
2025-07-15 10:56:37,694 - INFO - ⏳ Waiting 4.44s for user emulation...
2025-07-15 10:56:51,504 - ERROR - ❌ Main content not found at https://thuvienphapluat.vn/van-ban/Bo-may-hanh-chinh/Quyet-dinh-1603-QD-UBND-2025-cong-bo-Danh-muc-thu-tuc-hanh-chinh-So-Xay-dung-Lai-Chau-662696.aspx - saved image error download_bomayhanhchinh/error_file_695.3828117435585.png
2025-07-15 10:56:51,568 - INFO - ⏳ 3.19s between batches...
2025-07-15 10:56:54,756 - INFO - Processing batch 102 to 103
2025-07-15 10:56:56,437 - INFO - ⏳ Waiting 3.78s for user emulation...
2025-07-15 10:57:01,248 - INFO - ⏳ Waiting 3.28s for user emulation...
2025-07-15 10:57:13,785 - ERROR - ❌ Main content not found at https://thuvienphapluat.vn/van-ban/Bo-may-hanh-chinh/Quyet-dinh-1600-QD-UBND-2025-cong-bo-thu-tuc-hanh-chinh-An-toan-thuc-pham-So-Y-te-Lai-Chau-663058.aspx - saved image error download_bomayhanhchinh/error_file_361.1728161245407.png
2025-07-15 10:57:13,850 - INFO - ⏳ 3.31s between batches...
2025-07-15 10:57:17,163 - INFO - Processing batch 103 to 104
2025-07-15 10:57:18,925 - INFO - ⏳ Waiting 3.02s for user emulation...
2025-07-15 10:57:23,074 - INFO - ⏳ Waiting 5.57s for user emulation...
2025-07-15 10:57:28,641 - WARNING - Retrying (Retry(total=2, connect=None, read=None, redirect=None, status=None)) after connection broken by 'NewConnectionError('<urllib3.connection.HTTPConnection object at 0x7cf8c2784050>: Failed to establish a new connection: [Errno 111] Connection refused')': /session/25adb68b425721e77e03d378e1322d47/execute/sync
2025-07-15 10:57:28,642 - WARNING - Retrying (Retry(total=1, connect=None, read=None, redirect=None, status=None)) after connection broken by 'NewConnectionError('<urllib3.connection.HTTPConnection object at 0x7cf8c2784770>: Failed to establish a new connection: [Errno 111] Connection refused')': /session/25adb68b425721e77e03d378e1322d47/execute/sync
2025-07-15 10:57:28,642 - WARNING - Retrying (Retry(total=0, connect=None, read=None, redirect=None, status=None)) after connection broken by 'NewConnectionError('<urllib3.connection.HTTPConnection object at 0x7cf8c2784c80>: Failed to establish a new connection: [Errno 111] Connection refused')': /session/25adb68b425721e77e03d378e1322d47/execute/sync
2025-07-15 10:57:28,644 - WARNING - Retrying (Retry(total=2, connect=None, read=None, redirect=None, status=None)) after connection broken by 'NewConnectionError('<urllib3.connection.HTTPConnection object at 0x7cf8c2785280>: Failed to establish a new connection: [Errno 111] Connection refused')': /session/25adb68b425721e77e03d378e1322d47/element
2025-07-15 10:57:28,644 - WARNING - Retrying (Retry(total=1, connect=None, read=None, redirect=None, status=None)) after connection broken by 'NewConnectionError('<urllib3.connection.HTTPConnection object at 0x7cf8c27854c0>: Failed to establish a new connection: [Errno 111] Connection refused')': /session/25adb68b425721e77e03d378e1322d47/element
2025-07-15 10:57:28,645 - WARNING - Retrying (Retry(total=0, connect=None, read=None, redirect=None, status=None)) after connection broken by 'NewConnectionError('<urllib3.connection.HTTPConnection object at 0x7cf8c2785700>: Failed to establish a new connection: [Errno 111] Connection refused')': /session/25adb68b425721e77e03d378e1322d47/element
2025-07-15 10:57:28,646 - WARNING - Retrying (Retry(total=2, connect=None, read=None, redirect=None, status=None)) after connection broken by 'NewConnectionError('<urllib3.connection.HTTPConnection object at 0x7cf8c2b13530>: Failed to establish a new connection: [Errno 111] Connection refused')': /session/25adb68b425721e77e03d378e1322d47/screenshot
2025-07-15 10:57:28,647 - WARNING - Retrying (Retry(total=1, connect=None, read=None, redirect=None, status=None)) after connection broken by 'NewConnectionError('<urllib3.connection.HTTPConnection object at 0x7cf8c27dbe30>: Failed to establish a new connection: [Errno 111] Connection refused')': /session/25adb68b425721e77e03d378e1322d47/screenshot
2025-07-15 10:57:28,649 - WARNING - Retrying (Retry(total=0, connect=None, read=None, redirect=None, status=None)) after connection broken by 'NewConnectionError('<urllib3.connection.HTTPConnection object at 0x7cf8c27dbf20>: Failed to establish a new connection: [Errno 111] Connection refused')': /session/25adb68b425721e77e03d378e1322d47/screenshot
2025-07-15 10:57:28,650 - ERROR - Error saving document TXT 103: HTTPConnectionPool(host='localhost', port=43353): Max retries exceeded with url: /session/25adb68b425721e77e03d378e1322d47/screenshot (Caused by NewConnectionError('<urllib3.connection.HTTPConnection object at 0x7cf8c207a960>: Failed to establish a new connection: [Errno 111] Connection refused'))
2025-07-15 10:57:28,651 - WARNING - Retrying (Retry(total=2, connect=None, read=None, redirect=None, status=None)) after connection broken by 'NewConnectionError('<urllib3.connection.HTTPConnection object at 0x7cf8c2b25460>: Failed to establish a new connection: [Errno 111] Connection refused')': /session/25adb68b425721e77e03d378e1322d47/screenshot
2025-07-15 10:57:28,651 - WARNING - Retrying (Retry(total=1, connect=None, read=None, redirect=None, status=None)) after connection broken by 'NewConnectionError('<urllib3.connection.HTTPConnection object at 0x7cf8c2784bc0>: Failed to establish a new connection: [Errno 111] Connection refused')': /session/25adb68b425721e77e03d378e1322d47/screenshot
2025-07-15 10:57:28,652 - WARNING - Retrying (Retry(total=0, connect=None, read=None, redirect=None, status=None)) after connection broken by 'NewConnectionError('<urllib3.connection.HTTPConnection object at 0x7cf8c2784ec0>: Failed to establish a new connection: [Errno 111] Connection refused')': /session/25adb68b425721e77e03d378e1322d47/screenshot
2025-07-15 10:57:28,653 - WARNING - Retrying (Retry(total=2, connect=None, read=None, redirect=None, status=None)) after connection broken by 'NewConnectionError('<urllib3.connection.HTTPConnection object at 0x7cf8c2784a40>: Failed to establish a new connection: [Errno 111] Connection refused')': /session/25adb68b425721e77e03d378e1322d47
2025-07-15 10:57:28,654 - WARNING - Retrying (Retry(total=1, connect=None, read=None, redirect=None, status=None)) after connection broken by 'NewConnectionError('<urllib3.connection.HTTPConnection object at 0x7cf8c2784290>: Failed to establish a new connection: [Errno 111] Connection refused')': /session/25adb68b425721e77e03d378e1322d47
2025-07-15 10:57:28,656 - WARNING - Retrying (Retry(total=0, connect=None, read=None, redirect=None, status=None)) after connection broken by 'NewConnectionError('<urllib3.connection.HTTPConnection object at 0x7cf8c2785c10>: Failed to establish a new connection: [Errno 111] Connection refused')': /session/25adb68b425721e77e03d378e1322d47
2025-07-16 04:07:56,962 - INFO - Total 3337 links found in bomayhanhchinh.txt
2025-07-16 04:07:57,007 - INFO - Processing batch 0 to 1
2025-07-16 04:08:13,910 - INFO - ⏳ Waiting 4.00s for user emulation...
2025-07-16 04:08:19,354 - INFO - ⏳ Waiting 3.72s for user emulation...
2025-07-16 04:08:23,687 - INFO - Saved txt: download_bomayhanhchinh/new1_Quyet-dinh-1603-QD-UBND-2025-cong-bo-Danh-muc-thu-tuc-hanh-chinh-So-Xay-dung-Lai-Chau-662696.txt
2025-07-16 04:08:23,753 - INFO - ⏳ 3.53s between batches...
2025-07-16 04:08:27,284 - INFO - Processing batch 1 to 2
2025-07-16 04:08:28,785 - INFO - ⏳ Waiting 3.53s for user emulation...
2025-07-16 04:08:33,609 - INFO - ⏳ Waiting 3.52s for user emulation...
2025-07-16 04:08:37,783 - INFO - Saved txt: download_bomayhanhchinh/new1_Quyet-dinh-1600-QD-UBND-2025-cong-bo-thu-tuc-hanh-chinh-An-toan-thuc-pham-So-Y-te-Lai-Chau-663058.txt
2025-07-16 04:08:37,851 - INFO - ⏳ 3.28s between batches...
2025-07-16 04:08:41,133 - INFO - Processing batch 2 to 3
2025-07-16 04:08:42,885 - INFO - ⏳ Waiting 2.41s for user emulation...
2025-07-16 04:08:46,868 - INFO - ⏳ Waiting 5.30s for user emulation...
2025-07-16 04:08:53,263 - INFO - Saved txt: download_bomayhanhchinh/new1_Thong-tu-11-2025-TT-BTP-sua-doi-Thong-tu-linh-vuc-quan-ly-nha-nuoc-cua-Bo-Tu-phap-662710.txt
2025-07-16 04:08:53,353 - INFO - ⏳ 4.19s between batches...
2025-07-16 04:08:57,543 - INFO - Processing batch 3 to 4
2025-07-16 04:08:59,203 - INFO - ⏳ Waiting 3.66s for user emulation...
2025-07-16 04:09:04,184 - INFO - ⏳ Waiting 3.59s for user emulation...
2025-07-16 04:09:08,769 - INFO - Saved txt: download_bomayhanhchinh/new1_Thong-tu-02-2025-TT-TTCP-thuc-hien-quy-dinh-quan-ly-nha-nuoc-cua-Thanh-tra-Chinh-phu-662807.txt
2025-07-16 04:09:08,834 - INFO - ⏳ 4.57s between batches...
2025-07-16 04:09:13,404 - INFO - Processing batch 4 to 5
2025-07-16 04:09:15,013 - INFO - ⏳ Waiting 2.98s for user emulation...
2025-07-16 04:09:19,085 - INFO - ⏳ Waiting 5.92s for user emulation...
2025-07-16 04:09:25,929 - INFO - Saved txt: download_bomayhanhchinh/new1_Thong-tu-57-2025-TT-BTC-huong-dan-chuc-nang-nhiem-vu-So-Tai-chinh-thuoc-Uy-ban-cap-tinh-662965.txt
2025-07-16 04:09:25,994 - INFO - ⏳ 4.74s between batches...
2025-07-16 04:09:30,739 - INFO - Processing batch 5 to 6
2025-07-16 04:09:32,348 - INFO - ⏳ Waiting 2.97s for user emulation...
2025-07-16 04:09:36,583 - INFO - ⏳ Waiting 5.19s for user emulation...
2025-07-16 04:09:42,974 - INFO - Saved txt: download_bomayhanhchinh/new1_Quyet-dinh-1693-QD-BGDDT-2025-cong-bo-thu-tuc-hanh-chinh-sua-doi-linh-vuc-giao-duc-trung-hoc-662877.txt
2025-07-16 04:09:43,042 - INFO - ⏳ 3.02s between batches...
2025-07-16 04:09:46,067 - INFO - Processing batch 6 to 7
2025-07-16 04:09:47,710 - INFO - ⏳ Waiting 2.26s for user emulation...
2025-07-16 04:09:51,267 - INFO - ⏳ Waiting 5.34s for user emulation...
2025-07-16 04:09:57,393 - INFO - Saved txt: download_bomayhanhchinh/new1_Quyet-dinh-1466-QD-BKHCN-2025-cong-bo-thu-tuc-hanh-chinh-Tieu-chuan-Do-luong-Chat-luong-662983.txt
2025-07-16 04:09:57,461 - INFO - ⏳ 4.64s between batches...
2025-07-16 04:10:02,103 - INFO - Processing batch 7 to 8
2025-07-16 04:10:03,838 - INFO - ⏳ Waiting 2.97s for user emulation...
2025-07-16 04:10:08,013 - INFO - ⏳ Waiting 5.00s for user emulation...
2025-07-16 04:10:14,495 - INFO - Saved txt: download_bomayhanhchinh/new1_Quyet-dinh-594-QD-UBND-2025-cong-bo-thu-tuc-hanh-chinh-linh-vuc-viec-lam-So-Noi-vu-Gia-Lai-662452.txt
2025-07-16 04:10:14,560 - INFO - ⏳ 4.32s between batches...
2025-07-16 04:10:18,879 - INFO - Processing batch 8 to 9
2025-07-16 04:10:20,512 - INFO - ⏳ Waiting 2.42s for user emulation...
2025-07-16 04:10:24,221 - INFO - ⏳ Waiting 4.40s for user emulation...
2025-07-16 04:10:29,898 - INFO - Saved txt: download_bomayhanhchinh/new1_Quyet-dinh-598-QD-UBND-2025-cong-bo-thu-tuc-hanh-chinhlinh-vuc-Bao-chi-So-Van-hoa-Gia-Lai-662451.txt
2025-07-16 04:10:29,963 - INFO - ⏳ 3.50s between batches...
2025-07-16 04:10:33,466 - INFO - Processing batch 9 to 10
2025-07-16 04:10:35,110 - INFO - ⏳ Waiting 3.05s for user emulation...
2025-07-16 04:10:39,372 - INFO - ⏳ Waiting 4.96s for user emulation...
2025-07-16 04:10:45,785 - INFO - Saved txt: download_bomayhanhchinh/new1_Luat-Thanh-tra-2025-so-84-2025-QH15-655378.txt
2025-07-16 04:10:45,850 - INFO - ⏳ 4.91s between batches...
2025-07-16 04:10:50,765 - INFO - Processing batch 10 to 11
2025-07-16 04:10:52,302 - INFO - ⏳ Waiting 3.94s for user emulation...
2025-07-16 04:10:57,514 - INFO - ⏳ Waiting 5.16s for user emulation...
2025-07-16 04:11:04,058 - INFO - Saved txt: download_bomayhanhchinh/new1_Quyet-dinh-1340-QD-TTg-2025-giai-the-to-chuc-phoi-hop-lien-nganh-662499.txt
2025-07-16 04:11:04,129 - INFO - ⏳ 3.84s between batches...
2025-07-16 04:11:07,974 - INFO - Processing batch 11 to 12
2025-07-16 04:11:09,548 - INFO - ⏳ Waiting 3.88s for user emulation...
2025-07-16 04:11:14,688 - INFO - ⏳ Waiting 5.75s for user emulation...
2025-07-16 04:11:21,056 - INFO - Saved txt: download_bomayhanhchinh/new1_Thong-tu-06-2025-TT-BDTTG-he-thong-chi-tieu-thong-ke-cong-tac-dan-toc-tin-nguong-ton-giao-663699.txt
2025-07-16 04:11:21,121 - INFO - ⏳ 3.26s between batches...
2025-07-16 04:11:24,377 - INFO - Processing batch 12 to 13
2025-07-16 04:11:25,988 - INFO - ⏳ Waiting 3.13s for user emulation...
2025-07-16 04:11:30,437 - INFO - ⏳ Waiting 4.57s for user emulation...
2025-07-16 04:11:35,834 - INFO - Saved txt: download_bomayhanhchinh/new1_Luat-Ban-hanh-van-ban-quy-pham-phap-luat-sua-doi-2025-so-87-2025-QH15-662673.txt
2025-07-16 04:11:35,899 - INFO - ⏳ 3.22s between batches...
2025-07-16 04:11:39,121 - INFO - Processing batch 13 to 14
2025-07-16 04:11:40,758 - INFO - ⏳ Waiting 2.94s for user emulation...
2025-07-16 04:11:45,069 - INFO - ⏳ Waiting 3.82s for user emulation...
2025-07-16 04:11:50,157 - INFO - Saved txt: download_bomayhanhchinh/new1_Quyet-dinh-587-QD-TTCP-2025-cong-bo-thu-tuc-hanh-chinh-cap-xa-sua-doi-cua-Thanh-tra-Chinh-phu-663554.txt
2025-07-16 04:11:50,222 - INFO - ⏳ 4.65s between batches...
2025-07-16 04:11:54,868 - INFO - Processing batch 14 to 15
2025-07-16 04:11:56,454 - INFO - ⏳ Waiting 3.66s for user emulation...
2025-07-16 04:12:02,026 - INFO - ⏳ Waiting 5.63s for user emulation...
2025-07-16 04:12:09,095 - INFO - Saved txt: download_bomayhanhchinh/new1_Quyet-dinh-1877-QD-BTP-2025-cong-bo-thu-tuc-hanh-chinh-thuc-hien-dich-vu-cong-truc-tuyen-toan-trinh-663555.txt
2025-07-16 04:12:09,161 - INFO - ⏳ 3.44s between batches...
2025-07-16 04:12:12,601 - INFO - Processing batch 15 to 16
2025-07-16 04:12:14,239 - INFO - ⏳ Waiting 3.00s for user emulation...
2025-07-16 04:12:18,524 - INFO - ⏳ Waiting 5.83s for user emulation...
2025-07-16 04:12:25,875 - INFO - Saved txt: download_bomayhanhchinh/new1_Quyet-dinh-2145-QD-BVHTTDL-2025-cong-bo-thu-tuc-hanh-chinh-phan-dinh-tham-quyen-cua-Bo-Van-hoa-662666.txt
2025-07-16 04:12:25,940 - INFO - ⏳ 4.89s between batches...
2025-07-16 04:12:30,827 - INFO - Processing batch 16 to 17
2025-07-16 04:12:32,320 - INFO - ⏳ Waiting 2.78s for user emulation...
2025-07-16 04:12:36,372 - INFO - ⏳ Waiting 3.53s for user emulation...
2025-07-16 04:12:40,678 - INFO - Saved txt: download_bomayhanhchinh/new1_Quyet-dinh-593-QD-UBND-2025-%e2%80%8bcong-bo-thu-tuc-hanh-chinh-linh-vuc-lao-dong-So-Noi-vu-Gia-Lai-662449.txt
2025-07-16 04:12:40,743 - INFO - ⏳ 3.83s between batches...
2025-07-16 04:12:44,574 - INFO - Processing batch 17 to 18
2025-07-16 04:12:46,153 - INFO - ⏳ Waiting 3.54s for user emulation...
2025-07-16 04:12:50,978 - INFO - ⏳ Waiting 3.01s for user emulation...
2025-07-16 04:12:55,241 - INFO - Saved txt: download_bomayhanhchinh/new1_Nghi-quyet-572-2025-NQ-HDND-chinh-sach-ho-tro-mot-lan-ve-cong-tac-tai-tinh-Phu-Tho-sau-sap-xep-Hoa-Binh-662867.txt
2025-07-16 04:12:55,306 - INFO - ⏳ 4.11s between batches...
2025-07-16 04:12:59,421 - INFO - Processing batch 18 to 19
2025-07-16 04:13:01,021 - INFO - ⏳ Waiting 3.77s for user emulation...
2025-07-16 04:13:05,967 - INFO - ⏳ Waiting 4.82s for user emulation...
2025-07-16 04:13:12,252 - INFO - Saved txt: download_bomayhanhchinh/new1_Quyet-dinh-53-2025-QD-UBND-chuc-nang-nhiem-vu-Truong-Cao-dang-nghe-Tay-Ninh-662822.txt
2025-07-16 04:13:12,317 - INFO - ⏳ 4.98s between batches...
2025-07-16 04:13:17,299 - INFO - Processing batch 19 to 20
2025-07-16 04:13:18,942 - INFO - ⏳ Waiting 2.26s for user emulation...
2025-07-16 04:13:22,441 - INFO - ⏳ Waiting 3.59s for user emulation...
2025-07-16 04:13:27,135 - INFO - Saved txt: download_bomayhanhchinh/new1_Quyet-dinh-52-2025-QD-UBND-chuc-nang-nhiem-vu-Truong-Trung-cap-Kinh-te-Ky-thuat-Tay-Ninh-662821.txt
2025-07-16 04:13:27,200 - INFO - ⏳ 3.95s between batches...
2025-07-16 04:13:31,154 - INFO - Processing batch 20 to 21
2025-07-16 04:13:32,787 - INFO - ⏳ Waiting 3.32s for user emulation...
2025-07-16 04:13:37,567 - INFO - ⏳ Waiting 3.96s for user emulation...
2025-07-16 04:13:42,278 - INFO - Saved txt: download_bomayhanhchinh/new1_Nghi-dinh-159-2025-ND-CP-huong-dan-Luat-Bao-hiem-xa-hoi-ve-bao-hiem-xa-hoi-tu-nguyen-634788.txt
2025-07-16 04:13:42,346 - INFO - ⏳ 4.11s between batches...
2025-07-16 04:13:46,457 - INFO - Processing batch 21 to 22
2025-07-16 04:13:48,121 - INFO - ⏳ Waiting 3.97s for user emulation...
2025-07-16 04:13:53,398 - INFO - ⏳ Waiting 4.25s for user emulation...
2025-07-16 04:13:58,594 - INFO - Saved txt: download_bomayhanhchinh/new1_Nghi-quyet-208-2025-QH15-sua-doi-Nghi-quyet-71-2022-QH15-Noi-quy-ky-hop-Quoc-hoi-662769.txt
2025-07-16 04:13:58,659 - INFO - ⏳ 3.75s between batches...
2025-07-16 04:14:02,406 - INFO - Processing batch 22 to 23
2025-07-16 04:14:04,036 - INFO - ⏳ Waiting 3.30s for user emulation...
2025-07-16 04:14:08,750 - INFO - ⏳ Waiting 5.89s for user emulation...
2025-07-16 04:14:16,189 - INFO - Saved txt: download_bomayhanhchinh/new1_Luat-sua-doi-Bo-luat-To-tung-dan-su-Luat-To-tung-hanh-chinh-Luat-Tu-phap-nguoi-chua-thanh-nien-2025-651570.txt
2025-07-16 04:14:16,254 - INFO - ⏳ 4.09s between batches...
2025-07-16 04:14:20,349 - INFO - Processing batch 23 to 24
2025-07-16 04:14:21,962 - INFO - ⏳ Waiting 3.30s for user emulation...
2025-07-16 04:14:26,441 - INFO - ⏳ Waiting 3.72s for user emulation...
2025-07-16 04:14:30,831 - INFO - Saved txt: download_bomayhanhchinh/new1_Nghi-quyet-210-2025-QH15-so-thanh-vien-Uy-ban-Thuong-vu-Quoc-hoi-khoa-XV-662911.txt
2025-07-16 04:14:30,896 - INFO - ⏳ 4.69s between batches...
2025-07-16 04:14:35,590 - INFO - Processing batch 24 to 25
2025-07-16 04:14:37,245 - INFO - ⏳ Waiting 2.85s for user emulation...
2025-07-16 04:14:41,544 - INFO - ⏳ Waiting 4.72s for user emulation...
2025-07-16 04:14:47,585 - INFO - Saved txt: download_bomayhanhchinh/new1_Thong-tu-01-2025-TT-VPCP-sua-doi-Thong-tu-01-2022-TT-VPCP-chuc-nang-Van-phong-Uy-ban-tinh-662726.txt
2025-07-16 04:14:47,657 - INFO - ⏳ 3.26s between batches...
2025-07-16 04:14:50,922 - INFO - Processing batch 25 to 26
2025-07-16 04:14:52,561 - INFO - ⏳ Waiting 3.98s for user emulation...
2025-07-16 04:14:57,713 - INFO - ⏳ Waiting 4.94s for user emulation...
2025-07-16 04:15:03,514 - INFO - Saved txt: download_bomayhanhchinh/new1_Quyet-dinh-599-QD-UBND-2025-cong-bo-thu-tuc-hanh-chinh-nguoi-co-cong-So-Noi-vu-Gia-Lai-662450.txt
2025-07-16 04:15:03,579 - INFO - ⏳ 4.80s between batches...
2025-07-16 04:15:08,379 - INFO - Processing batch 26 to 27
2025-07-16 04:15:10,022 - INFO - ⏳ Waiting 2.71s for user emulation...
2025-07-16 04:15:14,089 - INFO - ⏳ Waiting 5.75s for user emulation...
2025-07-16 04:15:20,443 - INFO - Saved txt: download_bomayhanhchinh/new1_Nghi-dinh-157-2025-ND-CP-huong-dan-Luat-Bao-hiem-xa-hoi-ve-bao-hiem-xa-hoi-bat-buoc-quan-nhan-662578.txt
2025-07-16 04:15:20,508 - INFO - ⏳ 3.69s between batches...
2025-07-16 04:15:24,196 - INFO - Processing batch 27 to 28
2025-07-16 04:15:25,817 - INFO - ⏳ Waiting 2.24s for user emulation...
2025-07-16 04:15:29,280 - INFO - ⏳ Waiting 3.33s for user emulation...
2025-07-16 04:15:33,534 - INFO - Saved txt: download_bomayhanhchinh/new1_Quyet-dinh-1013-QD-UBND-2025-dich-vu-cong-truc-tuyen-toan-trinh-Ban-Quan-ly-Khu-cong-nghiep-Quang-Ngai-662643.txt
2025-07-16 04:15:33,599 - INFO - ⏳ 4.40s between batches...
2025-07-16 04:15:37,996 - INFO - Processing batch 28 to 29
2025-07-16 04:15:39,661 - INFO - ⏳ Waiting 2.09s for user emulation...
2025-07-16 04:15:43,141 - INFO - ⏳ Waiting 3.72s for user emulation...
2025-07-16 04:15:47,838 - INFO - Saved txt: download_bomayhanhchinh/new1_Thong-tu-07-2025-TT-BDTTG-che-do-bao-cao-thong-ke-cong-tac-dan-toc-tin-nguong-ton-giao-663517.txt
2025-07-16 04:15:47,903 - INFO - ⏳ 3.93s between batches...
2025-07-16 04:15:51,836 - INFO - Processing batch 29 to 30
2025-07-16 04:15:53,395 - INFO - ⏳ Waiting 3.14s for user emulation...
2025-07-16 04:15:57,842 - INFO - ⏳ Waiting 4.92s for user emulation...
2025-07-16 04:16:03,932 - INFO - Saved txt: download_bomayhanhchinh/new1_Quyet-dinh-2352-QD-BNNMT-2025-cong-bo-chuan-hoa-thu-tuc-hanh-chinh-linh-vuc-quan-ly-de-dieu-662594.txt
2025-07-16 04:16:04,000 - INFO - ⏳ 3.83s between batches...
2025-07-16 04:16:07,834 - INFO - Processing batch 30 to 31
2025-07-16 04:16:09,513 - INFO - ⏳ Waiting 3.39s for user emulation...
2025-07-16 04:16:13,986 - INFO - ⏳ Waiting 5.31s for user emulation...
2025-07-16 04:16:20,128 - INFO - Saved txt: download_bomayhanhchinh/new1_Quyet-dinh-1898-QD-BTP-2025-nhiem-vu-quyen-han-Cuc-Quan-ly-Thi-hanh-an-dan-su-663249.txt
2025-07-16 04:16:20,193 - INFO - ⏳ 3.30s between batches...
2025-07-16 04:16:23,490 - INFO - Processing batch 31 to 32
2025-07-16 04:16:25,128 - INFO - ⏳ Waiting 3.13s for user emulation...
2025-07-16 04:16:29,481 - INFO - ⏳ Waiting 3.37s for user emulation...
2025-07-16 04:16:33,462 - INFO - Saved txt: download_bomayhanhchinh/new1_Nghi-quyet-571-2025-NQ-HDND-muc-tro-cap-dac-thu-si-quan-lam-viec-tai-co-so-cai-nghien-ma-tuy-Hoa-Binh-662614.txt
2025-07-16 04:16:33,526 - INFO - ⏳ 4.63s between batches...
2025-07-16 04:16:38,161 - INFO - Processing batch 32 to 33
2025-07-16 04:16:40,274 - INFO - ⏳ Waiting 2.76s for user emulation...
2025-07-16 04:16:44,672 - INFO - ⏳ Waiting 4.12s for user emulation...
2025-07-16 04:16:49,720 - INFO - Saved txt: download_bomayhanhchinh/new1_Quyet-dinh-41-2025-QD-UBND-bai-bo-Quyet-dinh-02-2021-QD-UBND-Hai-Phong-663010.txt
2025-07-16 04:16:49,785 - INFO - ⏳ 4.13s between batches...
2025-07-16 04:16:53,919 - INFO - Processing batch 33 to 34
2025-07-16 04:16:55,800 - INFO - ⏳ Waiting 2.45s for user emulation...
2025-07-16 04:16:59,741 - INFO - ⏳ Waiting 4.60s for user emulation...
2025-07-16 04:17:05,007 - INFO - Saved txt: download_bomayhanhchinh/new1_Nghi-quyet-03-2025-NQ-HDND-chinh-sach-ho-tro-can-bo-tai-Trung-tam-hanh-chinh-Dong-Nai-663007.txt
2025-07-16 04:17:05,071 - INFO - ⏳ 4.51s between batches...
2025-07-16 04:17:09,579 - INFO - Processing batch 34 to 35
2025-07-16 04:17:11,509 - INFO - ⏳ Waiting 2.18s for user emulation...
2025-07-16 04:17:15,401 - INFO - ⏳ Waiting 3.84s for user emulation...
2025-07-16 04:17:20,001 - INFO - Saved txt: download_bomayhanhchinh/new1_Quyet-dinh-36-2025-QD-UBND-chuc-nang-nhiem-vu-quyen-han-co-cau-to-chuc-Thanh-tra-Ha-Tinh-663191.txt
2025-07-16 04:17:20,072 - INFO - ⏳ 3.39s between batches...
2025-07-16 04:17:23,462 - INFO - Processing batch 35 to 36
2025-07-16 04:17:25,531 - INFO - ⏳ Waiting 2.47s for user emulation...
2025-07-16 04:17:29,621 - INFO - ⏳ Waiting 5.90s for user emulation...
2025-07-16 04:17:36,817 - INFO - Saved txt: download_bomayhanhchinh/new1_Quyet-dinh-1270-QD-TTg-2025-danh-sach-don-vi-su-nghiep-cong-lap-truc-thuoc-Bo-Van-hoa-662468.txt
2025-07-16 04:17:36,882 - INFO - ⏳ 4.18s between batches...
2025-07-16 04:17:41,062 - INFO - Processing batch 36 to 37
2025-07-16 04:17:43,208 - INFO - ⏳ Waiting 3.35s for user emulation...
2025-07-16 04:17:48,333 - INFO - ⏳ Waiting 3.80s for user emulation...
2025-07-16 04:17:52,839 - INFO - Saved txt: download_bomayhanhchinh/new1_Quyet-dinh-1672-QD-BGDDT-2025-cong-bo-thu-tuc-hanh-chinh-sua-doi-linh-vuc-giao-duc-giao-duc-662884.txt
2025-07-16 04:17:52,904 - INFO - ⏳ 3.76s between batches...
2025-07-16 04:17:56,666 - INFO - Processing batch 37 to 38
2025-07-16 04:17:58,604 - INFO - ⏳ Waiting 3.93s for user emulation...
2025-07-16 04:18:04,426 - INFO - ⏳ Waiting 5.94s for user emulation...
2025-07-16 04:18:11,174 - INFO - Saved txt: download_bomayhanhchinh/new1_Quyet-dinh-1674-QD-BGDDT-2025-cong-bo-thu-tuc-hanh-chinh-sua-doi-linh-vuc-giao-duc-nghe-nghiep-662880.txt
2025-07-16 04:18:11,239 - INFO - ⏳ 4.98s between batches...
2025-07-16 04:18:16,222 - INFO - Processing batch 38 to 39
2025-07-16 04:18:18,125 - INFO - ⏳ Waiting 3.44s for user emulation...
2025-07-16 04:18:23,372 - INFO - ⏳ Waiting 4.39s for user emulation...
2025-07-16 04:18:28,700 - INFO - Saved txt: download_bomayhanhchinh/new1_Quyet-dinh-364-QD-BDTTG-2025-cong-bo-thu-tuc-hanh-chinh-sua-doi-thuoc-Bo-Dan-toc-Ton-giao-662885.txt
2025-07-16 04:18:28,765 - INFO - ⏳ 3.14s between batches...
2025-07-16 04:18:31,906 - INFO - Processing batch 39 to 40
2025-07-16 04:18:33,938 - INFO - ⏳ Waiting 2.25s for user emulation...
2025-07-16 04:18:38,253 - INFO - ⏳ Waiting 4.41s for user emulation...
2025-07-16 04:18:43,854 - INFO - Saved txt: download_bomayhanhchinh/new1_Quyet-dinh-900-QD-BXD-2025-cong-bo-thu-tuc-hanh-chinh-sua-doi-linh-vuc-duong-sat-662692.txt
2025-07-16 04:18:43,919 - INFO - ⏳ 4.14s between batches...
2025-07-16 04:18:48,058 - INFO - Processing batch 40 to 41
2025-07-16 04:18:50,107 - INFO - ⏳ Waiting 2.23s for user emulation...
2025-07-16 04:18:54,141 - INFO - ⏳ Waiting 3.76s for user emulation...
2025-07-16 04:18:59,077 - INFO - Saved txt: download_bomayhanhchinh/new1_Quyet-dinh-2122-QD-BTC-2025-cong-bo-thu-tuc-hanh-chinh-linh-vuc-quan-ly-thue-hai-quan-662250.txt
2025-07-16 04:18:59,144 - INFO - ⏳ 4.69s between batches...
2025-07-16 04:19:03,832 - INFO - Processing batch 41 to 42
2025-07-16 04:19:05,950 - INFO - ⏳ Waiting 2.28s for user emulation...
2025-07-16 04:19:09,836 - INFO - ⏳ Waiting 5.76s for user emulation...
2025-07-16 04:19:16,859 - INFO - Saved txt: download_bomayhanhchinh/new1_Quyet-dinh-1254-QD-TTg-2025-kien-toan-Ban-Quan-ly-Quy-Den-on-dap-nghia-Trung-uong-662433.txt
2025-07-16 04:19:16,924 - INFO - ⏳ 3.35s between batches...
2025-07-16 04:19:20,277 - INFO - Processing batch 42 to 43
2025-07-16 04:19:21,871 - INFO - ⏳ Waiting 3.35s for user emulation...
2025-07-16 04:19:26,771 - INFO - ⏳ Waiting 3.19s for user emulation...
2025-07-16 04:19:31,231 - INFO - Saved txt: download_bomayhanhchinh/new1_Chi-thi-08-CT-UBND-2025-to-chuc-thuc-hien-Tong-dieu-tra-nong-thon-nong-nghiep-Bac-Ninh-662376.txt
2025-07-16 04:19:31,296 - INFO - ⏳ 4.28s between batches...
2025-07-16 04:19:35,580 - INFO - Processing batch 43 to 44
2025-07-16 04:19:37,468 - INFO - ⏳ Waiting 2.90s for user emulation...
2025-07-16 04:19:42,032 - INFO - ⏳ Waiting 5.58s for user emulation...
2025-07-16 04:19:48,870 - INFO - Saved txt: download_bomayhanhchinh/new1_Quyet-dinh-267-QD-VP-2025-cong-bo-thu-tuc-hanh-chinh-dau-gia-tai-san-So-Tu-phap-Tuyen-Quang-662224.txt
2025-07-16 04:19:48,936 - INFO - ⏳ 4.54s between batches...
2025-07-16 04:19:53,475 - INFO - Processing batch 44 to 45
2025-07-16 04:19:55,428 - INFO - ⏳ Waiting 2.85s for user emulation...
2025-07-16 04:19:59,835 - INFO - ⏳ Waiting 5.48s for user emulation...
2025-07-16 04:20:06,000 - INFO - Saved txt: download_bomayhanhchinh/new1_Quyet-dinh-2113-QD-UBND-2025-cong-bo-thu-tuc-hanh-chinh-truc-tuyen-toan-trinh-So-Nong-nghiep-Thanh-Hoa-662456.txt
2025-07-16 04:20:06,065 - INFO - ⏳ 3.19s between batches...
2025-07-16 04:20:09,258 - INFO - Processing batch 45 to 46
2025-07-16 04:20:11,351 - INFO - ⏳ Waiting 2.80s for user emulation...
2025-07-16 04:20:15,911 - INFO - ⏳ Waiting 5.74s for user emulation...
2025-07-16 04:20:22,433 - INFO - Saved txt: download_bomayhanhchinh/new1_Quyet-dinh-2117-QD-UBND-2025-cong-bo-thu-tuc-hanh-chinh-linh-vuc-Kham-benh-So-Y-te-Thanh-Hoa-662454.txt
2025-07-16 04:20:22,498 - INFO - ⏳ 4.44s between batches...
2025-07-16 04:20:26,937 - INFO - Processing batch 46 to 47
2025-07-16 04:20:28,982 - INFO - ⏳ Waiting 2.77s for user emulation...
2025-07-16 04:20:33,424 - INFO - ⏳ Waiting 4.02s for user emulation...
2025-07-16 04:20:38,873 - INFO - Saved txt: download_bomayhanhchinh/new1_Quyet-dinh-2096-QD-UBND-2025-cong-bo-thu-tuc-hanh-chinh-linh-vuc-Lao-dong-So-Noi-vu-Thanh-Hoa-662223.txt
2025-07-16 04:20:38,938 - INFO - ⏳ 3.78s between batches...
2025-07-16 04:20:42,715 - INFO - Processing batch 47 to 48
2025-07-16 04:20:44,845 - INFO - ⏳ Waiting 2.81s for user emulation...
2025-07-16 04:20:49,281 - INFO - ⏳ Waiting 4.68s for user emulation...
2025-07-16 04:20:54,654 - INFO - Saved txt: download_bomayhanhchinh/new1_Quyet-dinh-2074-QD-BYT-2025-cong-bo-thu-tuc-hanh-chinh-linh-vuc-Y-Duoc-co-truyen-662256.txt
2025-07-16 04:20:54,719 - INFO - ⏳ 4.62s between batches...
2025-07-16 04:20:59,334 - INFO - Processing batch 48 to 49
2025-07-16 04:21:00,954 - INFO - ⏳ Waiting 3.71s for user emulation...
2025-07-16 04:21:05,892 - INFO - ⏳ Waiting 5.72s for user emulation...
2025-07-16 04:21:20,762 - ERROR - ❌ Main content not found at https://thuvienphapluat.vn/van-ban/Bo-may-hanh-chinh/Quyet-dinh-2075-QD-BYT-2025-cong-bo-thu-tuc-hanh-chinh-Thiet-bi-y-te-tai-Nghi-dinh-148-2025-ND-CP-662255.aspx - saved image error download_bomayhanhchinh/error_file_667.1038153139091_new1.png
2025-07-16 04:21:20,827 - INFO - ⏳ 3.28s between batches...
2025-07-16 04:21:24,103 - INFO - Processing batch 49 to 50
2025-07-16 04:21:26,050 - INFO - ⏳ Waiting 2.09s for user emulation...
2025-07-16 04:21:29,808 - INFO - ⏳ Waiting 5.64s for user emulation...
2025-07-16 04:21:36,221 - INFO - Saved txt: download_bomayhanhchinh/new1_Quyet-dinh-2075-QD-BYT-2025-cong-bo-thu-tuc-hanh-chinh-moi-bi-bai-bo-linh-vuc-thiet-bi-y-te-662508.txt
2025-07-16 04:21:36,286 - INFO - ⏳ 4.90s between batches...
2025-07-16 04:21:41,190 - INFO - Processing batch 50 to 51
2025-07-16 04:21:42,795 - INFO - ⏳ Waiting 2.48s for user emulation...
2025-07-16 04:21:47,112 - INFO - ⏳ Waiting 4.39s for user emulation...
2025-07-16 04:21:52,531 - INFO - Saved txt: download_bomayhanhchinh/new1_Quyet-dinh-5919-QD-KBNN-2025-chuc-nang-Phong-Giao-dich-thuoc-Kho-bac-Nha-nuoc-khu-vuc-663654.txt
2025-07-16 04:21:52,597 - INFO - ⏳ 3.73s between batches...
2025-07-16 04:21:56,322 - INFO - Processing batch 51 to 52
2025-07-16 04:21:57,956 - INFO - ⏳ Waiting 3.89s for user emulation...
2025-07-16 04:22:03,499 - INFO - ⏳ Waiting 3.49s for user emulation...
2025-07-16 04:22:08,500 - INFO - Saved txt: download_bomayhanhchinh/new1_Thong-tu-09-2025-TT-NHNN-sua-doi-Thong-tu-25-2023-TT-NHNN-thi-dua-khen-thuong-nganh-Ngan-hang-662553.txt
2025-07-16 04:22:08,566 - INFO - ⏳ 3.57s between batches...
2025-07-16 04:22:12,137 - INFO - Processing batch 52 to 53
2025-07-16 04:22:14,036 - INFO - ⏳ Waiting 3.84s for user emulation...
2025-07-16 04:22:20,114 - INFO - ⏳ Waiting 5.10s for user emulation...
2025-07-16 04:22:26,013 - INFO - Saved txt: download_bomayhanhchinh/new1_Quyet-dinh-2093-QD-BYT-2025-cong-bo-thu-tuc-hanh-chinh-linh-vuc-phong-benh-tai-148-2025-ND-CP-662415.txt
2025-07-16 04:22:26,083 - INFO - ⏳ 4.04s between batches...
2025-07-16 04:22:30,119 - INFO - Processing batch 53 to 54
2025-07-16 04:22:32,008 - INFO - ⏳ Waiting 3.25s for user emulation...
2025-07-16 04:22:36,930 - INFO - ⏳ Waiting 4.22s for user emulation...
2025-07-16 04:22:42,014 - INFO - Saved txt: download_bomayhanhchinh/new1_Quyet-dinh-736-QD-UBND-2025-Phuong-an-cat-giam-thu-tuc-hanh-chinh-hoat-dong-san-xuat-Tuyen-Quang-662176.txt
2025-07-16 04:22:42,078 - INFO - ⏳ 4.15s between batches...
2025-07-16 04:22:46,233 - INFO - Processing batch 54 to 55
2025-07-16 04:22:48,265 - INFO - ⏳ Waiting 2.87s for user emulation...
2025-07-16 04:22:52,787 - INFO - ⏳ Waiting 5.38s for user emulation...
2025-07-16 04:22:59,690 - INFO - Saved txt: download_bomayhanhchinh/new1_Quyet-dinh-1547-QD-UBND-2025-cong-bo-thu-tuc-hanh-chinh-Kham-benh-chua-benh-So-Y-te-Lai-Chau-662453.txt
2025-07-16 04:22:59,756 - INFO - ⏳ 4.40s between batches...
2025-07-16 04:23:04,158 - INFO - Processing batch 55 to 56
2025-07-16 04:23:06,146 - INFO - ⏳ Waiting 3.00s for user emulation...
2025-07-16 04:23:10,862 - INFO - ⏳ Waiting 3.83s for user emulation...
2025-07-16 04:23:15,262 - INFO - Saved txt: download_bomayhanhchinh/new1_Quyet-dinh-965-QD-UBND-2025-cong-bo-thu-tuc-hanh-chinh-linh-vuc-duoc-pham-So-Y-te-Quang-Ngai-662457.txt
2025-07-16 04:23:15,331 - INFO - ⏳ 3.83s between batches...
2025-07-16 04:23:19,157 - INFO - Processing batch 56 to 57
2025-07-16 04:23:21,052 - INFO - ⏳ Waiting 3.50s for user emulation...
2025-07-16 04:23:26,322 - INFO - ⏳ Waiting 5.65s for user emulation...
2025-07-16 04:23:33,363 - INFO - Saved txt: download_bomayhanhchinh/new1_Quyet-dinh-2205-QD-UBND-2025-cong-bo-thu-tuc-hanh-chinh-linh-vuc-Duoc-pham-So-Y-te-Quang-Binh-662455.txt
2025-07-16 04:23:33,427 - INFO - ⏳ 3.23s between batches...
2025-07-16 04:23:36,657 - INFO - Processing batch 57 to 58
2025-07-16 04:23:38,641 - INFO - ⏳ Waiting 2.93s for user emulation...
2025-07-16 04:23:43,398 - INFO - ⏳ Waiting 6.00s for user emulation...
2025-07-16 04:23:50,491 - INFO - Saved txt: download_bomayhanhchinh/new1_Quyet-dinh-903-QD-BXD-2025-cong-bo-thu-tuc-hanh-chinh-nha-o-lien-quan-den-sap-xep-to-chuc-bo-may-663557.txt
2025-07-16 04:23:50,555 - INFO - ⏳ 4.25s between batches...
2025-07-16 04:23:54,802 - INFO - Processing batch 58 to 59
2025-07-16 04:23:56,538 - INFO - ⏳ Waiting 3.01s for user emulation...
2025-07-16 04:24:01,175 - INFO - ⏳ Waiting 5.03s for user emulation...
2025-07-16 04:24:07,207 - INFO - Saved txt: download_bomayhanhchinh/new1_Thong-tu-02-2025-TT-BDTTG-huong-dan-chuc-nang-So-Dan-toc-va-Ton-giao-thuoc-Uy-ban-tinh-662559.txt
2025-07-16 04:24:07,272 - INFO - ⏳ 3.88s between batches...
2025-07-16 04:24:11,151 - INFO - Processing batch 59 to 60
2025-07-16 04:24:13,016 - INFO - ⏳ Waiting 2.73s for user emulation...
2025-07-16 04:24:17,450 - INFO - ⏳ Waiting 4.97s for user emulation...
2025-07-16 04:24:23,260 - INFO - Saved txt: download_bomayhanhchinh/new1_Quyet-dinh-897-QD-TTPVHCC-2025-cong-bo-thu-tuc-hanh-chinh-linh-vuc-Tai-chinh-Uy-ban-Thanh-pho-Ha-Noi-662153.txt
2025-07-16 04:24:23,326 - INFO - ⏳ 3.56s between batches...
2025-07-16 04:24:26,890 - INFO - Processing batch 60 to 61
2025-07-16 04:24:28,629 - INFO - ⏳ Waiting 3.40s for user emulation...
2025-07-16 04:24:33,620 - INFO - ⏳ Waiting 3.18s for user emulation...
2025-07-16 04:24:37,532 - INFO - Saved txt: download_bomayhanhchinh/new1_Quyet-dinh-49-2025-QD-UBND-bai-bo-Quyet-dinh-51-2016-QD-UBND-Lao-Cai-663023.txt
2025-07-16 04:24:37,603 - INFO - ⏳ 3.05s between batches...
2025-07-16 04:24:40,657 - INFO - Processing batch 61 to 62
2025-07-16 04:24:42,331 - INFO - ⏳ Waiting 3.18s for user emulation...
2025-07-16 04:24:47,104 - INFO - ⏳ Waiting 5.03s for user emulation...
2025-07-16 04:24:53,402 - INFO - Saved txt: download_bomayhanhchinh/new1_Quyet-dinh-44-2025-QD-UBND-bai-bo-cac-Quyet-dinh-cua-Uy-ban-nhan-dan-Bac-Ninh-662375.txt
2025-07-16 04:24:53,472 - INFO - ⏳ 3.17s between batches...
2025-07-16 04:24:56,645 - INFO - Processing batch 62 to 63
2025-07-16 04:24:58,529 - INFO - ⏳ Waiting 3.80s for user emulation...
2025-07-16 04:25:04,194 - INFO - ⏳ Waiting 4.10s for user emulation...
2025-07-16 04:25:09,616 - INFO - Saved txt: download_bomayhanhchinh/new1_Nghi-quyet-206-2025-QH15-co-che-dac-biet-xu-ly-kho-khan-vuong-mac-do-quy-dinh-cua-phap-luat-662225.txt
2025-07-16 04:25:09,686 - INFO - ⏳ 3.00s between batches...
2025-07-16 04:25:12,689 - INFO - Processing batch 63 to 64
2025-07-16 04:25:14,408 - INFO - ⏳ Waiting 2.85s for user emulation...
2025-07-16 04:25:18,856 - INFO - ⏳ Waiting 5.10s for user emulation...
2025-07-16 04:25:25,159 - INFO - Saved txt: download_bomayhanhchinh/new1_Nghi-quyet-03-2025-NQ-HDND-bai-bo-mot-so-Nghi-quyet-cua-Hoi-dong-nhan-dan-tinh-Tien-Giang-662869.txt
2025-07-16 04:25:25,224 - INFO - ⏳ 4.47s between batches...
2025-07-16 04:25:29,692 - INFO - Processing batch 64 to 65
2025-07-16 04:25:31,308 - INFO - ⏳ Waiting 2.92s for user emulation...
2025-07-16 04:25:35,784 - INFO - ⏳ Waiting 5.13s for user emulation...
2025-07-16 04:25:41,848 - INFO - Saved txt: download_bomayhanhchinh/new1_Nghi-quyet-11-2025-NQ-HDND-bai-bo-Nghi-quyet-03-2025-NQ-HDND-Thai-Binh-663017.txt
2025-07-16 04:25:41,913 - INFO - ⏳ 4.75s between batches...
2025-07-16 04:25:46,668 - INFO - Processing batch 65 to 66
2025-07-16 04:25:48,483 - INFO - ⏳ Waiting 3.65s for user emulation...
2025-07-16 04:25:53,952 - INFO - ⏳ Waiting 3.31s for user emulation...
2025-07-16 04:25:57,870 - INFO - Saved txt: download_bomayhanhchinh/new1_Luat-To-chuc-Toa-an-nhan-dan-sua-doi-2025-so-81-2025-QH15-660533.txt
2025-07-16 04:25:57,938 - INFO - ⏳ 3.88s between batches...
2025-07-16 04:26:01,815 - INFO - Processing batch 66 to 67
2025-07-16 04:26:03,512 - INFO - ⏳ Waiting 2.85s for user emulation...
2025-07-16 04:26:07,995 - INFO - ⏳ Waiting 4.04s for user emulation...
2025-07-16 04:26:13,131 - INFO - Saved txt: download_bomayhanhchinh/new1_Quyet-dinh-34-2025-QD-UBND-chuc-nang-nhiem-vu-quyen-han-So-Noi-vu-Dak-Lak-663112.txt
2025-07-16 04:26:13,195 - INFO - ⏳ 4.68s between batches...
2025-07-16 04:26:17,879 - INFO - Processing batch 67 to 68
2025-07-16 04:26:19,870 - INFO - ⏳ Waiting 2.67s for user emulation...
2025-07-16 04:26:24,281 - INFO - ⏳ Waiting 5.75s for user emulation...
2025-07-16 04:26:30,852 - INFO - Saved txt: download_bomayhanhchinh/new1_Quyet-dinh-902-QD-BXD-2025-cong-bo-thu-tuc-hanh-chinh-linh-vuc-hang-hai-duong-thuy-noi-dia-662365.txt
2025-07-16 04:26:30,921 - INFO - ⏳ 3.85s between batches...
2025-07-16 04:26:34,767 - INFO - Processing batch 68 to 69
2025-07-16 04:26:36,439 - INFO - ⏳ Waiting 2.51s for user emulation...
2025-07-16 04:26:40,686 - INFO - ⏳ Waiting 4.12s for user emulation...
2025-07-16 04:26:45,980 - INFO - Saved txt: download_bomayhanhchinh/new1_Thong-tu-03-2025-TT-BDTTG-huong-dan-Luat-Thi-dua-khen-thuong-linh-vuc-cong-tac-dan-toc-663713.txt
2025-07-16 04:26:46,046 - INFO - ⏳ 3.69s between batches...
2025-07-16 04:26:49,735 - INFO - Processing batch 69 to 70
2025-07-16 04:26:51,726 - INFO - ⏳ Waiting 2.88s for user emulation...
2025-07-16 04:26:56,303 - INFO - ⏳ Waiting 5.69s for user emulation...
2025-07-16 04:27:03,340 - INFO - Saved txt: download_bomayhanhchinh/new1_Luat-To-chuc-Vien-kiem-sat-nhan-dan-sua-doi-2025-so-82-2025-QH15-660530.txt
2025-07-16 04:27:03,406 - INFO - ⏳ 4.49s between batches...
2025-07-16 04:27:07,894 - INFO - Processing batch 70 to 71
2025-07-16 04:27:10,171 - INFO - ⏳ Waiting 2.37s for user emulation...
2025-07-16 04:27:14,254 - INFO - ⏳ Waiting 4.63s for user emulation...
2025-07-16 04:27:20,183 - INFO - Saved txt: download_bomayhanhchinh/new1_Luat-Can-bo-cong-chuc-2025-so-80-2025-QH15-649688.txt
2025-07-16 04:27:20,250 - INFO - ⏳ 3.97s between batches...
2025-07-16 04:27:24,216 - INFO - Processing batch 71 to 72
2025-07-16 04:27:26,278 - INFO - ⏳ Waiting 3.22s for user emulation...
2025-07-16 04:27:31,424 - INFO - ⏳ Waiting 3.32s for user emulation...
2025-07-16 04:27:36,151 - INFO - Saved txt: download_bomayhanhchinh/new1_Quyet-dinh-2082-QD-BYT-2025-cong-bo-thu-tuc-hanh-chinh-linh-vuc-Dan-so-663207.txt
2025-07-16 04:27:36,216 - INFO - ⏳ 3.32s between batches...
2025-07-16 04:27:39,534 - INFO - Processing batch 72 to 73
2025-07-16 04:27:41,609 - INFO - ⏳ Waiting 2.67s for user emulation...
2025-07-16 04:27:45,843 - INFO - ⏳ Waiting 3.03s for user emulation...
2025-07-16 04:27:50,348 - INFO - Saved txt: download_bomayhanhchinh/new1_Quyet-dinh-35-2025-QD-UBND-chuc-nang-nhiem-vu-quyen-han-Thanh-tra-tinh-Dien-Bien-662870.txt
2025-07-16 04:27:50,414 - INFO - ⏳ 3.99s between batches...
2025-07-16 04:27:54,407 - INFO - Processing batch 73 to 74
2025-07-16 04:27:56,465 - INFO - ⏳ Waiting 2.28s for user emulation...
2025-07-16 04:28:00,369 - INFO - ⏳ Waiting 4.53s for user emulation...
2025-07-16 04:28:05,526 - INFO - Saved txt: download_bomayhanhchinh/new1_Nghi-quyet-117-2025-NQ-HDND-bai-bo-cac-Nghi-quyet-cua-Hoi-dong-nhan-dan-tinh-Gia-Lai-662694.txt
2025-07-16 04:28:05,590 - INFO - ⏳ 3.11s between batches...
2025-07-16 04:28:08,705 - INFO - Processing batch 74 to 75
2025-07-16 04:28:10,809 - INFO - ⏳ Waiting 2.99s for user emulation...
2025-07-16 04:28:15,419 - INFO - ⏳ Waiting 4.75s for user emulation...
2025-07-16 04:28:21,656 - INFO - Saved txt: download_bomayhanhchinh/new1_Quyet-dinh-2209-QD-UBND-2025-Phuong-an-don-gian-hoa-thu-tuc-hanh-chinh-nong-nghiep-Ben-Tre-664018.txt
2025-07-16 04:28:21,721 - INFO - ⏳ 3.48s between batches...
2025-07-16 04:28:25,199 - INFO - Processing batch 75 to 76
2025-07-16 04:28:27,336 - INFO - ⏳ Waiting 2.15s for user emulation...
2025-07-16 04:28:31,144 - INFO - ⏳ Waiting 3.51s for user emulation...
2025-07-16 04:28:36,106 - INFO - Saved txt: download_bomayhanhchinh/new1_Quyet-dinh-266-QD-VP-2025-quy-trinh-thu-tuc-hanh-chinh-linh-vuc-dat-dai-So-Nong-nghiep-Tuyen-Quang-662151.txt
2025-07-16 04:28:36,172 - INFO - ⏳ 3.61s between batches...
2025-07-16 04:28:39,783 - INFO - Processing batch 76 to 77
2025-07-16 04:28:41,564 - INFO - ⏳ Waiting 3.50s for user emulation...
2025-07-16 04:28:46,741 - INFO - ⏳ Waiting 5.21s for user emulation...
2025-07-16 04:28:53,385 - INFO - Saved txt: download_bomayhanhchinh/new1_Quyet-dinh-1442-QD-BKHCN-2025-cong-bo-thu-tuc-hanh-chinh-theo-quy-dinh-phan-quyen-662252.txt
2025-07-16 04:28:53,450 - INFO - ⏳ 3.65s between batches...
2025-07-16 04:28:57,100 - INFO - Processing batch 77 to 78
2025-07-16 04:28:59,182 - INFO - ⏳ Waiting 3.07s for user emulation...
2025-07-16 04:29:03,832 - INFO - ⏳ Waiting 5.08s for user emulation...
2025-07-16 04:29:09,996 - INFO - Saved txt: download_bomayhanhchinh/new1_Quyet-dinh-2069-QD-BYT-2025-bai-bo-quy-dinh-cap-huyen-tai-Thong-tu-48-2015-TT-BYT-662253.txt
2025-07-16 04:29:10,061 - INFO - ⏳ 3.78s between batches...
2025-07-16 04:29:13,841 - INFO - Processing batch 78 to 79
2025-07-16 04:29:15,771 - INFO - ⏳ Waiting 3.35s for user emulation...
2025-07-16 04:29:20,811 - INFO - ⏳ Waiting 4.57s for user emulation...
2025-07-16 04:29:26,408 - INFO - Saved txt: download_bomayhanhchinh/new1_Quyet-dinh-2305-QD-BNNMT-2025-cong-bo-thu-tuc-hanh-chinh-moi-linh-vuc-thuy-loi-662249.txt
2025-07-16 04:29:26,474 - INFO - ⏳ 4.20s between batches...
2025-07-16 04:29:30,672 - INFO - Processing batch 79 to 80
2025-07-16 04:29:32,647 - INFO - ⏳ Waiting 3.02s for user emulation...
2025-07-16 04:29:37,689 - INFO - ⏳ Waiting 4.20s for user emulation...
2025-07-16 04:29:42,624 - INFO - Saved txt: download_bomayhanhchinh/new1_Quyet-dinh-2310-QD-BNNMT-2025-cong-bo-thu-tuc-hanh-chinh-linh-vuc-thuy-san-duoc-sua-doi-662592.txt
2025-07-16 04:29:42,689 - INFO - ⏳ 3.31s between batches...
2025-07-16 04:29:45,998 - INFO - Processing batch 80 to 81
2025-07-16 04:29:47,903 - INFO - ⏳ Waiting 2.85s for user emulation...
2025-07-16 04:29:52,872 - INFO - ⏳ Waiting 3.03s for user emulation...
2025-07-16 04:29:56,551 - INFO - Saved txt: download_bomayhanhchinh/new1_Quyet-dinh-2301-QD-BNNMT-2025-cong-bo-thu-tuc-hanh-chinh-linh-vuc-tai-nguyen-nuoc-662914.txt
2025-07-16 04:29:56,617 - INFO - ⏳ 4.14s between batches...
2025-07-16 04:30:00,761 - INFO - Processing batch 81 to 82
2025-07-16 04:30:02,831 - INFO - ⏳ Waiting 3.89s for user emulation...
2025-07-16 04:30:08,443 - INFO - ⏳ Waiting 4.92s for user emulation...
2025-07-16 04:30:14,566 - INFO - Saved txt: download_bomayhanhchinh/new1_Quyet-dinh-2103-QD-BTC-2025-cong-bo-thu-tuc-hanh-chinh-linh-vuc-thanh-lap-ho-tro-hop-tac-xa-662691.txt
2025-07-16 04:30:14,634 - INFO - ⏳ 4.37s between batches...
2025-07-16 04:30:19,001 - INFO - Processing batch 82 to 83
2025-07-16 04:30:21,119 - INFO - ⏳ Waiting 2.80s for user emulation...
2025-07-16 04:30:25,566 - INFO - ⏳ Waiting 5.36s for user emulation...
2025-07-16 04:30:32,028 - INFO - Saved txt: download_bomayhanhchinh/new1_Quyet-dinh-439-QD-UBND-2025-tru-so-lam-viec-co-quan-hanh-chinh-cap-tinh-sau-sap-xep-Quang-Ngai-662086.txt
2025-07-16 04:30:32,092 - INFO - ⏳ 4.77s between batches...
2025-07-16 04:30:36,864 - INFO - Processing batch 83 to 84
2025-07-16 04:30:38,843 - INFO - ⏳ Waiting 2.62s for user emulation...
2025-07-16 04:30:43,192 - INFO - ⏳ Waiting 3.74s for user emulation...
2025-07-16 04:30:47,811 - INFO - Saved txt: download_bomayhanhchinh/new1_Quyet-dinh-2045-QD-BYT-2025-cong-bo-thu-tuc-hanh-chinh-linh-vuc-Kham-benh-chua-benh-662930.txt
2025-07-16 04:30:47,876 - INFO - ⏳ 4.67s between batches...
2025-07-16 04:30:52,542 - INFO - Processing batch 84 to 85
2025-07-16 04:30:54,583 - INFO - ⏳ Waiting 2.53s for user emulation...
2025-07-16 04:30:58,773 - INFO - ⏳ Waiting 5.04s for user emulation...
2025-07-16 04:31:04,439 - INFO - Saved txt: download_bomayhanhchinh/new1_Quyet-dinh-1568-QD-UBND-2025-quy-trinh-thu-tuc-hanh-chinh-So-Xay-dung-Thanh-pho-Can-Tho-662051.txt
2025-07-16 04:31:04,504 - INFO - ⏳ 3.50s between batches...
2025-07-16 04:31:08,008 - INFO - Processing batch 85 to 86
2025-07-16 04:31:09,979 - INFO - ⏳ Waiting 3.76s for user emulation...
2025-07-16 04:31:22,795 - INFO - ⏳ Waiting 4.11s for user emulation...
2025-07-16 04:31:27,559 - INFO - Saved txt: download_bomayhanhchinh/new1_Quyet-dinh-2072-QD-UBND-2025-cong-bo-thu-tuc-hanh-chinh-linh-vuc-Nha-o-So-Xay-dung-Thanh-Hoa-662460.txt
2025-07-16 04:31:27,624 - INFO - ⏳ 4.05s between batches...
2025-07-16 04:31:31,669 - INFO - Processing batch 86 to 87
2025-07-16 04:31:33,377 - INFO - ⏳ Waiting 3.24s for user emulation...
2025-07-16 04:31:38,277 - INFO - ⏳ Waiting 4.97s for user emulation...
2025-07-16 04:31:44,809 - INFO - Saved txt: download_bomayhanhchinh/new1_Quyet-dinh-2071-QD-UBND-2025-cong-bo-thu-tuc-hanh-chinh-linh-vuc-Hang-hai-So-Xay-dung-Thanh-Hoa-662459.txt
2025-07-16 04:31:44,874 - INFO - ⏳ 3.62s between batches...
2025-07-16 04:31:48,492 - INFO - Processing batch 87 to 88
2025-07-16 04:31:50,456 - INFO - ⏳ Waiting 3.97s for user emulation...
2025-07-16 04:31:56,066 - INFO - ⏳ Waiting 5.73s for user emulation...
2025-07-16 04:32:02,927 - INFO - Saved txt: download_bomayhanhchinh/new1_Quyet-dinh-2064-QD-UBND-2025-cong-bo-thu-tuc-hanh-chinh-Bao-chi-Xuat-ban-So-Van-hoa-Thanh-Hoa-662159.txt
2025-07-16 04:32:02,992 - INFO - ⏳ 3.21s between batches...
2025-07-16 04:32:06,201 - INFO - Processing batch 88 to 89
2025-07-16 04:32:07,837 - INFO - ⏳ Waiting 2.57s for user emulation...
2025-07-16 04:32:12,060 - INFO - ⏳ Waiting 3.37s for user emulation...
2025-07-16 04:32:16,407 - INFO - Saved txt: download_bomayhanhchinh/new1_Quyet-dinh-2063-QD-UBND-2025-cong-bo-thu-tuc-hanh-chinh-Quan-ly-ve-hoi-So-Noi-vu-Thanh-Hoa-662157.txt
2025-07-16 04:32:16,473 - INFO - ⏳ 3.78s between batches...
2025-07-16 04:32:20,254 - INFO - Processing batch 89 to 90
2025-07-16 04:32:22,257 - INFO - ⏳ Waiting 2.46s for user emulation...
2025-07-16 04:32:26,606 - INFO - ⏳ Waiting 5.73s for user emulation...
2025-07-16 04:32:33,427 - INFO - Saved txt: download_bomayhanhchinh/new1_Quyet-dinh-2286-QD-BNNMT-2025-cong-bo-thu-tuc-hanh-chinh-bi-bai-bo-linh-vuc-trong-trot-662208.txt
2025-07-16 04:32:33,492 - INFO - ⏳ 3.81s between batches...
2025-07-16 04:32:37,301 - INFO - Processing batch 90 to 91
2025-07-16 04:32:39,154 - INFO - ⏳ Waiting 3.92s for user emulation...
2025-07-16 04:32:49,550 - INFO - ⏳ Waiting 4.36s for user emulation...
2025-07-16 04:32:55,042 - INFO - Saved txt: download_bomayhanhchinh/new1_Quyet-dinh-2113-QD-BTC-2025-cong-bo-thu-tuc-hanh-chinh-sua-doi-linh-vuc-phi-le-phi-662417.txt
2025-07-16 04:32:55,107 - INFO - ⏳ 3.44s between batches...
2025-07-16 04:32:58,552 - INFO - Processing batch 91 to 92
2025-07-16 04:33:00,494 - INFO - ⏳ Waiting 3.09s for user emulation...
2025-07-16 04:33:14,847 - INFO - ⏳ Waiting 5.21s for user emulation...
2025-07-16 04:33:20,779 - INFO - Saved txt: download_bomayhanhchinh/new1_Quyet-dinh-2096-QD-BTC-2025-cong-bo-thu-tuc-hanh-chinh-duoc-sua-doi-linh-vuc-quan-ly-cong-san-662416.txt
2025-07-16 04:33:20,844 - INFO - ⏳ 3.67s between batches...
2025-07-16 04:33:24,517 - INFO - Processing batch 92 to 93
2025-07-16 04:33:26,154 - INFO - ⏳ Waiting 3.03s for user emulation...
2025-07-16 04:33:41,042 - INFO - ⏳ Waiting 5.14s for user emulation...
2025-07-16 04:33:47,337 - INFO - Saved txt: download_bomayhanhchinh/new1_Quyet-dinh-2303-QD-BNNMT-2025-cong-bo-thu-tuc-hanh-chinh-linh-vuc-Chan-nuoi-va-Thu-y-662528.txt
2025-07-16 04:33:47,403 - INFO - ⏳ 3.06s between batches...
2025-07-16 04:33:50,465 - INFO - Processing batch 93 to 94
2025-07-16 04:33:52,326 - INFO - ⏳ Waiting 2.86s for user emulation...
2025-07-16 04:33:56,816 - INFO - ⏳ Waiting 4.65s for user emulation...
2025-07-16 04:34:02,575 - INFO - Saved txt: download_bomayhanhchinh/new1_Quyet-dinh-2309-QD-BNNMT-2025-cong-bo-thu-tuc-hanh-chinh-Quan-ly-chat-luong-nong-lam-san-662527.txt
2025-07-16 04:34:02,640 - INFO - ⏳ 3.84s between batches...
2025-07-16 04:34:06,480 - INFO - Processing batch 94 to 95
2025-07-16 04:34:08,286 - INFO - ⏳ Waiting 2.73s for user emulation...
2025-07-16 04:34:14,859 - INFO - ⏳ Waiting 5.10s for user emulation...
2025-07-16 04:34:20,649 - INFO - Saved txt: download_bomayhanhchinh/new1_Quyet-dinh-2108-QD-BTC-2025-cong-bo-thu-tuc-hanh-chinh-duoc-sua-doi-bo-sung-linh-vuc-thue-662554.txt
2025-07-16 04:34:20,715 - INFO - ⏳ 4.78s between batches...
2025-07-16 04:34:25,496 - INFO - Processing batch 95 to 96
2025-07-16 04:34:27,150 - INFO - ⏳ Waiting 2.04s for user emulation...
2025-07-16 04:34:31,059 - INFO - ⏳ Waiting 3.25s for user emulation...
2025-07-16 04:34:35,111 - INFO - Saved txt: download_bomayhanhchinh/new1_Quyet-dinh-2298-QD-BNNMT-2025-cong-bo-thu-tuc-hanh-chinh-linh-vuc-bien-va-hai-dao-662534.txt
2025-07-16 04:34:35,176 - INFO - ⏳ 3.63s between batches...
2025-07-16 04:34:38,810 - INFO - Processing batch 96 to 97
2025-07-16 04:34:40,737 - INFO - ⏳ Waiting 2.52s for user emulation...
2025-07-16 04:34:44,909 - INFO - ⏳ Waiting 3.28s for user emulation...
2025-07-16 04:34:49,271 - INFO - Saved txt: download_bomayhanhchinh/new1_Quyet-dinh-2062-QD-UBND-2025-cong-bo-thu-tuc-hanh-chinh-Thong-tin-doi-ngoai-Uy-ban-Thanh-Hoa-662158.txt
2025-07-16 04:34:49,337 - INFO - ⏳ 4.31s between batches...
2025-07-16 04:34:53,646 - INFO - Processing batch 97 to 98
2025-07-16 04:34:55,677 - INFO - ⏳ Waiting 3.52s for user emulation...
2025-07-16 04:35:00,719 - INFO - ⏳ Waiting 5.42s for user emulation...
2025-07-16 04:35:07,675 - INFO - Saved txt: download_bomayhanhchinh/new1_Quyet-dinh-1844-QD-BTP-2025-cong-bo-thu-tuc-hanh-chinh-ho-tro-phap-ly-doanh-nghiep-nho-va-vua-662077.txt
2025-07-16 04:35:07,741 - INFO - ⏳ 3.78s between batches...
2025-07-16 04:35:11,519 - INFO - Processing batch 98 to 99
2025-07-16 04:35:13,246 - INFO - ⏳ Waiting 3.56s for user emulation...
2025-07-16 04:35:18,912 - INFO - ⏳ Waiting 5.71s for user emulation...
2025-07-16 04:35:26,016 - INFO - Saved txt: download_bomayhanhchinh/new1_Quyet-dinh-519-QD-UBND-2025-cong-bo-thu-tuc-hanh-chinh-Giao-duc-va-Dao-tao-Kon-Tum-662573.txt
2025-07-16 04:35:26,081 - INFO - ⏳ 3.64s between batches...
2025-07-16 04:35:29,718 - INFO - Processing batch 99 to 100
2025-07-16 04:35:31,389 - INFO - ⏳ Waiting 3.57s for user emulation...
2025-07-16 04:35:36,672 - INFO - ⏳ Waiting 5.11s for user emulation...
2025-07-16 04:35:42,750 - INFO - Saved txt: download_bomayhanhchinh/new1_Quyet-dinh-2299-QD-BNNMT-2025-cong-bo-thu-tuc-hanh-chinh-Kinh-te-hop-tac-va-Phat-trien-nong-thon-662883.txt
2025-07-16 04:35:42,815 - INFO - ⏳ 3.06s between batches...
2025-07-16 04:35:45,876 - INFO - Processing batch 100 to 101
2025-07-16 04:35:48,062 - INFO - ⏳ Waiting 2.07s for user emulation...
2025-07-16 04:35:51,706 - INFO - ⏳ Waiting 5.83s for user emulation...
2025-07-16 04:35:58,364 - INFO - Saved txt: download_bomayhanhchinh/new1_Quyet-dinh-2114-QD-BVHTTDL-2025-cong-bo-thu-tuc-hanh-chinh-moi-linh-vuc-Di-san-van-hoa-662485.txt
2025-07-16 04:35:58,434 - INFO - ⏳ 3.05s between batches...
2025-07-16 04:36:01,486 - INFO - Processing batch 101 to 102
2025-07-16 04:36:03,199 - INFO - ⏳ Waiting 2.18s for user emulation...
2025-07-16 04:36:06,993 - INFO - ⏳ Waiting 4.51s for user emulation...
2025-07-16 04:36:12,594 - INFO - Saved txt: download_bomayhanhchinh/new1_Quyet-dinh-1436-QD-BKHCN-2025-chuc-nang-nhiem-vu-Vien-Phat-trien-Khoa-hoc-va-Cong-nghe-Vung-662442.txt
2025-07-16 04:36:12,659 - INFO - ⏳ 3.74s between batches...
2025-07-16 04:36:16,403 - INFO - Processing batch 102 to 103
2025-07-16 04:36:18,352 - INFO - ⏳ Waiting 3.54s for user emulation...
2025-07-16 04:36:30,757 - INFO - ⏳ Waiting 4.19s for user emulation...
2025-07-16 04:36:36,283 - INFO - Saved txt: download_bomayhanhchinh/new1_Quyet-dinh-2304-QD-BNNMT-2025-cong-bo-thu-tuc-hanh-chinh-linh-vuc-dat-dai-662509.txt
2025-07-16 04:36:36,349 - INFO - ⏳ 4.45s between batches...
2025-07-16 04:36:40,795 - INFO - Processing batch 103 to 104
2025-07-16 04:36:42,688 - INFO - ⏳ Waiting 2.04s for user emulation...
2025-07-16 04:36:46,318 - INFO - ⏳ Waiting 3.42s for user emulation...
2025-07-16 04:36:50,597 - INFO - Saved txt: download_bomayhanhchinh/new1_Quyet-dinh-36-2025-QD-UBND-bai-bo-cac-Quyet-dinh-cua-Uy-ban-nhan-dan-Dong-Nai-662402.txt
2025-07-16 04:36:50,661 - INFO - ⏳ 3.74s between batches...
2025-07-16 04:36:54,401 - INFO - Processing batch 104 to 105
2025-07-16 04:36:56,148 - INFO - ⏳ Waiting 2.28s for user emulation...
2025-07-16 04:37:00,189 - INFO - ⏳ Waiting 4.48s for user emulation...
2025-07-16 04:37:05,791 - INFO - Saved txt: download_bomayhanhchinh/new1_Quyet-dinh-1833-QD-BTP-2025-cong-bo-thu-tuc-hanh-chinh-ho-tich-tai-co-quan-dang-ky-ho-tich-trong-nuoc-663019.txt
2025-07-16 04:37:05,858 - INFO - ⏳ 4.59s between batches...
2025-07-16 04:37:10,447 - INFO - Processing batch 105 to 106
2025-07-16 04:37:12,344 - INFO - ⏳ Waiting 2.77s for user emulation...
2025-07-16 04:37:17,755 - INFO - ⏳ Waiting 4.47s for user emulation...
2025-07-16 04:37:22,818 - INFO - Saved txt: download_bomayhanhchinh/new1_Nghi-quyet-09-2025-NQ-HDND-muc-phu-cap-hang-thang-doi-voi-Thon-ap-khu-doi-truong-Vung-Tau-662514.txt
2025-07-16 04:37:22,883 - INFO - ⏳ 3.61s between batches...
2025-07-16 04:37:26,492 - INFO - Processing batch 106 to 107
2025-07-16 04:37:28,469 - INFO - ⏳ Waiting 2.01s for user emulation...
2025-07-16 04:37:32,019 - INFO - ⏳ Waiting 3.24s for user emulation...
2025-07-16 04:37:36,578 - INFO - Saved txt: download_bomayhanhchinh/new1_Nghi-quyet-08-2025-NQ-HDND-muc-thu-le-phi-cung-cap-dich-vu-cong-bang-hinh-thuc-truc-tuyen-Vung-Tau-662513.txt
2025-07-16 04:37:36,643 - INFO - ⏳ 4.79s between batches...
2025-07-16 04:37:41,437 - INFO - Processing batch 107 to 108
2025-07-16 04:37:43,367 - INFO - ⏳ Waiting 2.86s for user emulation...
2025-07-16 04:37:47,833 - INFO - ⏳ Waiting 3.90s for user emulation...
2025-07-16 04:37:52,366 - INFO - Saved txt: download_bomayhanhchinh/new1_Quyet-dinh-33-2025-QD-UBND-bai-bo-Quyet-dinh-16-2019-QD-UBND-Quang-Nam-663013.txt
2025-07-16 04:37:52,431 - INFO - ⏳ 3.61s between batches...
2025-07-16 04:37:56,039 - INFO - Processing batch 108 to 109
2025-07-16 04:37:57,803 - INFO - ⏳ Waiting 3.50s for user emulation...
2025-07-16 04:38:03,975 - INFO - ⏳ Waiting 3.77s for user emulation...
2025-07-16 04:38:08,490 - INFO - Saved txt: download_bomayhanhchinh/new1_Nghi-quyet-09-2025-NQ-HDND-bai-bo-mot-so-nghi-quyet-cua-Hoi-dong-nhan-dan-tinh-Bac-Kan-662617.txt
2025-07-16 04:38:08,556 - INFO - ⏳ 4.26s between batches...
2025-07-16 04:38:12,812 - INFO - Processing batch 109 to 110
2025-07-16 04:38:14,758 - INFO - ⏳ Waiting 3.26s for user emulation...
2025-07-16 04:38:20,072 - INFO - ⏳ Waiting 3.64s for user emulation...
2025-07-16 04:38:24,494 - INFO - Saved txt: download_bomayhanhchinh/new1_Quyet-dinh-1836-QD-BTP-2025-cong-bo-thu-tuc-hanh-chinh-sua-doi-linh-vuc-thua-phat-lai-663889.txt
2025-07-16 04:38:24,560 - INFO - ⏳ 3.26s between batches...
2025-07-16 04:38:27,825 - INFO - Processing batch 110 to 111
2025-07-16 04:38:29,598 - INFO - ⏳ Waiting 2.40s for user emulation...
2025-07-16 04:38:33,727 - INFO - ⏳ Waiting 4.00s for user emulation...
2025-07-16 04:38:39,130 - INFO - Saved txt: download_bomayhanhchinh/new1_Nghi-quyet-113-2025-NQ-HDND-bai-bo-Nghi-quyet-130-2020-NQ-HDND-Son-La-662522.txt
2025-07-16 04:38:39,195 - INFO - ⏳ 4.34s between batches...
2025-07-16 04:38:43,535 - INFO - Processing batch 111 to 112
2025-07-16 04:38:45,446 - INFO - ⏳ Waiting 2.38s for user emulation...
2025-07-16 04:38:49,463 - INFO - ⏳ Waiting 4.12s for user emulation...
2025-07-16 04:38:54,236 - INFO - Saved txt: download_bomayhanhchinh/new1_Nghi-quyet-13-2025-NQ-HDND-sua-doi-Nghi-quyet-21-2018-NQ-HDND-09-2023-NQ-HDND-Bac-Kan-662621.txt
2025-07-16 04:38:54,302 - INFO - ⏳ 3.03s between batches...
2025-07-16 04:38:57,334 - INFO - Processing batch 112 to 113
2025-07-16 04:38:59,355 - INFO - ⏳ Waiting 3.46s for user emulation...
2025-07-16 04:39:04,570 - INFO - ⏳ Waiting 3.01s for user emulation...
2025-07-16 04:39:08,693 - INFO - Saved txt: download_bomayhanhchinh/new1_Quyet-dinh-2308-QD-BNNMT-2025-cong-bo-thu-tuc-hanh-chinh-linh-vuc-bao-ton-thien-nhien-662533.txt
2025-07-16 04:39:08,758 - INFO - ⏳ 3.84s between batches...
2025-07-16 04:39:12,602 - INFO - Processing batch 113 to 114
2025-07-16 04:39:14,362 - INFO - ⏳ Waiting 2.24s for user emulation...
2025-07-16 04:39:22,123 - INFO - ⏳ Waiting 5.96s for user emulation...
2025-07-16 04:39:29,421 - INFO - Saved txt: download_bomayhanhchinh/new1_Quyet-dinh-2307-QD-BNNMT-2025-cong-bo-thu-tuc-hanh-chinh-sua-doi-linh-vuc-nong-thon-moi-662591.txt
2025-07-16 04:39:29,489 - INFO - ⏳ 3.95s between batches...
2025-07-16 04:39:33,437 - INFO - Processing batch 114 to 115
2025-07-16 04:39:35,499 - INFO - ⏳ Waiting 2.82s for user emulation...
2025-07-16 04:39:40,041 - INFO - ⏳ Waiting 3.15s for user emulation...
2025-07-16 04:39:44,571 - INFO - Saved txt: download_bomayhanhchinh/new1_Thong-tu-20-2025-TT-BYT-chuc-nang-nhiem-vu-co-quan-chuyen-mon-ve-y-te-thuoc-Uy-ban-tinh-662105.txt
2025-07-16 04:39:44,638 - INFO - ⏳ 3.32s between batches...
2025-07-16 04:39:47,961 - INFO - Processing batch 115 to 116
2025-07-16 04:39:49,738 - INFO - ⏳ Waiting 3.83s for user emulation...
2025-07-16 04:39:55,517 - INFO - ⏳ Waiting 5.94s for user emulation...
2025-07-16 04:40:02,981 - INFO - Saved txt: download_bomayhanhchinh/new1_Quyet-dinh-642-QD-BNV-2025-Quy-che-to-chuc-thi-hanh-van-ban-quy-pham-phap-luat-662133.txt
2025-07-16 04:40:03,047 - INFO - ⏳ 3.01s between batches...
2025-07-16 04:40:06,059 - INFO - Processing batch 116 to 117
2025-07-16 04:40:07,847 - INFO - ⏳ Waiting 3.89s for user emulation...
2025-07-16 04:40:13,434 - INFO - ⏳ Waiting 3.54s for user emulation...
2025-07-16 04:40:18,352 - INFO - Saved txt: download_bomayhanhchinh/new1_Quyet-dinh-588-QD-UBND-2025-cong-bo-thu-tuc-hanh-chinh-linh-vuc-trong-trot-Gia-Lai-662461.txt
2025-07-16 04:40:18,425 - INFO - ⏳ 4.43s between batches...
2025-07-16 04:40:22,856 - INFO - Processing batch 117 to 118
2025-07-16 04:40:24,926 - INFO - ⏳ Waiting 3.50s for user emulation...
2025-07-16 04:40:30,103 - INFO - ⏳ Waiting 5.67s for user emulation...
2025-07-16 04:40:37,278 - INFO - Saved txt: download_bomayhanhchinh/new1_Cong-dien-95-CD-TTg-2025-dam-bao-co-so-vat-chat-khi-thuc-hien-sap-xep-tinh-gon-bo-may-662038.txt
2025-07-16 04:40:37,344 - INFO - ⏳ 3.97s between batches...
2025-07-16 04:40:41,310 - INFO - Processing batch 118 to 119
2025-07-16 04:40:43,259 - INFO - ⏳ Waiting 2.30s for user emulation...
2025-07-16 04:40:47,342 - INFO - ⏳ Waiting 3.42s for user emulation...
2025-07-16 04:40:51,532 - INFO - Saved txt: download_bomayhanhchinh/new1_Cong-dien-93-CD-TTg-2025-day-manh-tien-do-thuc-hien-chinh-sach-doi-voi-can-bo-trong-sap-xep-bo-may-661909.txt
2025-07-16 04:40:51,602 - INFO - ⏳ 4.93s between batches...
2025-07-16 04:40:56,537 - INFO - Processing batch 119 to 120
2025-07-16 04:40:58,505 - INFO - ⏳ Waiting 3.02s for user emulation...
2025-07-16 04:41:06,656 - INFO - ⏳ Waiting 4.98s for user emulation...
2025-07-16 04:41:13,076 - INFO - Saved txt: download_bomayhanhchinh/new1_Thong-tu-08-2025-TT-BKHCN-phan-cap-chung-nhan-doanh-nghiep-thanh-lap-moi-tu-du-an-san-xuat-cong-nghe-cao-662186.txt
2025-07-16 04:41:13,142 - INFO - ⏳ 4.33s between batches...
2025-07-16 04:41:17,475 - INFO - Processing batch 120 to 121
2025-07-16 04:41:19,276 - INFO - ⏳ Waiting 3.75s for user emulation...
2025-07-16 04:41:24,692 - INFO - ⏳ Waiting 4.00s for user emulation...
2025-07-16 04:41:29,807 - INFO - Saved txt: download_bomayhanhchinh/new1_Quyet-dinh-514-QD-UBND-2025-quy-trinh-thu-tuc-hanh-chinh-Tai-san-ket-cau-ha-tang-cho-Kon-Tum-661840.txt
2025-07-16 04:41:29,873 - INFO - ⏳ 3.77s between batches...
2025-07-16 04:41:33,640 - INFO - Processing batch 121 to 122
2025-07-16 04:41:35,604 - INFO - ⏳ Waiting 2.76s for user emulation...
2025-07-16 04:41:40,449 - INFO - ⏳ Waiting 4.01s for user emulation...
2025-07-16 04:41:45,267 - INFO - Saved txt: download_bomayhanhchinh/new1_Quyet-dinh-1562-QD-UBND-2025-cong-bo-thu-tuc-hanh-chinh-noi-bo-Uy-ban-nhan-dan-Can-Tho-661847.txt
2025-07-16 04:41:45,333 - INFO - ⏳ 4.67s between batches...
2025-07-16 04:41:50,004 - INFO - Processing batch 122 to 123
2025-07-16 04:41:51,772 - INFO - ⏳ Waiting 2.00s for user emulation...
2025-07-16 04:41:56,025 - INFO - ⏳ Waiting 5.45s for user emulation...
2025-07-16 04:42:02,753 - INFO - Saved txt: download_bomayhanhchinh/new1_Quyet-dinh-1645-QD-BGDDT-2025-Danh-muc-co-so-du-lieu-dung-chung-cua-Bo-Giao-duc-661991.txt
2025-07-16 04:42:02,821 - INFO - ⏳ 4.87s between batches...
2025-07-16 04:42:07,692 - INFO - Processing batch 123 to 124
2025-07-16 04:42:09,663 - INFO - ⏳ Waiting 2.11s for user emulation...
2025-07-16 04:42:13,602 - INFO - ⏳ Waiting 4.67s for user emulation...
2025-07-16 04:42:19,825 - INFO - Saved txt: download_bomayhanhchinh/new1_Quyet-dinh-1647-QD-BGDDT-2025-Chuong-trinh-hanh-dong-thuc-hien-Nghi-quyet-66-NQ-TW-140-NQ-CP-661990.txt
2025-07-16 04:42:19,890 - INFO - ⏳ 3.97s between batches...
2025-07-16 04:42:23,864 - INFO - Processing batch 124 to 125
2025-07-16 04:42:25,497 - INFO - ⏳ Waiting 2.82s for user emulation...
2025-07-16 04:42:29,943 - INFO - ⏳ Waiting 5.87s for user emulation...
2025-07-16 04:42:37,275 - INFO - Saved txt: download_bomayhanhchinh/new1_Cong-dien-92-CD-TTg-2025-thuc-hien-nhiem-vu-trong-tam-mo-hinh-chinh-quyen-dia-phuong-02-cap-661979.txt
2025-07-16 04:42:37,340 - INFO - ⏳ 4.27s between batches...
2025-07-16 04:42:41,607 - INFO - Processing batch 125 to 126
2025-07-16 04:42:43,610 - INFO - ⏳ Waiting 2.77s for user emulation...
2025-07-16 04:42:48,958 - INFO - ⏳ Waiting 5.97s for user emulation...
2025-07-16 04:42:56,797 - INFO - Saved txt: download_bomayhanhchinh/new1_Quyet-dinh-635-QD-BNV-2025-cong-bo-thu-tuc-hanh-chinh-noi-bo-linh-vuc-Thi-dua-khen-thuong-662887.txt
2025-07-16 04:42:56,863 - INFO - ⏳ 4.48s between batches...
2025-07-16 04:43:01,347 - INFO - Processing batch 126 to 127
2025-07-16 04:43:02,989 - INFO - ⏳ Waiting 2.20s for user emulation...
2025-07-16 04:43:06,846 - INFO - ⏳ Waiting 3.12s for user emulation...
2025-07-16 04:43:11,132 - INFO - Saved txt: download_bomayhanhchinh/new1_Quyet-dinh-31-2025-QD-UBND-nhiem-vu-quyen-han-co-cau-to-chuc-Thanh-tra-Binh-Duong-662048.txt
2025-07-16 04:43:11,197 - INFO - ⏳ 4.89s between batches...
2025-07-16 04:43:16,089 - INFO - Processing batch 127 to 128
2025-07-16 04:43:17,979 - INFO - ⏳ Waiting 2.07s for user emulation...
2025-07-16 04:43:22,007 - INFO - ⏳ Waiting 4.20s for user emulation...
2025-07-16 04:43:26,991 - INFO - Saved txt: download_bomayhanhchinh/new1_Quyet-dinh-2053-QD-UBND-2025-Danh-muc-dich-vu-cong-truc-tuyen-toan-trinh-So-Van-hoa-Thanh-Hoa-662009.txt
2025-07-16 04:43:27,056 - INFO - ⏳ 3.83s between batches...
2025-07-16 04:43:30,891 - INFO - Processing batch 128 to 129
2025-07-16 04:43:32,844 - INFO - ⏳ Waiting 3.45s for user emulation...
2025-07-16 04:43:37,961 - INFO - ⏳ Waiting 4.23s for user emulation...
2025-07-16 04:43:43,708 - INFO - Saved txt: download_bomayhanhchinh/new1_Thong-tu-47-2025-TT-BTC-bai-bo-Thong-tu-thu-tuc-hai-quan-hang-hoa-xuat-khau-boi-canh-dich-Covid19-662226.txt
2025-07-16 04:43:43,774 - INFO - ⏳ 4.62s between batches...
2025-07-16 04:43:48,391 - INFO - Processing batch 129 to 130
2025-07-16 04:43:50,356 - INFO - ⏳ Waiting 3.89s for user emulation...
2025-07-16 04:43:56,028 - INFO - ⏳ Waiting 5.39s for user emulation...
2025-07-16 04:44:02,236 - INFO - Saved txt: download_bomayhanhchinh/new1_Quyet-dinh-5774-QD-KBNN-2025-so-luong-phong-tham-muu-phong-giao-dich-thuoc-Kho-bac-Nha-nuoc-XX-663653.txt
2025-07-16 04:44:02,301 - INFO - ⏳ 4.77s between batches...
2025-07-16 04:44:07,068 - INFO - Processing batch 130 to 131
2025-07-16 04:44:08,738 - INFO - ⏳ Waiting 2.23s for user emulation...
2025-07-16 04:44:12,640 - INFO - ⏳ Waiting 4.85s for user emulation...
2025-07-16 04:44:18,935 - INFO - Saved txt: download_bomayhanhchinh/new1_Quyet-dinh-5771-QD-KBNN-2025-so-luong-phong-tham-muu-phong-giao-dich-thuoc-Kho-bac-Nha-nuoc-XVII-663652.txt
2025-07-16 04:44:19,000 - INFO - ⏳ 3.29s between batches...
2025-07-16 04:44:22,290 - INFO - Processing batch 131 to 132
2025-07-16 04:44:24,158 - INFO - ⏳ Waiting 2.27s for user emulation...
2025-07-16 04:44:28,073 - INFO - ⏳ Waiting 4.05s for user emulation...
2025-07-16 04:44:32,827 - INFO - Saved txt: download_bomayhanhchinh/new1_Quyet-dinh-5770-QD-KBNN-2025-so-luong-phong-tham-muu-Phong-giao-dich-thuoc-Kho-bac-Nha-nuoc-XVI-663651.txt
2025-07-16 04:44:32,892 - INFO - ⏳ 3.62s between batches...
2025-07-16 04:44:36,512 - INFO - Processing batch 132 to 133
2025-07-16 04:44:38,513 - INFO - ⏳ Waiting 2.97s for user emulation...
2025-07-16 04:44:43,059 - INFO - ⏳ Waiting 5.83s for user emulation...
2025-07-16 04:44:49,678 - INFO - Saved txt: download_bomayhanhchinh/new1_Quyet-dinh-5769-QD-KBNN-2025-so-luong-phong-tham-muu-Phong-giao-dich-thuoc-Kho-bac-Nha-nuoc-XV-663650.txt
2025-07-16 04:44:49,743 - INFO - ⏳ 3.63s between batches...
2025-07-16 04:44:53,377 - INFO - Processing batch 133 to 134
2025-07-16 04:44:55,109 - INFO - ⏳ Waiting 3.27s for user emulation...
2025-07-16 04:45:00,200 - INFO - ⏳ Waiting 5.60s for user emulation...
2025-07-16 04:45:07,171 - INFO - Saved txt: download_bomayhanhchinh/new1_Quyet-dinh-5768-QD-KBNN-2025-so-luong-phong-tham-muu-Phong-giao-dich-thuoc-Kho-bac-Nha-nuoc-XIV-663649.txt
2025-07-16 04:45:07,236 - INFO - ⏳ 4.88s between batches...
2025-07-16 04:45:12,113 - INFO - Processing batch 134 to 135
2025-07-16 04:45:13,894 - INFO - ⏳ Waiting 3.41s for user emulation...
2025-07-16 04:45:19,127 - INFO - ⏳ Waiting 5.30s for user emulation...
2025-07-16 04:45:25,432 - INFO - Saved txt: download_bomayhanhchinh/new1_Quyet-dinh-5767-QD-KBNN-2025-so-luong-phong-tham-muu-Phong-giao-dich-thuoc-Kho-bac-Nha-nuoc-XIII-663648.txt
2025-07-16 04:45:25,497 - INFO - ⏳ 4.84s between batches...
2025-07-16 04:45:30,335 - INFO - Processing batch 135 to 136
2025-07-16 04:45:32,150 - INFO - ⏳ Waiting 2.54s for user emulation...
2025-07-16 04:45:36,340 - INFO - ⏳ Waiting 5.04s for user emulation...
2025-07-16 04:45:42,501 - INFO - Saved txt: download_bomayhanhchinh/new1_Quyet-dinh-5766-QD-KBNN-2025-so-luong-phong-tham-muu-phong-giao-dich-thuoc-Kho-bac-Nha-nuoc-XII-663647.txt
2025-07-16 04:45:42,566 - INFO - ⏳ 3.41s between batches...
2025-07-16 04:45:45,980 - INFO - Processing batch 136 to 137
2025-07-16 04:45:47,954 - INFO - ⏳ Waiting 3.53s for user emulation...
2025-07-16 04:45:58,682 - INFO - ⏳ Waiting 4.20s for user emulation...
2025-07-16 04:46:04,215 - INFO - Saved txt: download_bomayhanhchinh/new1_Quyet-dinh-5773-QD-KBNN-2025-tru-so-Phong-giao-dich-thuoc-Kho-bac-Nha-nuoc-khu-vuc-XIX-663636.txt
2025-07-16 04:46:04,280 - INFO - ⏳ 4.90s between batches...
2025-07-16 04:46:09,185 - INFO - Processing batch 137 to 138
2025-07-16 04:46:11,109 - INFO - ⏳ Waiting 3.38s for user emulation...
2025-07-16 04:46:26,476 - INFO - ⏳ Waiting 3.22s for user emulation...
2025-07-16 04:46:30,970 - INFO - Saved txt: download_bomayhanhchinh/new1_Quyet-dinh-5772-QD-KBNN-2025-tru-so-Phong-giao-dich-thuoc-Kho-bac-Nha-nuoc-khu-vuc-XVIII-663635.txt
2025-07-16 04:46:31,036 - INFO - ⏳ 4.27s between batches...
2025-07-16 04:46:35,303 - INFO - Processing batch 138 to 139
2025-07-16 04:46:37,490 - INFO - ⏳ Waiting 2.24s for user emulation...
2025-07-16 04:46:41,426 - INFO - ⏳ Waiting 3.95s for user emulation...
2025-07-16 04:46:46,568 - INFO - Saved txt: download_bomayhanhchinh/new1_Quyet-dinh-5765-QD-KBNN-2025-tru-so-Phong-giao-dich-thuoc-Kho-bac-Nha-nuoc-khu-vuc-XI-663634.txt
2025-07-16 04:46:46,632 - INFO - ⏳ 3.09s between batches...
2025-07-16 04:46:49,721 - INFO - Processing batch 139 to 140
2025-07-16 04:46:51,988 - INFO - ⏳ Waiting 2.35s for user emulation...
2025-07-16 04:46:57,064 - INFO - ⏳ Waiting 4.64s for user emulation...
2025-07-16 04:47:02,479 - INFO - Saved txt: download_bomayhanhchinh/new1_Thong-tu-07-2025-TT-BKHCN-phan-cap-chinh-quyen-dia-phuong-02-cap-linh-vuc-tieu-chuan-do-luong-662181.txt
2025-07-16 04:47:02,553 - INFO - ⏳ 3.69s between batches...
2025-07-16 04:47:06,242 - INFO - Processing batch 140 to 141
2025-07-16 04:47:07,910 - INFO - ⏳ Waiting 2.77s for user emulation...
2025-07-16 04:47:13,180 - INFO - ⏳ Waiting 3.74s for user emulation...
2025-07-16 04:47:18,103 - INFO - Saved txt: download_bomayhanhchinh/new1_Quyet-dinh-32-2025-QD-UBND-sua-doi-Dieu-3-cua-Quy-dinh-chuc-nang-Truong-Cao-dang-Dak-Lak-661759.txt
2025-07-16 04:47:18,168 - INFO - ⏳ 3.86s between batches...
2025-07-16 04:47:22,031 - INFO - Processing batch 141 to 142
2025-07-16 04:47:24,237 - INFO - ⏳ Waiting 3.32s for user emulation...
2025-07-16 04:47:29,347 - INFO - ⏳ Waiting 4.38s for user emulation...
2025-07-16 04:47:34,917 - INFO - Saved txt: download_bomayhanhchinh/new1_Quyet-dinh-638-QD-BNV-2025-cong-bo-thu-tuc-hanh-chinh-noi-bo-giua-cac-co-quan-hanh-chinh-Nha-nuoc-661915.txt
2025-07-16 04:47:34,988 - INFO - ⏳ 3.44s between batches...
2025-07-16 04:47:38,432 - INFO - Processing batch 142 to 143
2025-07-16 04:47:40,328 - INFO - ⏳ Waiting 2.22s for user emulation...
2025-07-16 04:47:44,404 - INFO - ⏳ Waiting 4.23s for user emulation...
2025-07-16 04:47:49,375 - INFO - Saved txt: download_bomayhanhchinh/new1_Quyet-dinh-637-QD-BNV-2025-cong-bo-thu-tuc-hanh-chinh-sua-doi-linh-vuc-Thi-dua-khen-thuong-661914.txt
2025-07-16 04:47:49,441 - INFO - ⏳ 3.86s between batches...
2025-07-16 04:47:53,297 - INFO - Processing batch 143 to 144
2025-07-16 04:47:55,306 - INFO - ⏳ Waiting 2.26s for user emulation...
2025-07-16 04:47:59,331 - INFO - ⏳ Waiting 4.98s for user emulation...
2025-07-16 04:48:05,127 - INFO - Saved txt: download_bomayhanhchinh/new1_Quyet-dinh-636-QD-BNV-2025-cong-bo-thu-tuc-hanh-chinh-linh-vuc-viec-lam-661913.txt
2025-07-16 04:48:05,192 - INFO - ⏳ 3.72s between batches...
2025-07-16 04:48:08,917 - INFO - Processing batch 144 to 145
2025-07-16 04:48:10,803 - INFO - ⏳ Waiting 3.91s for user emulation...
2025-07-16 04:48:16,422 - INFO - ⏳ Waiting 5.69s for user emulation...
2025-07-16 04:48:23,383 - INFO - Saved txt: download_bomayhanhchinh/new1_Quyet-dinh-628-QD-BNV-2025-cong-bo-thu-tuc-hanh-chinh-sua-doi-linh-vuc-lao-dong-tien-luong-661912.txt
2025-07-16 04:48:23,450 - INFO - ⏳ 3.70s between batches...
2025-07-16 04:48:27,153 - INFO - Processing batch 145 to 146
2025-07-16 04:48:29,207 - INFO - ⏳ Waiting 3.05s for user emulation...
2025-07-16 04:48:34,195 - INFO - ⏳ Waiting 4.05s for user emulation...
2025-07-16 04:48:39,345 - INFO - Saved txt: download_bomayhanhchinh/new1_Quyet-dinh-640-QD-BNV-2025-cong-bo-thu-tuc-hanh-chinh-linh-vuc-quan-ly-lao-dong-ngoai-nuoc-661918.txt
2025-07-16 04:48:39,411 - INFO - ⏳ 3.30s between batches...
2025-07-16 04:48:42,709 - INFO - Processing batch 146 to 147
2025-07-16 04:48:44,323 - INFO - ⏳ Waiting 3.45s for user emulation...
2025-07-16 04:48:50,034 - INFO - ⏳ Waiting 4.29s for user emulation...
2025-07-16 04:48:55,403 - INFO - Saved txt: download_bomayhanhchinh/new1_Quyet-dinh-1650-QD-BGDDT-2025-cong-bo-thu-tuc-hanh-chinh-sua-doi-thuoc-quan-ly-cua-Bo-Giao-duc-662037.txt
2025-07-16 04:48:55,468 - INFO - ⏳ 3.31s between batches...
2025-07-16 04:48:58,779 - INFO - Processing batch 147 to 148
2025-07-16 04:49:00,851 - INFO - ⏳ Waiting 2.53s for user emulation...
2025-07-16 04:49:05,233 - INFO - ⏳ Waiting 4.52s for user emulation...
2025-07-16 04:49:10,813 - INFO - Saved txt: download_bomayhanhchinh/new1_Quyet-dinh-1649-QD-BGDDT-2025-cong-bo-thu-tuc-hanh-chinh-sua-doi-giao-duc-dao-tao-nuoc-ngoai-662036.txt
2025-07-16 04:49:10,879 - INFO - ⏳ 4.83s between batches...
2025-07-16 04:49:15,707 - INFO - Processing batch 148 to 149
2025-07-16 04:49:17,685 - INFO - ⏳ Waiting 3.31s for user emulation...
2025-07-16 04:49:22,609 - INFO - ⏳ Waiting 4.82s for user emulation...
2025-07-16 04:49:28,325 - INFO - Saved txt: download_bomayhanhchinh/new1_Quyet-dinh-949-QD-UBND-2025-cong-bo-dich-vu-cong-truc-tuyen-toan-trinh-So-Khoa-hoc-Quang-Ngai-662221.txt
2025-07-16 04:49:28,392 - INFO - ⏳ 3.50s between batches...
2025-07-16 04:49:31,888 - INFO - Processing batch 149 to 150
2025-07-16 04:49:33,639 - INFO - ⏳ Waiting 2.60s for user emulation...
2025-07-16 04:49:38,001 - INFO - ⏳ Waiting 3.15s for user emulation...
2025-07-16 04:49:42,296 - INFO - Saved txt: download_bomayhanhchinh/new1_Quyet-dinh-5732-QD-KBNN-2025-nhiem-vu-quyen-han-Kho-bac-Nha-nuoc-khu-vuc-663621.txt
2025-07-16 04:49:42,362 - INFO - ⏳ 4.86s between batches...
2025-07-16 04:49:47,226 - INFO - Processing batch 150 to 151
2025-07-16 04:49:49,240 - INFO - ⏳ Waiting 2.87s for user emulation...
2025-07-16 04:49:54,279 - INFO - ⏳ Waiting 4.99s for user emulation...
2025-07-16 04:50:00,722 - INFO - Saved txt: download_bomayhanhchinh/new1_Quyet-dinh-5756-QD-KBNN-2025-tru-so-cua-phong-giao-dich-thuoc-Kho-bac-Nha-nuoc-khu-vuc-II-663618.txt
2025-07-16 04:50:00,791 - INFO - ⏳ 4.58s between batches...
2025-07-16 04:50:05,374 - INFO - Processing batch 151 to 152
2025-07-16 04:50:07,267 - INFO - ⏳ Waiting 3.71s for user emulation...
2025-07-16 04:50:13,307 - INFO - ⏳ Waiting 4.71s for user emulation...
2025-07-16 04:50:19,825 - INFO - Saved txt: download_bomayhanhchinh/new1_Thong-tu-23-2025-TT-BNNMT-phan-cap-phan-dinh-tham-quyen-quan-ly-Nha-nuoc-linh-vuc-dat-dai-662243.txt
2025-07-16 04:50:19,891 - INFO - ⏳ 4.48s between batches...
2025-07-16 04:50:24,370 - INFO - Processing batch 152 to 153
2025-07-16 04:50:25,971 - INFO - ⏳ Waiting 2.11s for user emulation...
2025-07-16 04:50:29,907 - INFO - ⏳ Waiting 3.32s for user emulation...
2025-07-16 04:50:34,721 - INFO - Saved txt: download_bomayhanhchinh/new1_Quyet-dinh-5763-QD-KBNN-2025-so-luong-phong-tham-muu-phong-giao-dich-Kho-bac-khu-vuc-IX-663632.txt
2025-07-16 04:50:34,787 - INFO - ⏳ 4.84s between batches...
2025-07-16 04:50:39,627 - INFO - Processing batch 153 to 154
2025-07-16 04:50:41,787 - INFO - ⏳ Waiting 3.86s for user emulation...
2025-07-16 04:50:47,460 - INFO - ⏳ Waiting 5.61s for user emulation...
2025-07-16 04:50:53,829 - INFO - Saved txt: download_bomayhanhchinh/new1_Quyet-dinh-5762-QD-KBNN-2025-tru-so-Phong-giao-dich-thuoc-Kho-bac-Nha-nuoc-khu-vuc-VIII-663631.txt
2025-07-16 04:50:53,899 - INFO - ⏳ 3.45s between batches...
2025-07-16 04:50:57,353 - INFO - Processing batch 154 to 155
2025-07-16 04:50:59,348 - INFO - ⏳ Waiting 2.75s for user emulation...
2025-07-16 04:51:03,915 - INFO - ⏳ Waiting 3.53s for user emulation...
2025-07-16 04:51:08,142 - INFO - Saved txt: download_bomayhanhchinh/new1_Quyet-dinh-5764-QD-KBNN-2025-tru-so-Phong-giao-dich-thuoc-Kho-bac-Nha-nuoc-khu-vuc-X-663633.txt
2025-07-16 04:51:08,207 - INFO - ⏳ 3.95s between batches...
2025-07-16 04:51:12,158 - INFO - Processing batch 155 to 156
2025-07-16 04:51:14,225 - INFO - ⏳ Waiting 3.61s for user emulation...
2025-07-16 04:51:19,564 - INFO - ⏳ Waiting 4.15s for user emulation...
2025-07-16 04:51:24,321 - INFO - Saved txt: download_bomayhanhchinh/new1_Quyet-dinh-5761-QD-KBNN-2025-tru-so-Phong-giao-dich-thuoc-Kho-bac-Nha-nuoc-khu-vuc-VII-663630.txt
2025-07-16 04:51:24,388 - INFO - ⏳ 3.60s between batches...
2025-07-16 04:51:27,984 - INFO - Processing batch 156 to 157
2025-07-16 04:51:29,581 - INFO - ⏳ Waiting 3.94s for user emulation...
2025-07-16 04:51:35,436 - INFO - ⏳ Waiting 5.51s for user emulation...
2025-07-16 04:51:41,573 - INFO - Saved txt: download_bomayhanhchinh/new1_Quyet-dinh-5759-QD-KBNN-2025-so-luong-phong-tham-muu-Phong-giao-dich-Kho-bac-khu-vuc-V-663624.txt
2025-07-16 04:51:41,638 - INFO - ⏳ 4.38s between batches...
2025-07-16 04:51:46,016 - INFO - Processing batch 157 to 158
2025-07-16 04:51:48,059 - INFO - ⏳ Waiting 3.17s for user emulation...
2025-07-16 04:51:52,893 - INFO - ⏳ Waiting 5.44s for user emulation...
2025-07-16 04:51:59,107 - INFO - Saved txt: download_bomayhanhchinh/new1_Quyet-dinh-5758-QD-KBNN-2025-tru-so-Phong-giao-dich-thuoc-Kho-bac-Nha-nuoc-khu-vuc-IV-663623.txt
2025-07-16 04:51:59,172 - INFO - ⏳ 4.53s between batches...
2025-07-16 04:52:03,700 - INFO - Processing batch 158 to 159
2025-07-16 04:52:05,810 - INFO - ⏳ Waiting 3.17s for user emulation...
2025-07-16 04:52:10,830 - INFO - ⏳ Waiting 3.29s for user emulation...
2025-07-16 04:52:14,997 - INFO - Saved txt: download_bomayhanhchinh/new1_Quyet-dinh-5757-QD-KBNN-2025-so-luong-phong-tham-muu-phong-giao-dich-Kho-bac-khu-vuc-III-663622.txt
2025-07-16 04:52:15,063 - INFO - ⏳ 3.56s between batches...
2025-07-16 04:52:18,623 - INFO - Processing batch 159 to 160
2025-07-16 04:52:20,631 - INFO - ⏳ Waiting 3.97s for user emulation...
2025-07-16 04:52:26,287 - INFO - ⏳ Waiting 4.31s for user emulation...
2025-07-16 04:52:31,515 - INFO - Saved txt: download_bomayhanhchinh/new1_Quyet-dinh-5760-QD-KBNN-2025-tru-so-phong-giao-dich-thuoc-Kho-bac-Nha-nuoc-khu-vuc-VI-663625.txt
2025-07-16 04:52:31,582 - INFO - ⏳ 3.05s between batches...
2025-07-16 04:52:34,634 - INFO - Processing batch 160 to 161
2025-07-16 04:52:36,630 - INFO - ⏳ Waiting 3.61s for user emulation...
2025-07-16 04:52:41,801 - INFO - ⏳ Waiting 5.70s for user emulation...
2025-07-16 04:52:48,634 - INFO - Saved txt: download_bomayhanhchinh/new1_Quyet-dinh-5755-QD-KBNN-2025-tru-so-Phong-giao-dich-thuoc-Kho-bac-Nha-nuoc-khu-vuc-I-663629.txt
2025-07-16 04:52:48,700 - INFO - ⏳ 3.21s between batches...
2025-07-16 04:52:51,905 - INFO - Processing batch 161 to 162
2025-07-16 04:52:54,065 - INFO - ⏳ Waiting 2.47s for user emulation...
2025-07-16 04:52:58,125 - INFO - ⏳ Waiting 3.87s for user emulation...
2025-07-16 04:53:03,344 - INFO - Saved txt: download_bomayhanhchinh/new1_%e2%80%8bNghi-quyet-10-2025-NQ-HDND-bai-bo-Nghi-quyet-13-2024-NQ-HDND-Binh-Duong-662353.txt
2025-07-16 04:53:03,409 - INFO - ⏳ 3.97s between batches...
2025-07-16 04:53:07,381 - INFO - Processing batch 162 to 163
2025-07-16 04:53:09,513 - INFO - ⏳ Waiting 2.07s for user emulation...
2025-07-16 04:53:13,241 - INFO - ⏳ Waiting 3.62s for user emulation...
2025-07-16 04:53:18,245 - INFO - Saved txt: download_bomayhanhchinh/new1_Quyet-dinh-79-2025-QD-UBND-bai-bo-toan-bo-cac-Quyet-dinh-cua-Uy-ban-tinh-Vinh-Long-663016.txt
2025-07-16 04:53:18,310 - INFO - ⏳ 4.42s between batches...
2025-07-16 04:53:22,727 - INFO - Processing batch 163 to 164
2025-07-16 04:53:24,689 - INFO - ⏳ Waiting 3.58s for user emulation...
2025-07-16 04:53:29,879 - INFO - ⏳ Waiting 4.40s for user emulation...
2025-07-16 04:53:35,200 - INFO - Saved txt: download_bomayhanhchinh/new1_Quyet-dinh-30-2025-QD-UBND-bai-bo-Quyet-dinh-43-2023-QD-UBND-Binh-Duong%e2%80%8b-662689.txt
2025-07-16 04:53:35,266 - INFO - ⏳ 3.96s between batches...
2025-07-16 04:53:39,228 - INFO - Processing batch 164 to 165
2025-07-16 04:53:41,140 - INFO - ⏳ Waiting 2.90s for user emulation...
2025-07-16 04:53:46,055 - INFO - ⏳ Waiting 3.65s for user emulation...
2025-07-16 04:53:50,743 - INFO - Saved txt: download_bomayhanhchinh/new1_Quyet-dinh-639-QD-BNV-2025-cong-bo-thu-tuc-hanh-chinh-linh-vuc-nguoi-co-cong-661917.txt
2025-07-16 04:53:50,808 - INFO - ⏳ 3.42s between batches...
2025-07-16 04:53:54,226 - INFO - Processing batch 165 to 166
2025-07-16 04:53:55,808 - INFO - ⏳ Waiting 2.21s for user emulation...
2025-07-16 04:53:59,547 - INFO - ⏳ Waiting 4.52s for user emulation...
2025-07-16 04:54:05,151 - INFO - Saved txt: download_bomayhanhchinh/new1_Quyet-dinh-38-2025-QD-UBND-bai-bo-cac-Quyet-dinh-cua-Uy-ban-nhan-dan-Dong-Thap-663014.txt
2025-07-16 04:54:05,216 - INFO - ⏳ 3.94s between batches...
2025-07-16 04:54:09,161 - INFO - Processing batch 166 to 167
2025-07-16 04:54:11,072 - INFO - ⏳ Waiting 3.59s for user emulation...
2025-07-16 04:54:16,121 - INFO - ⏳ Waiting 4.88s for user emulation...
2025-07-16 04:54:30,582 - ERROR - ❌ Main content not found at https://thuvienphapluat.vn/van-ban/Ke-toan-Kiem-toan/Thong-tu-46-2025-TT-BTC-sua-doi-cac-Thong-tu-linh-vuc-ke-toan-kiem-toan-de-day-manh-phan-cap-phan-quyen-662484.aspx - saved image error download_bomayhanhchinh/error_file_1092.1082877528465_new1.png
2025-07-16 04:54:30,647 - INFO - ⏳ 4.12s between batches...
2025-07-16 04:54:34,768 - INFO - Processing batch 167 to 168
2025-07-16 04:54:36,828 - INFO - ⏳ Waiting 2.61s for user emulation...
2025-07-16 04:54:40,836 - INFO - ⏳ Waiting 5.69s for user emulation...
2025-07-16 04:54:56,080 - ERROR - ❌ Main content not found at https://thuvienphapluat.vn/van-ban/Bo-may-hanh-chinh/Quyet-dinh-35-2025-QD-UBND-bai-bo-Quyet-dinh-11-2018-QD-UBND-bao-ve-moi-truong-Ha-Tinh-662520.aspx - saved image error download_bomayhanhchinh/error_file_1107.511095145933_new1.png
2025-07-16 04:54:56,148 - INFO - ⏳ 3.33s between batches...
2025-07-16 04:54:59,474 - INFO - Processing batch 168 to 169
2025-07-16 04:55:01,451 - INFO - ⏳ Waiting 2.33s for user emulation...
2025-07-16 04:55:05,263 - INFO - ⏳ Waiting 6.00s for user emulation...
2025-07-16 04:55:20,606 - ERROR - ❌ Main content not found at https://thuvienphapluat.vn/van-ban/Bo-may-hanh-chinh/Nghi-quyet-50-2025-NQ-HDND-sua-doi-Dieu-1-Nghi-quyet-43-2024-NQ-HDND-Yen-Bai-662519.aspx - saved image error download_bomayhanhchinh/error_file_367.4343606544165_new1.png
2025-07-16 04:55:20,672 - INFO - ⏳ 4.51s between batches...
2025-07-16 04:55:25,185 - INFO - Processing batch 169 to 170
2025-07-16 04:55:27,213 - INFO - ⏳ Waiting 2.65s for user emulation...
2025-07-16 04:55:31,364 - INFO - ⏳ Waiting 5.84s for user emulation...
2025-07-16 04:55:46,733 - ERROR - ❌ Main content not found at https://thuvienphapluat.vn/van-ban/Bo-may-hanh-chinh/Quyet-dinh-627-QD-BNV-2025-cong-bo-thu-tuc-hanh-chinh-sua-doi-linh-vuc-quan-ly-hoi-quy-661911.aspx - saved image error download_bomayhanhchinh/error_file_203.34600348675124_new1.png
2025-07-16 04:55:46,805 - INFO - ⏳ 3.08s between batches...
2025-07-16 04:55:49,883 - INFO - Processing batch 170 to 171
2025-07-16 04:55:51,570 - INFO - ⏳ Waiting 2.69s for user emulation...
2025-07-16 04:55:55,746 - INFO - ⏳ Waiting 3.90s for user emulation...
2025-07-16 04:56:08,828 - ERROR - ❌ Main content not found at https://thuvienphapluat.vn/van-ban/Dau-tu/Quyet-dinh-512-QD-UBND-2025-Quy-trinh-thu-tuc-hanh-chinh-linh-vuc-dau-thau-So-Tai-chinh-Kon-Tum-661827.aspx - saved image error download_bomayhanhchinh/error_file_515.7709000155292_new1.png
2025-07-16 04:56:08,893 - INFO - ⏳ 4.36s between batches...
2025-07-16 04:56:13,257 - INFO - Processing batch 171 to 172
2025-07-16 04:56:14,871 - INFO - ⏳ Waiting 2.13s for user emulation...
2025-07-16 04:56:18,447 - INFO - ⏳ Waiting 5.13s for user emulation...
2025-07-16 04:56:32,876 - ERROR - ❌ Main content not found at https://thuvienphapluat.vn/van-ban/Bo-may-hanh-chinh/Quyet-dinh-1286-QD-UBND-2025-cong-bo-thu-tuc-hanh-chinh-Nong-nghiep-Moi-truong-Uy-ban-xa-Bac-Lieu-661826.aspx - saved image error download_bomayhanhchinh/error_file_783.7361019574163_new1.png
2025-07-16 04:56:32,941 - INFO - ⏳ 4.62s between batches...
2025-07-16 04:56:37,563 - INFO - Processing batch 172 to 173
2025-07-16 04:56:39,514 - INFO - ⏳ Waiting 3.77s for user emulation...
2025-07-16 04:56:44,756 - INFO - ⏳ Waiting 4.48s for user emulation...
2025-07-16 04:56:58,141 - ERROR - ❌ Main content not found at https://thuvienphapluat.vn/van-ban/Bo-may-hanh-chinh/Quyet-dinh-1752-QD-BCT-2025-cong-bo-thu-tuc-hanh-chinh-sua-doi-linh-vuc-Bo-Cong-Thuong-661835.aspx - saved image error download_bomayhanhchinh/error_file_593.7016147255924_new1.png
2025-07-16 04:56:58,206 - INFO - ⏳ 3.04s between batches...
2025-07-16 04:57:01,251 - INFO - Processing batch 173 to 174
2025-07-16 04:57:03,368 - INFO - ⏳ Waiting 3.30s for user emulation...
2025-07-16 04:57:08,142 - INFO - ⏳ Waiting 5.95s for user emulation...
2025-07-16 04:57:23,424 - ERROR - ❌ Main content not found at https://thuvienphapluat.vn/van-ban/Bo-may-hanh-chinh/Quyet-dinh-2215-QD-BNNMT-2025-Ke-hoach-danh-gia-hieu-qua-cong-tac-pho-bien-giao-duc-phap-luat-662446.aspx - saved image error download_bomayhanhchinh/error_file_989.6800173377507_new1.png
2025-07-16 04:57:23,489 - INFO - ⏳ 4.74s between batches...
2025-07-16 04:57:28,230 - INFO - Processing batch 174 to 175
2025-07-16 04:57:30,295 - INFO - ⏳ Waiting 2.27s for user emulation...
2025-07-16 04:57:34,081 - INFO - ⏳ Waiting 4.96s for user emulation...
2025-07-16 04:57:48,723 - ERROR - ❌ Main content not found at https://thuvienphapluat.vn/van-ban/Bo-may-hanh-chinh/Thong-tu-38-2025-TT-BCT-sua-doi-quy-dinh-ve-phan-cap-thuc-hien-thu-tuc-hanh-chinh-662076.aspx - saved image error download_bomayhanhchinh/error_file_250.06583925235532_new1.png
2025-07-16 04:57:48,789 - INFO - ⏳ 4.77s between batches...
2025-07-16 04:57:53,561 - INFO - Processing batch 175 to 176
2025-07-16 04:57:55,636 - INFO - ⏳ Waiting 3.97s for user emulation...
2025-07-16 04:58:01,142 - INFO - ⏳ Waiting 3.44s for user emulation...
2025-07-16 04:58:13,693 - ERROR - ❌ Main content not found at https://thuvienphapluat.vn/van-ban/Bo-may-hanh-chinh/Thong-tu-18-2025-TT-BNNMT-phan-quyen-quan-ly-Nha-nuoc-trong-linh-vuc-de-dieu-662385.aspx - saved image error download_bomayhanhchinh/error_file_998.6284529703607_new1.png
2025-07-16 04:58:13,758 - INFO - ⏳ 4.41s between batches...
2025-07-16 04:58:18,166 - INFO - Processing batch 176 to 177
2025-07-16 04:58:20,124 - INFO - ⏳ Waiting 3.96s for user emulation...
2025-07-16 04:58:25,513 - INFO - ⏳ Waiting 4.19s for user emulation...
2025-07-16 04:58:39,226 - ERROR - ❌ Main content not found at https://thuvienphapluat.vn/van-ban/Bo-may-hanh-chinh/Quyet-dinh-1913-QD-UBND-2025-sap-xep-tai-san-don-vi-hanh-chinh-cap-xa-khi-sap-nhap-dia-phuong-Hai-Phong-662008.aspx - saved image error download_bomayhanhchinh/error_file_1009.1898437892721_new1.png
2025-07-16 04:58:39,291 - INFO - ⏳ 3.35s between batches...
2025-07-16 04:58:42,637 - INFO - Processing batch 177 to 178
2025-07-16 04:58:44,625 - INFO - ⏳ Waiting 3.32s for user emulation...
2025-07-16 04:58:49,486 - INFO - ⏳ Waiting 6.00s for user emulation...
2025-07-16 04:59:04,538 - ERROR - ❌ Main content not found at https://thuvienphapluat.vn/van-ban/Bo-may-hanh-chinh/Quyet-dinh-40-2025-QD-UBND-bai-bo-Quyet-dinh-14-2017-QD-UBND-Hai-Phong-661933.aspx - saved image error download_bomayhanhchinh/error_file_740.3574048973695_new1.png
2025-07-16 04:59:04,603 - INFO - ⏳ 4.48s between batches...
2025-07-16 04:59:09,087 - INFO - Processing batch 178 to 179
2025-07-16 04:59:11,061 - INFO - ⏳ Waiting 2.06s for user emulation...
2025-07-16 04:59:14,561 - INFO - ⏳ Waiting 3.05s for user emulation...
2025-07-16 04:59:26,504 - ERROR - ❌ Main content not found at https://thuvienphapluat.vn/van-ban/Bo-may-hanh-chinh/Quyet-dinh-3090-QD-UBND-2025-bai-bo-Quyet-dinh-81-2008-QD-UBND-Ho-Chi-Minh-661828.aspx - saved image error download_bomayhanhchinh/error_file_596.4245834360459_new1.png
2025-07-16 04:59:26,571 - INFO - ⏳ 3.87s between batches...
2025-07-16 04:59:30,439 - INFO - Processing batch 179 to 180
2025-07-16 04:59:32,440 - INFO - ⏳ Waiting 2.87s for user emulation...
2025-07-16 04:59:36,768 - INFO - ⏳ Waiting 4.41s for user emulation...
2025-07-16 04:59:50,869 - ERROR - ❌ Main content not found at https://thuvienphapluat.vn/van-ban/Bo-may-hanh-chinh/Quyet-dinh-2299-QD-BNNMT-2025-cong-bo-thu-tuc-hanh-chinh-Kinh-te-hop-tac-va-Phat-trien-nong-thon-662883.aspx - saved image error download_bomayhanhchinh/error_file_820.9845791856694_new1.png
2025-07-16 04:59:50,934 - INFO - ⏳ 3.10s between batches...
2025-07-16 04:59:54,036 - INFO - Processing batch 180 to 181
2025-07-16 04:59:55,767 - INFO - ⏳ Waiting 2.28s for user emulation...
2025-07-16 04:59:59,564 - INFO - ⏳ Waiting 3.12s for user emulation...
2025-07-16 05:00:11,835 - ERROR - ❌ Main content not found at https://thuvienphapluat.vn/van-ban/Bo-may-hanh-chinh/Quyet-dinh-2114-QD-BVHTTDL-2025-cong-bo-thu-tuc-hanh-chinh-moi-linh-vuc-Di-san-van-hoa-662485.aspx - saved image error download_bomayhanhchinh/error_file_1019.3118783236604_new1.png
2025-07-16 05:00:11,901 - INFO - ⏳ 3.74s between batches...
2025-07-16 05:00:15,644 - INFO - Processing batch 181 to 182
2025-07-16 05:00:17,624 - INFO - ⏳ Waiting 3.59s for user emulation...
2025-07-16 05:00:22,700 - INFO - ⏳ Waiting 5.08s for user emulation...
2025-07-16 05:00:36,868 - ERROR - ❌ Main content not found at https://thuvienphapluat.vn/van-ban/Bo-may-hanh-chinh/Quyet-dinh-1436-QD-BKHCN-2025-chuc-nang-nhiem-vu-Vien-Phat-trien-Khoa-hoc-va-Cong-nghe-Vung-662442.aspx - saved image error download_bomayhanhchinh/error_file_899.6515964652297_new1.png
2025-07-16 05:00:36,932 - INFO - ⏳ 3.93s between batches...
2025-07-16 05:00:40,863 - INFO - Processing batch 182 to 183
2025-07-16 05:00:42,958 - INFO - ⏳ Waiting 3.50s for user emulation...
2025-07-16 05:00:47,922 - INFO - ⏳ Waiting 4.72s for user emulation...
2025-07-16 05:01:01,583 - ERROR - ❌ Main content not found at https://thuvienphapluat.vn/van-ban/Bat-dong-san/Quyet-dinh-2304-QD-BNNMT-2025-cong-bo-thu-tuc-hanh-chinh-linh-vuc-dat-dai-662509.aspx - saved image error download_bomayhanhchinh/error_file_1114.626697790362_new1.png
2025-07-16 05:01:01,648 - INFO - ⏳ 4.20s between batches...
2025-07-16 05:01:05,852 - INFO - Processing batch 183 to 184
2025-07-16 05:01:07,914 - INFO - ⏳ Waiting 3.15s for user emulation...
2025-07-16 05:01:12,510 - INFO - ⏳ Waiting 4.28s for user emulation...
2025-07-16 05:01:26,364 - ERROR - ❌ Main content not found at https://thuvienphapluat.vn/van-ban/Bo-may-hanh-chinh/Quyet-dinh-36-2025-QD-UBND-bai-bo-cac-Quyet-dinh-cua-Uy-ban-nhan-dan-Dong-Nai-662402.aspx - saved image error download_bomayhanhchinh/error_file_459.5157565943098_new1.png
2025-07-16 05:01:26,429 - INFO - ⏳ 3.96s between batches...
2025-07-16 05:01:30,392 - INFO - Processing batch 184 to 185
2025-07-16 05:01:32,458 - INFO - ⏳ Waiting 2.38s for user emulation...
2025-07-16 05:01:36,456 - INFO - ⏳ Waiting 3.51s for user emulation...
2025-07-16 05:01:49,548 - ERROR - ❌ Main content not found at https://thuvienphapluat.vn/van-ban/Bo-may-hanh-chinh/Quyet-dinh-1833-QD-BTP-2025-cong-bo-thu-tuc-hanh-chinh-ho-tich-tai-co-quan-dang-ky-ho-tich-trong-nuoc-663019.aspx - saved image error download_bomayhanhchinh/error_file_330.6791728157498_new1.png
2025-07-16 05:01:49,613 - INFO - ⏳ 3.93s between batches...
2025-07-16 05:01:53,543 - INFO - Processing batch 185 to 186
2025-07-16 05:01:55,775 - INFO - ⏳ Waiting 3.05s for user emulation...
2025-07-16 05:02:00,318 - INFO - ⏳ Waiting 3.59s for user emulation...
2025-07-16 05:02:13,047 - ERROR - ❌ Main content not found at https://thuvienphapluat.vn/van-ban/Lao-dong-Tien-luong/Nghi-quyet-09-2025-NQ-HDND-muc-phu-cap-hang-thang-doi-voi-Thon-ap-khu-doi-truong-Vung-Tau-662514.aspx - saved image error download_bomayhanhchinh/error_file_534.6937622089256_new1.png
2025-07-16 05:02:13,112 - INFO - ⏳ 4.05s between batches...
2025-07-16 05:02:17,162 - INFO - Processing batch 186 to 187
2025-07-16 05:02:18,779 - INFO - ⏳ Waiting 4.00s for user emulation...
2025-07-16 05:02:24,321 - INFO - ⏳ Waiting 5.97s for user emulation...
2025-07-16 05:02:39,280 - ERROR - ❌ Main content not found at https://thuvienphapluat.vn/van-ban/Thue-Phi-Le-Phi/Nghi-quyet-08-2025-NQ-HDND-muc-thu-le-phi-cung-cap-dich-vu-cong-bang-hinh-thuc-truc-tuyen-Vung-Tau-662513.aspx - saved image error download_bomayhanhchinh/error_file_807.4803719601048_new1.png
2025-07-16 05:02:39,345 - INFO - ⏳ 4.68s between batches...
2025-07-16 05:02:44,023 - INFO - Processing batch 187 to 188
2025-07-16 05:02:45,620 - INFO - ⏳ Waiting 3.10s for user emulation...
2025-07-16 05:02:50,213 - INFO - ⏳ Waiting 4.63s for user emulation...
2025-07-16 05:03:04,194 - ERROR - ❌ Main content not found at https://thuvienphapluat.vn/van-ban/Bo-may-hanh-chinh/Quyet-dinh-33-2025-QD-UBND-bai-bo-Quyet-dinh-16-2019-QD-UBND-Quang-Nam-663013.aspx - saved image error download_bomayhanhchinh/error_file_1125.4598157439186_new1.png
2025-07-16 05:03:04,259 - INFO - ⏳ 4.18s between batches...
2025-07-16 05:03:08,442 - INFO - Processing batch 188 to 189
2025-07-16 05:03:10,415 - INFO - ⏳ Waiting 2.62s for user emulation...
2025-07-16 05:03:14,510 - INFO - ⏳ Waiting 3.07s for user emulation...
2025-07-16 05:03:27,411 - ERROR - ❌ Main content not found at https://thuvienphapluat.vn/van-ban/Bo-may-hanh-chinh/Nghi-quyet-09-2025-NQ-HDND-bai-bo-mot-so-nghi-quyet-cua-Hoi-dong-nhan-dan-tinh-Bac-Kan-662617.aspx - saved image error download_bomayhanhchinh/error_file_664.302309987956_new1.png
2025-07-16 05:03:27,476 - INFO - ⏳ 3.09s between batches...
2025-07-16 05:03:30,566 - INFO - Processing batch 189 to 190
2025-07-16 05:03:32,343 - INFO - ⏳ Waiting 3.53s for user emulation...
2025-07-16 05:03:37,429 - INFO - ⏳ Waiting 4.02s for user emulation...
2025-07-16 05:03:51,226 - ERROR - ❌ Main content not found at https://thuvienphapluat.vn/van-ban/Bo-may-hanh-chinh/Quyet-dinh-642-QD-BNV-2025-Quy-che-to-chuc-thi-hanh-van-ban-quy-pham-phap-luat-662133.aspx - saved image error download_bomayhanhchinh/error_file_300.3639374874796_new1.png
2025-07-16 05:03:51,291 - INFO - ⏳ 4.29s between batches...
2025-07-16 05:03:55,579 - INFO - Processing batch 190 to 191
2025-07-16 05:03:57,467 - INFO - ⏳ Waiting 3.70s for user emulation...
2025-07-16 05:04:02,640 - INFO - ⏳ Waiting 3.43s for user emulation...
2025-07-16 05:04:15,458 - ERROR - ❌ Main content not found at https://thuvienphapluat.vn/van-ban/Dich-vu-phap-ly/Quyet-dinh-1836-QD-BTP-2025-cong-bo-thu-tuc-hanh-chinh-sua-doi-linh-vuc-thua-phat-lai-663889.aspx - saved image error download_bomayhanhchinh/error_file_1074.381106959179_new1.png
2025-07-16 05:04:15,522 - INFO - ⏳ 3.40s between batches...
2025-07-16 05:04:18,927 - INFO - Processing batch 191 to 192
2025-07-16 05:04:20,966 - INFO - ⏳ Waiting 2.32s for user emulation...
2025-07-16 05:04:24,796 - INFO - ⏳ Waiting 3.44s for user emulation...
2025-07-16 05:04:37,107 - ERROR - ❌ Main content not found at https://thuvienphapluat.vn/van-ban/Dau-tu/Nghi-quyet-113-2025-NQ-HDND-bai-bo-Nghi-quyet-130-2020-NQ-HDND-Son-La-662522.aspx - saved image error download_bomayhanhchinh/error_file_531.4184389799598_new1.png
2025-07-16 05:04:37,172 - INFO - ⏳ 3.08s between batches...
2025-07-16 05:04:40,251 - INFO - Processing batch 192 to 193
2025-07-16 05:04:42,323 - INFO - ⏳ Waiting 2.69s for user emulation...
2025-07-16 05:04:46,530 - INFO - ⏳ Waiting 5.51s for user emulation...
2025-07-16 05:05:01,223 - ERROR - ❌ Main content not found at https://thuvienphapluat.vn/van-ban/Bo-may-hanh-chinh/Nghi-quyet-13-2025-NQ-HDND-sua-doi-Nghi-quyet-21-2018-NQ-HDND-09-2023-NQ-HDND-Bac-Kan-662621.aspx - saved image error download_bomayhanhchinh/error_file_1015.8852054484144_new1.png
2025-07-16 05:05:01,289 - INFO - ⏳ 4.40s between batches...
2025-07-16 05:05:05,694 - INFO - Processing batch 193 to 194
2025-07-16 05:05:07,732 - INFO - ⏳ Waiting 3.59s for user emulation...
2025-07-16 05:05:12,877 - INFO - ⏳ Waiting 4.64s for user emulation...
2025-07-16 05:05:26,772 - ERROR - ❌ Main content not found at https://thuvienphapluat.vn/van-ban/Bo-may-hanh-chinh/Quyet-dinh-2308-QD-BNNMT-2025-cong-bo-thu-tuc-hanh-chinh-linh-vuc-bao-ton-thien-nhien-662533.aspx - saved image error download_bomayhanhchinh/error_file_425.9477615408884_new1.png
2025-07-16 05:05:26,838 - INFO - ⏳ 3.93s between batches...
2025-07-16 05:05:30,771 - INFO - Processing batch 194 to 195
2025-07-16 05:05:32,863 - INFO - ⏳ Waiting 2.52s for user emulation...
2025-07-16 05:05:36,855 - INFO - ⏳ Waiting 3.41s for user emulation...
2025-07-16 05:05:49,471 - ERROR - ❌ Main content not found at https://thuvienphapluat.vn/van-ban/Bo-may-hanh-chinh/Quyet-dinh-2307-QD-BNNMT-2025-cong-bo-thu-tuc-hanh-chinh-sua-doi-linh-vuc-nong-thon-moi-662591.aspx - saved image error download_bomayhanhchinh/error_file_1181.6638925582429_new1.png
2025-07-16 05:05:49,536 - INFO - ⏳ 3.22s between batches...
2025-07-16 05:05:52,757 - INFO - Processing batch 195 to 196
2025-07-16 05:05:54,794 - INFO - ⏳ Waiting 3.66s for user emulation...
2025-07-16 05:06:00,060 - INFO - ⏳ Waiting 4.36s for user emulation...
2025-07-16 05:06:13,353 - ERROR - ❌ Main content not found at https://thuvienphapluat.vn/van-ban/Bo-may-hanh-chinh/Quyet-dinh-1492-QD-UBND-2025-cong-bo-thu-tuc-hanh-chinh-linh-vuc-hoi-quy-So-Noi-Lai-Chau-662085.aspx - saved image error download_bomayhanhchinh/error_file_957.98962649943_new1.png
2025-07-16 05:06:13,418 - INFO - ⏳ 4.19s between batches...
2025-07-16 05:06:17,611 - INFO - Processing batch 196 to 197
2025-07-16 05:06:19,798 - INFO - ⏳ Waiting 2.57s for user emulation...
2025-07-16 05:06:23,811 - INFO - ⏳ Waiting 3.74s for user emulation...
2025-07-16 05:06:36,536 - ERROR - ❌ Main content not found at https://thuvienphapluat.vn/van-ban/Bo-may-hanh-chinh/Thong-tu-20-2025-TT-BYT-chuc-nang-nhiem-vu-co-quan-chuyen-mon-ve-y-te-thuoc-Uy-ban-tinh-662105.aspx - saved image error download_bomayhanhchinh/error_file_578.0730641512557_new1.png
2025-07-16 05:06:36,601 - INFO - ⏳ 4.42s between batches...
2025-07-16 05:06:41,022 - INFO - Processing batch 197 to 198
2025-07-16 05:06:42,717 - INFO - ⏳ Waiting 3.73s for user emulation...
2025-07-16 05:06:47,960 - INFO - ⏳ Waiting 5.16s for user emulation...
2025-07-16 05:07:02,734 - ERROR - ❌ Main content not found at https://thuvienphapluat.vn/van-ban/Bo-may-hanh-chinh/Quyet-dinh-2305-QD-BNNMT-2025-cong-bo-thu-tuc-hanh-chinh-moi-linh-vuc-thuy-loi-662249.aspx - saved image error download_bomayhanhchinh/error_file_897.2179018210303_new1.png
2025-07-16 05:07:02,799 - INFO - ⏳ 4.57s between batches...
2025-07-16 05:07:07,369 - INFO - Processing batch 198 to 199
2025-07-16 05:07:09,404 - INFO - ⏳ Waiting 3.39s for user emulation...
2025-07-16 05:07:14,292 - INFO - ⏳ Waiting 4.62s for user emulation...
2025-07-16 05:07:28,167 - ERROR - ❌ Main content not found at https://thuvienphapluat.vn/van-ban/Bo-may-hanh-chinh/Quyet-dinh-588-QD-UBND-2025-cong-bo-thu-tuc-hanh-chinh-linh-vuc-trong-trot-Gia-Lai-662461.aspx - saved image error download_bomayhanhchinh/error_file_249.70277305323046_new1.png
2025-07-16 05:07:28,231 - INFO - ⏳ 3.83s between batches...
2025-07-16 05:07:32,066 - INFO - Processing batch 199 to 200
2025-07-16 05:07:34,068 - INFO - ⏳ Waiting 3.77s for user emulation...
2025-07-16 05:07:39,299 - INFO - ⏳ Waiting 5.21s for user emulation...
2025-07-16 05:07:53,500 - ERROR - ❌ Main content not found at https://thuvienphapluat.vn/van-ban/Bo-may-hanh-chinh/Cong-dien-95-CD-TTg-2025-dam-bao-co-so-vat-chat-khi-thuc-hien-sap-xep-tinh-gon-bo-may-662038.aspx - saved image error download_bomayhanhchinh/error_file_554.2844461403464_new1.png
2025-07-16 05:07:53,565 - INFO - ⏳ 3.80s between batches...
2025-07-16 05:07:57,361 - INFO - Processing batch 200 to 201
2025-07-16 05:07:59,416 - INFO - ⏳ Waiting 2.90s for user emulation...
2025-07-16 05:08:03,767 - INFO - ⏳ Waiting 5.97s for user emulation...
2025-07-16 05:08:19,048 - ERROR - ❌ Main content not found at https://thuvienphapluat.vn/van-ban/Lao-dong-Tien-luong/Cong-dien-93-CD-TTg-2025-day-manh-tien-do-thuc-hien-chinh-sach-doi-voi-can-bo-trong-sap-xep-bo-may-661909.aspx - saved image error download_bomayhanhchinh/error_file_402.3825781486554_new1.png
2025-07-16 05:08:19,114 - INFO - ⏳ 3.23s between batches...
2025-07-16 05:08:22,343 - INFO - Processing batch 201 to 202
2025-07-16 05:08:24,623 - INFO - ⏳ Waiting 2.11s for user emulation...
2025-07-16 05:08:28,239 - INFO - ⏳ Waiting 3.31s for user emulation...
2025-07-16 05:08:40,981 - ERROR - ❌ Main content not found at https://thuvienphapluat.vn/van-ban/Bo-may-hanh-chinh/Thong-tu-08-2025-TT-BKHCN-phan-cap-chung-nhan-doanh-nghiep-thanh-lap-moi-tu-du-an-san-xuat-cong-nghe-cao-662186.aspx - saved image error download_bomayhanhchinh/error_file_567.2718789461146_new1.png
2025-07-16 05:08:41,046 - INFO - ⏳ 3.40s between batches...
2025-07-16 05:08:44,447 - INFO - Processing batch 202 to 203
2025-07-16 05:08:46,418 - INFO - ⏳ Waiting 2.48s for user emulation...
2025-07-16 05:08:50,410 - INFO - ⏳ Waiting 5.14s for user emulation...
2025-07-16 05:09:04,997 - ERROR - ❌ Main content not found at https://thuvienphapluat.vn/van-ban/Thuong-mai/Quyet-dinh-514-QD-UBND-2025-quy-trinh-thu-tuc-hanh-chinh-Tai-san-ket-cau-ha-tang-cho-Kon-Tum-661840.aspx - saved image error download_bomayhanhchinh/error_file_285.84340870728477_new1.png
2025-07-16 05:09:05,061 - INFO - ⏳ 4.98s between batches...
2025-07-16 05:09:10,044 - INFO - Processing batch 203 to 204
2025-07-16 05:09:12,024 - INFO - ⏳ Waiting 2.00s for user emulation...
2025-07-16 05:09:15,501 - INFO - ⏳ Waiting 5.73s for user emulation...
2025-07-16 05:09:30,514 - ERROR - ❌ Main content not found at https://thuvienphapluat.vn/van-ban/Bo-may-hanh-chinh/Quyet-dinh-1562-QD-UBND-2025-cong-bo-thu-tuc-hanh-chinh-noi-bo-Uy-ban-nhan-dan-Can-Tho-661847.aspx - saved image error download_bomayhanhchinh/error_file_912.8837306464069_new1.png
2025-07-16 05:09:30,579 - INFO - ⏳ 3.99s between batches...
2025-07-16 05:09:34,568 - INFO - Processing batch 204 to 205
2025-07-16 05:09:36,771 - INFO - ⏳ Waiting 2.74s for user emulation...
2025-07-16 05:09:41,029 - INFO - ⏳ Waiting 5.25s for user emulation...
2025-07-16 05:09:55,984 - ERROR - ❌ Main content not found at https://thuvienphapluat.vn/van-ban/Bo-may-hanh-chinh/Cong-dien-92-CD-TTg-2025-thuc-hien-nhiem-vu-trong-tam-mo-hinh-chinh-quyen-dia-phuong-02-cap-661979.aspx - saved image error download_bomayhanhchinh/error_file_1056.3496363355775_new1.png
2025-07-16 05:09:56,049 - INFO - ⏳ 3.41s between batches...
2025-07-16 05:09:59,457 - INFO - Processing batch 205 to 206
2025-07-16 05:10:01,448 - INFO - ⏳ Waiting 3.45s for user emulation...
2025-07-16 05:10:06,502 - INFO - ⏳ Waiting 4.22s for user emulation...
2025-07-16 05:10:20,293 - ERROR - ❌ Main content not found at https://thuvienphapluat.vn/van-ban/Bo-may-hanh-chinh/Quyet-dinh-635-QD-BNV-2025-cong-bo-thu-tuc-hanh-chinh-noi-bo-linh-vuc-Thi-dua-khen-thuong-662887.aspx - saved image error download_bomayhanhchinh/error_file_744.9352846070457_new1.png
2025-07-16 05:10:20,358 - INFO - ⏳ 4.76s between batches...
2025-07-16 05:10:25,114 - INFO - Processing batch 206 to 207
2025-07-16 05:10:27,126 - INFO - ⏳ Waiting 2.00s for user emulation...
2025-07-16 05:10:30,549 - INFO - ⏳ Waiting 3.46s for user emulation...
2025-07-16 05:10:43,476 - ERROR - ❌ Main content not found at https://thuvienphapluat.vn/van-ban/Bo-may-hanh-chinh/Quyet-dinh-2053-QD-UBND-2025-Danh-muc-dich-vu-cong-truc-tuyen-toan-trinh-So-Van-hoa-Thanh-Hoa-662009.aspx - saved image error download_bomayhanhchinh/error_file_863.0677758575195_new1.png
2025-07-16 05:10:43,541 - INFO - ⏳ 4.08s between batches...
2025-07-16 05:10:47,624 - INFO - Processing batch 207 to 208
2025-07-16 05:10:49,821 - INFO - ⏳ Waiting 3.89s for user emulation...
2025-07-16 05:10:55,171 - INFO - ⏳ Waiting 5.76s for user emulation...
2025-07-16 05:11:10,191 - ERROR - ❌ Main content not found at https://thuvienphapluat.vn/van-ban/Bo-may-hanh-chinh/Thong-tu-47-2025-TT-BTC-bai-bo-Thong-tu-thu-tuc-hai-quan-hang-hoa-xuat-khau-boi-canh-dich-Covid19-662226.aspx - saved image error download_bomayhanhchinh/error_file_264.4010119364167_new1.png
2025-07-16 05:11:10,257 - INFO - ⏳ 4.99s between batches...
2025-07-16 05:11:15,247 - INFO - Processing batch 208 to 209
2025-07-16 05:11:17,145 - INFO - ⏳ Waiting 3.97s for user emulation...
2025-07-16 05:11:22,637 - INFO - ⏳ Waiting 3.23s for user emulation...
2025-07-16 05:11:34,807 - ERROR - ❌ Main content not found at https://thuvienphapluat.vn/van-ban/Bo-may-hanh-chinh/Quyet-dinh-5774-QD-KBNN-2025-so-luong-phong-tham-muu-phong-giao-dich-thuoc-Kho-bac-Nha-nuoc-XX-663653.aspx - saved image error download_bomayhanhchinh/error_file_567.878762770747_new1.png
2025-07-16 05:11:34,871 - INFO - ⏳ 4.88s between batches...
2025-07-16 05:11:39,751 - INFO - Processing batch 209 to 210
2025-07-16 05:11:41,772 - INFO - ⏳ Waiting 3.45s for user emulation...
2025-07-16 05:11:46,910 - INFO - ⏳ Waiting 3.45s for user emulation...
2025-07-16 05:11:59,412 - ERROR - ❌ Main content not found at https://thuvienphapluat.vn/van-ban/Bo-may-hanh-chinh/Quyet-dinh-5771-QD-KBNN-2025-so-luong-phong-tham-muu-phong-giao-dich-thuoc-Kho-bac-Nha-nuoc-XVII-663652.aspx - saved image error download_bomayhanhchinh/error_file_1098.403222304326_new1.png
2025-07-16 05:11:59,477 - INFO - ⏳ 4.19s between batches...
2025-07-16 05:12:03,672 - INFO - Processing batch 210 to 211
2025-07-16 05:12:05,771 - INFO - ⏳ Waiting 3.34s for user emulation...
2025-07-16 05:12:10,703 - INFO - ⏳ Waiting 4.22s for user emulation...
2025-07-16 05:12:23,805 - ERROR - ❌ Main content not found at https://thuvienphapluat.vn/van-ban/Bo-may-hanh-chinh/Quyet-dinh-5770-QD-KBNN-2025-so-luong-phong-tham-muu-Phong-giao-dich-thuoc-Kho-bac-Nha-nuoc-XVI-663651.aspx - saved image error download_bomayhanhchinh/error_file_326.86339437757175_new1.png
2025-07-16 05:12:23,870 - INFO - ⏳ 4.44s between batches...
2025-07-16 05:12:28,313 - INFO - Processing batch 211 to 212
2025-07-16 05:12:30,366 - INFO - ⏳ Waiting 3.90s for user emulation...
2025-07-16 05:12:35,759 - INFO - ⏳ Waiting 4.34s for user emulation...
2025-07-16 05:12:48,954 - ERROR - ❌ Main content not found at https://thuvienphapluat.vn/van-ban/Bo-may-hanh-chinh/Quyet-dinh-5769-QD-KBNN-2025-so-luong-phong-tham-muu-Phong-giao-dich-thuoc-Kho-bac-Nha-nuoc-XV-663650.aspx - saved image error download_bomayhanhchinh/error_file_826.9449365929482_new1.png
2025-07-16 05:12:49,019 - INFO - ⏳ 3.01s between batches...
2025-07-16 05:12:52,025 - INFO - Processing batch 212 to 213
2025-07-16 05:12:54,025 - INFO - ⏳ Waiting 3.67s for user emulation...
2025-07-16 05:12:59,160 - INFO - ⏳ Waiting 3.17s for user emulation...
2025-07-16 05:13:12,154 - ERROR - ❌ Main content not found at https://thuvienphapluat.vn/van-ban/Bo-may-hanh-chinh/Quyet-dinh-5768-QD-KBNN-2025-so-luong-phong-tham-muu-Phong-giao-dich-thuoc-Kho-bac-Nha-nuoc-XIV-663649.aspx - saved image error download_bomayhanhchinh/error_file_787.4569784146319_new1.png
2025-07-16 05:13:12,218 - INFO - ⏳ 4.79s between batches...
2025-07-16 05:13:17,011 - INFO - Processing batch 213 to 214
2025-07-16 05:13:19,152 - INFO - ⏳ Waiting 2.82s for user emulation...
2025-07-16 05:13:23,408 - INFO - ⏳ Waiting 3.92s for user emulation...
2025-07-16 05:13:36,820 - ERROR - ❌ Main content not found at https://thuvienphapluat.vn/van-ban/Bo-may-hanh-chinh/Quyet-dinh-5767-QD-KBNN-2025-so-luong-phong-tham-muu-Phong-giao-dich-thuoc-Kho-bac-Nha-nuoc-XIII-663648.aspx - saved image error download_bomayhanhchinh/error_file_733.3565819594753_new1.png
2025-07-16 05:13:36,885 - INFO - ⏳ 4.38s between batches...
2025-07-16 05:13:41,270 - INFO - Processing batch 214 to 215
2025-07-16 05:13:43,349 - INFO - ⏳ Waiting 2.60s for user emulation...
2025-07-16 05:13:47,433 - INFO - ⏳ Waiting 3.02s for user emulation...
2025-07-16 05:13:59,852 - ERROR - ❌ Main content not found at https://thuvienphapluat.vn/van-ban/Bo-may-hanh-chinh/Quyet-dinh-5766-QD-KBNN-2025-so-luong-phong-tham-muu-phong-giao-dich-thuoc-Kho-bac-Nha-nuoc-XII-663647.aspx - saved image error download_bomayhanhchinh/error_file_611.1668541383917_new1.png
2025-07-16 05:13:59,917 - INFO - ⏳ 4.06s between batches...
2025-07-16 05:14:03,981 - INFO - Processing batch 215 to 216
2025-07-16 05:14:05,717 - INFO - ⏳ Waiting 3.80s for user emulation...
2025-07-16 05:14:11,055 - INFO - ⏳ Waiting 3.39s for user emulation...
2025-07-16 05:14:23,301 - ERROR - ❌ Main content not found at https://thuvienphapluat.vn/van-ban/Bo-may-hanh-chinh/Quyet-dinh-5773-QD-KBNN-2025-tru-so-Phong-giao-dich-thuoc-Kho-bac-Nha-nuoc-khu-vuc-XIX-663636.aspx - saved image error download_bomayhanhchinh/error_file_1046.534998367591_new1.png
2025-07-16 05:14:23,366 - INFO - ⏳ 4.91s between batches...
2025-07-16 05:14:28,278 - INFO - Processing batch 216 to 217
2025-07-16 05:14:30,375 - INFO - ⏳ Waiting 3.15s for user emulation...
2025-07-16 05:14:35,021 - INFO - ⏳ Waiting 3.16s for user emulation...
2025-07-16 05:14:47,383 - ERROR - ❌ Main content not found at https://thuvienphapluat.vn/van-ban/Bo-may-hanh-chinh/Quyet-dinh-5772-QD-KBNN-2025-tru-so-Phong-giao-dich-thuoc-Kho-bac-Nha-nuoc-khu-vuc-XVIII-663635.aspx - saved image error download_bomayhanhchinh/error_file_466.85270272889124_new1.png
2025-07-16 05:14:47,448 - INFO - ⏳ 4.82s between batches...
2025-07-16 05:14:52,263 - INFO - Processing batch 217 to 218
2025-07-16 05:14:54,274 - INFO - ⏳ Waiting 3.71s for user emulation...
2025-07-16 05:14:59,396 - INFO - ⏳ Waiting 5.99s for user emulation...
2025-07-16 05:15:14,357 - ERROR - ❌ Main content not found at https://thuvienphapluat.vn/van-ban/Bo-may-hanh-chinh/Quyet-dinh-5765-QD-KBNN-2025-tru-so-Phong-giao-dich-thuoc-Kho-bac-Nha-nuoc-khu-vuc-XI-663634.aspx - saved image error download_bomayhanhchinh/error_file_514.121216368052_new1.png
2025-07-16 05:15:14,422 - INFO - ⏳ 4.24s between batches...
2025-07-16 05:15:18,660 - INFO - Processing batch 218 to 219
2025-07-16 05:15:20,818 - INFO - ⏳ Waiting 2.16s for user emulation...
2025-07-16 05:15:24,478 - INFO - ⏳ Waiting 3.48s for user emulation...
2025-07-16 05:15:37,231 - ERROR - ❌ Main content not found at https://thuvienphapluat.vn/van-ban/Bo-may-hanh-chinh/Thong-tu-07-2025-TT-BKHCN-phan-cap-chinh-quyen-dia-phuong-02-cap-linh-vuc-tieu-chuan-do-luong-662181.aspx - saved image error download_bomayhanhchinh/error_file_966.7662500405704_new1.png
2025-07-16 05:15:37,296 - INFO - ⏳ 4.52s between batches...
2025-07-16 05:15:41,812 - INFO - Processing batch 219 to 220
2025-07-16 05:15:43,857 - INFO - ⏳ Waiting 3.58s for user emulation...
2025-07-16 05:15:48,870 - INFO - ⏳ Waiting 5.69s for user emulation...
2025-07-16 05:16:03,663 - ERROR - ❌ Main content not found at https://thuvienphapluat.vn/van-ban/Bo-may-hanh-chinh/Quyet-dinh-32-2025-QD-UBND-sua-doi-Dieu-3-cua-Quy-dinh-chuc-nang-Truong-Cao-dang-Dak-Lak-661759.aspx - saved image error download_bomayhanhchinh/error_file_349.53274047078264_new1.png
2025-07-16 05:16:03,728 - INFO - ⏳ 4.26s between batches...
2025-07-16 05:16:07,992 - INFO - Processing batch 220 to 221
2025-07-16 05:16:09,991 - INFO - ⏳ Waiting 2.70s for user emulation...
2025-07-16 05:16:14,114 - INFO - ⏳ Waiting 4.63s for user emulation...
2025-07-16 05:16:28,513 - ERROR - ❌ Main content not found at https://thuvienphapluat.vn/van-ban/Bo-may-hanh-chinh/Quyet-dinh-638-QD-BNV-2025-cong-bo-thu-tuc-hanh-chinh-noi-bo-giua-cac-co-quan-hanh-chinh-Nha-nuoc-661915.aspx - saved image error download_bomayhanhchinh/error_file_1212.3349321567307_new1.png
2025-07-16 05:16:28,577 - INFO - ⏳ 4.44s between batches...
2025-07-16 05:16:33,022 - INFO - Processing batch 221 to 222
2025-07-16 05:16:34,785 - INFO - ⏳ Waiting 2.50s for user emulation...
2025-07-16 05:16:38,764 - INFO - ⏳ Waiting 5.23s for user emulation...
2025-07-16 05:16:53,279 - ERROR - ❌ Main content not found at https://thuvienphapluat.vn/van-ban/Bo-may-hanh-chinh/Quyet-dinh-637-QD-BNV-2025-cong-bo-thu-tuc-hanh-chinh-sua-doi-linh-vuc-Thi-dua-khen-thuong-661914.aspx - saved image error download_bomayhanhchinh/error_file_704.0786560774579_new1.png
2025-07-16 05:16:53,344 - INFO - ⏳ 3.21s between batches...
2025-07-16 05:16:56,553 - INFO - Processing batch 222 to 223
2025-07-16 05:16:58,519 - INFO - ⏳ Waiting 3.25s for user emulation...
2025-07-16 05:17:03,287 - INFO - ⏳ Waiting 5.22s for user emulation...
2025-07-16 05:17:17,702 - ERROR - ❌ Main content not found at https://thuvienphapluat.vn/van-ban/Lao-dong-Tien-luong/Quyet-dinh-636-QD-BNV-2025-cong-bo-thu-tuc-hanh-chinh-linh-vuc-viec-lam-661913.aspx - saved image error download_bomayhanhchinh/error_file_1152.8404918555725_new1.png
2025-07-16 05:17:17,767 - INFO - ⏳ 3.85s between batches...
2025-07-16 05:17:21,613 - INFO - Processing batch 223 to 224
2025-07-16 05:17:23,599 - INFO - ⏳ Waiting 3.28s for user emulation...
2025-07-16 05:17:28,412 - INFO - ⏳ Waiting 3.09s for user emulation...
2025-07-16 05:17:40,964 - ERROR - ❌ Main content not found at https://thuvienphapluat.vn/van-ban/Lao-dong-Tien-luong/Quyet-dinh-628-QD-BNV-2025-cong-bo-thu-tuc-hanh-chinh-sua-doi-linh-vuc-lao-dong-tien-luong-661912.aspx - saved image error download_bomayhanhchinh/error_file_1020.3063688668169_new1.png
2025-07-16 05:17:41,029 - INFO - ⏳ 4.53s between batches...
2025-07-16 05:17:45,561 - INFO - Processing batch 224 to 225
2025-07-16 05:17:47,680 - INFO - ⏳ Waiting 2.48s for user emulation...
2025-07-16 05:17:51,674 - INFO - ⏳ Waiting 4.05s for user emulation...
2025-07-16 05:18:05,075 - ERROR - ❌ Main content not found at https://thuvienphapluat.vn/van-ban/Lao-dong-Tien-luong/Quyet-dinh-640-QD-BNV-2025-cong-bo-thu-tuc-hanh-chinh-linh-vuc-quan-ly-lao-dong-ngoai-nuoc-661918.aspx - saved image error download_bomayhanhchinh/error_file_975.6751569570722_new1.png
2025-07-16 05:18:05,140 - INFO - ⏳ 3.95s between batches...
2025-07-16 05:18:09,094 - INFO - Processing batch 225 to 226
2025-07-16 05:18:11,232 - INFO - ⏳ Waiting 2.08s for user emulation...
2025-07-16 05:18:14,838 - INFO - ⏳ Waiting 5.88s for user emulation...
2025-07-16 05:18:29,641 - ERROR - ❌ Main content not found at https://thuvienphapluat.vn/van-ban/Bo-may-hanh-chinh/Quyet-dinh-1650-QD-BGDDT-2025-cong-bo-thu-tuc-hanh-chinh-sua-doi-thuoc-quan-ly-cua-Bo-Giao-duc-662037.aspx - saved image error download_bomayhanhchinh/error_file_623.6041778599772_new1.png
2025-07-16 05:18:29,705 - INFO - ⏳ 3.30s between batches...
2025-07-16 05:18:33,005 - INFO - Processing batch 226 to 227
2025-07-16 05:18:34,939 - INFO - ⏳ Waiting 2.20s for user emulation...
2025-07-16 05:18:38,539 - INFO - ⏳ Waiting 3.63s for user emulation...
2025-07-16 05:18:51,940 - ERROR - ❌ Main content not found at https://thuvienphapluat.vn/van-ban/Bo-may-hanh-chinh/Quyet-dinh-949-QD-UBND-2025-cong-bo-dich-vu-cong-truc-tuyen-toan-trinh-So-Khoa-hoc-Quang-Ngai-662221.aspx - saved image error download_bomayhanhchinh/error_file_692.4918294402545_new1.png
2025-07-16 05:18:52,005 - INFO - ⏳ 4.73s between batches...
2025-07-16 05:18:56,735 - INFO - Processing batch 227 to 228
2025-07-16 05:18:58,702 - INFO - ⏳ Waiting 2.04s for user emulation...
2025-07-16 05:19:02,241 - INFO - ⏳ Waiting 4.98s for user emulation...
2025-07-16 05:19:16,560 - ERROR - ❌ Main content not found at https://thuvienphapluat.vn/van-ban/Bo-may-hanh-chinh/Quyet-dinh-5732-QD-KBNN-2025-nhiem-vu-quyen-han-Kho-bac-Nha-nuoc-khu-vuc-663621.aspx - saved image error download_bomayhanhchinh/error_file_893.2274399060965_new1.png
2025-07-16 05:19:16,625 - INFO - ⏳ 3.37s between batches...
2025-07-16 05:19:19,993 - INFO - Processing batch 228 to 229
2025-07-16 05:19:22,025 - INFO - ⏳ Waiting 3.72s for user emulation...
2025-07-16 05:19:27,263 - INFO - ⏳ Waiting 4.40s for user emulation...
2025-07-16 05:19:41,038 - ERROR - ❌ Main content not found at https://thuvienphapluat.vn/van-ban/Bo-may-hanh-chinh/Quyet-dinh-5756-QD-KBNN-2025-tru-so-cua-phong-giao-dich-thuoc-Kho-bac-Nha-nuoc-khu-vuc-II-663618.aspx - saved image error download_bomayhanhchinh/error_file_432.21810518936365_new1.png
2025-07-16 05:19:41,102 - INFO - ⏳ 3.90s between batches...
2025-07-16 05:19:44,999 - INFO - Processing batch 229 to 230
2025-07-16 05:19:46,763 - INFO - ⏳ Waiting 3.09s for user emulation...
2025-07-16 05:19:51,389 - INFO - ⏳ Waiting 5.49s for user emulation...
2025-07-16 05:20:06,053 - ERROR - ❌ Main content not found at https://thuvienphapluat.vn/van-ban/Bat-dong-san/Thong-tu-23-2025-TT-BNNMT-phan-cap-phan-dinh-tham-quyen-quan-ly-Nha-nuoc-linh-vuc-dat-dai-662243.aspx - saved image error download_bomayhanhchinh/error_file_351.2660103401861_new1.png
2025-07-16 05:20:06,118 - INFO - ⏳ 3.78s between batches...
2025-07-16 05:20:09,898 - INFO - Processing batch 230 to 231
2025-07-16 05:20:11,799 - INFO - ⏳ Waiting 3.92s for user emulation...
2025-07-16 05:20:17,275 - INFO - ⏳ Waiting 4.38s for user emulation...
2025-07-16 05:20:30,537 - ERROR - ❌ Main content not found at https://thuvienphapluat.vn/van-ban/Bo-may-hanh-chinh/Quyet-dinh-5763-QD-KBNN-2025-so-luong-phong-tham-muu-phong-giao-dich-Kho-bac-khu-vuc-IX-663632.aspx - saved image error download_bomayhanhchinh/error_file_369.37752796742086_new1.png
2025-07-16 05:20:30,602 - INFO - ⏳ 4.15s between batches...
2025-07-16 05:20:34,757 - INFO - Processing batch 231 to 232
2025-07-16 05:20:36,867 - INFO - ⏳ Waiting 3.84s for user emulation...
2025-07-16 05:20:42,219 - INFO - ⏳ Waiting 3.53s for user emulation...
2025-07-16 05:20:55,069 - ERROR - ❌ Main content not found at https://thuvienphapluat.vn/van-ban/Bo-may-hanh-chinh/Quyet-dinh-5762-QD-KBNN-2025-tru-so-Phong-giao-dich-thuoc-Kho-bac-Nha-nuoc-khu-vuc-VIII-663631.aspx - saved image error download_bomayhanhchinh/error_file_413.1290897373492_new1.png
2025-07-16 05:20:55,133 - INFO - ⏳ 3.69s between batches...
2025-07-16 05:20:58,820 - INFO - Processing batch 232 to 233
2025-07-16 05:21:00,492 - INFO - ⏳ Waiting 2.66s for user emulation...
2025-07-16 05:21:05,127 - INFO - ⏳ Waiting 5.69s for user emulation...
2025-07-16 05:21:20,135 - ERROR - ❌ Main content not found at https://thuvienphapluat.vn/van-ban/Bo-may-hanh-chinh/Quyet-dinh-5764-QD-KBNN-2025-tru-so-Phong-giao-dich-thuoc-Kho-bac-Nha-nuoc-khu-vuc-X-663633.aspx - saved image error download_bomayhanhchinh/error_file_588.9881780821672_new1.png
2025-07-16 05:21:20,200 - INFO - ⏳ 4.45s between batches...
2025-07-16 05:21:24,647 - INFO - Processing batch 233 to 234
2025-07-16 05:21:26,645 - INFO - ⏳ Waiting 3.16s for user emulation...
2025-07-16 05:21:31,269 - INFO - ⏳ Waiting 5.10s for user emulation...
2025-07-16 05:21:45,300 - ERROR - ❌ Main content not found at https://thuvienphapluat.vn/van-ban/Bo-may-hanh-chinh/Quyet-dinh-5761-QD-KBNN-2025-tru-so-Phong-giao-dich-thuoc-Kho-bac-Nha-nuoc-khu-vuc-VII-663630.aspx - saved image error download_bomayhanhchinh/error_file_1078.952080635771_new1.png
2025-07-16 05:21:45,365 - INFO - ⏳ 4.49s between batches...
2025-07-16 05:21:49,856 - INFO - Processing batch 234 to 235
2025-07-16 05:21:51,890 - INFO - ⏳ Waiting 2.26s for user emulation...
2025-07-16 05:21:55,619 - INFO - ⏳ Waiting 3.92s for user emulation...
2025-07-16 05:22:08,832 - ERROR - ❌ Main content not found at https://thuvienphapluat.vn/van-ban/Bo-may-hanh-chinh/Quyet-dinh-5759-QD-KBNN-2025-so-luong-phong-tham-muu-Phong-giao-dich-Kho-bac-khu-vuc-V-663624.aspx - saved image error download_bomayhanhchinh/error_file_663.1178078386625_new1.png
2025-07-16 05:22:08,896 - INFO - ⏳ 3.22s between batches...
2025-07-16 05:22:12,112 - INFO - Processing batch 235 to 236
2025-07-16 05:22:14,354 - INFO - ⏳ Waiting 2.79s for user emulation...
2025-07-16 05:22:18,625 - INFO - ⏳ Waiting 4.57s for user emulation...
2025-07-16 05:22:32,815 - ERROR - ❌ Main content not found at https://thuvienphapluat.vn/van-ban/Bo-may-hanh-chinh/Quyet-dinh-5758-QD-KBNN-2025-tru-so-Phong-giao-dich-thuoc-Kho-bac-Nha-nuoc-khu-vuc-IV-663623.aspx - saved image error download_bomayhanhchinh/error_file_595.187708253532_new1.png
2025-07-16 05:22:32,880 - INFO - ⏳ 3.61s between batches...
2025-07-16 05:22:36,495 - INFO - Processing batch 236 to 237
2025-07-16 05:22:38,347 - INFO - ⏳ Waiting 2.74s for user emulation...
2025-07-16 05:22:42,621 - INFO - ⏳ Waiting 3.65s for user emulation...
2025-07-16 05:22:55,948 - ERROR - ❌ Main content not found at https://thuvienphapluat.vn/van-ban/Bo-may-hanh-chinh/Quyet-dinh-5757-QD-KBNN-2025-so-luong-phong-tham-muu-phong-giao-dich-Kho-bac-khu-vuc-III-663622.aspx - saved image error download_bomayhanhchinh/error_file_885.9490174853363_new1.png
2025-07-16 05:22:56,013 - INFO - ⏳ 3.57s between batches...
2025-07-16 05:22:59,586 - INFO - Processing batch 237 to 238
2025-07-16 05:23:01,537 - INFO - ⏳ Waiting 3.44s for user emulation...
2025-07-16 05:23:06,450 - INFO - ⏳ Waiting 3.62s for user emulation...
2025-07-16 05:23:19,812 - ERROR - ❌ Main content not found at https://thuvienphapluat.vn/van-ban/Bo-may-hanh-chinh/Quyet-dinh-5760-QD-KBNN-2025-tru-so-phong-giao-dich-thuoc-Kho-bac-Nha-nuoc-khu-vuc-VI-663625.aspx - saved image error download_bomayhanhchinh/error_file_1130.3157065877137_new1.png
2025-07-16 05:23:19,877 - INFO - ⏳ 3.90s between batches...
2025-07-16 05:23:23,773 - INFO - Processing batch 238 to 239
2025-07-16 05:23:25,490 - INFO - ⏳ Waiting 2.95s for user emulation...
2025-07-16 05:23:29,915 - INFO - ⏳ Waiting 6.00s for user emulation...
2025-07-16 05:23:45,278 - ERROR - ❌ Main content not found at https://thuvienphapluat.vn/van-ban/Bo-may-hanh-chinh/Quyet-dinh-5755-QD-KBNN-2025-tru-so-Phong-giao-dich-thuoc-Kho-bac-Nha-nuoc-khu-vuc-I-663629.aspx - saved image error download_bomayhanhchinh/error_file_1038.1093659744447_new1.png
2025-07-16 05:23:45,343 - INFO - ⏳ 3.56s between batches...
2025-07-16 05:23:48,901 - INFO - Processing batch 239 to 240
2025-07-16 05:23:50,857 - INFO - ⏳ Waiting 2.26s for user emulation...
2025-07-16 05:23:54,612 - INFO - ⏳ Waiting 3.20s for user emulation...
2025-07-16 05:24:07,262 - ERROR - ❌ Main content not found at https://thuvienphapluat.vn/van-ban/Bo-may-hanh-chinh/%e2%80%8bNghi-quyet-10-2025-NQ-HDND-bai-bo-Nghi-quyet-13-2024-NQ-HDND-Binh-Duong-662353.aspx - saved image error download_bomayhanhchinh/error_file_1177.4423798372281_new1.png
2025-07-16 05:24:07,327 - INFO - ⏳ 4.04s between batches...
2025-07-16 05:24:11,365 - INFO - Processing batch 240 to 241
2025-07-16 05:24:13,384 - INFO - ⏳ Waiting 3.05s for user emulation...
2025-07-16 05:24:18,034 - INFO - ⏳ Waiting 4.03s for user emulation...
2025-07-16 05:24:31,793 - ERROR - ❌ Main content not found at https://thuvienphapluat.vn/van-ban/Bo-may-hanh-chinh/Quyet-dinh-627-QD-BNV-2025-cong-bo-thu-tuc-hanh-chinh-sua-doi-linh-vuc-quan-ly-hoi-quy-661911.aspx - saved image error download_bomayhanhchinh/error_file_566.5695488694154_new1.png
2025-07-16 05:24:31,858 - INFO - ⏳ 4.10s between batches...
2025-07-16 05:24:35,953 - INFO - Processing batch 241 to 242
2025-07-16 05:24:37,971 - INFO - ⏳ Waiting 2.41s for user emulation...
2025-07-16 05:24:41,895 - INFO - ⏳ Waiting 3.96s for user emulation...
2025-07-16 05:24:54,926 - ERROR - ❌ Main content not found at https://thuvienphapluat.vn/van-ban/Bo-may-hanh-chinh/Quyet-dinh-79-2025-QD-UBND-bai-bo-toan-bo-cac-Quyet-dinh-cua-Uy-ban-tinh-Vinh-Long-663016.aspx - saved image error download_bomayhanhchinh/error_file_918.5510150878333_new1.png
2025-07-16 05:24:54,991 - INFO - ⏳ 4.12s between batches...
2025-07-16 05:24:59,114 - INFO - Processing batch 242 to 243
2025-07-16 05:25:01,093 - INFO - ⏳ Waiting 3.92s for user emulation...
2025-07-16 05:25:06,539 - INFO - ⏳ Waiting 3.39s for user emulation...
2025-07-16 05:25:19,708 - ERROR - ❌ Main content not found at https://thuvienphapluat.vn/van-ban/Bo-may-hanh-chinh/Quyet-dinh-30-2025-QD-UBND-bai-bo-Quyet-dinh-43-2023-QD-UBND-Binh-Duong%e2%80%8b-662689.aspx - saved image error download_bomayhanhchinh/error_file_694.4781704127356_new1.png
2025-07-16 05:25:19,774 - INFO - ⏳ 3.77s between batches...
2025-07-16 05:25:23,547 - INFO - Processing batch 243 to 244
2025-07-16 05:25:25,299 - INFO - ⏳ Waiting 2.12s for user emulation...
2025-07-16 05:25:29,088 - INFO - ⏳ Waiting 5.03s for user emulation...
2025-07-16 05:25:43,561 - ERROR - ❌ Main content not found at https://thuvienphapluat.vn/van-ban/Bo-may-hanh-chinh/Quyet-dinh-61-2025-QD-UBND-bai-bo-Quyet-dinh-16-2015-QD-UBND-Hau-Giang-663397.aspx - saved image error download_bomayhanhchinh/error_file_1099.1256022123885_new1.png
2025-07-16 05:25:43,625 - INFO - ⏳ 4.52s between batches...
2025-07-16 05:25:48,143 - INFO - Processing batch 244 to 245
2025-07-16 05:25:50,295 - INFO - ⏳ Waiting 3.05s for user emulation...
2025-07-16 05:25:55,010 - INFO - ⏳ Waiting 4.88s for user emulation...
2025-07-16 05:26:00,684 - INFO - Saved txt: download_bomayhanhchinh/new1_Quyet-dinh-60-2025-QD-UBND-bai-bo-Quyet-dinh-15-2022-QD-UBND-Hau-Giang-663401.txt
2025-07-16 05:26:00,751 - INFO - ⏳ 4.02s between batches...
2025-07-16 05:26:04,773 - INFO - Processing batch 245 to 246
2025-07-16 05:26:06,801 - INFO - ⏳ Waiting 2.63s for user emulation...
2025-07-16 05:26:11,381 - INFO - ⏳ Waiting 5.04s for user emulation...
2025-07-16 05:26:17,849 - INFO - Saved txt: download_bomayhanhchinh/new1_Quyet-dinh-639-QD-BNV-2025-cong-bo-thu-tuc-hanh-chinh-linh-vuc-nguoi-co-cong-661917.txt
2025-07-16 05:26:17,916 - INFO - ⏳ 4.38s between batches...
2025-07-16 05:26:22,301 - INFO - Processing batch 246 to 247
2025-07-16 05:26:24,460 - INFO - ⏳ Waiting 2.06s for user emulation...
2025-07-16 05:26:27,978 - INFO - ⏳ Waiting 4.05s for user emulation...
2025-07-16 05:26:33,454 - INFO - Saved txt: download_bomayhanhchinh/new1_Quyet-dinh-38-2025-QD-UBND-bai-bo-cac-Quyet-dinh-cua-Uy-ban-nhan-dan-Dong-Thap-663014.txt
2025-07-16 05:26:33,525 - INFO - ⏳ 3.83s between batches...
2025-07-16 05:26:37,359 - INFO - Processing batch 247 to 248
2025-07-16 05:26:39,315 - INFO - ⏳ Waiting 2.72s for user emulation...
2025-07-16 05:26:43,977 - INFO - ⏳ Waiting 4.78s for user emulation...
2025-07-16 05:26:50,285 - INFO - Saved txt: download_bomayhanhchinh/new1_Quyet-dinh-1649-QD-BGDDT-2025-cong-bo-thu-tuc-hanh-chinh-sua-doi-giao-duc-dao-tao-nuoc-ngoai-662036.txt
2025-07-16 05:26:50,350 - INFO - ⏳ 4.63s between batches...
2025-07-16 05:26:54,976 - INFO - Processing batch 248 to 249
2025-07-16 05:26:56,942 - INFO - ⏳ Waiting 3.04s for user emulation...
2025-07-16 05:27:01,854 - INFO - ⏳ Waiting 5.98s for user emulation...
2025-07-16 05:27:09,096 - INFO - Saved txt: download_bomayhanhchinh/new1_Thong-tu-46-2025-TT-BTC-sua-doi-cac-Thong-tu-linh-vuc-ke-toan-kiem-toan-de-day-manh-phan-cap-phan-quyen-662484.txt
2025-07-16 05:27:09,162 - INFO - ⏳ 4.47s between batches...
2025-07-16 05:27:13,629 - INFO - Processing batch 249 to 250
2025-07-16 05:27:15,592 - INFO - ⏳ Waiting 3.99s for user emulation...
2025-07-16 05:27:21,237 - INFO - ⏳ Waiting 4.45s for user emulation...
2025-07-16 05:27:26,741 - INFO - Saved txt: download_bomayhanhchinh/new1_Quyet-dinh-35-2025-QD-UBND-bai-bo-Quyet-dinh-11-2018-QD-UBND-bao-ve-moi-truong-Ha-Tinh-662520.txt
2025-07-16 05:27:26,806 - INFO - ⏳ 4.41s between batches...
2025-07-16 05:27:31,213 - INFO - Processing batch 250 to 251
2025-07-16 05:27:33,228 - INFO - ⏳ Waiting 3.33s for user emulation...
2025-07-16 05:27:38,167 - INFO - ⏳ Waiting 5.22s for user emulation...
2025-07-16 05:27:44,025 - INFO - Saved txt: download_bomayhanhchinh/new1_Nghi-quyet-50-2025-NQ-HDND-sua-doi-Dieu-1-Nghi-quyet-43-2024-NQ-HDND-Yen-Bai-662519.txt
2025-07-16 05:27:44,091 - INFO - ⏳ 3.56s between batches...
2025-07-16 05:27:47,651 - INFO - Processing batch 251 to 252
2025-07-16 05:27:49,621 - INFO - ⏳ Waiting 2.73s for user emulation...
2025-07-16 05:27:54,183 - INFO - ⏳ Waiting 3.50s for user emulation...
2025-07-16 05:27:59,122 - INFO - Saved txt: download_bomayhanhchinh/new1_Quyet-dinh-16-2025-QD-UBND-bai-bo-Quyet-dinh-11-2017-QD-UBND-Thai-Nguyen-662394.txt
2025-07-16 05:27:59,188 - INFO - ⏳ 4.06s between batches...
2025-07-16 05:28:03,252 - INFO - Processing batch 252 to 253
2025-07-16 05:28:05,443 - INFO - ⏳ Waiting 2.80s for user emulation...
2025-07-16 05:28:09,747 - INFO - ⏳ Waiting 3.18s for user emulation...
2025-07-16 05:28:13,734 - INFO - Saved txt: download_bomayhanhchinh/new1_Quyet-dinh-1645-QD-BGDDT-2025-Danh-muc-co-so-du-lieu-dung-chung-cua-Bo-Giao-duc-661991.txt
2025-07-16 05:28:13,799 - INFO - ⏳ 4.92s between batches...
2025-07-16 05:28:18,721 - INFO - Processing batch 253 to 254
2025-07-16 05:28:20,782 - INFO - ⏳ Waiting 2.07s for user emulation...
2025-07-16 05:28:24,909 - INFO - ⏳ Waiting 4.35s for user emulation...
2025-07-16 05:28:30,334 - INFO - Saved txt: download_bomayhanhchinh/new1_Quyet-dinh-1647-QD-BGDDT-2025-Chuong-trinh-hanh-dong-thuc-hien-Nghi-quyet-66-NQ-TW-140-NQ-CP-661990.txt
2025-07-16 05:28:30,399 - INFO - ⏳ 4.63s between batches...
2025-07-16 05:28:35,026 - INFO - Processing batch 254 to 255
2025-07-16 05:28:37,109 - INFO - ⏳ Waiting 2.74s for user emulation...
2025-07-16 05:28:41,522 - INFO - ⏳ Waiting 5.67s for user emulation...
2025-07-16 05:28:48,658 - INFO - Saved txt: download_bomayhanhchinh/new1_Quyet-dinh-512-QD-UBND-2025-Quy-trinh-thu-tuc-hanh-chinh-linh-vuc-dau-thau-So-Tai-chinh-Kon-Tum-661827.txt
2025-07-16 05:28:48,726 - INFO - ⏳ 3.76s between batches...
2025-07-16 05:28:52,485 - INFO - Processing batch 255 to 256
2025-07-16 05:28:54,546 - INFO - ⏳ Waiting 2.97s for user emulation...
2025-07-16 05:28:59,196 - INFO - ⏳ Waiting 5.00s for user emulation...
2025-07-16 05:29:05,276 - INFO - Saved txt: download_bomayhanhchinh/new1_Quyet-dinh-1286-QD-UBND-2025-cong-bo-thu-tuc-hanh-chinh-Nong-nghiep-Moi-truong-Uy-ban-xa-Bac-Lieu-661826.txt
2025-07-16 05:29:05,343 - INFO - ⏳ 4.84s between batches...
2025-07-16 05:29:10,187 - INFO - Processing batch 256 to 257
2025-07-16 05:29:12,310 - INFO - ⏳ Waiting 3.94s for user emulation...
2025-07-16 05:29:18,116 - INFO - ⏳ Waiting 5.95s for user emulation...
2025-07-16 05:29:24,885 - INFO - Saved txt: download_bomayhanhchinh/new1_Thong-tu-38-2025-TT-BCT-sua-doi-quy-dinh-ve-phan-cap-thuc-hien-thu-tuc-hanh-chinh-662076.txt
2025-07-16 05:29:24,953 - INFO - ⏳ 3.56s between batches...
2025-07-16 05:29:28,517 - INFO - Processing batch 257 to 258
2025-07-16 05:29:30,327 - INFO - ⏳ Waiting 3.58s for user emulation...
2025-07-16 05:29:35,634 - INFO - ⏳ Waiting 3.68s for user emulation...
2025-07-16 05:29:40,672 - INFO - Saved txt: download_bomayhanhchinh/new1_Thong-tu-18-2025-TT-BNNMT-phan-quyen-quan-ly-Nha-nuoc-trong-linh-vuc-de-dieu-662385.txt
2025-07-16 05:29:40,738 - INFO - ⏳ 3.38s between batches...
2025-07-16 05:29:44,119 - INFO - Processing batch 258 to 259
2025-07-16 05:29:46,063 - INFO - ⏳ Waiting 2.90s for user emulation...
2025-07-16 05:29:50,631 - INFO - ⏳ Waiting 5.77s for user emulation...
2025-07-16 05:29:57,393 - INFO - Saved txt: download_bomayhanhchinh/new1_Quyet-dinh-1913-QD-UBND-2025-sap-xep-tai-san-don-vi-hanh-chinh-cap-xa-khi-sap-nhap-dia-phuong-Hai-Phong-662008.txt
2025-07-16 05:29:57,458 - INFO - ⏳ 4.67s between batches...
2025-07-16 05:30:02,128 - INFO - Processing batch 259 to 260
2025-07-16 05:30:04,007 - INFO - ⏳ Waiting 3.95s for user emulation...
2025-07-16 05:30:09,597 - INFO - ⏳ Waiting 5.94s for user emulation...
2025-07-16 05:30:16,297 - INFO - Saved txt: download_bomayhanhchinh/new1_Quyet-dinh-40-2025-QD-UBND-bai-bo-Quyet-dinh-14-2017-QD-UBND-Hai-Phong-661933.txt
2025-07-16 05:30:16,362 - INFO - ⏳ 4.34s between batches...
2025-07-16 05:30:20,698 - INFO - Processing batch 260 to 261
2025-07-16 05:30:22,514 - INFO - ⏳ Waiting 3.86s for user emulation...
2025-07-16 05:30:27,934 - INFO - ⏳ Waiting 5.09s for user emulation...
2025-07-16 05:30:34,489 - INFO - Saved txt: download_bomayhanhchinh/new1_Quyet-dinh-3090-QD-UBND-2025-bai-bo-Quyet-dinh-81-2008-QD-UBND-Ho-Chi-Minh-661828.txt
2025-07-16 05:30:34,556 - INFO - ⏳ 4.49s between batches...
2025-07-16 05:30:39,044 - INFO - Processing batch 261 to 262
2025-07-16 05:30:41,007 - INFO - ⏳ Waiting 2.39s for user emulation...
2025-07-16 05:30:45,082 - INFO - ⏳ Waiting 5.87s for user emulation...
2025-07-16 05:30:51,538 - INFO - Saved txt: download_bomayhanhchinh/new1_Quyet-dinh-1996-QD-UBND-2025-Danh-muc-dich-vu-cong-truc-tuyen-toan-trinh-So-Tai-chinh-Thanh-Hoa-661825.txt
2025-07-16 05:30:51,604 - INFO - ⏳ 4.92s between batches...
2025-07-16 05:30:56,527 - INFO - Processing batch 262 to 263
2025-07-16 05:30:58,452 - INFO - ⏳ Waiting 3.72s for user emulation...
2025-07-16 05:31:03,827 - INFO - ⏳ Waiting 3.14s for user emulation...
2025-07-16 05:31:07,924 - INFO - Saved txt: download_bomayhanhchinh/new1_Thong-tu-13-2025-TT-BNNMT-phan-dinh-tham-quyen-quan-ly-linh-vuc-phat-trien-nong-thon-662237.txt
2025-07-16 05:31:07,992 - INFO - ⏳ 4.13s between batches...
2025-07-16 05:31:12,124 - INFO - Processing batch 263 to 264
2025-07-16 05:31:14,118 - INFO - ⏳ Waiting 3.40s for user emulation...
2025-07-16 05:31:19,211 - INFO - ⏳ Waiting 3.87s for user emulation...
2025-07-16 05:31:24,125 - INFO - Saved txt: download_bomayhanhchinh/new1_Thong-tu-17-2025-TT-BNNMT-phan-cap-quan-ly-nha-nuoc-quan-ly-chat-luong-nong-lam-san-thuy-san-662241.txt
2025-07-16 05:31:24,191 - INFO - ⏳ 4.26s between batches...
2025-07-16 05:31:28,451 - INFO - Processing batch 264 to 265
2025-07-16 05:31:30,482 - INFO - ⏳ Waiting 2.15s for user emulation...
2025-07-16 05:31:34,719 - INFO - ⏳ Waiting 4.50s for user emulation...
2025-07-16 05:31:40,546 - INFO - Saved txt: download_bomayhanhchinh/new1_Thong-tu-11-2025-TT-BNNMT-phan-quyen-quan-ly-nha-nuoc-trong-linh-vuc-bao-ton-thien-nhien-662510.txt
2025-07-16 05:31:40,612 - INFO - ⏳ 3.52s between batches...
2025-07-16 05:31:44,128 - INFO - Processing batch 265 to 266
2025-07-16 05:31:46,164 - INFO - ⏳ Waiting 2.08s for user emulation...
2025-07-16 05:31:49,899 - INFO - ⏳ Waiting 5.41s for user emulation...
2025-07-16 05:31:56,569 - INFO - Saved txt: download_bomayhanhchinh/new1_Thong-tu-15-2025-TT-BNNMT-phan-quyen-phan-cap-phan-dinh-tham-quyen-linh-vuc-bien-va-hai-dao-662238.txt
2025-07-16 05:31:56,634 - INFO - ⏳ 3.31s between batches...
2025-07-16 05:31:59,940 - INFO - Processing batch 266 to 267
2025-07-16 05:32:02,057 - INFO - ⏳ Waiting 3.38s for user emulation...
2025-07-16 05:32:07,481 - INFO - ⏳ Waiting 5.85s for user emulation...
2025-07-16 05:32:14,869 - INFO - Saved txt: download_bomayhanhchinh/new1_Thong-tu-19-2025-TT-BNNMT-chuc-nang-co-quan-chuyen-mon-Nong-nghiep-Moi-truong-thuoc-Uy-ban-tinh-662421.txt
2025-07-16 05:32:14,935 - INFO - ⏳ 3.82s between batches...
2025-07-16 05:32:18,754 - INFO - Processing batch 267 to 268
2025-07-16 05:32:20,717 - INFO - ⏳ Waiting 3.47s for user emulation...
2025-07-16 05:32:26,001 - INFO - ⏳ Waiting 5.65s for user emulation...
2025-07-16 05:32:32,596 - INFO - Saved txt: download_bomayhanhchinh/new1_Thong-tu-14-2025-TT-BNNMT-phan-quyen-phan-cap-trong-linh-vuc-tai-nguyen-nuoc-662384.txt
2025-07-16 05:32:32,661 - INFO - ⏳ 4.58s between batches...
2025-07-16 05:32:37,239 - INFO - Processing batch 268 to 269
2025-07-16 05:32:39,176 - INFO - ⏳ Waiting 3.93s for user emulation...
2025-07-16 05:32:44,854 - INFO - ⏳ Waiting 4.09s for user emulation...
2025-07-16 05:32:50,463 - INFO - Saved txt: download_bomayhanhchinh/new1_Thong-tu-22-2025-TT-BNNMT-sua-doi-Thong-tu-quy-dinh-che-do-bao-cao-dinh-ky-662560.txt
2025-07-16 05:32:50,529 - INFO - ⏳ 3.08s between batches...
2025-07-16 05:32:53,609 - INFO - Processing batch 269 to 270
2025-07-16 05:32:55,596 - INFO - ⏳ Waiting 3.06s for user emulation...
2025-07-16 05:33:00,331 - INFO - ⏳ Waiting 3.37s for user emulation...
2025-07-16 05:33:04,974 - INFO - Saved txt: download_bomayhanhchinh/new1_Quyet-dinh-872-QD-BXD-2025-cong-bo-thu-tuc-hanh-chinh-kinh-doanh-bat-dong-san-phan-quyen-662021.txt
2025-07-16 05:33:05,040 - INFO - ⏳ 4.16s between batches...
2025-07-16 05:33:09,205 - INFO - Processing batch 270 to 271
2025-07-16 05:33:10,986 - INFO - ⏳ Waiting 3.49s for user emulation...
2025-07-16 05:33:16,317 - INFO - ⏳ Waiting 4.79s for user emulation...
2025-07-16 05:33:21,747 - INFO - Saved txt: download_bomayhanhchinh/new1_Quyet-dinh-864-QD-BXD-2025-thu-tuc-hanh-chinh-linh-vuc-hoat-dong-xay-dung-theo-phan-quyen-662005.txt
2025-07-16 05:33:21,812 - INFO - ⏳ 3.63s between batches...
2025-07-16 05:33:25,438 - INFO - Processing batch 271 to 272
2025-07-16 05:33:27,095 - INFO - ⏳ Waiting 2.68s for user emulation...
2025-07-16 05:33:31,530 - INFO - ⏳ Waiting 3.16s for user emulation...
2025-07-16 05:33:36,160 - INFO - Saved txt: download_bomayhanhchinh/new1_Thong-tu-10-2025-TT-BVHTTDL-nhiem-vu-quyen-han-So-Van-hoa-thuoc-Uy-ban-tinh-662156.txt
2025-07-16 05:33:36,226 - INFO - ⏳ 4.09s between batches...
2025-07-16 05:33:40,314 - INFO - Processing batch 272 to 273
2025-07-16 05:33:42,277 - INFO - ⏳ Waiting 3.73s for user emulation...
2025-07-16 05:33:47,737 - INFO - ⏳ Waiting 4.94s for user emulation...
2025-07-16 05:33:53,961 - INFO - Saved txt: download_bomayhanhchinh/new1_Thong-tu-10-2025-TT-BNV-chuc-nang-nhiem-vu-quyen-han-So-Noi-vu-thuoc-Uy-ban-tinh-662134.txt
2025-07-16 05:33:54,029 - INFO - ⏳ 4.14s between batches...
2025-07-16 05:33:58,164 - INFO - Processing batch 273 to 274
2025-07-16 05:34:00,316 - INFO - ⏳ Waiting 3.08s for user emulation...
2025-07-16 05:34:05,559 - INFO - ⏳ Waiting 3.96s for user emulation...
2025-07-16 05:34:10,819 - INFO - Saved txt: download_bomayhanhchinh/new1_Quyet-dinh-870-QD-BXD-2025-cong-bo-thu-tuc-hanh-chinh-hang-hai-theo-quy-dinh-phan-quyen-661712.txt
2025-07-16 05:34:10,885 - INFO - ⏳ 3.44s between batches...
2025-07-16 05:34:14,324 - INFO - Processing batch 274 to 275
2025-07-16 05:34:16,400 - INFO - ⏳ Waiting 2.45s for user emulation...
2025-07-16 05:34:20,911 - INFO - ⏳ Waiting 5.76s for user emulation...
2025-07-16 05:34:28,229 - INFO - Saved txt: download_bomayhanhchinh/new1_Quyet-dinh-2069-QD-BVHTTDL-2025-cong-bo-thu-tuc-hanh-chinh-theo-quy-dinh-ve-phan-quyen-phan-cap-661713.txt
2025-07-16 05:34:28,295 - INFO - ⏳ 3.22s between batches...
2025-07-16 05:34:31,513 - INFO - Processing batch 275 to 276
2025-07-16 05:34:33,515 - INFO - ⏳ Waiting 3.39s for user emulation...
2025-07-16 05:34:38,515 - INFO - ⏳ Waiting 3.70s for user emulation...
2025-07-16 05:34:43,373 - INFO - Saved txt: download_bomayhanhchinh/new1_Quyet-dinh-57-2025-QD-UBND-bai-bo-Quyet-dinh-16-2015-QD-UBND-Long-An-662166.txt
2025-07-16 05:34:43,438 - INFO - ⏳ 3.74s between batches...
2025-07-16 05:34:47,178 - INFO - Processing batch 276 to 277
2025-07-16 05:34:48,769 - INFO - ⏳ Waiting 3.87s for user emulation...
2025-07-16 05:34:54,226 - INFO - ⏳ Waiting 3.56s for user emulation...
2025-07-16 05:34:58,883 - INFO - Saved txt: download_bomayhanhchinh/new1_Quyet-dinh-60-2025-QD-UBND-bai-bo-Quyet-dinh-18-2015-QD-UBND-An-Giang-662092.txt
2025-07-16 05:34:58,949 - INFO - ⏳ 3.96s between batches...
2025-07-16 05:35:02,912 - INFO - Processing batch 277 to 278
2025-07-16 05:35:04,884 - INFO - ⏳ Waiting 2.54s for user emulation...
2025-07-16 05:35:09,005 - INFO - ⏳ Waiting 3.93s for user emulation...
2025-07-16 05:35:14,090 - INFO - Saved txt: download_bomayhanhchinh/new1_Quyet-dinh-50-2025-QD-UBND-bai-bo-Quyet-dinh-10-2010-QD-UBND-Ha-Nam-662165.txt
2025-07-16 05:35:14,156 - INFO - ⏳ 4.19s between batches...
2025-07-16 05:35:18,346 - INFO - Processing batch 278 to 279
2025-07-16 05:35:20,052 - INFO - ⏳ Waiting 2.36s for user emulation...
2025-07-16 05:35:24,235 - INFO - ⏳ Waiting 5.38s for user emulation...
2025-07-16 05:35:30,942 - INFO - Saved txt: download_bomayhanhchinh/new1_Thong-tu-01-2025-TT-TTCP-thoi-han-luu-tru-ho-so-tai-lieu-nganh-Thanh-tra-663161.txt
2025-07-16 05:35:31,008 - INFO - ⏳ 3.38s between batches...
2025-07-16 05:35:34,386 - INFO - Processing batch 279 to 280
2025-07-16 05:35:36,451 - INFO - ⏳ Waiting 3.21s for user emulation...
2025-07-16 05:35:41,342 - INFO - ⏳ Waiting 5.69s for user emulation...
2025-07-16 05:35:47,713 - INFO - Saved txt: download_bomayhanhchinh/new1_Quyet-dinh-261-QD-VP-2025-cong-bo-thu-tuc-hanh-chinh-truc-tuyen-toan-trinh-So-Van-hoa-Tuyen-Quang-661323.txt
2025-07-16 05:35:47,778 - INFO - ⏳ 4.37s between batches...
2025-07-16 05:35:52,146 - INFO - Processing batch 280 to 281
2025-07-16 05:35:53,904 - INFO - ⏳ Waiting 3.13s for user emulation...
2025-07-16 05:35:58,720 - INFO - ⏳ Waiting 3.37s for user emulation...
2025-07-16 05:36:03,111 - INFO - Saved txt: download_bomayhanhchinh/new1_Quyet-dinh-2056-QD-UBND-2025-quy-trinh-dich-vu-cong-truc-tuyen-Thua-phat-lai-Uy-ban-tinh-Quang-Binh-661630.txt
2025-07-16 05:36:03,176 - INFO - ⏳ 4.18s between batches...
2025-07-16 05:36:07,355 - INFO - Processing batch 281 to 282
2025-07-16 05:36:09,357 - INFO - ⏳ Waiting 2.83s for user emulation...
2025-07-16 05:36:13,734 - INFO - ⏳ Waiting 3.62s for user emulation...
2025-07-16 05:36:18,766 - INFO - Saved txt: download_bomayhanhchinh/new1_Nghi-quyet-36-2025-NQ-HDND-bai-bo-Nghi-quyet-56-2023-NQ-HDND-he-so-dieu-chinh-gia-dat-Lai-Chau-662099.txt
2025-07-16 05:36:18,832 - INFO - ⏳ 3.85s between batches...
2025-07-16 05:36:22,678 - INFO - Processing batch 282 to 283
2025-07-16 05:36:24,601 - INFO - ⏳ Waiting 3.77s for user emulation...
2025-07-16 05:36:29,951 - INFO - ⏳ Waiting 4.40s for user emulation...
2025-07-16 05:36:34,993 - INFO - Saved txt: download_bomayhanhchinh/new1_Chi-thi-06-CT-UBND-2025-tap-trung-thuc-hien-cac-Nghi-dinh-ve-phan-cap-phan-quyen-Tuyen-Quang-661533.txt
2025-07-16 05:36:35,058 - INFO - ⏳ 3.28s between batches...
2025-07-16 05:36:38,340 - INFO - Processing batch 283 to 284
2025-07-16 05:36:40,328 - INFO - ⏳ Waiting 2.19s for user emulation...
2025-07-16 05:36:44,137 - INFO - ⏳ Waiting 5.85s for user emulation...
2025-07-16 05:36:51,442 - INFO - Saved txt: download_bomayhanhchinh/new1_Quyet-dinh-1977-QD-UBND-2025-Danh-muc-dich-vu-cong-truc-tuyen-toan-trinh-So-Khoa-hoc-Thanh-Hoa-661633.txt
2025-07-16 05:36:51,507 - INFO - ⏳ 3.38s between batches...
2025-07-16 05:36:54,887 - INFO - Processing batch 284 to 285
2025-07-16 05:36:56,841 - INFO - ⏳ Waiting 3.50s for user emulation...
2025-07-16 05:37:01,842 - INFO - ⏳ Waiting 5.48s for user emulation...
2025-07-16 05:37:08,180 - INFO - Saved txt: download_bomayhanhchinh/new1_Quyet-dinh-324-QD-TW-2025-thanh-lap-Dang-bo-thanh-pho-Can-Tho-662344.txt
2025-07-16 05:37:08,245 - INFO - ⏳ 3.90s between batches...
2025-07-16 05:37:12,147 - INFO - Processing batch 285 to 286
2025-07-16 05:37:14,067 - INFO - ⏳ Waiting 2.79s for user emulation...
2025-07-16 05:37:19,564 - INFO - ⏳ Waiting 4.33s for user emulation...
2025-07-16 05:37:25,270 - INFO - Saved txt: download_bomayhanhchinh/new1_Quyet-dinh-321-QD-TW-2025-thanh-lap-Dang-bo-Thanh-pho-Ho-Chi-Minh-662341.txt
2025-07-16 05:37:25,335 - INFO - ⏳ 3.60s between batches...
2025-07-16 05:37:28,936 - INFO - Processing batch 286 to 287
2025-07-16 05:37:30,868 - INFO - ⏳ Waiting 3.09s for user emulation...
2025-07-16 05:37:35,566 - INFO - ⏳ Waiting 4.24s for user emulation...
2025-07-16 05:37:40,967 - INFO - Saved txt: download_bomayhanhchinh/new1_Quyet-dinh-320-QD-TW-2025-thanh-lap-Dang-bo-tinh-Dak-Lak-662340.txt
2025-07-16 05:37:41,031 - INFO - ⏳ 4.49s between batches...
2025-07-16 05:37:45,521 - INFO - Processing batch 287 to 288
2025-07-16 05:37:47,437 - INFO - ⏳ Waiting 2.68s for user emulation...
2025-07-16 05:37:51,752 - INFO - ⏳ Waiting 4.77s for user emulation...
2025-07-16 05:37:57,239 - INFO - Saved txt: download_bomayhanhchinh/new1_Quyet-dinh-314-QD-TW-2025-thanh-lap-Dang-bo-tinh-Quang-Tri-662307.txt
2025-07-16 05:37:57,306 - INFO - ⏳ 3.84s between batches...
2025-07-16 05:38:01,144 - INFO - Processing batch 288 to 289
2025-07-16 05:38:03,234 - INFO - ⏳ Waiting 3.04s for user emulation...
2025-07-16 05:38:07,900 - INFO - ⏳ Waiting 3.70s for user emulation...
2025-07-16 05:38:12,191 - INFO - Saved txt: download_bomayhanhchinh/new1_Quyet-dinh-313-QD-TW-2025-thanh-lap-Dang-bo-tinh-Ninh-Binh-662306.txt
2025-07-16 05:38:12,256 - INFO - ⏳ 3.83s between batches...
2025-07-16 05:38:16,089 - INFO - Processing batch 289 to 290
2025-07-16 05:38:18,187 - INFO - ⏳ Waiting 2.98s for user emulation...
2025-07-16 05:38:22,806 - INFO - ⏳ Waiting 3.06s for user emulation...
2025-07-16 05:38:27,274 - INFO - Saved txt: download_bomayhanhchinh/new1_Quyet-dinh-312-QD-TW-2025-thanh-lap-Dang-bo-thanh-pho-Hai-Phong-662305.txt
2025-07-16 05:38:27,339 - INFO - ⏳ 3.67s between batches...
2025-07-16 05:38:31,005 - INFO - Processing batch 290 to 291
2025-07-16 05:38:33,072 - INFO - ⏳ Waiting 3.12s for user emulation...
2025-07-16 05:38:37,889 - INFO - ⏳ Waiting 3.89s for user emulation...
2025-07-16 05:38:42,730 - INFO - Saved txt: download_bomayhanhchinh/new1_Quyet-dinh-311-QD-TW-2025-thanh-lap-Dang-bo-tinh-Hung-Yen-662304.txt
2025-07-16 05:38:42,795 - INFO - ⏳ 4.95s between batches...
2025-07-16 05:38:47,748 - INFO - Processing batch 291 to 292
2025-07-16 05:38:49,899 - INFO - ⏳ Waiting 2.49s for user emulation...
2025-07-16 05:38:54,001 - INFO - ⏳ Waiting 4.91s for user emulation...
2025-07-16 05:38:59,935 - INFO - Saved txt: download_bomayhanhchinh/new1_Quyet-dinh-315-QD-TW-2025-thanh-lap-Dang-bo-thanh-pho-Da-Nang-662308.txt
2025-07-16 05:39:00,000 - INFO - ⏳ 3.21s between batches...
2025-07-16 05:39:03,213 - INFO - Processing batch 292 to 293
2025-07-16 05:39:05,087 - INFO - ⏳ Waiting 3.59s for user emulation...
2025-07-16 05:39:10,354 - INFO - ⏳ Waiting 4.11s for user emulation...
2025-07-16 05:39:15,298 - INFO - Saved txt: download_bomayhanhchinh/new1_Quyet-dinh-327-QD-TW-2025-thanh-lap-Dang-bo-Ca-Mau-662347.txt
2025-07-16 05:39:15,364 - INFO - ⏳ 4.15s between batches...
2025-07-16 05:39:19,516 - INFO - Processing batch 293 to 294
2025-07-16 05:39:21,597 - INFO - ⏳ Waiting 3.46s for user emulation...
2025-07-16 05:39:26,725 - INFO - ⏳ Waiting 3.55s for user emulation...
2025-07-16 05:39:31,628 - INFO - Saved txt: download_bomayhanhchinh/new1_Quyet-dinh-1971-QD-UBND-2025-don-gian-hoa-thu-tuc-hanh-chinh-Thi-dua-khen-thuong-So-Noi-vu-Thanh-Hoa-661632.txt
2025-07-16 05:39:31,695 - INFO - ⏳ 4.08s between batches...
2025-07-16 05:39:35,780 - INFO - Processing batch 294 to 295
2025-07-16 05:39:37,848 - INFO - ⏳ Waiting 3.08s for user emulation...
2025-07-16 05:39:42,548 - INFO - ⏳ Waiting 5.68s for user emulation...
2025-07-16 05:39:49,197 - INFO - Saved txt: download_bomayhanhchinh/new1_Quyet-dinh-48-2025-QD-UBND-bai-bo-Quyet-dinh-56-2023-QD-UBND-Phu-Yen-661839.txt
2025-07-16 05:39:49,265 - INFO - ⏳ 4.20s between batches...
2025-07-16 05:39:53,470 - INFO - Processing batch 295 to 296
2025-07-16 05:39:55,608 - INFO - ⏳ Waiting 3.10s for user emulation...
2025-07-16 05:40:00,343 - INFO - ⏳ Waiting 3.47s for user emulation...
2025-07-16 05:40:04,799 - INFO - Saved txt: download_bomayhanhchinh/new1_Quyet-dinh-49-2025-QD-UBND-bai-bo-cac-Quyet-dinh-cua-Uy-ban-tinh-Binh-Dinh-661642.txt
2025-07-16 05:40:04,864 - INFO - ⏳ 3.98s between batches...
2025-07-16 05:40:08,843 - INFO - Processing batch 296 to 297
2025-07-16 05:40:10,981 - INFO - ⏳ Waiting 2.78s for user emulation...
2025-07-16 05:40:15,717 - INFO - ⏳ Waiting 3.24s for user emulation...
2025-07-16 05:40:20,338 - INFO - Saved txt: download_bomayhanhchinh/new1_Thong-tu-09-2025-TT-BNV-phan-dinh-tham-quyen-quan-ly-nha-nuoc-linh-vuc-noi-vu-661850.txt
2025-07-16 05:40:20,404 - INFO - ⏳ 3.46s between batches...
2025-07-16 05:40:23,861 - INFO - Processing batch 297 to 298
2025-07-16 05:40:25,982 - INFO - ⏳ Waiting 2.77s for user emulation...
2025-07-16 05:40:30,399 - INFO - ⏳ Waiting 4.23s for user emulation...
2025-07-16 05:40:35,287 - INFO - Saved txt: download_bomayhanhchinh/new1_Nghi-quyet-38-2025-NQ-HDND-muc-thu-phi-thuc-hien-thu-tuc-hanh-chinh-thong-qua-dich-vu-cong-Lai-Chau-662163.txt
2025-07-16 05:40:35,353 - INFO - ⏳ 4.06s between batches...
2025-07-16 05:40:39,410 - INFO - Processing batch 298 to 299
2025-07-16 05:40:41,540 - INFO - ⏳ Waiting 3.18s for user emulation...
2025-07-16 05:40:46,358 - INFO - ⏳ Waiting 3.35s for user emulation...
2025-07-16 05:40:50,722 - INFO - Saved txt: download_bomayhanhchinh/new1_Quyet-dinh-1226-QD-UBND-2025-cong-bo-thu-tuc-hanh-chinh-linh-vuc-duoc-pham-So-Y-te-Dien-Bien-661636.txt
2025-07-16 05:40:50,787 - INFO - ⏳ 4.51s between batches...
2025-07-16 05:40:55,295 - INFO - Processing batch 299 to 300
2025-07-16 05:40:57,438 - INFO - ⏳ Waiting 3.39s for user emulation...
2025-07-16 05:41:02,691 - INFO - ⏳ Waiting 5.57s for user emulation...
2025-07-16 05:41:09,071 - INFO - Saved txt: download_bomayhanhchinh/new1_Quyet-dinh-1737-QD-BCT-2025-thuc-hien-Nghi-quyet-140-NQ-CP-doi-moi-cong-tac-thi-hanh-phap-luat-661641.txt
2025-07-16 05:41:09,136 - INFO - ⏳ 4.44s between batches...
2025-07-16 05:41:13,578 - INFO - Processing batch 300 to 301
2025-07-16 05:41:15,650 - INFO - ⏳ Waiting 2.64s for user emulation...
2025-07-16 05:41:19,857 - INFO - ⏳ Waiting 5.40s for user emulation...
2025-07-16 05:41:26,280 - INFO - Saved txt: download_bomayhanhchinh/new1_Quyet-dinh-1441-QD-UBND-2025-Quy-trinh-thu-tuc-hanh-chinh-Khoang-san-So-Cong-Thuong-Son-La-661436.txt
2025-07-16 05:41:26,345 - INFO - ⏳ 3.60s between batches...
2025-07-16 05:41:29,949 - INFO - Processing batch 301 to 302
2025-07-16 05:41:32,049 - INFO - ⏳ Waiting 2.72s for user emulation...
2025-07-16 05:41:36,457 - INFO - ⏳ Waiting 3.14s for user emulation...
2025-07-16 05:41:41,032 - INFO - Saved txt: download_bomayhanhchinh/new1_Quyet-dinh-331-QD-TW-2025-Quy-trinh-mau-thuc-hien-kiem-tra-co-quan-tham-muu-giup-viec-cap-uy-661807.txt
2025-07-16 05:41:41,098 - INFO - ⏳ 3.67s between batches...
2025-07-16 05:41:44,764 - INFO - Processing batch 302 to 303
2025-07-16 05:41:46,824 - INFO - ⏳ Waiting 2.26s for user emulation...
2025-07-16 05:41:50,700 - INFO - ⏳ Waiting 4.02s for user emulation...
2025-07-16 05:41:55,297 - INFO - Saved txt: download_bomayhanhchinh/new1_Quyet-dinh-57-2025-QD-UBND-chuc-nang-nhiem-vu-quyen-han-Ban-Thi-dua-Khen-thuong-Hau-Giang-662635.txt
2025-07-16 05:41:55,362 - INFO - ⏳ 3.16s between batches...
2025-07-16 05:41:58,522 - INFO - Processing batch 303 to 304
2025-07-16 05:42:00,658 - INFO - ⏳ Waiting 3.02s for user emulation...
2025-07-16 05:42:05,309 - INFO - ⏳ Waiting 4.57s for user emulation...
2025-07-16 05:42:10,704 - INFO - Saved txt: download_bomayhanhchinh/new1_Quyet-dinh-56-2025-QD-UBND-chuc-nang-nhiem-vu-quyen-han-Ban-Dan-toc-va-Ton-giao-Hau-Giang-662634.txt
2025-07-16 05:42:10,769 - INFO - ⏳ 4.06s between batches...
2025-07-16 05:42:14,827 - INFO - Processing batch 304 to 305
2025-07-16 05:42:16,597 - INFO - ⏳ Waiting 3.01s for user emulation...
2025-07-16 05:42:22,033 - INFO - ⏳ Waiting 3.56s for user emulation...
2025-07-16 05:42:26,475 - INFO - Saved txt: download_bomayhanhchinh/new1_Quyet-dinh-55-2025-QD-UBND-chuc-nang-nhiem-vu-quyen-han-Chi-cuc-Quan-ly-thi-truong-Hau-Giang-662633.txt
2025-07-16 05:42:26,540 - INFO - ⏳ 4.67s between batches...
2025-07-16 05:42:31,215 - INFO - Processing batch 305 to 306
2025-07-16 05:42:32,824 - INFO - ⏳ Waiting 3.50s for user emulation...
2025-07-16 05:42:37,924 - INFO - ⏳ Waiting 3.41s for user emulation...
2025-07-16 05:42:42,682 - INFO - Saved txt: download_bomayhanhchinh/new1_Quyet-dinh-328-QD-TW-2025-thanh-lap-Dang-bo-tinh-An-Giang-662348.txt
2025-07-16 05:42:42,748 - INFO - ⏳ 3.79s between batches...
2025-07-16 05:42:46,536 - INFO - Processing batch 306 to 307
2025-07-16 05:42:48,322 - INFO - ⏳ Waiting 2.68s for user emulation...
2025-07-16 05:42:52,624 - INFO - ⏳ Waiting 4.69s for user emulation...
2025-07-16 05:42:58,744 - INFO - Saved txt: download_bomayhanhchinh/new1_Quyet-dinh-322-QD-TW-2025-thanh-lap-Dang-bo-tinh-Dong-Nai-662342.txt
2025-07-16 05:42:58,809 - INFO - ⏳ 4.00s between batches...
2025-07-16 05:43:02,812 - INFO - Processing batch 307 to 308
2025-07-16 05:43:04,497 - INFO - ⏳ Waiting 2.74s for user emulation...
2025-07-16 05:43:08,877 - INFO - ⏳ Waiting 5.00s for user emulation...
2025-07-16 05:43:14,982 - INFO - Saved txt: download_bomayhanhchinh/new1_Quyet-dinh-319-QD-TW-2025-thanh-lap-Dang-bo-tinh-Lam-Dong-662339.txt
2025-07-16 05:43:15,046 - INFO - ⏳ 4.73s between batches...
2025-07-16 05:43:19,773 - INFO - Processing batch 308 to 309
2025-07-16 05:43:21,815 - INFO - ⏳ Waiting 2.40s for user emulation...
2025-07-16 05:43:25,767 - INFO - ⏳ Waiting 3.51s for user emulation...
2025-07-16 05:43:29,903 - INFO - Saved txt: download_bomayhanhchinh/new1_Quyet-dinh-318-QD-TW-2025-thanh-lap-Dang-bo-tinh-Khanh-Hoa-662338.txt
2025-07-16 05:43:29,968 - INFO - ⏳ 4.55s between batches...
2025-07-16 05:43:34,517 - INFO - Processing batch 309 to 310
2025-07-16 05:43:36,634 - INFO - ⏳ Waiting 2.05s for user emulation...
2025-07-16 05:43:40,257 - INFO - ⏳ Waiting 5.59s for user emulation...
2025-07-16 05:43:47,012 - INFO - Saved txt: download_bomayhanhchinh/new1_Quyet-dinh-316-QD-TW-2025-thanh-lap-Dang-bo-tinh-Quang-Ngai-662336.txt
2025-07-16 05:43:47,077 - INFO - ⏳ 4.56s between batches...
2025-07-16 05:43:51,633 - INFO - Processing batch 310 to 311
2025-07-16 05:43:53,744 - INFO - ⏳ Waiting 2.51s for user emulation...
2025-07-16 05:43:57,887 - INFO - ⏳ Waiting 5.27s for user emulation...
2025-07-16 05:44:04,252 - INFO - Saved txt: download_bomayhanhchinh/new1_Quyet-dinh-310-QD-TW-2025-thanh-lap-Dang-bo-tinh-Bac-Ninh-662303.txt
2025-07-16 05:44:04,317 - INFO - ⏳ 3.13s between batches...
2025-07-16 05:44:07,448 - INFO - Processing batch 311 to 312
2025-07-16 05:44:09,215 - INFO - ⏳ Waiting 2.96s for user emulation...
2025-07-16 05:44:13,748 - INFO - ⏳ Waiting 5.52s for user emulation...
2025-07-16 05:44:20,391 - INFO - Saved txt: download_bomayhanhchinh/new1_Quyet-dinh-309-QD-TW-2025-thanh-lap-Dang-bo-tinh-Phu-Tho-662302.txt
2025-07-16 05:44:20,455 - INFO - ⏳ 3.38s between batches...
2025-07-16 05:44:23,839 - INFO - Processing batch 312 to 313
2025-07-16 05:44:25,573 - INFO - ⏳ Waiting 3.97s for user emulation...
2025-07-16 05:44:31,230 - INFO - ⏳ Waiting 4.35s for user emulation...
2025-07-16 05:44:36,633 - INFO - Saved txt: download_bomayhanhchinh/new1_Quyet-dinh-308-QD-TW-2025-thanh-lap-Dang-bo-tinh-Thai-Nguyen-662301.txt
2025-07-16 05:44:36,698 - INFO - ⏳ 4.16s between batches...
2025-07-16 05:44:40,854 - INFO - Processing batch 313 to 314
2025-07-16 05:44:42,812 - INFO - ⏳ Waiting 3.06s for user emulation...
2025-07-16 05:44:47,522 - INFO - ⏳ Waiting 5.17s for user emulation...
2025-07-16 05:44:53,825 - INFO - Saved txt: download_bomayhanhchinh/new1_Quyet-dinh-307-QD-TW-2025-thanh-lap-Dang-bo-tinh-Lao-Cai-662300.txt
2025-07-16 05:44:53,893 - INFO - ⏳ 4.75s between batches...
2025-07-16 05:44:58,642 - INFO - Processing batch 314 to 315
2025-07-16 05:45:00,659 - INFO - ⏳ Waiting 2.34s for user emulation...
2025-07-16 05:45:04,633 - INFO - ⏳ Waiting 4.92s for user emulation...
2025-07-16 05:45:10,635 - INFO - Saved txt: download_bomayhanhchinh/new1_Quyet-dinh-326-QD-TW-2025-thanh-lap-Dang-bo-tinh-Dong-Thap-662346.txt
2025-07-16 05:45:10,700 - INFO - ⏳ 3.46s between batches...
2025-07-16 05:45:14,161 - INFO - Processing batch 315 to 316
2025-07-16 05:45:16,222 - INFO - ⏳ Waiting 2.96s for user emulation...
2025-07-16 05:45:20,863 - INFO - ⏳ Waiting 5.71s for user emulation...
2025-07-16 05:45:27,787 - INFO - Saved txt: download_bomayhanhchinh/new1_Quyet-dinh-325-QD-TW-2025-thanh-lap-Dang-bo-tinh-Vinh-Long-662345.txt
2025-07-16 05:45:27,852 - INFO - ⏳ 3.43s between batches...
2025-07-16 05:45:31,280 - INFO - Processing batch 316 to 317
2025-07-16 05:45:32,986 - INFO - ⏳ Waiting 2.83s for user emulation...
2025-07-16 05:45:37,417 - INFO - ⏳ Waiting 4.71s for user emulation...
2025-07-16 05:45:42,698 - INFO - Saved txt: download_bomayhanhchinh/new1_Quyet-dinh-317-QD-TW-2025-thanh-lap-Dang-bo-tinh-Gia-Lai-662337.txt
2025-07-16 05:45:42,763 - INFO - ⏳ 3.19s between batches...
2025-07-16 05:45:45,954 - INFO - Processing batch 317 to 318
2025-07-16 05:45:47,723 - INFO - ⏳ Waiting 2.52s for user emulation...
2025-07-16 05:45:51,838 - INFO - ⏳ Waiting 4.63s for user emulation...
2025-07-16 05:45:57,824 - INFO - Saved txt: download_bomayhanhchinh/new1_Quyet-dinh-323-QD-TW-2025-thanh-lap-Dang-bo-tinh-Tay-Ninh-662343.txt
2025-07-16 05:45:57,890 - INFO - ⏳ 3.58s between batches...
2025-07-16 05:46:01,466 - INFO - Processing batch 318 to 319
2025-07-16 05:46:03,605 - INFO - ⏳ Waiting 2.27s for user emulation...
2025-07-16 05:46:07,374 - INFO - ⏳ Waiting 4.65s for user emulation...
2025-07-16 05:46:13,096 - INFO - Saved txt: download_bomayhanhchinh/new1_Quyet-dinh-306-QD-TW-2025-thanh-lap-Dang-bo-tinh-Tuyen-Quang-662299.txt
2025-07-16 05:46:13,161 - INFO - ⏳ 4.03s between batches...
2025-07-16 05:46:17,190 - INFO - Processing batch 319 to 320
2025-07-16 05:46:19,268 - INFO - ⏳ Waiting 2.51s for user emulation...
2025-07-16 05:46:23,366 - INFO - ⏳ Waiting 4.38s for user emulation...
2025-07-16 05:46:28,346 - INFO - Saved txt: download_bomayhanhchinh/new1_Quyet-dinh-38-2025-QD-UBND-bai-bo-mot-so-van-ban-quy-pham-phap-luat-Uy-ban-nhan-dan-Tien-Giang-662525.txt
2025-07-16 05:46:28,411 - INFO - ⏳ 3.20s between batches...
2025-07-16 05:46:31,612 - INFO - Processing batch 320 to 321
2025-07-16 05:46:33,660 - INFO - ⏳ Waiting 2.35s for user emulation...
2025-07-16 05:46:37,774 - INFO - ⏳ Waiting 3.23s for user emulation...
2025-07-16 05:46:42,169 - INFO - Saved txt: download_bomayhanhchinh/new1_Quyet-dinh-2200-QD-BNNMT-2025-Quy-che-hoat-dong-Hoi-dong-phoi-hop-pho-bien-giao-duc-phap-luat-662258.txt
2025-07-16 05:46:42,235 - INFO - ⏳ 3.96s between batches...
2025-07-16 05:46:46,195 - INFO - Processing batch 321 to 322
2025-07-16 05:46:48,329 - INFO - ⏳ Waiting 3.86s for user emulation...
2025-07-16 05:46:53,753 - INFO - ⏳ Waiting 4.85s for user emulation...
2025-07-16 05:46:59,966 - INFO - Saved txt: download_bomayhanhchinh/new1_Quyet-dinh-1219-QD-UBND-2025-cong-bo-thu-tuc-hanh-chinh-dich-vu-cong-truc-tuyen-So-Xay-dung-Dien-Bien-661634.txt
2025-07-16 05:47:00,032 - INFO - ⏳ 3.34s between batches...
2025-07-16 05:47:03,373 - INFO - Processing batch 322 to 323
2025-07-16 05:47:05,370 - INFO - ⏳ Waiting 3.21s for user emulation...
2025-07-16 05:47:10,203 - INFO - ⏳ Waiting 5.44s for user emulation...
2025-07-16 05:47:17,059 - INFO - Saved txt: download_bomayhanhchinh/new1_Quyet-dinh-1173-QD-TTg-2025-sua-doi-Quyet-dinh-581-QD-TTg-661580.txt
2025-07-16 05:47:17,123 - INFO - ⏳ 3.78s between batches...
2025-07-16 05:47:20,907 - INFO - Processing batch 323 to 324
2025-07-16 05:47:23,087 - INFO - ⏳ Waiting 3.13s for user emulation...
2025-07-16 05:47:27,839 - INFO - ⏳ Waiting 5.33s for user emulation...
2025-07-16 05:47:33,853 - INFO - Saved txt: download_bomayhanhchinh/new1_Quyet-dinh-48-2025-QD-UBND-bai-bo-cac-Quyet-dinh-cua-Uy-ban-nhan-dan-tinh-Bac-Lieu-661419.txt
2025-07-16 05:47:33,918 - INFO - ⏳ 4.82s between batches...
2025-07-16 05:47:38,741 - INFO - Processing batch 324 to 325
2025-07-16 05:47:40,967 - INFO - ⏳ Waiting 2.83s for user emulation...
2025-07-16 05:47:45,501 - INFO - ⏳ Waiting 4.01s for user emulation...
2025-07-16 05:47:50,524 - INFO - Saved txt: download_bomayhanhchinh/new1_Cong-dien-90-CD-TTg-2025-bao-dam-thu-tuc-hanh-chinh-thong-suot-khi-sap-xep-don-vi-hanh-chinh-661380.txt
2025-07-16 05:47:50,590 - INFO - ⏳ 4.66s between batches...
2025-07-16 05:47:55,246 - INFO - Processing batch 325 to 326
2025-07-16 05:47:57,205 - INFO - ⏳ Waiting 2.60s for user emulation...
2025-07-16 05:48:01,427 - INFO - ⏳ Waiting 4.39s for user emulation...
2025-07-16 05:48:06,637 - INFO - Saved txt: download_bomayhanhchinh/new1_Quyet-dinh-1519-QD-UBND-2025-cong-bo-thu-tuc-hanh-chinh-noi-bo-Uy-ban-nhan-dan-Can-Tho-661370.txt
2025-07-16 05:48:06,703 - INFO - ⏳ 3.70s between batches...
2025-07-16 05:48:10,407 - INFO - Processing batch 326 to 327
2025-07-16 05:48:12,012 - INFO - ⏳ Waiting 3.28s for user emulation...
2025-07-16 05:48:16,904 - INFO - ⏳ Waiting 3.34s for user emulation...
2025-07-16 05:48:21,296 - INFO - Saved txt: download_bomayhanhchinh/new1_Quyet-dinh-1939-QD-UBND-2025-phuong-an-don-gian-hoa-thu-tuc-Dien-So-Cong-Thuong-Thanh-Hoa-661369.txt
2025-07-16 05:48:21,361 - INFO - ⏳ 3.53s between batches...
2025-07-16 05:48:24,889 - INFO - Processing batch 327 to 328
2025-07-16 05:48:26,921 - INFO - ⏳ Waiting 3.45s for user emulation...
2025-07-16 05:48:32,082 - INFO - ⏳ Waiting 5.37s for user emulation...
2025-07-16 05:48:39,009 - INFO - Saved txt: download_bomayhanhchinh/new1_Quyet-dinh-1947-QD-UBND-2025-phuong-an-don-gian-hoa-thu-tuc-To-chuc-can-bo-So-Y-te-Thanh-Hoa-661368.txt
2025-07-16 05:48:39,075 - INFO - ⏳ 3.27s between batches...
2025-07-16 05:48:42,341 - INFO - Processing batch 328 to 329
2025-07-16 05:48:44,412 - INFO - ⏳ Waiting 2.68s for user emulation...
2025-07-16 05:48:48,732 - INFO - ⏳ Waiting 3.51s for user emulation...
2025-07-16 05:48:53,236 - INFO - Saved txt: download_bomayhanhchinh/new1_Quyet-dinh-1058-QD-UBND-2025-cong-bo-thu-tuc-hanh-chinh-linh-vuc-Duoc-pham-So-Y-te-Bac-Ninh-662028.txt
2025-07-16 05:48:53,303 - INFO - ⏳ 4.69s between batches...
2025-07-16 05:48:57,994 - INFO - Processing batch 329 to 330
2025-07-16 05:48:59,988 - INFO - ⏳ Waiting 2.65s for user emulation...
2025-07-16 05:49:04,283 - INFO - ⏳ Waiting 3.78s for user emulation...
2025-07-16 05:49:09,420 - INFO - Saved txt: download_bomayhanhchinh/new1_Quyet-dinh-44-2025-QD-UBND-bai-bo-Quyet-dinh-30-2019-QD-UBND-quan-ly-noi-do-xe-Da-Nang-662798.txt
2025-07-16 05:49:09,488 - INFO - ⏳ 4.93s between batches...
2025-07-16 05:49:14,422 - INFO - Processing batch 330 to 331
2025-07-16 05:49:17,389 - INFO - ⏳ Waiting 2.97s for user emulation...
2025-07-16 05:49:21,924 - INFO - ⏳ Waiting 4.44s for user emulation...
2025-07-16 05:49:27,036 - INFO - Saved txt: download_bomayhanhchinh/new1_Quyet-dinh-1875-QD-UBND-2025-bai-bo-Quyet-dinh-45-2023-QD-UBND-Hai-Phong-661439.txt
2025-07-16 05:49:27,100 - INFO - ⏳ 4.56s between batches...
2025-07-16 05:49:31,661 - INFO - Processing batch 331 to 332
2025-07-16 05:49:33,694 - INFO - ⏳ Waiting 2.04s for user emulation...
2025-07-16 05:49:37,394 - INFO - ⏳ Waiting 3.09s for user emulation...
2025-07-16 05:49:41,636 - INFO - Saved txt: download_bomayhanhchinh/new1_Quyet-dinh-1944-QD-UBND-2025-don-gian-hoa-thu-tuc-hanh-chinh-Lam-nghiep-So-Nong-nghiep-Thanh-Hoa-661366.txt
2025-07-16 05:49:41,702 - INFO - ⏳ 4.56s between batches...
2025-07-16 05:49:46,267 - INFO - Processing batch 332 to 333
2025-07-16 05:49:48,326 - INFO - ⏳ Waiting 3.95s for user emulation...
2025-07-16 05:49:54,110 - INFO - ⏳ Waiting 3.75s for user emulation...
2025-07-16 05:49:58,747 - INFO - Saved txt: download_bomayhanhchinh/new1_Quyet-dinh-1763-QD-UBND-2025-quy-trinh-thu-tuc-hanh-chinh-linh-vuc-dat-dai-So-Nong-nghiep-Nam-Dinh-661197.txt
2025-07-16 05:49:58,812 - INFO - ⏳ 3.80s between batches...
2025-07-16 05:50:02,613 - INFO - Processing batch 333 to 334
2025-07-16 05:50:04,763 - INFO - ⏳ Waiting 3.52s for user emulation...
2025-07-16 05:50:09,867 - INFO - ⏳ Waiting 5.00s for user emulation...
2025-07-16 05:50:16,168 - INFO - Saved txt: download_bomayhanhchinh/new1_Quyet-dinh-1762-QD-UBND-2025-cong-bo-thu-tuc-hanh-chinh-linh-vuc-duoc-pham-So-Y-te-Nam-Dinh-661196.txt
2025-07-16 05:50:16,235 - INFO - ⏳ 4.59s between batches...
2025-07-16 05:50:20,821 - INFO - Processing batch 334 to 335
2025-07-16 05:50:22,768 - INFO - ⏳ Waiting 2.87s for user emulation...
2025-07-16 05:50:27,418 - INFO - ⏳ Waiting 5.95s for user emulation...
2025-07-16 05:50:34,087 - INFO - Saved txt: download_bomayhanhchinh/new1_Quyet-dinh-1945-QD-UBND-2025-cong-bo-thu-tuc-hanh-chinh-Giao-duc-dao-tao-So-Giao-duc-Thanh-Hoa-661182.txt
2025-07-16 05:50:34,152 - INFO - ⏳ 4.11s between batches...
2025-07-16 05:50:38,267 - INFO - Processing batch 335 to 336
2025-07-16 05:50:46,873 - INFO - ⏳ Waiting 2.06s for user emulation...
2025-07-16 05:50:50,534 - INFO - ⏳ Waiting 3.44s for user emulation...
2025-07-16 05:50:55,223 - INFO - Saved txt: download_bomayhanhchinh/new1_Quyet-dinh-49-2025-QD-UBND-bai-bo-Quyet-dinh-40-2017-QD-UBND-Ha-Nam-662162.txt
2025-07-16 05:50:55,288 - INFO - ⏳ 4.27s between batches...
2025-07-16 05:50:59,555 - INFO - Processing batch 336 to 337
2025-07-16 05:51:01,483 - INFO - ⏳ Waiting 2.26s for user emulation...
2025-07-16 05:51:05,370 - INFO - ⏳ Waiting 5.84s for user emulation...
2025-07-16 05:51:12,426 - INFO - Saved txt: download_bomayhanhchinh/new1_Nghi-quyet-08-2025-NQ-HDND-muc-thu-phi-le-phi-thuc-hien-thu-tuc-hanh-chinh-truc-tuyen-Hai-Phong-661934.txt
2025-07-16 05:51:12,491 - INFO - ⏳ 3.60s between batches...
2025-07-16 05:51:16,095 - INFO - Processing batch 337 to 338
2025-07-16 05:51:17,844 - INFO - ⏳ Waiting 2.06s for user emulation...
2025-07-16 05:51:21,885 - INFO - ⏳ Waiting 5.94s for user emulation...
2025-07-16 05:51:28,975 - INFO - Saved txt: download_bomayhanhchinh/new1_Nghi-quyet-175-NQ-CP-2025-du-thao-Nghi-quyet-ve-co-che-xu-ly-kho-khan-do-quy-dinh-cua-phap-luat-662734.txt
2025-07-16 05:51:29,040 - INFO - ⏳ 4.66s between batches...
2025-07-16 05:51:33,696 - INFO - Processing batch 338 to 339
2025-07-16 05:51:35,755 - INFO - ⏳ Waiting 2.98s for user emulation...
2025-07-16 05:51:40,493 - INFO - ⏳ Waiting 5.35s for user emulation...
2025-07-16 05:51:46,403 - INFO - Saved txt: download_bomayhanhchinh/new1_Quyet-dinh-1318-QD-BKHCN-2025-cong-bo-thu-tuc-hanh-chinh-bai-bo-linh-vuc-khoa-hoc-cong-nghe-663892.txt
2025-07-16 05:51:46,468 - INFO - ⏳ 4.60s between batches...
2025-07-16 05:51:51,067 - INFO - Processing batch 339 to 340
2025-07-16 05:51:53,064 - INFO - ⏳ Waiting 3.34s for user emulation...
2025-07-16 05:51:58,797 - INFO - ⏳ Waiting 4.26s for user emulation...
2025-07-16 05:52:04,826 - INFO - Saved txt: download_bomayhanhchinh/new1_Thong-tu-43-2025-TT-BTC-bieu-mau-su-dung-quan-ly-ho-kinh-doanh-to-chuc-chinh-quyen-02-cap-661798.txt
2025-07-16 05:52:04,892 - INFO - ⏳ 3.71s between batches...
2025-07-16 05:52:08,606 - INFO - Processing batch 340 to 341
2025-07-16 05:52:10,551 - INFO - ⏳ Waiting 3.65s for user emulation...
2025-07-16 05:52:15,681 - INFO - ⏳ Waiting 3.40s for user emulation...
2025-07-16 05:52:19,923 - INFO - Saved txt: download_bomayhanhchinh/new1_Quyet-dinh-46-2025-QD-UBND-bai-bo-van-ban-quy-pham-phap-luat-Giao-thong-van-tai-Lao-Cai-662412.txt
2025-07-16 05:52:19,988 - INFO - ⏳ 3.02s between batches...
2025-07-16 05:52:23,005 - INFO - Processing batch 341 to 342
2025-07-16 05:52:24,996 - INFO - ⏳ Waiting 3.63s for user emulation...
2025-07-16 05:52:30,328 - INFO - ⏳ Waiting 4.57s for user emulation...
2025-07-16 05:52:35,714 - INFO - Saved txt: download_bomayhanhchinh/new1_Quyet-dinh-666-QD-UBND-2025-cong-bo-thu-tuc-hanh-chinhlinh-vuc-duoc-pham-So-Y-te-Ninh-Binh-661651.txt
2025-07-16 05:52:35,779 - INFO - ⏳ 4.48s between batches...
2025-07-16 05:52:40,264 - INFO - Processing batch 342 to 343
2025-07-16 05:52:41,844 - INFO - ⏳ Waiting 3.97s for user emulation...
2025-07-16 05:52:47,410 - INFO - ⏳ Waiting 3.47s for user emulation...
2025-07-16 05:52:52,028 - INFO - Saved txt: download_bomayhanhchinh/new1_Quyet-dinh-1313-QD-UBND-2025-sap-xep-to-chuc-lai-co-cau-to-chuc-Thanh-tra-Dak-Lak-661140.txt
2025-07-16 05:52:52,093 - INFO - ⏳ 4.98s between batches...
2025-07-16 05:52:57,070 - INFO - Processing batch 343 to 344
2025-07-16 05:52:58,826 - INFO - ⏳ Waiting 2.86s for user emulation...
2025-07-16 05:53:03,294 - INFO - ⏳ Waiting 3.15s for user emulation...
2025-07-16 05:53:07,192 - INFO - Saved txt: download_bomayhanhchinh/new1_Quyet-dinh-1307-QD-UBND-2025-cong-bo-thu-tuc-hanh-chinh-linh-vuc-Duoc-pham-So-Y-te-Dak-Lak-661138.txt
2025-07-16 05:53:07,258 - INFO - ⏳ 4.28s between batches...
2025-07-16 05:53:11,535 - INFO - Processing batch 344 to 345
2025-07-16 05:53:13,813 - INFO - ⏳ Waiting 2.39s for user emulation...
2025-07-16 05:53:17,970 - INFO - ⏳ Waiting 3.04s for user emulation...
2025-07-16 05:53:22,379 - INFO - Saved txt: download_bomayhanhchinh/new1_Quyet-dinh-1304-QD-UBND-2025-cong-bo-thu-tuc-hanh-chinh-chat-luong-nong-lam-san-So-Nong-nghiep-Dak-Lak-661056.txt
2025-07-16 05:53:22,444 - INFO - ⏳ 5.00s between batches...
2025-07-16 05:53:27,442 - INFO - Processing batch 345 to 346
2025-07-16 05:53:29,478 - INFO - ⏳ Waiting 2.33s for user emulation...
2025-07-16 05:53:33,292 - INFO - ⏳ Waiting 3.04s for user emulation...
2025-07-16 05:53:46,006 - ERROR - ❌ Main content not found at https://thuvienphapluat.vn/van-ban/Bo-may-hanh-chinh/Quyet-dinh-1299-QD-UBND-2025-cong-bo-thu-tuc-hanh-chinh-Khoa-hoc-So-Nong-nghiep-Dak-Lak-661055.aspx - saved image error download_bomayhanhchinh/error_file_862.0403182567292_new1.png
2025-07-16 05:53:46,071 - INFO - ⏳ 4.08s between batches...
2025-07-16 05:53:50,152 - INFO - Processing batch 346 to 347
2025-07-16 05:53:52,157 - INFO - ⏳ Waiting 2.62s for user emulation...
2025-07-16 05:53:56,269 - INFO - ⏳ Waiting 5.48s for user emulation...
2025-07-16 05:54:10,639 - ERROR - ❌ Main content not found at https://thuvienphapluat.vn/van-ban/Bo-may-hanh-chinh/Quyet-dinh-1983-QD-BYT-2025-cong-bo-thu-tuc-hanh-chinh-bi-bai-bo-linh-vuc-duoc-pham-661127.aspx - saved image error download_bomayhanhchinh/error_file_388.2186051147173_new1.png
2025-07-16 05:54:10,704 - INFO - ⏳ 3.59s between batches...
2025-07-16 05:54:14,290 - INFO - Processing batch 347 to 348
2025-07-16 05:54:16,312 - INFO - ⏳ Waiting 3.69s for user emulation...
2025-07-16 05:54:21,453 - INFO - ⏳ Waiting 5.85s for user emulation...
2025-07-16 05:54:36,555 - ERROR - ❌ Main content not found at https://thuvienphapluat.vn/van-ban/Cong-nghe-thong-tin/Cong-dien-89-CD-TTg-2025-trien-khai-He-thong-thong-tin-tiep-nhan-kien-nghi-van-ban-quy-pham-phap-luat-661025.aspx - saved image error download_bomayhanhchinh/error_file_869.1766232899455_new1.png
2025-07-16 05:54:36,620 - INFO - ⏳ 3.46s between batches...
2025-07-16 05:54:40,076 - INFO - Processing batch 348 to 349
2025-07-16 05:54:42,067 - INFO - ⏳ Waiting 3.42s for user emulation...
2025-07-16 05:54:46,961 - INFO - ⏳ Waiting 5.31s for user emulation...
2025-07-16 05:55:01,938 - ERROR - ❌ Main content not found at https://thuvienphapluat.vn/van-ban/Bo-may-hanh-chinh/Quyet-dinh-1169-QD-UBND-2025-cong-bo-thu-tuc-hanh-chinh-Thiet-bi-y-te-So-Y-te-Thai-Binh-661240.aspx - saved image error download_bomayhanhchinh/error_file_616.8160117068192_new1.png
2025-07-16 05:55:02,003 - INFO - ⏳ 3.75s between batches...
2025-07-16 05:55:05,750 - INFO - Processing batch 349 to 350
2025-07-16 05:55:07,860 - INFO - ⏳ Waiting 3.26s for user emulation...
2025-07-16 05:55:12,634 - INFO - ⏳ Waiting 3.67s for user emulation...
2025-07-16 05:55:25,652 - ERROR - ❌ Main content not found at https://thuvienphapluat.vn/van-ban/Dau-tu/Quyet-dinh-1167-QD-UBND-2025-cong-bo-thu-tuc-hanh-chinh-dau-thau-co-quan-cap-tinh-Thai-Binh-661241.aspx - saved image error download_bomayhanhchinh/error_file_443.2825500754269_new1.png
2025-07-16 05:55:25,717 - INFO - ⏳ 3.87s between batches...
2025-07-16 05:55:29,590 - INFO - Processing batch 350 to 351
2025-07-16 05:55:31,619 - INFO - ⏳ Waiting 3.79s for user emulation...
2025-07-16 05:55:36,907 - INFO - ⏳ Waiting 5.23s for user emulation...
2025-07-16 05:55:51,118 - ERROR - ❌ Main content not found at https://thuvienphapluat.vn/van-ban/Bo-may-hanh-chinh/Quyet-dinh-2034-QD-UBND-2025-cong-bo-thu-tuc-hanh-chinh-hoat-dong-xay-dung-Uy-ban-huyen-Ben-Tre-661637.aspx - saved image error download_bomayhanhchinh/error_file_1081.6850765891627_new1.png
2025-07-16 05:55:51,183 - INFO - ⏳ 4.48s between batches...
2025-07-16 05:55:55,659 - INFO - Processing batch 351 to 352
2025-07-16 05:55:57,740 - INFO - ⏳ Waiting 3.73s for user emulation...
2025-07-16 05:56:02,934 - INFO - ⏳ Waiting 3.21s for user emulation...
2025-07-16 05:56:15,973 - ERROR - ❌ Main content not found at https://thuvienphapluat.vn/van-ban/Bo-may-hanh-chinh/Quyet-dinh-2128-QD-BNNMT-2025-thu-tuc-hanh-chinh-du-dieu-kien-dich-vu-cong-truc-tuyen-toan-trinh-661582.aspx - saved image error download_bomayhanhchinh/error_file_380.2250929135398_new1.png
2025-07-16 05:56:16,038 - INFO - ⏳ 3.50s between batches...
2025-07-16 05:56:19,538 - INFO - Processing batch 352 to 353
2025-07-16 05:56:21,688 - INFO - ⏳ Waiting 2.65s for user emulation...
2025-07-16 05:56:25,829 - INFO - ⏳ Waiting 3.21s for user emulation...
2025-07-16 05:56:38,556 - ERROR - ❌ Main content not found at https://thuvienphapluat.vn/van-ban/Bo-may-hanh-chinh/Quyet-dinh-859-QD-TTPVHCC-2025-quy-trinh-thu-tuc-nghe-thu-cong-my-nghe-So-Cong-Thuong-Ha-Noi-661686.aspx - saved image error download_bomayhanhchinh/error_file_1280.8934339787393_new1.png
2025-07-16 05:56:38,621 - INFO - ⏳ 4.95s between batches...
2025-07-16 05:56:43,574 - INFO - Processing batch 353 to 354
2025-07-16 05:56:45,527 - INFO - ⏳ Waiting 3.24s for user emulation...
2025-07-16 05:56:50,310 - INFO - ⏳ Waiting 4.73s for user emulation...
2025-07-16 05:57:04,700 - ERROR - ❌ Main content not found at https://thuvienphapluat.vn/van-ban/Bo-may-hanh-chinh/Quyet-dinh-42-2025-QD-UBND-sua-doi-Dieu-2-Quyet-dinh-19-2023-QD-UBND-Gia-Lai-661165.aspx - saved image error download_bomayhanhchinh/error_file_1148.1534253191721_new1.png
2025-07-16 05:57:04,764 - INFO - ⏳ 4.35s between batches...
2025-07-16 05:57:09,113 - INFO - Processing batch 354 to 355
2025-07-16 05:57:10,945 - INFO - ⏳ Waiting 3.25s for user emulation...
2025-07-16 05:57:15,654 - INFO - ⏳ Waiting 4.54s for user emulation...
2025-07-16 05:57:29,914 - ERROR - ❌ Main content not found at https://thuvienphapluat.vn/van-ban/Bo-may-hanh-chinh/Quyet-dinh-2033-QD-UBND-2025-cong-bo-thu-tuc-hanh-chinh-nong-nghiep-So-Nong-nghiep-Ben-Tre-661373.aspx - saved image error download_bomayhanhchinh/error_file_649.4700978488396_new1.png
2025-07-16 05:57:29,978 - INFO - ⏳ 3.17s between batches...
2025-07-16 05:57:33,145 - INFO - Processing batch 355 to 356
2025-07-16 05:57:35,063 - INFO - ⏳ Waiting 3.30s for user emulation...
2025-07-16 05:57:39,771 - INFO - ⏳ Waiting 3.40s for user emulation...
2025-07-16 05:57:52,779 - ERROR - ❌ Main content not found at https://thuvienphapluat.vn/van-ban/Bo-may-hanh-chinh/Quyet-dinh-2032-QD-UBND-2025-cong-bo-thu-tuc-hanh-chinh-khoa-hoc-cong-nghe-So-Nong-nghiep-Ben-Tre-661374.aspx - saved image error download_bomayhanhchinh/error_file_1256.9542383956095_new1.png
2025-07-16 05:57:52,845 - INFO - ⏳ 3.81s between batches...
2025-07-16 05:57:56,659 - INFO - Processing batch 356 to 357
2025-07-16 05:57:58,638 - INFO - ⏳ Waiting 3.17s for user emulation...
2025-07-16 05:58:03,313 - INFO - ⏳ Waiting 3.54s for user emulation...
2025-07-16 05:58:16,185 - ERROR - ❌ Main content not found at https://thuvienphapluat.vn/van-ban/Bo-may-hanh-chinh/Nghi-quyet-06-2025-NQ-HDND-huong-dan-muc-chi-doi-voi-Dan-quan-tu-ve-Hai-Phong-661935.aspx - saved image error download_bomayhanhchinh/error_file_736.1430299114122_new1.png
2025-07-16 05:58:16,249 - INFO - ⏳ 3.63s between batches...
2025-07-16 05:58:19,879 - INFO - Processing batch 357 to 358
2025-07-16 05:58:21,969 - INFO - ⏳ Waiting 3.31s for user emulation...
2025-07-16 05:58:26,797 - INFO - ⏳ Waiting 4.54s for user emulation...
2025-07-16 05:58:40,444 - ERROR - ❌ Main content not found at https://thuvienphapluat.vn/van-ban/Bo-may-hanh-chinh/Quyet-dinh-1716-QD-UBND-2025-sua-doi-Quyet-dinh-1406-QD-UBND-Hue-662128.aspx - saved image error download_bomayhanhchinh/error_file_926.5024274585647_new1.png
2025-07-16 05:58:40,510 - INFO - ⏳ 4.08s between batches...
2025-07-16 05:58:44,595 - INFO - Processing batch 358 to 359
2025-07-16 05:58:46,634 - INFO - ⏳ Waiting 2.14s for user emulation...
2025-07-16 05:58:50,275 - INFO - ⏳ Waiting 4.50s for user emulation...
2025-07-16 05:59:04,360 - ERROR - ❌ Main content not found at https://thuvienphapluat.vn/van-ban/Bo-may-hanh-chinh/Quyet-dinh-1732-QD-UBND-2025-cong-bo-thu-tuc-hanh-chinh-Quan-ly-de-dieu-So-Nong-nghiep-Kien-Giang-661639.aspx - saved image error download_bomayhanhchinh/error_file_887.911185568035_new1.png
2025-07-16 05:59:04,425 - INFO - ⏳ 3.78s between batches...
2025-07-16 05:59:08,204 - INFO - Processing batch 359 to 360
2025-07-16 05:59:10,307 - INFO - ⏳ Waiting 2.83s for user emulation...
2025-07-16 05:59:14,651 - INFO - ⏳ Waiting 4.23s for user emulation...
2025-07-16 05:59:27,842 - ERROR - ❌ Main content not found at https://thuvienphapluat.vn/van-ban/Doanh-nghiep/Quyet-dinh-1919-QD-UBND-2025-don-gian-hoa-thu-tuc-ho-tro-doanh-nghiep-So-Tai-chinh-Thanh-Hoa-661181.aspx - saved image error download_bomayhanhchinh/error_file_888.5420083294971_new1.png
2025-07-16 05:59:27,908 - INFO - ⏳ 3.45s between batches...
2025-07-16 05:59:31,361 - INFO - Processing batch 360 to 361
2025-07-16 05:59:33,347 - INFO - ⏳ Waiting 2.09s for user emulation...
2025-07-16 05:59:36,843 - INFO - ⏳ Waiting 5.18s for user emulation...
2025-07-16 05:59:51,058 - ERROR - ❌ Main content not found at https://thuvienphapluat.vn/van-ban/Bo-may-hanh-chinh/Quyet-dinh-1920-QD-UBND-2025-cong-bo-thu-tuc-hanh-chinh-linh-vuc-duoc-pham-So-Y-te-Thanh-Hoa-661179.aspx - saved image error download_bomayhanhchinh/error_file_845.3125304124937_new1.png
2025-07-16 05:59:51,126 - INFO - ⏳ 3.76s between batches...
2025-07-16 05:59:54,885 - INFO - Processing batch 361 to 362
2025-07-16 05:59:56,884 - INFO - ⏳ Waiting 2.94s for user emulation...
2025-07-16 06:00:01,256 - INFO - ⏳ Waiting 5.48s for user emulation...
2025-07-16 06:00:16,457 - ERROR - ❌ Main content not found at https://thuvienphapluat.vn/van-ban/Bo-may-hanh-chinh/Quyet-dinh-36-2025-QD-UBND-bai-bo-Quyet-dinh-20-2023-QD-UBND-quan-ly-nhiem-vu-khoa-hoc-Tra-Vinh-661014.aspx - saved image error download_bomayhanhchinh/error_file_909.5776542937294_new1.png
2025-07-16 06:00:16,522 - INFO - ⏳ 4.10s between batches...
2025-07-16 06:00:20,626 - INFO - Processing batch 362 to 363
2025-07-16 06:00:22,605 - INFO - ⏳ Waiting 3.73s for user emulation...
2025-07-16 06:00:27,752 - INFO - ⏳ Waiting 4.92s for user emulation...
2025-07-16 06:00:41,639 - ERROR - ❌ Main content not found at https://thuvienphapluat.vn/van-ban/Bo-may-hanh-chinh/Nghi-quyet-1685-NQ-UBTVQH15-2025-sap-xep-cac-don-vi-hanh-chinh-cap-xa-Ho-Chi-Minh-661124.aspx - saved image error download_bomayhanhchinh/error_file_1091.3557231185441_new1.png
2025-07-16 06:00:41,706 - INFO - ⏳ 3.64s between batches...
2025-07-16 06:00:45,342 - INFO - Processing batch 363 to 364
2025-07-16 06:00:47,436 - INFO - ⏳ Waiting 3.75s for user emulation...
2025-07-16 06:00:52,727 - INFO - ⏳ Waiting 5.45s for user emulation...
2025-07-16 06:01:07,572 - ERROR - ❌ Main content not found at https://thuvienphapluat.vn/van-ban/Bo-may-hanh-chinh/Nghi-quyet-1683-NQ-UBTVQH15-2025-sap-xep-cac-don-vi-hanh-chinh-cap-xa-Thai-Nguyen-661119.aspx - saved image error download_bomayhanhchinh/error_file_798.737375895493_new1.png
2025-07-16 06:01:07,641 - INFO - ⏳ 4.51s between batches...
2025-07-16 06:01:12,146 - INFO - Processing batch 364 to 365
2025-07-16 06:01:14,217 - INFO - ⏳ Waiting 2.98s for user emulation...
2025-07-16 06:01:18,655 - INFO - ⏳ Waiting 4.01s for user emulation...
2025-07-16 06:01:32,471 - ERROR - ❌ Main content not found at https://thuvienphapluat.vn/van-ban/Bo-may-hanh-chinh/Nghi-quyet-1681-NQ-UBTVQH15-2025-sap-xep-cac-don-vi-hanh-chinh-cap-xa-Son-La-661117.aspx - saved image error download_bomayhanhchinh/error_file_726.6397027299759_new1.png
2025-07-16 06:01:32,537 - INFO - ⏳ 3.98s between batches...
2025-07-16 06:01:36,514 - INFO - Processing batch 365 to 366
2025-07-16 06:01:38,643 - INFO - ⏳ Waiting 3.59s for user emulation...
2025-07-16 06:01:43,705 - INFO - ⏳ Waiting 5.01s for user emulation...
2025-07-16 06:01:57,886 - ERROR - ❌ Main content not found at https://thuvienphapluat.vn/van-ban/Bo-may-hanh-chinh/Nghi-quyet-1680-NQ-UBTVQH15-2025-sap-xep-cac-don-vi-hanh-chinh-cap-xa-Quang-Tri-661116.aspx - saved image error download_bomayhanhchinh/error_file_1007.0029212582666_new1.png
2025-07-16 06:01:57,954 - INFO - ⏳ 4.46s between batches...
2025-07-16 06:02:02,412 - INFO - Processing batch 366 to 367
2025-07-16 06:02:04,432 - INFO - ⏳ Waiting 3.66s for user emulation...
2025-07-16 06:02:09,575 - INFO - ⏳ Waiting 3.42s for user emulation...
2025-07-16 06:02:22,569 - ERROR - ❌ Main content not found at https://thuvienphapluat.vn/van-ban/Bo-may-hanh-chinh/Luat-To-chuc-chinh-quyen-dia-phuong-2025-so-72-2025-QH15-649675.aspx - saved image error download_bomayhanhchinh/error_file_1102.921716664047_new1.png
2025-07-16 06:02:22,635 - INFO - ⏳ 3.48s between batches...
2025-07-16 06:02:26,120 - INFO - Processing batch 367 to 368
2025-07-16 06:02:28,126 - INFO - ⏳ Waiting 2.64s for user emulation...
2025-07-16 06:02:32,268 - INFO - ⏳ Waiting 3.41s for user emulation...
2025-07-16 06:02:44,951 - ERROR - ❌ Main content not found at https://thuvienphapluat.vn/van-ban/Bo-may-hanh-chinh/Lenh-08-2025-L-CTN-cong-bo-Luat-To-chuc-chinh-quyen-dia-phuong-2025-662688.aspx - saved image error download_bomayhanhchinh/error_file_584.642706221758_new1.png
2025-07-16 06:02:45,016 - INFO - ⏳ 3.45s between batches...
2025-07-16 06:02:48,465 - INFO - Processing batch 368 to 369
2025-07-16 06:02:50,497 - INFO - ⏳ Waiting 2.74s for user emulation...
2025-07-16 06:02:54,735 - INFO - ⏳ Waiting 5.16s for user emulation...
2025-07-16 06:03:09,051 - ERROR - ❌ Main content not found at https://thuvienphapluat.vn/van-ban/Bo-may-hanh-chinh/Nghi-quyet-203-2025-QH15-sua-doi-Hien-phap-nuoc-Cong-hoa-xa-hoi-chu-nghia-Viet-Nam-655275.aspx - saved image error download_bomayhanhchinh/error_file_724.912118794101_new1.png
2025-07-16 06:03:09,116 - INFO - ⏳ 3.70s between batches...
2025-07-16 06:03:12,812 - INFO - Processing batch 369 to 370
2025-07-16 06:03:14,786 - INFO - ⏳ Waiting 2.10s for user emulation...
2025-07-16 06:03:18,373 - INFO - ⏳ Waiting 4.36s for user emulation...
2025-07-16 06:03:32,366 - ERROR - ❌ Main content not found at https://thuvienphapluat.vn/van-ban/Bo-may-hanh-chinh/Lenh-cong-bo-Nghi-quyet-sua-doi-Hien-phap-nuoc-Cong-hoa-xa-hoi-chu-nghia-Viet-Nam-662378.aspx - saved image error download_bomayhanhchinh/error_file_928.8101170313718_new1.png
2025-07-16 06:03:32,431 - INFO - ⏳ 3.95s between batches...
2025-07-16 06:03:36,379 - INFO - Processing batch 370 to 371
2025-07-16 06:03:38,382 - INFO - ⏳ Waiting 2.95s for user emulation...
2025-07-16 06:03:42,765 - INFO - ⏳ Waiting 4.40s for user emulation...
2025-07-16 06:03:56,615 - ERROR - ❌ Main content not found at https://thuvienphapluat.vn/van-ban/Bo-may-hanh-chinh/Thong-tu-09-2025-TT-BTP-chuc-nang-nhiem-vu-So-Tu-phap-thuoc-Uy-ban-tinh-linh-vuc-tu-phap-661801.aspx - saved image error download_bomayhanhchinh/error_file_1286.2032756305807_new1.png
2025-07-16 06:03:56,680 - INFO - ⏳ 4.83s between batches...
2025-07-16 06:04:01,511 - INFO - Processing batch 371 to 372
2025-07-16 06:04:03,522 - INFO - ⏳ Waiting 3.70s for user emulation...
2025-07-16 06:04:08,633 - INFO - ⏳ Waiting 4.57s for user emulation...
2025-07-16 06:04:22,814 - ERROR - ❌ Main content not found at https://thuvienphapluat.vn/van-ban/Bo-may-hanh-chinh/Quyet-dinh-16-2025-QD-TTg-giai-the-Uy-ban-Giam-sat-tai-chinh-Quoc-gia-661433.aspx - saved image error download_bomayhanhchinh/error_file_786.4517962230024_new1.png
2025-07-16 06:04:22,879 - INFO - ⏳ 3.45s between batches...
2025-07-16 06:04:26,328 - INFO - Processing batch 372 to 373
2025-07-16 06:04:28,481 - INFO - ⏳ Waiting 3.08s for user emulation...
2025-07-16 06:04:33,043 - INFO - ⏳ Waiting 4.00s for user emulation...
2025-07-16 06:04:46,180 - ERROR - ❌ Main content not found at https://thuvienphapluat.vn/van-ban/Bo-may-hanh-chinh/Quyet-dinh-17-2025-QD-TTg-chuc-nang-nhiem-vu-Hoc-vien-Chien-luoc-Khoa-hoc-va-Cong-nghe-661202.aspx - saved image error download_bomayhanhchinh/error_file_1279.6898647426347_new1.png
2025-07-16 06:04:46,245 - INFO - ⏳ 3.39s between batches...
2025-07-16 06:04:49,639 - INFO - Processing batch 373 to 374
2025-07-16 06:04:51,733 - INFO - ⏳ Waiting 3.12s for user emulation...
2025-07-16 06:04:56,329 - INFO - ⏳ Waiting 5.44s for user emulation...
2025-07-16 06:05:10,919 - ERROR - ❌ Main content not found at https://thuvienphapluat.vn/van-ban/Bo-may-hanh-chinh/Nghi-quyet-1679-NQ-UBTVQH15-2025-sap-xep-cac-don-vi-hanh-chinh-cap-xa-Quang-Ninh-661115.aspx - saved image error download_bomayhanhchinh/error_file_390.2346091130782_new1.png
2025-07-16 06:05:10,984 - INFO - ⏳ 3.97s between batches...
2025-07-16 06:05:14,959 - INFO - Processing batch 374 to 375
2025-07-16 06:05:17,075 - INFO - ⏳ Waiting 3.39s for user emulation...
2025-07-16 06:05:21,999 - INFO - ⏳ Waiting 3.38s for user emulation...
2025-07-16 06:05:35,162 - ERROR - ❌ Main content not found at https://thuvienphapluat.vn/van-ban/Bo-may-hanh-chinh/Quyet-dinh-2055-QD-UBND-2025-cong-bo-thu-tuc-hanh-chinh-linh-vuc-Duoc-pham-So-Y-te-Binh-Dinh-661643.aspx - saved image error download_bomayhanhchinh/error_file_1369.066392391696_new1.png
2025-07-16 06:05:35,227 - INFO - ⏳ 4.38s between batches...
2025-07-16 06:05:39,608 - INFO - Processing batch 375 to 376
2025-07-16 06:05:41,709 - INFO - ⏳ Waiting 3.00s for user emulation...
2025-07-16 06:05:46,137 - INFO - ⏳ Waiting 4.28s for user emulation...
2025-07-16 06:06:00,127 - ERROR - ❌ Main content not found at https://thuvienphapluat.vn/van-ban/Cong-nghe-thong-tin/Quyet-dinh-821-QD-BXD-2025-thuc-hien-Nghi-dinh-53-2022-ND-CP-huong-dan-Luat-An-ninh-mang-661205.aspx - saved image error download_bomayhanhchinh/error_file_1368.7624934235105_new1.png
2025-07-16 06:06:00,193 - INFO - ⏳ 3.92s between batches...
2025-07-16 06:06:04,115 - INFO - Processing batch 376 to 377
2025-07-16 06:06:06,182 - INFO - ⏳ Waiting 2.00s for user emulation...
2025-07-16 06:06:09,691 - INFO - ⏳ Waiting 3.58s for user emulation...
2025-07-16 06:06:22,994 - ERROR - ❌ Main content not found at https://thuvienphapluat.vn/van-ban/Bo-may-hanh-chinh/Nghi-dinh-155-2025-ND-CP%e2%80%8b-tieu-chuan-dinh-muc-su-dung-tru-so-lam-viec-co-so-hoat-dong-su-nghiep-661016.aspx - saved image error download_bomayhanhchinh/error_file_731.3843334881517_new1.png
2025-07-16 06:06:23,059 - INFO - ⏳ 3.31s between batches...
2025-07-16 06:06:26,367 - INFO - Processing batch 377 to 378
2025-07-16 06:06:28,132 - INFO - ⏳ Waiting 2.66s for user emulation...
2025-07-16 06:06:32,280 - INFO - ⏳ Waiting 5.66s for user emulation...
2025-07-16 06:06:47,691 - ERROR - ❌ Main content not found at https://thuvienphapluat.vn/van-ban/Bo-may-hanh-chinh/Nghi-quyet-1660-NQ-UBTVQH15-2025-sap-xep-cac-don-vi-hanh-chinh-cap-xa-Dak-Lak-661064.aspx - saved image error download_bomayhanhchinh/error_file_1129.5262494008757_new1.png
2025-07-16 06:06:47,756 - INFO - ⏳ 4.80s between batches...
2025-07-16 06:06:52,552 - INFO - Processing batch 378 to 379
2025-07-16 06:06:54,666 - INFO - ⏳ Waiting 3.17s for user emulation...
2025-07-16 06:06:59,278 - INFO - ⏳ Waiting 5.53s for user emulation...
2025-07-16 06:07:13,890 - ERROR - ❌ Main content not found at https://thuvienphapluat.vn/van-ban/Bo-may-hanh-chinh/Nghi-quyet-1658-NQ-UBTVQH15-2025-sap-xep-cac-don-vi-hanh-chinh-cap-xa-Bac-Ninh-661062.aspx - saved image error download_bomayhanhchinh/error_file_1298.0078587752464_new1.png
2025-07-16 06:07:13,955 - INFO - ⏳ 3.06s between batches...
2025-07-16 06:07:17,014 - INFO - Processing batch 379 to 380
2025-07-16 06:07:18,919 - INFO - ⏳ Waiting 3.95s for user emulation...
2025-07-16 06:07:24,346 - INFO - ⏳ Waiting 3.75s for user emulation...
2025-07-16 06:07:37,939 - ERROR - ❌ Main content not found at https://thuvienphapluat.vn/van-ban/Bo-may-hanh-chinh/Nghi-quyet-1657-NQ-UBTVQH15-2025-sap-xep-cac-don-vi-hanh-chinh-cap-xa-Cao-Bang-661061.aspx - saved image error download_bomayhanhchinh/error_file_513.6801135128144_new1.png
2025-07-16 06:07:38,005 - INFO - ⏳ 4.60s between batches...
2025-07-16 06:07:42,609 - INFO - Processing batch 380 to 381
2025-07-16 06:07:44,383 - INFO - ⏳ Waiting 3.86s for user emulation...
2025-07-16 06:07:49,747 - INFO - ⏳ Waiting 3.13s for user emulation...
2025-07-16 06:08:02,139 - ERROR - ❌ Main content not found at https://thuvienphapluat.vn/van-ban/Bo-may-hanh-chinh/Nghi-quyet-1656-NQ-UBTVQH15-2025-sap-xep-cac-don-vi-hanh-chinh-cap-xa-Ha-Noi-661060.aspx - saved image error download_bomayhanhchinh/error_file_488.6046116618243_new1.png
2025-07-16 06:08:02,209 - INFO - ⏳ 4.18s between batches...
2025-07-16 06:08:06,386 - INFO - Processing batch 381 to 382
2025-07-16 06:08:08,230 - INFO - ⏳ Waiting 3.57s for user emulation...
2025-07-16 06:08:13,285 - INFO - ⏳ Waiting 5.73s for user emulation...
2025-07-16 06:08:28,771 - ERROR - ❌ Main content not found at https://thuvienphapluat.vn/van-ban/Bo-may-hanh-chinh/Nghi-quyet-1655-NQ-UBTVQH15-2025-sap-xep-don-vi-hanh-chinh-cap-xa-Ca-Mau-661058.aspx - saved image error download_bomayhanhchinh/error_file_519.5463722583852_new1.png
2025-07-16 06:08:28,836 - INFO - ⏳ 4.93s between batches...
2025-07-16 06:08:33,770 - INFO - Processing batch 382 to 383
2025-07-16 06:08:35,558 - INFO - ⏳ Waiting 2.53s for user emulation...
2025-07-16 06:08:39,580 - INFO - ⏳ Waiting 3.74s for user emulation...
2025-07-16 06:08:52,822 - ERROR - ❌ Main content not found at https://thuvienphapluat.vn/van-ban/Bo-may-hanh-chinh/Nghi-quyet-1654-NQ-UBTVQH15-2025-sap-xep-cac-don-vi-hanh-chinh-cap-xa-An-Giang-661057.aspx - saved image error download_bomayhanhchinh/error_file_1110.6826021113484_new1.png
2025-07-16 06:08:52,887 - INFO - ⏳ 4.67s between batches...
2025-07-16 06:08:57,560 - INFO - Processing batch 383 to 384
2025-07-16 06:08:59,510 - INFO - ⏳ Waiting 2.43s for user emulation...
2025-07-16 06:09:03,456 - INFO - ⏳ Waiting 3.42s for user emulation...
2025-07-16 06:09:16,403 - ERROR - ❌ Main content not found at https://thuvienphapluat.vn/van-ban/Bo-may-hanh-chinh/Nghi-quyet-1671-NQ-UBTVQH15-2025-sap-xep-cac-don-vi-hanh-chinh-cap-xa-Lam-Dong-661107.aspx - saved image error download_bomayhanhchinh/error_file_1176.5467296269885_new1.png
2025-07-16 06:09:16,468 - INFO - ⏳ 3.19s between batches...
2025-07-16 06:09:19,663 - INFO - Processing batch 384 to 385
2025-07-16 06:09:21,650 - INFO - ⏳ Waiting 2.17s for user emulation...
2025-07-16 06:09:25,322 - INFO - ⏳ Waiting 4.47s for user emulation...
2025-07-16 06:09:38,936 - ERROR - ❌ Main content not found at https://thuvienphapluat.vn/van-ban/Bo-may-hanh-chinh/Nghi-quyet-1670-NQ-UBTVQH15-2025-sap-xep-cac-don-vi-hanh-chinh-cap-xa-Lai-Chau-661106.aspx - saved image error download_bomayhanhchinh/error_file_400.2081437950747_new1.png
2025-07-16 06:09:39,001 - INFO - ⏳ 4.21s between batches...
2025-07-16 06:09:43,213 - INFO - Processing batch 385 to 386
2025-07-16 06:09:45,003 - INFO - ⏳ Waiting 3.18s for user emulation...
2025-07-16 06:09:49,816 - INFO - ⏳ Waiting 3.33s for user emulation...
2025-07-16 06:10:02,206 - ERROR - ❌ Main content not found at https://thuvienphapluat.vn/van-ban/Bo-may-hanh-chinh/Nghi-quyet-1666-NQ-UBTVQH15-2025-sap-xep-cac-don-vi-hanh-chinh-cap-xa-Hung-Yen-661102.aspx - saved image error download_bomayhanhchinh/error_file_682.0192635837496_new1.png
2025-07-16 06:10:02,272 - INFO - ⏳ 4.89s between batches...
2025-07-16 06:10:07,165 - INFO - Processing batch 386 to 387
2025-07-16 06:10:09,161 - INFO - ⏳ Waiting 2.81s for user emulation...
2025-07-16 06:10:13,597 - INFO - ⏳ Waiting 3.11s for user emulation...
2025-07-16 06:10:26,067 - ERROR - ❌ Main content not found at https://thuvienphapluat.vn/van-ban/Bo-may-hanh-chinh/Nghi-quyet-1675-NQ-UBTVQH15-2025-sap-xep-cac-don-vi-hanh-chinh-cap-xa-thanh-pho-Hue-661111.aspx - saved image error download_bomayhanhchinh/error_file_1247.906685484369_new1.png
2025-07-16 06:10:26,132 - INFO - ⏳ 4.54s between batches...
2025-07-16 06:10:30,669 - INFO - Processing batch 387 to 388
2025-07-16 06:10:32,283 - INFO - ⏳ Waiting 2.77s for user emulation...
2025-07-16 06:10:36,540 - INFO - ⏳ Waiting 4.91s for user emulation...
2025-07-16 06:10:51,298 - ERROR - ❌ Main content not found at https://thuvienphapluat.vn/van-ban/Bo-may-hanh-chinh/Nghi-quyet-1665-NQ-UBTVQH15-2025-sap-xep-cac-don-vi-hanh-chinh-cap-xa-Ha-Tinh-661101.aspx - saved image error download_bomayhanhchinh/error_file_504.6064913721701_new1.png
2025-07-16 06:10:51,366 - INFO - ⏳ 4.24s between batches...
2025-07-16 06:10:55,606 - INFO - Processing batch 388 to 389
2025-07-16 06:10:57,380 - INFO - ⏳ Waiting 2.05s for user emulation...
2025-07-16 06:11:00,968 - INFO - ⏳ Waiting 3.15s for user emulation...
2025-07-16 06:11:13,247 - ERROR - ❌ Main content not found at https://thuvienphapluat.vn/van-ban/Bo-may-hanh-chinh/Nghi-quyet-1664-NQ-UBTVQH15-2025-sap-xep-cac-don-vi-hanh-chinh-cap-xa-Gia-Lai-661097.aspx - saved image error download_bomayhanhchinh/error_file_1122.61759445682_new1.png
2025-07-16 06:11:13,312 - INFO - ⏳ 4.73s between batches...
2025-07-16 06:11:18,043 - INFO - Processing batch 389 to 390
2025-07-16 06:11:19,917 - INFO - ⏳ Waiting 3.06s for user emulation...
2025-07-16 06:11:24,513 - INFO - ⏳ Waiting 3.13s for user emulation...
2025-07-16 06:11:36,581 - ERROR - ❌ Main content not found at https://thuvienphapluat.vn/van-ban/Bo-may-hanh-chinh/Nghi-quyet-1677-NQ-UBTVQH15-2025-sap-xep-cac-don-vi-hanh-chinh-cap-xa-Quang-Ngai-661113.aspx - saved image error download_bomayhanhchinh/error_file_1329.6348918506544_new1.png
2025-07-16 06:11:36,646 - INFO - ⏳ 4.25s between batches...
2025-07-16 06:11:40,896 - INFO - Processing batch 390 to 391
2025-07-16 06:11:42,895 - INFO - ⏳ Waiting 2.51s for user emulation...
2025-07-16 06:11:46,865 - INFO - ⏳ Waiting 3.79s for user emulation...
2025-07-16 06:11:59,637 - ERROR - ❌ Main content not found at https://thuvienphapluat.vn/van-ban/Bo-may-hanh-chinh/Nghi-quyet-1662-NQ-UBTVQH15-2025-sap-xep-don-vi-hanh-chinh-cap-xa-Dong-Nai-661095.aspx - saved image error download_bomayhanhchinh/error_file_478.6294744207549_new1.png
2025-07-16 06:11:59,702 - INFO - ⏳ 3.92s between batches...
2025-07-16 06:12:03,624 - INFO - Processing batch 391 to 392
2025-07-16 06:12:05,383 - INFO - ⏳ Waiting 3.38s for user emulation...
2025-07-16 06:12:10,215 - INFO - ⏳ Waiting 4.69s for user emulation...
2025-07-16 06:12:24,161 - ERROR - ❌ Main content not found at https://thuvienphapluat.vn/van-ban/Bo-may-hanh-chinh/Nghi-quyet-1661-NQ-UBTVQH15-2025-sap-xep-cac-don-vi-hanh-chinh-cap-xa-Dien-Bien-661094.aspx - saved image error download_bomayhanhchinh/error_file_853.497845665019_new1.png
2025-07-16 06:12:24,225 - INFO - ⏳ 4.14s between batches...
2025-07-16 06:12:28,366 - INFO - Processing batch 392 to 393
2025-07-16 06:12:30,348 - INFO - ⏳ Waiting 2.22s for user emulation...
2025-07-16 06:12:34,046 - INFO - ⏳ Waiting 5.36s for user emulation...
2025-07-16 06:12:48,896 - ERROR - ❌ Main content not found at https://thuvienphapluat.vn/van-ban/Bo-may-hanh-chinh/Nghi-quyet-1684-NQ-UBTVQH15-2025-sap-xep-cac-don-vi-hanh-chinh-cap-xa-Tuyen-Quang-661120.aspx - saved image error download_bomayhanhchinh/error_file_1337.2087768775377_new1.png
2025-07-16 06:12:48,961 - INFO - ⏳ 4.23s between batches...
2025-07-16 06:12:53,192 - INFO - Processing batch 393 to 394
2025-07-16 06:12:55,079 - INFO - ⏳ Waiting 3.89s for user emulation...
2025-07-16 06:13:00,475 - INFO - ⏳ Waiting 4.50s for user emulation...
2025-07-16 06:13:13,977 - ERROR - ❌ Main content not found at https://thuvienphapluat.vn/van-ban/Bo-may-hanh-chinh/Nghi-quyet-1682-NQ-UBTVQH15-2025-sap-xep-cac-don-vi-hanh-chinh-cap-xa-Tay-Ninh-661118.aspx - saved image error download_bomayhanhchinh/error_file_1268.5258297651244_new1.png
2025-07-16 06:13:14,042 - INFO - ⏳ 3.34s between batches...
2025-07-16 06:13:17,384 - INFO - Processing batch 394 to 395
2025-07-16 06:13:19,313 - INFO - ⏳ Waiting 2.13s for user emulation...
2025-07-16 06:13:22,997 - INFO - ⏳ Waiting 5.83s for user emulation...
2025-07-16 06:13:38,675 - ERROR - ❌ Main content not found at https://thuvienphapluat.vn/van-ban/Bo-may-hanh-chinh/Nghi-quyet-1678-NQ-UBTVQH15-2025-sap-xep-cac-don-vi-hanh-chinh-cap-xa-Nghe-An-661114.aspx - saved image error download_bomayhanhchinh/error_file_708.834371530927_new1.png
2025-07-16 06:13:38,742 - INFO - ⏳ 4.60s between batches...
2025-07-16 06:13:43,345 - INFO - Processing batch 395 to 396
2025-07-16 06:13:45,554 - INFO - ⏳ Waiting 3.40s for user emulation...
2025-07-16 06:13:50,400 - INFO - ⏳ Waiting 3.33s for user emulation...
2025-07-16 06:14:02,692 - ERROR - ❌ Main content not found at https://thuvienphapluat.vn/van-ban/Bo-may-hanh-chinh/Nghi-quyet-1676-NQ-UBTVQH15-2025-sap-xep-cac-don-vi-hanh-chinh-cap-xa-Phu-Tho-661112.aspx - saved image error download_bomayhanhchinh/error_file_579.0925528787799_new1.png
2025-07-16 06:14:02,757 - INFO - ⏳ 4.47s between batches...
2025-07-16 06:14:07,227 - INFO - Processing batch 396 to 397
2025-07-16 06:14:09,188 - INFO - ⏳ Waiting 2.78s for user emulation...
2025-07-16 06:14:13,657 - INFO - ⏳ Waiting 4.48s for user emulation...
2025-07-16 06:14:27,390 - ERROR - ❌ Main content not found at https://thuvienphapluat.vn/van-ban/Bo-may-hanh-chinh/Nghi-quyet-1674-NQ-UBTVQH15-2025-sap-xep-cac-don-vi-hanh-chinh-cap-xa-Ninh-Binh-661110.aspx - saved image error download_bomayhanhchinh/error_file_617.8376353425549_new1.png
2025-07-16 06:14:27,454 - INFO - ⏳ 3.73s between batches...
2025-07-16 06:14:31,181 - INFO - Processing batch 397 to 398
2025-07-16 06:14:33,365 - INFO - ⏳ Waiting 3.68s for user emulation...
2025-07-16 06:14:38,501 - INFO - ⏳ Waiting 4.52s for user emulation...
2025-07-16 06:14:52,872 - ERROR - ❌ Main content not found at https://thuvienphapluat.vn/van-ban/Bo-may-hanh-chinh/Nghi-quyet-1672-NQ-UBTVQH15-2025-sap-xep-cac-don-vi-hanh-chinh-cap-xa-Lang-Son-661108.aspx - saved image error download_bomayhanhchinh/error_file_599.4744009164899_new1.png
2025-07-16 06:14:52,941 - INFO - ⏳ 3.47s between batches...
2025-07-16 06:14:56,408 - INFO - Processing batch 398 to 399
2025-07-16 06:14:58,184 - INFO - ⏳ Waiting 2.04s for user emulation...
2025-07-16 06:15:01,803 - INFO - ⏳ Waiting 3.36s for user emulation...
2025-07-16 06:15:14,255 - ERROR - ❌ Main content not found at https://thuvienphapluat.vn/van-ban/Bo-may-hanh-chinh/Nghi-quyet-1667-NQ-UBTVQH15-2025-sap-xep-cac-don-vi-hanh-chinh-cap-xa-Khanh-Hoa-661103.aspx - saved image error download_bomayhanhchinh/error_file_1372.477051743902_new1.png
2025-07-16 06:15:14,321 - INFO - ⏳ 3.89s between batches...
2025-07-16 06:15:18,210 - INFO - Processing batch 399 to 400
2025-07-16 06:15:20,134 - INFO - ⏳ Waiting 2.24s for user emulation...
2025-07-16 06:15:23,849 - INFO - ⏳ Waiting 4.82s for user emulation...
2025-07-16 06:15:37,737 - ERROR - ❌ Main content not found at https://thuvienphapluat.vn/van-ban/Bo-may-hanh-chinh/Quyet-dinh-2038-QD-BTC-2025-cong-bo-thu-tuc-hanh-chinh-sua-doi-linh-vuc-hai-quan-661812.aspx - saved image error download_bomayhanhchinh/error_file_490.85202465620443_new1.png
2025-07-16 06:15:37,801 - INFO - ⏳ 3.28s between batches...
2025-07-16 06:15:41,080 - INFO - Processing batch 400 to 401
2025-07-16 06:15:43,127 - INFO - ⏳ Waiting 2.39s for user emulation...
2025-07-16 06:15:47,095 - INFO - ⏳ Waiting 3.35s for user emulation...
2025-07-16 06:15:59,336 - ERROR - ❌ Main content not found at https://thuvienphapluat.vn/van-ban/Bo-may-hanh-chinh/Nghi-quyet-1686-NQ-UBTVQH15-2025-sap-xep-cac-don-vi-hanh-chinh-cap-xa-Thanh-Hoa-661125.aspx - saved image error download_bomayhanhchinh/error_file_463.97519968548096_new1.png
2025-07-16 06:15:59,401 - INFO - ⏳ 4.32s between batches...
2025-07-16 06:16:03,726 - INFO - Processing batch 401 to 402
2025-07-16 06:16:05,525 - INFO - ⏳ Waiting 3.98s for user emulation...
2025-07-16 06:16:11,051 - INFO - ⏳ Waiting 5.01s for user emulation...
2025-07-16 06:16:25,404 - ERROR - ❌ Main content not found at https://thuvienphapluat.vn/van-ban/Bo-may-hanh-chinh/Quyet-dinh-1881-QD-BNG-2025-cong-bo-thu-tuc-hanh-chinh-sua-doi-linh-vuc-hoi-nghi-hoi-thao-quoc-te-663895.aspx - saved image error download_bomayhanhchinh/error_file_774.7937158400973_new1.png
2025-07-16 06:16:25,469 - INFO - ⏳ 3.14s between batches...
2025-07-16 06:16:28,612 - INFO - Processing batch 402 to 403
2025-07-16 06:16:30,683 - INFO - ⏳ Waiting 2.79s for user emulation...
2025-07-16 06:16:34,934 - INFO - ⏳ Waiting 5.64s for user emulation...
2025-07-16 06:16:49,986 - ERROR - ❌ Main content not found at https://thuvienphapluat.vn/van-ban/Bo-may-hanh-chinh/Quyet-dinh-31-2025-QD-UBND-bai-bo-cac-Quyet-dinh-cua-Uy-ban-tinh-Dak-Lak-663048.aspx - saved image error download_bomayhanhchinh/error_file_705.4534725746015_new1.png
2025-07-16 06:16:50,052 - INFO - ⏳ 4.29s between batches...
2025-07-16 06:16:54,340 - INFO - Processing batch 403 to 404
2025-07-16 06:16:56,486 - INFO - ⏳ Waiting 3.78s for user emulation...
2025-07-16 06:17:01,665 - INFO - ⏳ Waiting 3.14s for user emulation...
2025-07-16 06:17:14,251 - ERROR - ❌ Main content not found at https://thuvienphapluat.vn/van-ban/Bo-may-hanh-chinh/Nghi-quyet-1668-NQ-UBTVQH15-2025-sap-xep-cac-don-vi-hanh-chinh-cap-xa-cua-thanh-pho-Can-Tho-661104.aspx - saved image error download_bomayhanhchinh/error_file_648.0776478880252_new1.png
2025-07-16 06:17:14,321 - INFO - ⏳ 3.40s between batches...
2025-07-16 06:17:17,726 - INFO - Processing batch 404 to 405
2025-07-16 06:17:19,906 - INFO - ⏳ Waiting 3.96s for user emulation...
2025-07-16 06:17:25,323 - INFO - ⏳ Waiting 4.28s for user emulation...
2025-07-16 06:17:38,499 - ERROR - ❌ Main content not found at https://thuvienphapluat.vn/van-ban/Bo-may-hanh-chinh/Nghi-quyet-1663-NQ-UBTVQH15-2025-sap-xep-cac-don-vi-hanh-chinh-cap-xa-Dong-Thap-661096.aspx - saved image error download_bomayhanhchinh/error_file_891.000838936706_new1.png
2025-07-16 06:17:38,564 - INFO - ⏳ 4.05s between batches...
2025-07-16 06:17:42,612 - INFO - Processing batch 405 to 406
2025-07-16 06:17:44,684 - INFO - ⏳ Waiting 3.37s for user emulation...
2025-07-16 06:17:49,554 - INFO - ⏳ Waiting 3.17s for user emulation...
2025-07-16 06:18:02,464 - ERROR - ❌ Main content not found at https://thuvienphapluat.vn/van-ban/Bo-may-hanh-chinh/Nghi-quyet-1659-NQ-UBTVQH15-2025-sap-xep-cac-don-vi-hanh-chinh-cap-xa-thanh-pho-Da-Nang-661063.aspx - saved image error download_bomayhanhchinh/error_file_998.8575194636927_new1.png
2025-07-16 06:18:02,529 - INFO - ⏳ 4.93s between batches...
2025-07-16 06:18:07,458 - INFO - Processing batch 406 to 407
2025-07-16 06:18:09,176 - INFO - ⏳ Waiting 2.06s for user emulation...
2025-07-16 06:18:12,742 - INFO - ⏳ Waiting 5.79s for user emulation...
2025-07-16 06:18:27,915 - ERROR - ❌ Main content not found at https://thuvienphapluat.vn/van-ban/Bat-dong-san/Quyet-dinh-795-QD-UBND-2025-quy-trinh-thu-tuc-hanh-chinh-bien-phap-bao-dam-Van-phong-dang-ky-dat-dai-Cao-Bang-663987.aspx - saved image error download_bomayhanhchinh/error_file_1187.0610567485528_new1.png
2025-07-16 06:18:27,980 - INFO - ⏳ 3.41s between batches...
2025-07-16 06:18:31,390 - INFO - Processing batch 407 to 408
2025-07-16 06:18:33,104 - INFO - ⏳ Waiting 2.64s for user emulation...
2025-07-16 06:18:37,250 - INFO - ⏳ Waiting 5.12s for user emulation...
2025-07-16 06:18:51,346 - ERROR - ❌ Main content not found at https://thuvienphapluat.vn/van-ban/Bo-may-hanh-chinh/Quyet-dinh-1206-QD-UBND-2025-quy-trinh-thu-tuc-hanh-chinh-quan-ly-de-dieu-So-Nong-nghiep-Dien-Bien-661628.aspx - saved image error download_bomayhanhchinh/error_file_827.7730390079748_new1.png
2025-07-16 06:18:51,411 - INFO - ⏳ 4.90s between batches...
2025-07-16 06:18:56,314 - INFO - Processing batch 408 to 409
2025-07-16 06:18:58,265 - INFO - ⏳ Waiting 3.82s for user emulation...
2025-07-16 06:19:03,713 - INFO - ⏳ Waiting 3.53s for user emulation...
2025-07-16 06:19:16,246 - ERROR - ❌ Main content not found at https://thuvienphapluat.vn/van-ban/Bo-may-hanh-chinh/Nghi-quyet-1669-NQ-UBTVQH15-2025-sap-xep-cac-don-vi-hanh-chinh-cap-xa-Hai-Phong-661105.aspx - saved image error download_bomayhanhchinh/error_file_1028.4263938810104_new1.png
2025-07-16 06:19:16,311 - INFO - ⏳ 3.85s between batches...
2025-07-16 06:19:20,157 - INFO - Processing batch 409 to 410
2025-07-16 06:19:21,821 - INFO - ⏳ Waiting 3.27s for user emulation...
2025-07-16 06:19:26,567 - INFO - ⏳ Waiting 4.62s for user emulation...
2025-07-16 06:19:40,210 - ERROR - ❌ Main content not found at https://thuvienphapluat.vn/van-ban/Bo-may-hanh-chinh/Thong-tu-07-2025-TT-BNNMT-phan-cap-quan-ly-Nha-nuoc-linh-vuc-moi-truong-va-bien-doi-khi-hau-662511.aspx - saved image error download_bomayhanhchinh/error_file_1400.598606179402_new1.png
2025-07-16 06:19:40,275 - INFO - ⏳ 4.83s between batches...
2025-07-16 06:19:45,101 - INFO - Processing batch 410 to 411
2025-07-16 06:19:47,259 - INFO - ⏳ Waiting 2.36s for user emulation...
2025-07-16 06:19:51,107 - INFO - ⏳ Waiting 4.44s for user emulation...
2025-07-16 06:20:04,663 - ERROR - ❌ Main content not found at https://thuvienphapluat.vn/van-ban/Bo-may-hanh-chinh/Quyet-dinh-37-2025-QD-UBND-bai-bo-cac-Quyet-dinh-cua-Uy-ban-tinh-Tien-Giang-662210.aspx - saved image error download_bomayhanhchinh/error_file_1365.45101818274_new1.png
2025-07-16 06:20:04,728 - INFO - ⏳ 3.44s between batches...
2025-07-16 06:20:08,168 - INFO - Processing batch 411 to 412
2025-07-16 06:20:10,139 - INFO - ⏳ Waiting 3.25s for user emulation...
2025-07-16 06:20:15,150 - INFO - ⏳ Waiting 5.15s for user emulation...
2025-07-16 06:20:29,626 - ERROR - ❌ Main content not found at https://thuvienphapluat.vn/van-ban/Bo-may-hanh-chinh/Nghi-quyet-1687-NQ-UBTVQH15-2025-sap-xep-cac-don-vi-hanh-chinh-cap-xa-Vinh-Long-661126.aspx - saved image error download_bomayhanhchinh/error_file_1154.5364420626674_new1.png
2025-07-16 06:20:29,691 - INFO - ⏳ 4.43s between batches...
2025-07-16 06:20:34,120 - INFO - Processing batch 412 to 413
2025-07-16 06:20:36,248 - INFO - ⏳ Waiting 2.59s for user emulation...
2025-07-16 06:20:40,530 - INFO - ⏳ Waiting 5.20s for user emulation...
2025-07-16 06:20:55,491 - ERROR - ❌ Main content not found at https://thuvienphapluat.vn/van-ban/Bo-may-hanh-chinh/Nghi-quyet-1673-NQ-UBTVQH15-2025-sap-xep-cac-don-vi-hanh-chinh-cap-xa-Lao-Cai-661109.aspx - saved image error download_bomayhanhchinh/error_file_505.3452238819813_new1.png
2025-07-16 06:20:55,556 - INFO - ⏳ 4.24s between batches...
2025-07-16 06:20:59,795 - INFO - Processing batch 413 to 414
2025-07-16 06:21:01,885 - INFO - ⏳ Waiting 3.81s for user emulation...
2025-07-16 06:21:07,231 - INFO - ⏳ Waiting 4.97s for user emulation...
2025-07-16 06:21:21,174 - ERROR - ❌ Main content not found at https://thuvienphapluat.vn/van-ban/Bo-may-hanh-chinh/Quyet-dinh-2014-QD-UBND-2025-cong-bo-thu-tuc-hanh-chinh-linh-vuc-nong-nghiep-Uy-ban-xa-Ben-Tre-660969.aspx - saved image error download_bomayhanhchinh/error_file_559.196849443073_new1.png
2025-07-16 06:21:21,239 - INFO - ⏳ 3.54s between batches...
2025-07-16 06:21:24,775 - INFO - Processing batch 414 to 415
2025-07-16 06:21:26,752 - INFO - ⏳ Waiting 2.07s for user emulation...
2025-07-16 06:21:30,409 - INFO - ⏳ Waiting 3.14s for user emulation...
2025-07-16 06:21:42,890 - ERROR - ❌ Main content not found at https://thuvienphapluat.vn/van-ban/Bo-may-hanh-chinh/Quyet-dinh-2012-QD-UBND-2025-cong-bo-thu-tuc-hanh-chinh-linh-vuc-nong-nghiep-Uy-ban-huyen-Ben-Tre-660968.aspx - saved image error download_bomayhanhchinh/error_file_1373.7623139170823_new1.png
2025-07-16 06:21:42,954 - INFO - ⏳ 4.19s between batches...
2025-07-16 06:21:47,146 - INFO - Processing batch 415 to 416
2025-07-16 06:21:48,897 - INFO - ⏳ Waiting 2.50s for user emulation...
2025-07-16 06:21:52,922 - INFO - ⏳ Waiting 4.97s for user emulation...
2025-07-16 06:22:07,690 - ERROR - ❌ Main content not found at https://thuvienphapluat.vn/van-ban/Bo-may-hanh-chinh/Quyet-dinh-1346-QD-UBND-2025-cong-bo-thu-tuc-hanh-chinh-Khoang-san-nganh-Cong-Thuong-Ha-Tinh-661227.aspx - saved image error download_bomayhanhchinh/error_file_754.9585963041094_new1.png
2025-07-16 06:22:07,755 - INFO - ⏳ 3.86s between batches...
2025-07-16 06:22:11,610 - INFO - Processing batch 416 to 417
2025-07-16 06:22:13,688 - INFO - ⏳ Waiting 3.59s for user emulation...
2025-07-16 06:22:18,779 - INFO - ⏳ Waiting 4.87s for user emulation...
2025-07-16 06:22:32,554 - ERROR - ❌ Main content not found at https://thuvienphapluat.vn/van-ban/Thue-Phi-Le-Phi/Nghi-quyet-11-2025-NQ-HDND-le-phi-doi-voi-hoat-dong-cung-cap-dich-vu-cong-truc-tuyen-Tra-Vinh-661184.aspx - saved image error download_bomayhanhchinh/error_file_953.3373463088201_new1.png
2025-07-16 06:22:32,618 - INFO - ⏳ 3.33s between batches...
2025-07-16 06:22:35,948 - INFO - Processing batch 417 to 418
2025-07-16 06:22:37,929 - INFO - ⏳ Waiting 2.95s for user emulation...
2025-07-16 06:22:42,351 - INFO - ⏳ Waiting 5.97s for user emulation...
2025-07-16 06:22:58,120 - ERROR - ❌ Main content not found at https://thuvienphapluat.vn/van-ban/Bo-may-hanh-chinh/Quyet-dinh-37-2025-QD-UBND-chuc-nang-nhiem-vu-quyen-han-Thanh-tra-tinh-Thai-Binh-660971.aspx - saved image error download_bomayhanhchinh/error_file_848.7361711705619_new1.png
2025-07-16 06:22:58,185 - INFO - ⏳ 3.32s between batches...
2025-07-16 06:23:01,505 - INFO - Processing batch 418 to 419
2025-07-16 06:23:03,647 - INFO - ⏳ Waiting 2.01s for user emulation...
2025-07-16 06:23:07,183 - INFO - ⏳ Waiting 4.10s for user emulation...
2025-07-16 06:23:20,853 - ERROR - ❌ Main content not found at https://thuvienphapluat.vn/van-ban/Bo-may-hanh-chinh/Thong-tu-19-2025-TT-BYT-phan-cap-tham-quyen-chinh-quyen-dia-phuong-02-cap-linh-vuc-phong-benh-660828.aspx - saved image error download_bomayhanhchinh/error_file_961.4186138319528_new1.png
2025-07-16 06:23:20,918 - INFO - ⏳ 3.42s between batches...
2025-07-16 06:23:24,339 - INFO - Processing batch 419 to 420
2025-07-16 06:23:26,091 - INFO - ⏳ Waiting 3.83s for user emulation...
2025-07-16 06:23:31,407 - INFO - ⏳ Waiting 4.30s for user emulation...
2025-07-16 06:23:45,134 - ERROR - ❌ Main content not found at https://thuvienphapluat.vn/van-ban/Bo-may-hanh-chinh/Thong-tu-18-2025-TT-BYT-phan-dinh-tham-quyen-chinh-quyen-dia-phuong-02-cap-kham-benh-660827.aspx - saved image error download_bomayhanhchinh/error_file_858.6387937885753_new1.png
2025-07-16 06:23:45,199 - INFO - ⏳ 3.54s between batches...
2025-07-16 06:23:48,739 - INFO - Processing batch 420 to 421
2025-07-16 06:23:50,830 - INFO - ⏳ Waiting 3.88s for user emulation...
2025-07-16 06:23:56,174 - INFO - ⏳ Waiting 4.69s for user emulation...
2025-07-16 06:24:10,184 - ERROR - ❌ Main content not found at https://thuvienphapluat.vn/van-ban/Bo-may-hanh-chinh/Thong-tu-17-2025-TT-BYT-phan-dinh-tham-quyen-chinh-quyen-dia-phuong-02-cap-linh-vuc-dan-so-660826.aspx - saved image error download_bomayhanhchinh/error_file_1105.9562751159735_new1.png
2025-07-16 06:24:10,251 - INFO - ⏳ 4.39s between batches...
2025-07-16 06:24:14,644 - INFO - Processing batch 421 to 422
2025-07-16 06:24:16,804 - INFO - ⏳ Waiting 2.23s for user emulation...
2025-07-16 06:24:20,817 - INFO - ⏳ Waiting 5.02s for user emulation...
2025-07-16 06:24:35,398 - ERROR - ❌ Main content not found at https://thuvienphapluat.vn/van-ban/Bo-may-hanh-chinh/Quyet-dinh-2998-QD-UBND-2025-cong-bo-thu-tuc-hanh-chinh-To-chuc-Bien-che-Uy-ban-Thanh-pho-Ha-Noi-661694.aspx - saved image error download_bomayhanhchinh/error_file_1207.1515041065222_new1.png
2025-07-16 06:24:35,463 - INFO - ⏳ 3.24s between batches...
2025-07-16 06:24:38,700 - INFO - Processing batch 422 to 423
2025-07-16 06:24:40,510 - INFO - ⏳ Waiting 3.25s for user emulation...
2025-07-16 06:24:45,273 - INFO - ⏳ Waiting 3.83s for user emulation...
2025-07-16 06:24:58,182 - ERROR - ❌ Main content not found at https://thuvienphapluat.vn/van-ban/Bo-may-hanh-chinh/Quyet-dinh-505-QD-UBND-2025-quy-trinh-thu-tuc-hanh-chinh-Bao-ton-thien-nhien-Kon-Tum-660903.aspx - saved image error download_bomayhanhchinh/error_file_849.2152132817184_new1.png
2025-07-16 06:24:58,247 - INFO - ⏳ 3.58s between batches...
2025-07-16 06:25:01,824 - INFO - Processing batch 423 to 424
2025-07-16 06:25:03,609 - INFO - ⏳ Waiting 2.84s for user emulation...
2025-07-16 06:25:07,981 - INFO - ⏳ Waiting 5.44s for user emulation...
2025-07-16 06:25:22,981 - ERROR - ❌ Main content not found at https://thuvienphapluat.vn/van-ban/Cong-nghe-thong-tin/Quyet-dinh-56-2025-QD-UBND-chuc-nang-nhiem-vu-Trung-tam-Khoa-hoc-Cong-nghe-An-Giang-662093.aspx - saved image error download_bomayhanhchinh/error_file_661.8889124205864_new1.png
2025-07-16 06:25:23,046 - INFO - ⏳ 4.88s between batches...
2025-07-16 06:25:27,929 - INFO - Processing batch 424 to 425
2025-07-16 06:25:29,879 - INFO - ⏳ Waiting 2.06s for user emulation...
2025-07-16 06:25:33,853 - INFO - ⏳ Waiting 4.82s for user emulation...
2025-07-16 06:25:47,897 - ERROR - ❌ Main content not found at https://thuvienphapluat.vn/van-ban/Bo-may-hanh-chinh/Quyet-dinh-55-2025-QD-UBND-sua-doi-Dieu-4-Quyet-dinh-24-2025-QD-UBND-An-Giang-662095.aspx - saved image error download_bomayhanhchinh/error_file_442.51579124921585_new1.png
2025-07-16 06:25:47,962 - INFO - ⏳ 3.29s between batches...
2025-07-16 06:25:51,251 - INFO - Processing batch 425 to 426
2025-07-16 06:25:53,121 - INFO - ⏳ Waiting 3.26s for user emulation...
2025-07-16 06:25:58,200 - INFO - ⏳ Waiting 4.33s for user emulation...
2025-07-16 06:26:03,119 - INFO - Saved txt: download_bomayhanhchinh/new1_Nghi-dinh-154-2025-ND-CP-quy-dinh-tinh-gian-bien-che-658521.txt
2025-07-16 06:26:03,185 - INFO - ⏳ 4.65s between batches...
2025-07-16 06:26:07,831 - INFO - Processing batch 426 to 427
2025-07-16 06:26:09,505 - INFO - ⏳ Waiting 3.47s for user emulation...
2025-07-16 06:26:14,623 - INFO - ⏳ Waiting 5.24s for user emulation...
2025-07-16 06:26:20,930 - INFO - Saved txt: download_bomayhanhchinh/new1_Quyet-dinh-54-2025-QD-UBND-chuc-nang-nhiem-vu-Trung-tam-Tro-giup-phap-ly-Nha-nuoc-An-Giang-662096.txt
2025-07-16 06:26:20,995 - INFO - ⏳ 3.68s between batches...
2025-07-16 06:26:24,676 - INFO - Processing batch 427 to 428
2025-07-16 06:26:26,408 - INFO - ⏳ Waiting 3.86s for user emulation...
2025-07-16 06:26:31,810 - INFO - ⏳ Waiting 4.77s for user emulation...
2025-07-16 06:26:37,403 - INFO - Saved txt: download_bomayhanhchinh/new1_Quyet-dinh-1257-QD-UBND-2025-cong-bo-thu-tuc-hanh-chinh-linh-vuc-Duoc-pham-So-Y-te-Yen-Bai-660953.txt
2025-07-16 06:26:37,473 - INFO - ⏳ 4.89s between batches...
2025-07-16 06:26:42,364 - INFO - Processing batch 428 to 429
2025-07-16 06:26:44,330 - INFO - ⏳ Waiting 2.50s for user emulation...
2025-07-16 06:26:48,492 - INFO - ⏳ Waiting 5.89s for user emulation...
2025-07-16 06:26:55,683 - INFO - Saved txt: download_bomayhanhchinh/new1_Quyet-dinh-1160-QD-TTg-2025-dieu-chinh-Quyet-dinh-758-QD-TTg-sap-xep-don-vi-hanh-chinh-661208.txt
2025-07-16 06:26:55,749 - INFO - ⏳ 4.07s between batches...
2025-07-16 06:26:59,823 - INFO - Processing batch 429 to 430
2025-07-16 06:27:01,565 - INFO - ⏳ Waiting 3.04s for user emulation...
2025-07-16 06:27:06,347 - INFO - ⏳ Waiting 3.21s for user emulation...
2025-07-16 06:27:11,129 - INFO - Saved txt: download_bomayhanhchinh/new1_Quyet-dinh-1412-QD-UBND-2025-cong-bo-thu-tuc-hanh-chinh-Chan-nuoi-Thu-y-So-Nong-nghiep-Son-La-661065.txt
2025-07-16 06:27:11,196 - INFO - ⏳ 4.77s between batches...
2025-07-16 06:27:15,970 - INFO - Processing batch 430 to 431
2025-07-16 06:27:17,988 - INFO - ⏳ Waiting 2.14s for user emulation...
2025-07-16 06:27:21,735 - INFO - ⏳ Waiting 4.69s for user emulation...
2025-07-16 06:27:26,999 - INFO - Saved txt: download_bomayhanhchinh/new1_Quyet-dinh-16-2025-QD-UBND-Quy-che-quan-ly-He-thong-thu-dien-tu-cong-vu-Cao-Bang-661059.txt
2025-07-16 06:27:27,065 - INFO - ⏳ 4.30s between batches...
2025-07-16 06:27:31,366 - INFO - Processing batch 431 to 432
2025-07-16 06:27:33,319 - INFO - ⏳ Waiting 3.65s for user emulation...
2025-07-16 06:27:38,711 - INFO - ⏳ Waiting 5.61s for user emulation...
2025-07-16 06:27:45,551 - INFO - Saved txt: download_bomayhanhchinh/new1_Thong-tu-15-2025-TT-BYT-phan-cap-chinh-quyen-dia-phuong-02-cap-linh-vuc-y-duoc-co-truyen-660930.txt
2025-07-16 06:27:45,616 - INFO - ⏳ 4.05s between batches...
2025-07-16 06:27:49,662 - INFO - Processing batch 432 to 433
2025-07-16 06:27:51,318 - INFO - ⏳ Waiting 3.76s for user emulation...
2025-07-16 06:27:56,591 - INFO - ⏳ Waiting 3.86s for user emulation...
2025-07-16 06:28:01,393 - INFO - Saved txt: download_bomayhanhchinh/new1_Quyet-dinh-433-QD-UBND-2025-bai-bo-mot-so-Quyet-dinh-do-Uy-ban-tinh-ban-hanh-Kon-Tum-660907.txt
2025-07-16 06:28:01,458 - INFO - ⏳ 4.23s between batches...
2025-07-16 06:28:05,687 - INFO - Processing batch 433 to 434
2025-07-16 06:28:07,662 - INFO - ⏳ Waiting 2.55s for user emulation...
2025-07-16 06:28:11,828 - INFO - ⏳ Waiting 4.32s for user emulation...
2025-07-16 06:28:17,277 - INFO - Saved txt: download_bomayhanhchinh/new1_Thong-tu-10-2025-TT-BXD-huong-dan-chuc-nang-co-quan-chuyen-mon-Uy-ban-tinh-linh-vuc-xay-dung-661803.txt
2025-07-16 06:28:17,342 - INFO - ⏳ 4.27s between batches...
2025-07-16 06:28:21,612 - INFO - Processing batch 434 to 435
2025-07-16 06:28:23,247 - INFO - ⏳ Waiting 3.22s for user emulation...
2025-07-16 06:28:28,341 - INFO - ⏳ Waiting 3.35s for user emulation...
2025-07-16 06:28:32,314 - INFO - Saved txt: download_bomayhanhchinh/new1_Thong-tu-16-2025-TT-BYT-phan-dinh-tham-quyen-chinh-quyen-dia-phuong-02-cap-ba-me-tre-em-660820.txt
2025-07-16 06:28:32,381 - INFO - ⏳ 3.87s between batches...
2025-07-16 06:28:36,251 - INFO - Processing batch 435 to 436
2025-07-16 06:28:38,460 - INFO - ⏳ Waiting 3.58s for user emulation...
2025-07-16 06:28:43,618 - INFO - ⏳ Waiting 4.25s for user emulation...
2025-07-16 06:28:48,656 - INFO - Saved txt: download_bomayhanhchinh/new1_Thong-tu-37-2025-TT-BCT-quyen-han-co-quan-chuyen-mon-cong-thuong-Uy-ban-nhan-dan-tinh-660830.txt
2025-07-16 06:28:48,721 - INFO - ⏳ 4.34s between batches...
2025-07-16 06:28:53,059 - INFO - Processing batch 436 to 437
2025-07-16 06:28:55,325 - INFO - ⏳ Waiting 3.92s for user emulation...
2025-07-16 06:29:01,204 - INFO - ⏳ Waiting 5.40s for user emulation...
2025-07-16 06:29:07,963 - INFO - Saved txt: download_bomayhanhchinh/new1_Nghi-dinh-152-2025-ND-CP-phan-cap-phan-quyen-trong-linh-vuc-thi-dua-khen-thuong-660835.txt
2025-07-16 06:29:08,029 - INFO - ⏳ 3.03s between batches...
2025-07-16 06:29:11,063 - INFO - Processing batch 437 to 438
2025-07-16 06:29:12,841 - INFO - ⏳ Waiting 3.75s for user emulation...
2025-07-16 06:29:18,343 - INFO - ⏳ Waiting 3.94s for user emulation...
2025-07-16 06:29:22,965 - INFO - Saved txt: download_bomayhanhchinh/new1_Quyet-dinh-1409-QD-UBND-2025-cong-bo-thu-tuc-hanh-chinh-Lam-nghiep-So-Nong-nghiep-Son-La-660940.txt
2025-07-16 06:29:23,032 - INFO - ⏳ 3.51s between batches...
2025-07-16 06:29:26,547 - INFO - Processing batch 438 to 439
2025-07-16 06:29:28,679 - INFO - ⏳ Waiting 3.24s for user emulation...
2025-07-16 06:29:33,557 - INFO - ⏳ Waiting 4.59s for user emulation...
2025-07-16 06:29:39,339 - INFO - Saved txt: download_bomayhanhchinh/new1_Quyet-dinh-1894-QD-UBND-2025-phuong-an-don-gian-hoa-thu-tuc-hanh-chinh-duong-bo-So-Xay-dung-Thanh-Hoa-660967.txt
2025-07-16 06:29:39,407 - INFO - ⏳ 4.91s between batches...
2025-07-16 06:29:44,314 - INFO - Processing batch 439 to 440
2025-07-16 06:29:46,391 - INFO - ⏳ Waiting 3.58s for user emulation...
2025-07-16 06:29:52,036 - INFO - ⏳ Waiting 5.18s for user emulation...
2025-07-16 06:29:58,689 - INFO - Saved txt: download_bomayhanhchinh/new1_Quyet-dinh-1719-QD-UBND-2025-quy-trinh-thu-tuc-hanh-chinh-tin-nguong-So-Noi-vu-Nam-Dinh-660989.txt
2025-07-16 06:29:58,754 - INFO - ⏳ 3.10s between batches...
2025-07-16 06:30:01,855 - INFO - Processing batch 440 to 441
2025-07-16 06:30:03,934 - INFO - ⏳ Waiting 2.49s for user emulation...
2025-07-16 06:30:08,068 - INFO - ⏳ Waiting 4.37s for user emulation...
2025-07-16 06:30:13,044 - INFO - Saved txt: download_bomayhanhchinh/new1_Quyet-dinh-1718-QD-UBND-2025-quy-trinh-thu-tuc-hanh-chinh-Y-te-du-phong-So-Y-te-Nam-Dinh-660987.txt
2025-07-16 06:30:13,109 - INFO - ⏳ 4.05s between batches...
2025-07-16 06:30:17,158 - INFO - Processing batch 441 to 442
2025-07-16 06:30:19,447 - INFO - ⏳ Waiting 2.43s for user emulation...
2025-07-16 06:30:23,613 - INFO - ⏳ Waiting 5.61s for user emulation...
2025-07-16 06:30:29,816 - INFO - Saved txt: download_bomayhanhchinh/new1_Cong-dien-02-CD-BTC-2025-danh-gia-tinh-hinh-thuc-hien-Nghi-dinh-178-2024-ND-CP-660964.txt
2025-07-16 06:30:29,882 - INFO - ⏳ 4.96s between batches...
2025-07-16 06:30:34,843 - INFO - Processing batch 442 to 443
2025-07-16 06:30:36,795 - INFO - ⏳ Waiting 3.57s for user emulation...
2025-07-16 06:30:41,917 - INFO - ⏳ Waiting 3.15s for user emulation...
2025-07-16 06:30:46,051 - INFO - Saved txt: download_bomayhanhchinh/new1_Quyet-dinh-867-QD-UBND-2025-cong-bo-thu-tuc-hanh-chinh-khoang-san-nganh-Cong-Thuong-Ha-Giang-660806.txt
2025-07-16 06:30:46,117 - INFO - ⏳ 4.81s between batches...
2025-07-16 06:30:50,922 - INFO - Processing batch 443 to 444
2025-07-16 06:30:52,717 - INFO - ⏳ Waiting 3.55s for user emulation...
2025-07-16 06:30:58,163 - INFO - ⏳ Waiting 5.37s for user emulation...
2025-07-16 06:31:04,564 - INFO - Saved txt: download_bomayhanhchinh/new1_Quy-dinh-329-QD-TW-2025-chuc-nang-nhiem-vu-co-quan-chuyen-trach-tham-muu-giup-viec-tinh-uy-660786.txt
2025-07-16 06:31:04,629 - INFO - ⏳ 4.63s between batches...
2025-07-16 06:31:09,259 - INFO - Processing batch 444 to 445
2025-07-16 06:31:11,378 - INFO - ⏳ Waiting 2.27s for user emulation...
2025-07-16 06:31:15,412 - INFO - ⏳ Waiting 5.27s for user emulation...
2025-07-16 06:31:21,281 - INFO - Saved txt: download_bomayhanhchinh/new1_Quy-dinh-305-QD-TW-2025-chuc-nang-nhiem-vu-cua-tinh-uy-thanh-uy-truc-thuoc-Trung-uong-660780.txt
2025-07-16 06:31:21,349 - INFO - ⏳ 4.21s between batches...
2025-07-16 06:31:25,557 - INFO - Processing batch 445 to 446
2025-07-16 06:31:27,511 - INFO - ⏳ Waiting 2.92s for user emulation...
2025-07-16 06:31:32,034 - INFO - ⏳ Waiting 5.19s for user emulation...
2025-07-16 06:31:38,345 - INFO - Saved txt: download_bomayhanhchinh/new1_Quyet-dinh-58-2025-QD-UBND-quan-ly-viec-xuat-nhap-canh-cua-can-bo-cong-chuc-vien-chuc-Vung-Tau-661462.txt
2025-07-16 06:31:38,411 - INFO - ⏳ 3.20s between batches...
2025-07-16 06:31:41,613 - INFO - Processing batch 446 to 447
2025-07-16 06:31:43,622 - INFO - ⏳ Waiting 2.30s for user emulation...
2025-07-16 06:31:47,563 - INFO - ⏳ Waiting 5.42s for user emulation...
2025-07-16 06:31:53,670 - INFO - Saved txt: download_bomayhanhchinh/new1_Quyet-dinh-1707-QD-UBND-2025-cong-tac-xay-dung-thi-hanh-phap-luat-phat-trien-dat-nuoc-Hue-662127.txt
2025-07-16 06:31:53,736 - INFO - ⏳ 4.09s between batches...
2025-07-16 06:31:57,823 - INFO - Processing batch 447 to 448
2025-07-16 06:31:59,951 - INFO - ⏳ Waiting 2.53s for user emulation...
2025-07-16 06:32:04,122 - INFO - ⏳ Waiting 3.81s for user emulation...
2025-07-16 06:32:09,392 - INFO - Saved txt: download_bomayhanhchinh/new1_Quyet-dinh-1629-QD-UBND-2025-thuc-hien-255-NQ-CP-nang-cao-chat-luong-don-vi-cong-lap-Khanh-Hoa-661569.txt
2025-07-16 06:32:09,458 - INFO - ⏳ 3.91s between batches...
2025-07-16 06:32:13,368 - INFO - Processing batch 448 to 449
2025-07-16 06:32:15,550 - INFO - ⏳ Waiting 2.82s for user emulation...
2025-07-16 06:32:19,966 - INFO - ⏳ Waiting 4.92s for user emulation...
2025-07-16 06:32:25,861 - INFO - Saved txt: download_bomayhanhchinh/new1_Quyet-dinh-41-2025-QD-UBND-chuc-nang-nhiem-vu-So-Van-hoa-The-thao-va-Du-lich-Bac-Ninh-661325.txt
2025-07-16 06:32:25,927 - INFO - ⏳ 3.06s between batches...
2025-07-16 06:32:28,984 - INFO - Processing batch 449 to 450
2025-07-16 06:32:31,141 - INFO - ⏳ Waiting 2.17s for user emulation...
2025-07-16 06:32:35,100 - INFO - ⏳ Waiting 4.43s for user emulation...
2025-07-16 06:32:40,932 - INFO - Saved txt: download_bomayhanhchinh/new1_Quyet-dinh-1984-QD-BVHTTDL-2025-thuc-hien-Nghi-quyet-59-NQ-TW-Hoi-nhap-quoc-te-tinh-hinh-moi-661321.txt
2025-07-16 06:32:40,999 - INFO - ⏳ 3.57s between batches...
2025-07-16 06:32:44,570 - INFO - Processing batch 450 to 451
2025-07-16 06:32:46,582 - INFO - ⏳ Waiting 2.61s for user emulation...
2025-07-16 06:32:50,863 - INFO - ⏳ Waiting 5.80s for user emulation...
2025-07-16 06:32:58,073 - INFO - Saved txt: download_bomayhanhchinh/new1_Quyet-dinh-47-2025-QD-UBND-chuc-nang-nhiem-vu-quyen-han-So-Y-te-Quang-Ngai-661082.txt
2025-07-16 06:32:58,139 - INFO - ⏳ 3.23s between batches...
2025-07-16 06:33:01,373 - INFO - Processing batch 451 to 452
2025-07-16 06:33:03,603 - INFO - ⏳ Waiting 3.74s for user emulation...
2025-07-16 06:33:09,340 - INFO - ⏳ Waiting 4.14s for user emulation...
2025-07-16 06:33:14,698 - INFO - Saved txt: download_bomayhanhchinh/new1_Quyet-dinh-586-QD-UBND-2025-dieu-chinh-bien-che-cong-chuc-cua-Hoi-dong-nhan-dan-tinh-Ninh-Binh-661076.txt
2025-07-16 06:33:14,763 - INFO - ⏳ 4.99s between batches...
2025-07-16 06:33:19,757 - INFO - Processing batch 452 to 453
2025-07-16 06:33:21,528 - INFO - ⏳ Waiting 3.46s for user emulation...
2025-07-16 06:33:26,695 - INFO - ⏳ Waiting 4.37s for user emulation...
2025-07-16 06:33:31,978 - INFO - Saved txt: download_bomayhanhchinh/new1_Quyet-dinh-896-QD-UBND-2025-cong-bo-thu-tuc-hanh-chinh-chinh-sach-thue-So-Nong-nghiep-Quang-Ngai-661074.txt
2025-07-16 06:33:32,048 - INFO - ⏳ 3.41s between batches...
2025-07-16 06:33:35,461 - INFO - Processing batch 453 to 454
2025-07-16 06:33:37,433 - INFO - ⏳ Waiting 2.88s for user emulation...
2025-07-16 06:33:41,968 - INFO - ⏳ Waiting 3.14s for user emulation...
2025-07-16 06:33:46,343 - INFO - Saved txt: download_bomayhanhchinh/new1_Quyet-dinh-84-2025-QD-UBND-bai-bo-cac-quyet-dinh-cua-Uy-ban-nhan-dan-Ninh-Binh-661069.txt
2025-07-16 06:33:46,409 - INFO - ⏳ 3.24s between batches...
2025-07-16 06:33:49,647 - INFO - Processing batch 454 to 455
2025-07-16 06:33:51,417 - INFO - ⏳ Waiting 3.82s for user emulation...
2025-07-16 06:33:56,971 - INFO - ⏳ Waiting 5.37s for user emulation...
2025-07-16 06:34:03,679 - INFO - Saved txt: download_bomayhanhchinh/new1_Thong-tu-14-2025-TT-BYT-phan-dinh-tham-quyen-chinh-quyen-dia-phuong-hai-cap-bao-tro-xa-hoi-660752.txt
2025-07-16 06:34:03,744 - INFO - ⏳ 3.19s between batches...
2025-07-16 06:34:06,935 - INFO - Processing batch 455 to 456
2025-07-16 06:34:08,715 - INFO - ⏳ Waiting 3.55s for user emulation...
2025-07-16 06:34:13,688 - INFO - ⏳ Waiting 5.59s for user emulation...
2025-07-16 06:34:19,926 - INFO - Saved txt: download_bomayhanhchinh/new1_Quyet-dinh-31-2025-QD-UBND-sua-doi-Quy-dinh-kem-Quyet-dinh-32-2022-QD-UBND-Binh-Thuan-661680.txt
2025-07-16 06:34:19,993 - INFO - ⏳ 4.55s between batches...
2025-07-16 06:34:24,540 - INFO - Processing batch 456 to 457
2025-07-16 06:34:26,611 - INFO - ⏳ Waiting 2.00s for user emulation...
2025-07-16 06:34:30,263 - INFO - ⏳ Waiting 4.93s for user emulation...
2025-07-16 06:34:35,820 - INFO - Saved txt: download_bomayhanhchinh/new1_Quyet-dinh-31-2025-QD-UBND-sua-doi-Quyet-dinh-14-2025-QD-UBND-Quang-Nam-661235.txt
2025-07-16 06:34:35,887 - INFO - ⏳ 4.48s between batches...
2025-07-16 06:34:40,372 - INFO - Processing batch 457 to 458
2025-07-16 06:34:42,338 - INFO - ⏳ Waiting 4.00s for user emulation...
2025-07-16 06:34:48,031 - INFO - ⏳ Waiting 3.62s for user emulation...
2025-07-16 06:34:52,834 - INFO - Saved txt: download_bomayhanhchinh/new1_Thong-tu-45-2025-TT-BQP-sua-doi-Thong-tu-218-2013-TT-BQP-khieu-nai-trong-Quan-doi-661851.txt
2025-07-16 06:34:52,900 - INFO - ⏳ 4.59s between batches...
2025-07-16 06:34:57,486 - INFO - Processing batch 458 to 459
2025-07-16 06:34:59,264 - INFO - ⏳ Waiting 3.43s for user emulation...
2025-07-16 06:35:04,408 - INFO - ⏳ Waiting 5.65s for user emulation...
2025-07-16 06:35:10,708 - INFO - Saved txt: download_bomayhanhchinh/new1_Quyet-dinh-855-QD-TTPVHCC-2025-cong-bo-dieu-chinh-dia-diem-thuc-hien-thu-tuc-hanh-chinh-Ha-Noi-661689.txt
2025-07-16 06:35:10,774 - INFO - ⏳ 3.09s between batches...
2025-07-16 06:35:13,862 - INFO - Processing batch 459 to 460
2025-07-16 06:35:16,201 - INFO - ⏳ Waiting 2.96s for user emulation...
2025-07-16 06:35:20,995 - INFO - ⏳ Waiting 5.77s for user emulation...
2025-07-16 06:35:27,496 - INFO - Saved txt: download_bomayhanhchinh/new1_Quyet-dinh-330-QD-TW-2025-Quy-che-lam-viec-mau-tinh-uy-thanh-uy-truc-thuoc-Trung-uong-661392.txt
2025-07-16 06:35:27,563 - INFO - ⏳ 4.40s between batches...
2025-07-16 06:35:31,968 - INFO - Processing batch 460 to 461
2025-07-16 06:35:33,989 - INFO - ⏳ Waiting 2.13s for user emulation...
2025-07-16 06:35:38,071 - INFO - ⏳ Waiting 3.64s for user emulation...
2025-07-16 06:35:43,249 - INFO - Saved txt: download_bomayhanhchinh/new1_Thong-tu-38-2025-TT-BTC-sua-doi-Thong-tu-22-2021-TT-BTC-nhiem-vu-Hoi-dong-giam-sat-xo-so-661348.txt
2025-07-16 06:35:43,317 - INFO - ⏳ 3.26s between batches...
2025-07-16 06:35:46,581 - INFO - Processing batch 461 to 462
2025-07-16 06:35:48,602 - INFO - ⏳ Waiting 2.45s for user emulation...
2025-07-16 06:35:52,804 - INFO - ⏳ Waiting 5.44s for user emulation...
2025-07-16 06:35:58,955 - INFO - Saved txt: download_bomayhanhchinh/new1_Quyet-dinh-1870-QD-BNG-2025-dinh-chinh-Thong-tu-06-2023-TT-BNG-sua-doi-01-2011-TT-BNG-662890.txt
2025-07-16 06:35:59,021 - INFO - ⏳ 3.39s between batches...
2025-07-16 06:36:02,410 - INFO - Processing batch 462 to 463
2025-07-16 06:36:04,429 - INFO - ⏳ Waiting 2.94s for user emulation...
2025-07-16 06:36:09,102 - INFO - ⏳ Waiting 3.24s for user emulation...
2025-07-16 06:36:13,614 - INFO - Saved txt: download_bomayhanhchinh/new1_Quyet-dinh-43-2025-QD-UBND-chuc-nang-nhiem-vu-quyen-han-co-cau-to-chuc-So-Tai-chinh-Bac-Ninh-661362.txt
2025-07-16 06:36:13,679 - INFO - ⏳ 3.48s between batches...
2025-07-16 06:36:17,161 - INFO - Processing batch 463 to 464
2025-07-16 06:36:19,278 - INFO - ⏳ Waiting 3.80s for user emulation...
2025-07-16 06:36:24,964 - INFO - ⏳ Waiting 4.49s for user emulation...
2025-07-16 06:36:30,728 - INFO - Saved txt: download_bomayhanhchinh/new1_Quyet-dinh-1640-QD-UBND-2025-quy-trinh-thu-tuc-hanh-chinh-dau-thau-Ban-Quan-ly-Van-Phong-Khanh-Hoa-662275.txt
2025-07-16 06:36:30,795 - INFO - ⏳ 3.55s between batches...
2025-07-16 06:36:34,349 - INFO - Processing batch 464 to 465
2025-07-16 06:36:36,464 - INFO - ⏳ Waiting 3.63s for user emulation...
2025-07-16 06:36:41,964 - INFO - ⏳ Waiting 3.52s for user emulation...
2025-07-16 06:36:46,074 - INFO - Saved txt: download_bomayhanhchinh/new1_Quyet-dinh-796-QD-BXD-2025-thu-tuc-hanh-chinh-phuong-tien-giao-thong-duong-bo-dang-ky-tai-nuoc-ngoai-661013.txt
2025-07-16 06:36:46,139 - INFO - ⏳ 3.63s between batches...
2025-07-16 06:36:49,765 - INFO - Processing batch 465 to 466
2025-07-16 06:36:51,512 - INFO - ⏳ Waiting 2.34s for user emulation...
2025-07-16 06:36:55,564 - INFO - ⏳ Waiting 4.79s for user emulation...
2025-07-16 06:37:01,869 - INFO - Saved txt: download_bomayhanhchinh/new1_Quyet-dinh-1704-QD-UBND-2025-thu-tuc-hanh-chinh-cat-giam-thoi-gian-dia-chat-So-Nong-nghiep-Hue-662125.txt
2025-07-16 06:37:01,936 - INFO - ⏳ 4.77s between batches...
2025-07-16 06:37:06,704 - INFO - Processing batch 466 to 467
2025-07-16 06:37:08,780 - INFO - ⏳ Waiting 2.40s for user emulation...
2025-07-16 06:37:13,017 - INFO - ⏳ Waiting 4.71s for user emulation...
2025-07-16 06:37:18,345 - INFO - Saved txt: download_bomayhanhchinh/new1_Quyet-dinh-32-2025-QD-UBND-bai-bo-Quyet-dinh-09-2013-QD-UBND-Quang-Nam-661237.txt
2025-07-16 06:37:18,411 - INFO - ⏳ 3.41s between batches...
2025-07-16 06:37:21,817 - INFO - Processing batch 467 to 468
2025-07-16 06:37:23,854 - INFO - ⏳ Waiting 2.79s for user emulation...
2025-07-16 06:37:28,294 - INFO - ⏳ Waiting 4.83s for user emulation...
2025-07-16 06:37:34,275 - INFO - Saved txt: download_bomayhanhchinh/new1_Nghi-quyet-10-2025-NQ-HDND-ket-qua-giam-sat-cong-tac-tiep-cong-dan-giai-quyet-khieu-nai-Ha-Noi-662465.txt
2025-07-16 06:37:34,340 - INFO - ⏳ 3.76s between batches...
2025-07-16 06:37:38,098 - INFO - Processing batch 468 to 469
2025-07-16 06:37:40,091 - INFO - ⏳ Waiting 3.52s for user emulation...
2025-07-16 06:37:45,582 - INFO - ⏳ Waiting 3.25s for user emulation...
2025-07-16 06:37:50,257 - INFO - Saved txt: download_bomayhanhchinh/new1_Quyet-dinh-893-QD-UBND-2025-cong-bo-thu-tuc-hanh-chinh-dau-tu-nong-nghiep-So-Tai-chinh-Quang-Ngai-660908.txt
2025-07-16 06:37:50,323 - INFO - ⏳ 3.20s between batches...
2025-07-16 06:37:53,521 - INFO - Processing batch 469 to 470
2025-07-16 06:37:55,227 - INFO - ⏳ Waiting 2.85s for user emulation...
2025-07-16 06:37:59,937 - INFO - ⏳ Waiting 3.04s for user emulation...
2025-07-16 06:38:03,919 - INFO - Saved txt: download_bomayhanhchinh/new1_Thong-tu-09-2025-TT-BXD-sua-doi-Thong-tu-linh-vuc-quan-ly-sap-xep-to-chuc-bo-may-661802.txt
2025-07-16 06:38:03,989 - INFO - ⏳ 3.04s between batches...
2025-07-16 06:38:07,028 - INFO - Processing batch 470 to 471
2025-07-16 06:38:08,740 - INFO - ⏳ Waiting 3.02s for user emulation...
2025-07-16 06:38:13,519 - INFO - ⏳ Waiting 5.08s for user emulation...
2025-07-16 06:38:19,235 - INFO - Saved txt: download_bomayhanhchinh/new1_Quyet-dinh-1187-QD-UBND-2025-cong-bo-thu-tuc-hanh-chinh-Bao-ve-thuc-vat-So-Nong-nghiep-Dien-Bien-661626.txt
2025-07-16 06:38:19,302 - INFO - ⏳ 3.64s between batches...
2025-07-16 06:38:22,943 - INFO - Processing batch 471 to 472
2025-07-16 06:38:25,040 - INFO - ⏳ Waiting 2.81s for user emulation...
2025-07-16 06:38:29,546 - INFO - ⏳ Waiting 3.05s for user emulation...
2025-07-16 06:38:33,306 - INFO - Saved txt: download_bomayhanhchinh/new1_Quyet-dinh-775-QD-UBND-2025-cong-bo-thu-tuc-hanh-chinh-toan-trinh-So-Xay-dung-Cao-bang-663986.txt
2025-07-16 06:38:33,371 - INFO - ⏳ 3.08s between batches...
2025-07-16 06:38:36,451 - INFO - Processing batch 472 to 473
2025-07-16 06:38:38,594 - INFO - ⏳ Waiting 3.99s for user emulation...
2025-07-16 06:38:44,629 - INFO - ⏳ Waiting 4.25s for user emulation...
2025-07-16 06:38:49,779 - INFO - Saved txt: download_bomayhanhchinh/new1_Quyet-dinh-1768-QD-BVHTTDL-2025-thu-tuc-hanh-chinh-cap-dia-phuong-du-dieu-kien-cap-dich-vu-cong-truc-tuyen-660592.txt
2025-07-16 06:38:49,849 - INFO - ⏳ 3.06s between batches...
2025-07-16 06:38:52,905 - INFO - Processing batch 473 to 474
2025-07-16 06:38:54,978 - INFO - ⏳ Waiting 2.72s for user emulation...
2025-07-16 06:38:59,560 - INFO - ⏳ Waiting 4.78s for user emulation...
2025-07-16 06:39:05,812 - INFO - Saved txt: download_bomayhanhchinh/new1_Cong-dien-87-CD-TTg-2025-day-manh-phan-cap-phan-quyen-phan-dinh-tham-quyen-cac-nganh-linh-vuc-660719.txt
2025-07-16 06:39:05,878 - INFO - ⏳ 4.27s between batches...
2025-07-16 06:39:10,150 - INFO - Processing batch 474 to 475
2025-07-16 06:39:11,994 - INFO - ⏳ Waiting 2.38s for user emulation...
2025-07-16 06:39:16,072 - INFO - ⏳ Waiting 4.77s for user emulation...
2025-07-16 06:39:21,559 - INFO - Saved txt: download_bomayhanhchinh/new1_Quyet-dinh-1474-QD-UBND-2025-cong-bo-Danh-muc-thu-tuc-hanh-chinh-So-Cong-Thuong-Can-Tho-660633.txt
2025-07-16 06:39:21,629 - INFO - ⏳ 4.84s between batches...
2025-07-16 06:39:26,471 - INFO - Processing batch 475 to 476
2025-07-16 06:39:28,586 - INFO - ⏳ Waiting 2.73s for user emulation...
2025-07-16 06:39:32,934 - INFO - ⏳ Waiting 5.93s for user emulation...
2025-07-16 06:39:40,052 - INFO - Saved txt: download_bomayhanhchinh/new1_Quyet-dinh-636-QD-UBND-2025-thu-tuc-hanh-chinh-tiep-nhan-khong-phu-thuoc-dia-gioi-hanh-chinh-Ninh-Binh-660993.txt
2025-07-16 06:39:40,120 - INFO - ⏳ 3.45s between batches...
2025-07-16 06:39:43,574 - INFO - Processing batch 476 to 477
2025-07-16 06:39:45,621 - INFO - ⏳ Waiting 2.96s for user emulation...
2025-07-16 06:39:50,533 - INFO - ⏳ Waiting 3.71s for user emulation...
2025-07-16 06:39:55,826 - INFO - Saved txt: download_bomayhanhchinh/new1_Quyet-dinh-2103-QD-BNNMT-2025-cong-bo-thu-tuc-hanh-chinh-linh-vuc-bao-ton-thien-nhien-661151.txt
2025-07-16 06:39:55,899 - INFO - ⏳ 3.53s between batches...
2025-07-16 06:39:59,434 - INFO - Processing batch 477 to 478
2025-07-16 06:40:01,497 - INFO - ⏳ Waiting 2.82s for user emulation...
2025-07-16 06:40:05,819 - INFO - ⏳ Waiting 4.57s for user emulation...
2025-07-16 06:40:11,095 - INFO - Saved txt: download_bomayhanhchinh/new1_Quyet-dinh-1200-QD-UBND-2025-cong-bo-thu-tuc-hanh-chinh-lao-dong-tien-luong-So-Noi-vu-Vinh-Phuc-660808.txt
2025-07-16 06:40:11,159 - INFO - ⏳ 4.13s between batches...
2025-07-16 06:40:15,294 - INFO - Processing batch 478 to 479
2025-07-16 06:40:17,149 - INFO - ⏳ Waiting 3.10s for user emulation...
2025-07-16 06:40:21,885 - INFO - ⏳ Waiting 4.84s for user emulation...
2025-07-16 06:40:27,725 - INFO - Saved txt: download_bomayhanhchinh/new1_Quyet-dinh-1206-QD-UBND-2025-cong-bo-thu-tuc-hanh-chinh-lao-dong-ngoai-nuoc-So-Noi-vu-Vinh-Phuc-660804.txt
2025-07-16 06:40:27,790 - INFO - ⏳ 3.93s between batches...
2025-07-16 06:40:31,716 - INFO - Processing batch 479 to 480
2025-07-16 06:40:33,508 - INFO - ⏳ Waiting 3.06s for user emulation...
2025-07-16 06:40:38,219 - INFO - ⏳ Waiting 3.87s for user emulation...
2025-07-16 06:40:43,050 - INFO - Saved txt: download_bomayhanhchinh/new1_Quyet-dinh-1198-QD-UBND-2025-cong-bo-thu-tuc-hanh-chinh-an-toan-ve-sinh-lao-dong-So-Noi-vu-Vinh-Phuc-660805.txt
2025-07-16 06:40:43,115 - INFO - ⏳ 3.33s between batches...
2025-07-16 06:40:46,448 - INFO - Processing batch 480 to 481
2025-07-16 06:40:48,413 - INFO - ⏳ Waiting 3.94s for user emulation...
2025-07-16 06:40:53,862 - INFO - ⏳ Waiting 3.90s for user emulation...
2025-07-16 06:40:59,235 - INFO - Saved txt: download_bomayhanhchinh/new1_Quyet-dinh-1197-QD-UBND-2025-cong-bo-thu-tuc-hanh-chinh-linh-vuc-lao-dong-So-Noi-vu-Vinh-Phuc-660803.txt
2025-07-16 06:40:59,300 - INFO - ⏳ 4.71s between batches...
2025-07-16 06:41:04,008 - INFO - Processing batch 481 to 482
2025-07-16 06:41:05,968 - INFO - ⏳ Waiting 2.45s for user emulation...
2025-07-16 06:41:10,151 - INFO - ⏳ Waiting 4.58s for user emulation...
2025-07-16 06:41:15,617 - INFO - Saved txt: download_bomayhanhchinh/new1_Quyet-dinh-1484-QD-UBND-2025-quy-trinh-noi-bo-giai-quyet-thu-tuc-hanh-chinh-So-Tu-phap-Can-Tho-660632.txt
2025-07-16 06:41:15,682 - INFO - ⏳ 3.04s between batches...
2025-07-16 06:41:18,724 - INFO - Processing batch 482 to 483
2025-07-16 06:41:20,750 - INFO - ⏳ Waiting 2.06s for user emulation...
2025-07-16 06:41:24,444 - INFO - ⏳ Waiting 4.55s for user emulation...
2025-07-16 06:41:30,395 - INFO - Saved txt: download_bomayhanhchinh/new1_Quyet-dinh-1025-QD-UBND-2025-cong-bo-thu-tuc-hanh-chinh-noi-bo-So-Van-hoa-Bac-Ninh-661081.txt
2025-07-16 06:41:30,460 - INFO - ⏳ 3.25s between batches...
2025-07-16 06:41:33,706 - INFO - Processing batch 483 to 484
2025-07-16 06:41:35,450 - INFO - ⏳ Waiting 3.61s for user emulation...
2025-07-16 06:41:40,721 - INFO - ⏳ Waiting 5.75s for user emulation...
2025-07-16 06:41:47,466 - INFO - Saved txt: download_bomayhanhchinh/new1_Quyet-dinh-1201-QD-CT-2025-cong-bo-thu-tuc-hanh-chinh-Quan-ly-de-dieu-So-Nong-nghiep-Vinh-Phuc-661962.txt
2025-07-16 06:41:47,531 - INFO - ⏳ 4.47s between batches...
2025-07-16 06:41:52,005 - INFO - Processing batch 484 to 485
2025-07-16 06:41:53,946 - INFO - ⏳ Waiting 2.76s for user emulation...
2025-07-16 06:41:58,842 - INFO - ⏳ Waiting 3.45s for user emulation...
2025-07-16 06:42:03,502 - INFO - Saved txt: download_bomayhanhchinh/new1_Quyet-dinh-2106-QD-BNNMT-2025-quy-trinh-thu-tuc-hanh-chinh-tham-dinh-bao-cao-danh-gia-tac-dong-moi-truong-661352.txt
2025-07-16 06:42:03,568 - INFO - ⏳ 3.79s between batches...
2025-07-16 06:42:07,357 - INFO - Processing batch 485 to 486
2025-07-16 06:42:09,147 - INFO - ⏳ Waiting 2.15s for user emulation...
2025-07-16 06:42:12,943 - INFO - ⏳ Waiting 5.50s for user emulation...
2025-07-16 06:42:19,547 - INFO - Saved txt: download_bomayhanhchinh/new1_Quyet-dinh-1024-QD-UBND-2025-chuc-nang-nhiem-vu-quyen-han-Trung-tam-Xuc-tien-dau-tu-Bac-Ninh-661080.txt
2025-07-16 06:42:19,613 - INFO - ⏳ 4.48s between batches...
2025-07-16 06:42:24,091 - INFO - Processing batch 486 to 487
2025-07-16 06:42:25,805 - INFO - ⏳ Waiting 3.59s for user emulation...
2025-07-16 06:42:31,750 - INFO - ⏳ Waiting 4.40s for user emulation...
2025-07-16 06:42:37,305 - INFO - Saved txt: download_bomayhanhchinh/new1_Quyet-dinh-2026-QD-BTC-2025-phe-duyet-Danh-muc-dich-vu-cong-truc-tuyen-toan-trinh-661027.txt
2025-07-16 06:42:37,371 - INFO - ⏳ 4.72s between batches...
2025-07-16 06:42:42,092 - INFO - Processing batch 487 to 488
2025-07-16 06:42:44,084 - INFO - ⏳ Waiting 2.67s for user emulation...
2025-07-16 06:42:48,644 - INFO - ⏳ Waiting 4.41s for user emulation...
2025-07-16 06:42:53,768 - INFO - Saved txt: download_bomayhanhchinh/new1_Thong-tu-12-2025-TT-BGDDT-phan-quyen-chinh-quyen-dia-phuong-hai-cap-linh-vuc-nha-giao-662382.txt
2025-07-16 06:42:53,839 - INFO - ⏳ 4.79s between batches...
2025-07-16 06:42:58,630 - INFO - Processing batch 488 to 489
2025-07-16 06:43:00,624 - INFO - ⏳ Waiting 2.53s for user emulation...
2025-07-16 06:43:04,888 - INFO - ⏳ Waiting 4.01s for user emulation...
2025-07-16 06:43:10,275 - INFO - Saved txt: download_bomayhanhchinh/new1_Quyet-dinh-1677-QD-UBND-2025-cong-bo-thu-tuc-hanh-chinh-quan-ly-de-dieu-So-Nong-nghiep-Vung-Tau-660712.txt
2025-07-16 06:43:10,341 - INFO - ⏳ 3.06s between batches...
2025-07-16 06:43:13,400 - INFO - Processing batch 489 to 490
2025-07-16 06:43:15,208 - INFO - ⏳ Waiting 2.09s for user emulation...
2025-07-16 06:43:19,010 - INFO - ⏳ Waiting 4.34s for user emulation...
2025-07-16 06:43:24,049 - INFO - Saved txt: download_bomayhanhchinh/new1_Quyet-dinh-1998-QD-UBND-2025-cong-bo-thu-tuc-hanh-chinh-dich-vu-cong-truc-tuyen-toan-trinh-Binh-Dinh-661644.txt
2025-07-16 06:43:24,116 - INFO - ⏳ 4.72s between batches...
2025-07-16 06:43:28,839 - INFO - Processing batch 490 to 491
2025-07-16 06:43:30,774 - INFO - ⏳ Waiting 2.69s for user emulation...
2025-07-16 06:43:35,183 - INFO - ⏳ Waiting 5.38s for user emulation...
2025-07-16 06:43:41,594 - INFO - Saved txt: download_bomayhanhchinh/new1_Quyet-dinh-851-QD-TTPVHCC-2025-quy-trinh-thu-tuc-hanh-chinh-linh-vuc-viec-lam-So-Noi-vu-Ha-Noi-661695.txt
2025-07-16 06:43:41,659 - INFO - ⏳ 3.14s between batches...
2025-07-16 06:43:44,801 - INFO - Processing batch 491 to 492
2025-07-16 06:43:46,727 - INFO - ⏳ Waiting 3.63s for user emulation...
2025-07-16 06:43:52,409 - INFO - ⏳ Waiting 3.61s for user emulation...
2025-07-16 06:43:56,796 - INFO - Saved txt: download_bomayhanhchinh/new1_Nghi-dinh-133-2025-ND-CP-phan-quyen-phan-cap-trong-linh-vuc-quan-ly-Nha-nuoc-Bo-Khoa-hoc-660660.txt
2025-07-16 06:43:56,863 - INFO - ⏳ 3.66s between batches...
2025-07-16 06:44:00,522 - INFO - Processing batch 492 to 493
2025-07-16 06:44:02,282 - INFO - ⏳ Waiting 2.99s for user emulation...
2025-07-16 06:44:07,800 - INFO - ⏳ Waiting 3.55s for user emulation...
2025-07-16 06:44:12,405 - INFO - Saved txt: download_bomayhanhchinh/new1_Nghi-dinh-148-2025-ND-CP-phan-quyen-phan-cap-trong-linh-vuc-y-te-660657.txt
2025-07-16 06:44:12,473 - INFO - ⏳ 4.14s between batches...
2025-07-16 06:44:16,612 - INFO - Processing batch 493 to 494
2025-07-16 06:44:18,545 - INFO - ⏳ Waiting 2.76s for user emulation...
2025-07-16 06:44:23,166 - INFO - ⏳ Waiting 5.47s for user emulation...
2025-07-16 06:44:29,799 - INFO - Saved txt: download_bomayhanhchinh/new1_Thong-tu-09-2025-TT-BGDDT-phan-cap-tham-quyen-chinh-quyen-dia-phuong-hai-cap-giao-duc-mam-non-662380.txt
2025-07-16 06:44:29,869 - INFO - ⏳ 3.06s between batches...
2025-07-16 06:44:32,926 - INFO - Processing batch 494 to 495
2025-07-16 06:44:34,752 - INFO - ⏳ Waiting 2.55s for user emulation...
2025-07-16 06:44:39,108 - INFO - ⏳ Waiting 3.13s for user emulation...
2025-07-16 06:44:43,279 - INFO - Saved txt: download_bomayhanhchinh/new1_Thong-tu-13-2025-TT-BGDDT-phan-dinh-tham-quyen-chinh-quyen-dia-phuong-hai-cap-linh-vuc-giao-duc-662383.txt
2025-07-16 06:44:43,345 - INFO - ⏳ 4.11s between batches...
2025-07-16 06:44:47,452 - INFO - Processing batch 495 to 496
2025-07-16 06:44:49,446 - INFO - ⏳ Waiting 2.53s for user emulation...
2025-07-16 06:44:53,933 - INFO - ⏳ Waiting 4.03s for user emulation...
2025-07-16 06:44:59,307 - INFO - Saved txt: download_bomayhanhchinh/new1_Nghi-dinh-131-2025-ND-CP-phan-dinh-tham-quyen-chinh-quyen-02-cap-linh-vuc-quan-ly-Bo-Nong-nghiep-660659.txt
2025-07-16 06:44:59,372 - INFO - ⏳ 3.29s between batches...
2025-07-16 06:45:02,659 - INFO - Processing batch 496 to 497
2025-07-16 06:45:04,593 - INFO - ⏳ Waiting 3.19s for user emulation...
2025-07-16 06:45:09,568 - INFO - ⏳ Waiting 3.62s for user emulation...
2025-07-16 06:45:14,180 - INFO - Saved txt: download_bomayhanhchinh/new1_Nghi-quyet-202-2025-QH15-sap-xep-don-vi-hanh-chinh-cap-tinh-648951.txt
2025-07-16 06:45:14,245 - INFO - ⏳ 4.93s between batches...
2025-07-16 06:45:19,172 - INFO - Processing batch 497 to 498
2025-07-16 06:45:21,145 - INFO - ⏳ Waiting 3.98s for user emulation...
2025-07-16 06:45:26,923 - INFO - ⏳ Waiting 3.46s for user emulation...
2025-07-16 06:45:31,660 - INFO - Saved txt: download_bomayhanhchinh/new1_Nghi-dinh-141-2025-ND-CP-phan-dinh-tham-quyen-chinh-quyen-02-cap-linh-vuc-quan-ly-cua-Thanh-tra-Chinh-phu-660598.txt
2025-07-16 06:45:31,724 - INFO - ⏳ 3.63s between batches...
2025-07-16 06:45:35,354 - INFO - Processing batch 498 to 499
2025-07-16 06:45:37,377 - INFO - ⏳ Waiting 3.91s for user emulation...
2025-07-16 06:45:42,899 - INFO - ⏳ Waiting 3.56s for user emulation...
2025-07-16 06:45:48,023 - INFO - Saved txt: download_bomayhanhchinh/new1_Nghi-dinh-139-2025-ND-CP-phan-dinh-tham-quyen-cua-chinh-quyen-dia-phuong-02-cap-Bo-Cong-Thuong-660641.txt
2025-07-16 06:45:48,089 - INFO - ⏳ 4.40s between batches...
2025-07-16 06:45:52,491 - INFO - Processing batch 499 to 500
2025-07-16 06:45:54,172 - INFO - ⏳ Waiting 2.48s for user emulation...
2025-07-16 06:45:58,598 - INFO - ⏳ Waiting 5.35s for user emulation...
2025-07-16 06:46:04,665 - INFO - Saved txt: download_bomayhanhchinh/new1_Nghi-dinh-132-2025-ND-CP-phan-dinh-tham-quyen-cua-chinh-quyen-dia-phuong-02-cap-Bo-Khoa-hoc-660636.txt
2025-07-16 06:46:04,733 - INFO - ⏳ 4.42s between batches...
2025-07-16 06:46:09,157 - INFO - Processing batch 500 to 501
2025-07-16 06:46:11,076 - INFO - ⏳ Waiting 2.73s for user emulation...
2025-07-16 06:46:15,614 - INFO - ⏳ Waiting 5.13s for user emulation...
2025-07-16 06:46:22,115 - INFO - Saved txt: download_bomayhanhchinh/new1_Nghi-dinh-145-2025-ND-CP-phan-dinh-tham-quyen-chinh-quyen-02-cap-linh-vuc-quy-hoach-do-thi-nong-thon-660607.txt
2025-07-16 06:46:22,180 - INFO - ⏳ 4.51s between batches...
2025-07-16 06:46:26,693 - INFO - Processing batch 501 to 502
2025-07-16 06:46:28,603 - INFO - ⏳ Waiting 3.40s for user emulation...
2025-07-16 06:46:33,861 - INFO - ⏳ Waiting 4.46s for user emulation...
2025-07-16 06:46:39,214 - INFO - Saved txt: download_bomayhanhchinh/new1_Nghi-dinh-138-2025-ND-CP-phan-quyen-phan-cap-trong-linh-vuc-van-hoa-the-thao-va-du-lich-660597.txt
2025-07-16 06:46:39,279 - INFO - ⏳ 3.39s between batches...
2025-07-16 06:46:42,669 - INFO - Processing batch 502 to 503
2025-07-16 06:46:44,615 - INFO - ⏳ Waiting 2.75s for user emulation...
2025-07-16 06:46:49,133 - INFO - ⏳ Waiting 3.85s for user emulation...
2025-07-16 06:46:53,818 - INFO - Saved txt: download_bomayhanhchinh/new1_Nghi-dinh-140-2025-ND-CP-phan-dinh-tham-quyen-chinh-quyen-02-cap-linh-vuc-quan-ly-cua-Bo-Xay-dung-660586.txt
2025-07-16 06:46:53,889 - INFO - ⏳ 3.06s between batches...
2025-07-16 06:46:56,952 - INFO - Processing batch 503 to 504
2025-07-16 06:46:58,701 - INFO - ⏳ Waiting 2.94s for user emulation...
2025-07-16 06:47:03,666 - INFO - ⏳ Waiting 3.51s for user emulation...
2025-07-16 06:47:08,013 - INFO - Saved txt: download_bomayhanhchinh/new1_Nghi-dinh-146-2025-ND-CP-phan-quyen-phan-cap-trong-linh-vuc-cong-nghiep-va-thuong-mai-660605.txt
2025-07-16 06:47:08,080 - INFO - ⏳ 4.97s between batches...
2025-07-16 06:47:13,054 - INFO - Processing batch 504 to 505
2025-07-16 06:47:15,165 - INFO - ⏳ Waiting 2.84s for user emulation...
2025-07-16 06:47:19,960 - INFO - ⏳ Waiting 3.89s for user emulation...
2025-07-16 06:47:25,057 - INFO - Saved txt: download_bomayhanhchinh/new1_Thong-tu-09-2025-TT-BVHTTDL-phan-cap-tham-quyen-chinh-quyen-dia-phuong-02-cap-linh-vuc-van-hoa-660717.txt
2025-07-16 06:47:25,123 - INFO - ⏳ 4.09s between batches...
2025-07-16 06:47:29,209 - INFO - Processing batch 505 to 506
2025-07-16 06:47:31,234 - INFO - ⏳ Waiting 3.10s for user emulation...
2025-07-16 06:47:36,397 - INFO - ⏳ Waiting 4.17s for user emulation...
2025-07-16 06:47:41,765 - INFO - Saved txt: download_bomayhanhchinh/new1_Nghi-dinh-136-2025-ND-CP-phan-quyen-phan-cap-trong-linh-vuc-nong-nghiep-va-moi-truong-660612.txt
2025-07-16 06:47:41,836 - INFO - ⏳ 4.59s between batches...
2025-07-16 06:47:46,428 - INFO - Processing batch 506 to 507
2025-07-16 06:47:48,037 - INFO - ⏳ Waiting 2.32s for user emulation...
2025-07-16 06:47:52,538 - INFO - ⏳ Waiting 5.16s for user emulation...
2025-07-16 06:47:58,651 - INFO - Saved txt: download_bomayhanhchinh/new1_Nghi-dinh-144-2025-ND-CP-phan-quyen-phan-cap-linh-vuc-quan-ly-Nha-nuoc-Bo-Xay-dung-660606.txt
2025-07-16 06:47:58,717 - INFO - ⏳ 4.22s between batches...
2025-07-16 06:48:02,933 - INFO - Processing batch 507 to 508
2025-07-16 06:48:04,637 - INFO - ⏳ Waiting 2.25s for user emulation...
2025-07-16 06:48:08,807 - INFO - ⏳ Waiting 4.55s for user emulation...
2025-07-16 06:48:13,978 - INFO - Saved txt: download_bomayhanhchinh/new1_Nghi-dinh-143-2025-ND-CP-phan-quyen-phan-cap-trong-linh-vuc-quan-ly-Nha-nuoc-cua-Bo-Giao-duc-660611.txt
2025-07-16 06:48:14,043 - INFO - ⏳ 4.56s between batches...
2025-07-16 06:48:18,605 - INFO - Processing batch 508 to 509
2025-07-16 06:48:20,614 - INFO - ⏳ Waiting 3.04s for user emulation...
2025-07-16 06:48:25,312 - INFO - ⏳ Waiting 3.76s for user emulation...
2025-07-16 06:48:29,907 - INFO - Saved txt: download_bomayhanhchinh/new1_Quyet-dinh-1171-QD-UBND-2025-Quy-trinh-thu-tuc-hanh-chinh-lao-dong-tien-luong-So-Noi-vu-Dien-Bien-661625.txt
2025-07-16 06:48:29,972 - INFO - ⏳ 3.65s between batches...
2025-07-16 06:48:33,618 - INFO - Processing batch 509 to 510
2025-07-16 06:48:35,585 - INFO - ⏳ Waiting 3.21s for user emulation...
2025-07-16 06:48:40,701 - INFO - ⏳ Waiting 4.69s for user emulation...
2025-07-16 06:48:46,705 - INFO - Saved txt: download_bomayhanhchinh/new1_Thong-tu-11-2025-TT-BGDDT-phan-quyen-chinh-quyen-dia-phuong-hai-cap-giao-duc-nghe-nghiep-662381.txt
2025-07-16 06:48:46,773 - INFO - ⏳ 3.06s between batches...
2025-07-16 06:48:49,835 - INFO - Processing batch 510 to 511
2025-07-16 06:48:51,797 - INFO - ⏳ Waiting 2.03s for user emulation...
2025-07-16 06:48:55,903 - INFO - ⏳ Waiting 3.67s for user emulation...
2025-07-16 06:49:00,245 - INFO - Saved txt: download_bomayhanhchinh/new1_Nghi-dinh-150-2025-ND-CP-to-chuc-cac-co-quan-chuyen-mon-thuoc-Uy-ban-nhan-dan-tinh-658225.txt
2025-07-16 06:49:00,311 - INFO - ⏳ 3.89s between batches...
2025-07-16 06:49:04,198 - INFO - Processing batch 511 to 512
2025-07-16 06:49:06,160 - INFO - ⏳ Waiting 2.12s for user emulation...
2025-07-16 06:49:10,242 - INFO - ⏳ Waiting 3.85s for user emulation...
2025-07-16 06:49:15,212 - INFO - Saved txt: download_bomayhanhchinh/new1_Nghi-dinh-134-2025-ND-CP-phan-quyen-phan-cap-trong-linh-vuc-doi-ngoai-660637.txt
2025-07-16 06:49:15,277 - INFO - ⏳ 3.00s between batches...
2025-07-16 06:49:18,279 - INFO - Processing batch 512 to 513
2025-07-16 06:49:20,326 - INFO - ⏳ Waiting 3.35s for user emulation...
2025-07-16 06:49:25,414 - INFO - ⏳ Waiting 5.51s for user emulation...
2025-07-16 06:49:31,887 - INFO - Saved txt: download_bomayhanhchinh/new1_Thong-tu-10-2025-TT-BGDDT-phan-quyen-phan-cap-chinh-quyen-hai-cap-doi-voi-giao-duc-pho-thong-662743.txt
2025-07-16 06:49:31,953 - INFO - ⏳ 3.86s between batches...
2025-07-16 06:49:35,811 - INFO - Processing batch 513 to 514
2025-07-16 06:49:37,843 - INFO - ⏳ Waiting 3.58s for user emulation...
2025-07-16 06:49:45,045 - INFO - ⏳ Waiting 4.71s for user emulation...
2025-07-16 06:49:51,197 - INFO - Saved txt: download_bomayhanhchinh/new1_Nghi-dinh-142-2025-ND-CP-phan-quyen-phan-cap-trong-linh-vuc-giao-duc-659777.txt
2025-07-16 06:49:51,264 - INFO - ⏳ 3.80s between batches...
2025-07-16 06:49:55,064 - INFO - Processing batch 514 to 515
2025-07-16 06:49:57,230 - INFO - ⏳ Waiting 2.10s for user emulation...
2025-07-16 06:50:00,942 - INFO - ⏳ Waiting 4.56s for user emulation...
2025-07-16 06:50:06,634 - INFO - Saved txt: download_bomayhanhchinh/new1_Quyet-dinh-773-QD-UBND-2025-cong-bo-thu-tuc-hanh-chinh-khoang-san-So-Cong-Thuong-Cao-Bang-663985.txt
2025-07-16 06:50:06,701 - INFO - ⏳ 5.00s between batches...
2025-07-16 06:50:11,700 - INFO - Processing batch 515 to 516
2025-07-16 06:50:13,779 - INFO - ⏳ Waiting 3.86s for user emulation...
2025-07-16 06:50:19,369 - INFO - ⏳ Waiting 4.75s for user emulation...
2025-07-16 06:50:25,430 - INFO - Saved txt: download_bomayhanhchinh/new1_Quyet-dinh-1180-QD-UBND-2025-cong-bo-thu-tuc-hanh-chinh-Bao-tro-xa-hoi-So-Y-te-Dien-Bien-661624.txt
2025-07-16 06:50:25,495 - INFO - ⏳ 4.64s between batches...
2025-07-16 06:50:30,138 - INFO - Processing batch 516 to 517
2025-07-16 06:50:32,204 - INFO - ⏳ Waiting 3.10s for user emulation...
2025-07-16 06:50:37,030 - INFO - ⏳ Waiting 3.81s for user emulation...
2025-07-16 06:50:42,285 - INFO - Saved txt: download_bomayhanhchinh/new1_Thong-tu-08-2025-TT-BTP-tham-quyen-chinh-quyen-dia-phuong-02-cap-linh-vuc-quan-ly-cua-Bo-Tu-phap-661434.txt
2025-07-16 06:50:42,351 - INFO - ⏳ 4.61s between batches...
2025-07-16 06:50:46,958 - INFO - Processing batch 517 to 518
2025-07-16 06:50:49,218 - INFO - ⏳ Waiting 3.99s for user emulation...
2025-07-16 06:50:57,758 - INFO - ⏳ Waiting 4.91s for user emulation...
2025-07-16 06:51:04,143 - INFO - Saved txt: download_bomayhanhchinh/new1_Nghi-dinh-151-2025-ND-CP-phan-dinh-tham-quyen-chinh-quyen-dia-phuong-02-cap-linh-vuc-dat-dai-660608.txt
2025-07-16 06:51:04,210 - INFO - ⏳ 4.10s between batches...
2025-07-16 06:51:08,310 - INFO - Processing batch 518 to 519
2025-07-16 06:51:10,673 - INFO - ⏳ Waiting 3.32s for user emulation...
2025-07-16 06:51:15,833 - INFO - ⏳ Waiting 5.15s for user emulation...
2025-07-16 06:51:22,453 - INFO - Saved txt: download_bomayhanhchinh/new1_Nghi-dinh-147-2025-ND-CP-phan-dinh-tham-quyen-chinh-quyen-dia-phuong-02-cap-Bo-Y-te-660610.txt
2025-07-16 06:51:22,521 - INFO - ⏳ 4.11s between batches...
2025-07-16 06:51:26,628 - INFO - Processing batch 519 to 520
2025-07-16 06:51:28,612 - INFO - ⏳ Waiting 3.69s for user emulation...
2025-07-16 06:51:34,013 - INFO - ⏳ Waiting 4.87s for user emulation...
2025-07-16 06:51:39,935 - INFO - Saved txt: download_bomayhanhchinh/new1_Nghi-dinh-137-2025-ND-CP-phan-dinh-tham-quyen-cua-chinh-quyen-dia-phuong-02-cap-linh-vuc-van-hoa-660639.txt
2025-07-16 06:51:40,001 - INFO - ⏳ 3.80s between batches...
2025-07-16 06:51:43,806 - INFO - Processing batch 520 to 521
2025-07-16 06:51:45,888 - INFO - ⏳ Waiting 3.26s for user emulation...
2025-07-16 06:51:50,843 - INFO - ⏳ Waiting 3.27s for user emulation...
2025-07-16 06:51:55,633 - INFO - Saved txt: download_bomayhanhchinh/new1_Quyet-dinh-1921-QD-BYT-2025-cong-bo-thu-tuc-hanh-chinh-bai-bo-linh-vuc-duoc-pham-660463.txt
2025-07-16 06:51:55,699 - INFO - ⏳ 3.56s between batches...
2025-07-16 06:51:59,259 - INFO - Processing batch 521 to 522
2025-07-16 06:52:00,941 - INFO - ⏳ Waiting 2.67s for user emulation...
2025-07-16 06:52:05,534 - INFO - ⏳ Waiting 3.98s for user emulation...
2025-07-16 06:52:10,364 - INFO - Saved txt: download_bomayhanhchinh/new1_Quyet-dinh-1721-QD-BTP-2025-thuc-hien-dot-cao-diem-90-ngay-dem-lam-sach-du-lieu-hon-nhan-661435.txt
2025-07-16 06:52:10,429 - INFO - ⏳ 4.74s between batches...
2025-07-16 06:52:15,165 - INFO - Processing batch 522 to 523
2025-07-16 06:52:17,162 - INFO - ⏳ Waiting 3.49s for user emulation...
2025-07-16 06:52:22,364 - INFO - ⏳ Waiting 4.73s for user emulation...
2025-07-16 06:52:28,365 - INFO - Saved txt: download_bomayhanhchinh/new1_Quyet-dinh-771-QD-UBND-2025-cong-bo-thu-tuc-hanh-chinh-linh-vuc-Van-hoa-So-Van-hoa-Ninh-Thuan-661353.txt
2025-07-16 06:52:28,429 - INFO - ⏳ 3.81s between batches...
2025-07-16 06:52:32,238 - INFO - Processing batch 523 to 524
2025-07-16 06:52:33,991 - INFO - ⏳ Waiting 2.83s for user emulation...
2025-07-16 06:52:38,473 - INFO - ⏳ Waiting 5.74s for user emulation...
2025-07-16 06:52:45,205 - INFO - Saved txt: download_bomayhanhchinh/new1_Quyet-dinh-768-QD-UBND-2025-cong-bo-thu-tuc-hanh-chinh-xay-dung-Ban-Quan-ly-cong-nghiep-Ninh-Thuan-661255.txt
2025-07-16 06:52:45,270 - INFO - ⏳ 3.17s between batches...
2025-07-16 06:52:48,438 - INFO - Processing batch 524 to 525
2025-07-16 06:52:50,406 - INFO - ⏳ Waiting 3.32s for user emulation...
2025-07-16 06:52:55,464 - INFO - ⏳ Waiting 3.62s for user emulation...
2025-07-16 06:52:59,903 - INFO - Saved txt: download_bomayhanhchinh/new1_Quyet-dinh-767-QD-UBND-2025-Quy-trinh-thu-tuc-hanh-chinh-quan-ly-de-dieu-So-Nong-nghiep-Ninh-Thuan-661254.txt
2025-07-16 06:52:59,970 - INFO - ⏳ 4.71s between batches...
2025-07-16 06:53:04,680 - INFO - Processing batch 525 to 526
2025-07-16 06:53:06,708 - INFO - ⏳ Waiting 2.51s for user emulation...
2025-07-16 06:53:10,922 - INFO - ⏳ Waiting 4.41s for user emulation...
2025-07-16 06:53:16,874 - INFO - Saved txt: download_bomayhanhchinh/new1_Quyet-dinh-1289-QD-UBND-2025-cong-bo-thu-tuc-hanh-chinh-linh-vuc-Trong-trot-Phu-Tho-660703.txt
2025-07-16 06:53:16,939 - INFO - ⏳ 3.66s between batches...
2025-07-16 06:53:20,600 - INFO - Processing batch 526 to 527
2025-07-16 06:53:22,619 - INFO - ⏳ Waiting 3.92s for user emulation...
2025-07-16 06:53:28,065 - INFO - ⏳ Waiting 3.64s for user emulation...
2025-07-16 06:53:41,459 - ERROR - ❌ Main content not found at https://thuvienphapluat.vn/van-ban/Bo-may-hanh-chinh/Quyet-dinh-1694-QD-UBND-2025-cong-bo-thu-tuc-hanh-chinh-khoa-hoc-cong-nghe-So-Nong-nghiep-Nam-Dinh-660461.aspx - saved image error download_bomayhanhchinh/error_file_1021.3256228723734_new1.png
2025-07-16 06:53:41,529 - INFO - ⏳ 3.25s between batches...
2025-07-16 06:53:44,780 - INFO - Processing batch 527 to 528
2025-07-16 06:53:46,801 - INFO - ⏳ Waiting 3.41s for user emulation...
2025-07-16 06:53:51,784 - INFO - ⏳ Waiting 5.49s for user emulation...
2025-07-16 06:54:06,596 - ERROR - ❌ Main content not found at https://thuvienphapluat.vn/van-ban/Bo-may-hanh-chinh/Quyet-dinh-1926-QD-UBND-2025-quy-trinh-dich-vu-cong-truc-tuyen-linh-vuc-Ho-tich-Uy-ban-xa-Quang-Binh-660697.aspx - saved image error download_bomayhanhchinh/error_file_648.4148222339312_new1.png
2025-07-16 06:54:06,661 - INFO - ⏳ 4.76s between batches...
2025-07-16 06:54:11,417 - INFO - Processing batch 528 to 529
2025-07-16 06:54:13,420 - INFO - ⏳ Waiting 2.28s for user emulation...
2025-07-16 06:54:17,314 - INFO - ⏳ Waiting 4.89s for user emulation...
2025-07-16 06:54:31,096 - ERROR - ❌ Main content not found at https://thuvienphapluat.vn/van-ban/Bo-may-hanh-chinh/Quyet-dinh-2068-QD-BNNMT-2025-De-an-kien-toan-Bo-phan-Tiep-nhan-thu-tuc-hanh-chinh-mot-cua-661029.aspx - saved image error download_bomayhanhchinh/error_file_846.2059296831596_new1.png
2025-07-16 06:54:31,162 - INFO - ⏳ 4.11s between batches...
2025-07-16 06:54:35,272 - INFO - Processing batch 529 to 530
2025-07-16 06:54:37,324 - INFO - ⏳ Waiting 2.78s for user emulation...
2025-07-16 06:54:41,551 - INFO - ⏳ Waiting 4.53s for user emulation...
2025-07-16 06:54:55,126 - ERROR - ❌ Main content not found at https://thuvienphapluat.vn/van-ban/Bo-may-hanh-chinh/Quyet-dinh-876-QD-UBND-2025-sua-doi-Phu-luc-I-Phu-luc-II-kem-theo-Quyet-dinh-617-QD-UBND-Quang-Ngai-660488.aspx - saved image error download_bomayhanhchinh/error_file_1322.8766841307179_new1.png
2025-07-16 06:54:55,192 - INFO - ⏳ 3.45s between batches...
2025-07-16 06:54:58,644 - INFO - Processing batch 530 to 531
2025-07-16 06:55:00,564 - INFO - ⏳ Waiting 3.50s for user emulation...
2025-07-16 06:55:05,588 - INFO - ⏳ Waiting 4.68s for user emulation...
2025-07-16 06:55:19,680 - ERROR - ❌ Main content not found at https://thuvienphapluat.vn/van-ban/Bao-hiem/Quyet-dinh-774-QD-UBND-HC-2025-cong-bo-thu-tuc-hanh-chinh-lao-dong-tien-luong-So-Noi-vu-Dong-Thap-660892.aspx - saved image error download_bomayhanhchinh/error_file_885.5764338031416_new1.png
2025-07-16 06:55:19,745 - INFO - ⏳ 3.09s between batches...
2025-07-16 06:55:22,839 - INFO - Processing batch 531 to 532
2025-07-16 06:55:24,850 - INFO - ⏳ Waiting 3.64s for user emulation...
2025-07-16 06:55:29,992 - INFO - ⏳ Waiting 4.79s for user emulation...
2025-07-16 06:55:44,258 - ERROR - ❌ Main content not found at https://thuvienphapluat.vn/van-ban/Lao-dong-Tien-luong/Quyet-dinh-1847-QD-UBND-2025-cong-bo-thu-tuc-hanh-chinh-Giao-duc-nghe-nghiep-Uy-ban-Thanh-Hoa-660572.aspx - saved image error download_bomayhanhchinh/error_file_741.5857117102333_new1.png
2025-07-16 06:55:44,323 - INFO - ⏳ 3.04s between batches...
2025-07-16 06:55:47,368 - INFO - Processing batch 532 to 533
2025-07-16 06:55:49,349 - INFO - ⏳ Waiting 3.56s for user emulation...
2025-07-16 06:55:54,407 - INFO - ⏳ Waiting 4.15s for user emulation...
2025-07-16 06:56:07,790 - ERROR - ❌ Main content not found at https://thuvienphapluat.vn/van-ban/Bo-may-hanh-chinh/Quyet-dinh-1848-QD-UBND-2025-cong-bo-thu-tuc-hanh-chinh-Hoat-dong-xay-dung-So-Xay-dung-Thanh-Hoa-660571.aspx - saved image error download_bomayhanhchinh/error_file_1004.3338518835621_new1.png
2025-07-16 06:56:07,855 - INFO - ⏳ 3.88s between batches...
2025-07-16 06:56:11,740 - INFO - Processing batch 533 to 534
2025-07-16 06:56:13,710 - INFO - ⏳ Waiting 3.94s for user emulation...
2025-07-16 06:56:19,146 - INFO - ⏳ Waiting 5.68s for user emulation...
2025-07-16 06:56:34,405 - ERROR - ❌ Main content not found at https://thuvienphapluat.vn/van-ban/Bo-may-hanh-chinh/Quyet-dinh-1846-QD-UBND-2025-don-gian-hoa-thu-tuc-hanh-chinh-Cong-nghiep-So-Cong-Thuong-Thanh-Hoa-660570.aspx - saved image error download_bomayhanhchinh/error_file_862.1316278400558_new1.png
2025-07-16 06:56:34,471 - INFO - ⏳ 4.32s between batches...
2025-07-16 06:56:38,788 - INFO - Processing batch 534 to 535
2025-07-16 06:56:40,712 - INFO - ⏳ Waiting 2.70s for user emulation...
2025-07-16 06:56:44,885 - INFO - ⏳ Waiting 5.29s for user emulation...
2025-07-16 06:56:59,723 - ERROR - ❌ Main content not found at https://thuvienphapluat.vn/van-ban/Lao-dong-Tien-luong/Quyet-dinh-1688-QD-UBND-2025-Bo-don-gia-dich-vu-cong-ngan-sach-nha-nuoc-linh-vuc-viec-lam-Hue-662124.aspx - saved image error download_bomayhanhchinh/error_file_766.8586955016675_new1.png
2025-07-16 06:56:59,789 - INFO - ⏳ 3.55s between batches...
2025-07-16 06:57:03,342 - INFO - Processing batch 535 to 536
2025-07-16 06:57:05,443 - INFO - ⏳ Waiting 3.10s for user emulation...
2025-07-16 06:57:10,038 - INFO - ⏳ Waiting 3.89s for user emulation...
2025-07-16 06:57:23,439 - ERROR - ❌ Main content not found at https://thuvienphapluat.vn/van-ban/Bo-may-hanh-chinh/Quyet-dinh-1265-QD-UBND-2025-quy-trinh-giai-quyet-thu-tuc-hanh-chinh-linh-vuc-Noi-vu-Dak-Lak-660939.aspx - saved image error download_bomayhanhchinh/error_file_732.7360719229463_new1.png
2025-07-16 06:57:23,503 - INFO - ⏳ 4.55s between batches...
2025-07-16 06:57:28,055 - INFO - Processing batch 536 to 537
2025-07-16 06:57:30,022 - INFO - ⏳ Waiting 3.46s for user emulation...
2025-07-16 06:57:35,099 - INFO - ⏳ Waiting 3.31s for user emulation...
2025-07-16 06:57:47,969 - ERROR - ❌ Main content not found at https://thuvienphapluat.vn/van-ban/Bo-may-hanh-chinh/Quyet-dinh-1897-QD-UBND-2025-cong-bo-thu-tuc-hanh-chinh-dia-chat-khoang-san-nganh-nong-nghiep-Dong-Nai-661704.aspx - saved image error download_bomayhanhchinh/error_file_1311.673296882907_new1.png
2025-07-16 06:57:48,034 - INFO - ⏳ 3.12s between batches...
2025-07-16 06:57:51,152 - INFO - Processing batch 537 to 538
2025-07-16 06:57:53,108 - INFO - ⏳ Waiting 3.11s for user emulation...
2025-07-16 06:57:57,782 - INFO - ⏳ Waiting 3.32s for user emulation...
2025-07-16 06:58:10,686 - ERROR - ❌ Main content not found at https://thuvienphapluat.vn/van-ban/Bo-may-hanh-chinh/Quyet-dinh-24-2025-QD-UBND-chuc-nang-nhiem-vu-Chi-cuc-Phat-trien-nong-thon-Ca-Mau-661326.aspx - saved image error download_bomayhanhchinh/error_file_822.9323281657387_new1.png
2025-07-16 06:58:10,752 - INFO - ⏳ 3.63s between batches...
2025-07-16 06:58:14,382 - INFO - Processing batch 538 to 539
2025-07-16 06:58:16,391 - INFO - ⏳ Waiting 2.38s for user emulation...
2025-07-16 06:58:20,232 - INFO - ⏳ Waiting 4.98s for user emulation...
2025-07-16 06:58:34,801 - ERROR - ❌ Main content not found at https://thuvienphapluat.vn/van-ban/Bo-may-hanh-chinh/Quyet-dinh-2018-QD-BTC-2025-sua-doi-Quyet-dinh-383-QD-BTC-co-cau-to-chuc-Cuc-Du-tru-Nha-nuoc-661033.aspx - saved image error download_bomayhanhchinh/error_file_858.0849201420551_new1.png
2025-07-16 06:58:34,866 - INFO - ⏳ 4.64s between batches...
2025-07-16 06:58:39,503 - INFO - Processing batch 539 to 540
2025-07-16 06:58:41,195 - INFO - ⏳ Waiting 2.35s for user emulation...
2025-07-16 06:58:45,050 - INFO - ⏳ Waiting 3.16s for user emulation...
2025-07-16 06:58:57,083 - ERROR - ❌ Main content not found at https://thuvienphapluat.vn/van-ban/Bo-may-hanh-chinh/Quyet-dinh-2020-QD-BTC-2025-sua-doi-Quyet-dinh-385-QD-BTC-chuc-nang-Kho-bac-Nha-nuoc-661032.aspx - saved image error download_bomayhanhchinh/error_file_1495.8470447259201_new1.png
2025-07-16 06:58:57,148 - INFO - ⏳ 4.76s between batches...
2025-07-16 06:59:01,907 - INFO - Processing batch 540 to 541
2025-07-16 06:59:03,570 - INFO - ⏳ Waiting 3.55s for user emulation...
2025-07-16 06:59:08,679 - INFO - ⏳ Waiting 3.58s for user emulation...
2025-07-16 06:59:21,500 - ERROR - ❌ Main content not found at https://thuvienphapluat.vn/van-ban/Bo-may-hanh-chinh/Thong-tu-34-2025-TT-BTC-sua-doi-Thong-tu-07-2025-TT-BTC-huong-dan-Nghi-dinh-178-2024-ND-CP-660831.aspx - saved image error download_bomayhanhchinh/error_file_561.4170486552098_new1.png
2025-07-16 06:59:21,565 - INFO - ⏳ 4.51s between batches...
2025-07-16 06:59:26,077 - INFO - Processing batch 541 to 542
2025-07-16 06:59:27,728 - INFO - ⏳ Waiting 2.33s for user emulation...
2025-07-16 06:59:31,749 - INFO - ⏳ Waiting 4.13s for user emulation...
2025-07-16 06:59:45,698 - ERROR - ❌ Main content not found at https://thuvienphapluat.vn/van-ban/Bo-may-hanh-chinh/Quyet-dinh-57-2025-QD-UBND-bai-bo-cac-quyet-dinh-cua-Uy-ban-nhan-dan-thanh-pho-Hue-660810.aspx - saved image error download_bomayhanhchinh/error_file_565.9713621663915_new1.png
2025-07-16 06:59:45,763 - INFO - ⏳ 4.90s between batches...
2025-07-16 06:59:50,666 - INFO - Processing batch 542 to 543
2025-07-16 06:59:52,305 - INFO - ⏳ Waiting 2.54s for user emulation...
2025-07-16 06:59:56,543 - INFO - ⏳ Waiting 4.35s for user emulation...
2025-07-16 07:00:10,230 - ERROR - ❌ Main content not found at https://thuvienphapluat.vn/van-ban/Bo-may-hanh-chinh/Quyet-dinh-38-2025-QD-UBND-chuc-nang-nhiem-vu-Cang-vu-Duong-thuy-noi-dia-Hai-Phong-660785.aspx - saved image error download_bomayhanhchinh/error_file_1211.6434910727025_new1.png
2025-07-16 07:00:10,296 - INFO - ⏳ 3.00s between batches...
2025-07-16 07:00:13,298 - INFO - Processing batch 543 to 544
2025-07-16 07:00:15,964 - INFO - ⏳ Waiting 3.29s for user emulation...
2025-07-16 07:00:20,770 - INFO - ⏳ Waiting 3.24s for user emulation...
2025-07-16 07:00:33,236 - ERROR - ❌ Main content not found at https://thuvienphapluat.vn/van-ban/Bo-may-hanh-chinh/Quyet-dinh-43-2025-QD-UBND-chuc-nang-nhiem-vu-quyen-han-Chi-cuc-Thuy-loi-Ha-Giang-660735.aspx - saved image error download_bomayhanhchinh/error_file_874.5238362537552_new1.png
2025-07-16 07:00:33,302 - INFO - ⏳ 4.24s between batches...
2025-07-16 07:00:37,538 - INFO - Processing batch 544 to 545
2025-07-16 07:00:39,616 - INFO - ⏳ Waiting 2.84s for user emulation...
2025-07-16 07:00:43,993 - INFO - ⏳ Waiting 3.56s for user emulation...
2025-07-16 07:00:56,731 - ERROR - ❌ Main content not found at https://thuvienphapluat.vn/van-ban/Bo-may-hanh-chinh/Quyet-dinh-1281-QD-UBND-2025-cong-bo-thu-tuc-hanh-chinh-Van-hoa-cac-cap-chinh-quyen-Phu-Tho-660702.aspx - saved image error download_bomayhanhchinh/error_file_831.2872176644646_new1.png
2025-07-16 07:00:56,797 - INFO - ⏳ 4.67s between batches...
2025-07-16 07:01:01,464 - INFO - Processing batch 545 to 546
2025-07-16 07:01:03,388 - INFO - ⏳ Waiting 3.50s for user emulation...
2025-07-16 07:01:08,414 - INFO - ⏳ Waiting 4.24s for user emulation...
2025-07-16 07:01:22,477 - ERROR - ❌ Main content not found at https://thuvienphapluat.vn/van-ban/Bo-may-hanh-chinh/Quyet-dinh-25-2025-QD-UBND-chuc-nang-Ban-Quan-ly-Vuon-Quoc-gia-Phong-Nha-Ke-Bang-Quang-Binh-660553.aspx - saved image error download_bomayhanhchinh/error_file_1005.721072548075_new1.png
2025-07-16 07:01:22,542 - INFO - ⏳ 4.29s between batches...
2025-07-16 07:01:26,837 - INFO - Processing batch 546 to 547
2025-07-16 07:01:28,866 - INFO - ⏳ Waiting 2.01s for user emulation...
2025-07-16 07:01:32,318 - INFO - ⏳ Waiting 4.40s for user emulation...
2025-07-16 07:01:45,728 - ERROR - ❌ Main content not found at https://thuvienphapluat.vn/van-ban/Bo-may-hanh-chinh/Quyet-dinh-1934-QD-UBND-2025-cong-bo-thu-tuc-hanh-chinh-Thong-tin-doi-ngoai-So-Van-hoa-Quang-Binh-660552.aspx - saved image error download_bomayhanhchinh/error_file_1238.7812465494058_new1.png
2025-07-16 07:01:45,793 - INFO - ⏳ 4.01s between batches...
2025-07-16 07:01:49,803 - INFO - Processing batch 547 to 548
2025-07-16 07:01:51,635 - INFO - ⏳ Waiting 3.73s for user emulation...
2025-07-16 07:01:56,989 - INFO - ⏳ Waiting 3.24s for user emulation...
2025-07-16 07:02:09,179 - ERROR - ❌ Main content not found at https://thuvienphapluat.vn/van-ban/Bo-may-hanh-chinh/Nghi-dinh-124-2025-ND-CP-phan-quyen-phan-cap-linh-vuc-cong-tac-dan-toc-tin-nguong-ton-giao-660467.aspx - saved image error download_bomayhanhchinh/error_file_1048.7455087736153_new1.png
2025-07-16 07:02:09,246 - INFO - ⏳ 4.41s between batches...
2025-07-16 07:02:13,654 - INFO - Processing batch 548 to 549
2025-07-16 07:02:15,271 - INFO - ⏳ Waiting 3.82s for user emulation...
2025-07-16 07:02:20,640 - INFO - ⏳ Waiting 4.96s for user emulation...
2025-07-16 07:02:34,842 - ERROR - ❌ Main content not found at https://thuvienphapluat.vn/van-ban/Bo-may-hanh-chinh/Quyet-dinh-30-2025-QD-UBND-bai-bo-Quyet-dinh-13-2019-QD-UBND-quan-ly-vat-lieu-no-Binh-Thuan-660459.aspx - saved image error download_bomayhanhchinh/error_file_579.9424160510187_new1.png
2025-07-16 07:02:34,907 - INFO - ⏳ 3.13s between batches...
2025-07-16 07:02:38,034 - INFO - Processing batch 549 to 550
2025-07-16 07:02:40,898 - INFO - ⏳ Waiting 3.84s for user emulation...
2025-07-16 07:02:46,342 - INFO - ⏳ Waiting 3.83s for user emulation...
2025-07-16 07:02:59,273 - ERROR - ❌ Main content not found at https://thuvienphapluat.vn/van-ban/Bo-may-hanh-chinh/Quyet-dinh-1263-QD-UBND-2025-quy-trinh-thu-tuc-hanh-chinh-Quan-ly-cong-san-Uy-ban-huyen-Dak-Lak-660441.aspx - saved image error download_bomayhanhchinh/error_file_1421.196164386571_new1.png
2025-07-16 07:02:59,339 - INFO - ⏳ 4.94s between batches...
2025-07-16 07:03:04,283 - INFO - Processing batch 550 to 551
2025-07-16 07:03:06,088 - INFO - ⏳ Waiting 2.80s for user emulation...
2025-07-16 07:03:10,434 - INFO - ⏳ Waiting 3.85s for user emulation...
2025-07-16 07:03:23,174 - ERROR - ❌ Main content not found at https://thuvienphapluat.vn/van-ban/Bo-may-hanh-chinh/Quyet-dinh-254-QD-VP-2025-cong-bo-thu-tuc-hanh-chinh-So-Tai-chinh-Tuyen-Quang-660860.aspx - saved image error download_bomayhanhchinh/error_file_921.2490287963498_new1.png
2025-07-16 07:03:23,238 - INFO - ⏳ 4.06s between batches...
2025-07-16 07:03:27,298 - INFO - Processing batch 551 to 552
2025-07-16 07:03:29,394 - INFO - ⏳ Waiting 2.36s for user emulation...
2025-07-16 07:03:33,243 - INFO - ⏳ Waiting 3.09s for user emulation...
2025-07-16 07:03:45,355 - ERROR - ❌ Main content not found at https://thuvienphapluat.vn/van-ban/Lao-dong-Tien-luong/Quyet-dinh-1935-QD-UBND-2025-cong-bo-thu-tuc-hanh-chinh-Giao-duc-nghe-nghiep-So-Giao-duc-Quang-Binh-660551.aspx - saved image error download_bomayhanhchinh/error_file_1364.5843838067885_new1.png
2025-07-16 07:03:45,420 - INFO - ⏳ 3.05s between batches...
2025-07-16 07:03:48,473 - INFO - Processing batch 552 to 553
2025-07-16 07:03:50,514 - INFO - ⏳ Waiting 2.33s for user emulation...
2025-07-16 07:03:54,526 - INFO - ⏳ Waiting 3.91s for user emulation...
2025-07-16 07:04:07,670 - ERROR - ❌ Main content not found at https://thuvienphapluat.vn/van-ban/Bo-may-hanh-chinh/Quyet-dinh-1927-QD-UBND-2025-cong-bo-thu-tuc-hanh-chinh-linh-vuc-To-chuc-So-Noi-vu-Quang-Binh-660550.aspx - saved image error download_bomayhanhchinh/error_file_751.1622221302645_new1.png
2025-07-16 07:04:07,735 - INFO - ⏳ 4.12s between batches...
2025-07-16 07:04:11,859 - INFO - Processing batch 553 to 554
2025-07-16 07:04:13,670 - INFO - ⏳ Waiting 2.34s for user emulation...
2025-07-16 07:04:17,783 - INFO - ⏳ Waiting 3.73s for user emulation...
2025-07-16 07:04:30,954 - ERROR - ❌ Main content not found at https://thuvienphapluat.vn/van-ban/Bo-may-hanh-chinh/Quyet-dinh-846-QD-TTPVHCC-2025-cong-bo-thu-tuc-hanh-chinh-linh-vuc-Khoa-hoc-So-Nong-nghiep-Ha-Noi-660696.aspx - saved image error download_bomayhanhchinh/error_file_1516.1467893942017_new1.png
2025-07-16 07:04:31,019 - INFO - ⏳ 3.87s between batches...
2025-07-16 07:04:34,893 - INFO - Processing batch 554 to 555
2025-07-16 07:04:36,589 - INFO - ⏳ Waiting 3.33s for user emulation...
2025-07-16 07:04:50,134 - INFO - ⏳ Waiting 4.29s for user emulation...
2025-07-16 07:05:03,686 - ERROR - ❌ Main content not found at https://thuvienphapluat.vn/van-ban/Bo-may-hanh-chinh/Quyet-dinh-845-QD-TTPVHCC-2025-cong-bo-thu-tuc-hanh-chinh-linh-vuc-khoang-san-Uy-ban-Ha-Noi-660692.aspx - saved image error download_bomayhanhchinh/error_file_680.3594003235863_new1.png
2025-07-16 07:05:03,752 - INFO - ⏳ 3.06s between batches...
2025-07-16 07:05:06,812 - INFO - Processing batch 555 to 556
2025-07-16 07:05:08,831 - INFO - ⏳ Waiting 3.74s for user emulation...
2025-07-16 07:05:14,059 - INFO - ⏳ Waiting 4.61s for user emulation...
2025-07-16 07:05:27,768 - ERROR - ❌ Main content not found at https://thuvienphapluat.vn/van-ban/Xuat-nhap-khau/Quyet-dinh-2019-QD-BTC-2025-sua-doi-Quyet-dinh-382-QD-BTC-co-cau-to-chuc-Cuc-Hai-quan-660651.aspx - saved image error download_bomayhanhchinh/error_file_744.3710491686244_new1.png
2025-07-16 07:05:27,838 - INFO - ⏳ 4.21s between batches...
2025-07-16 07:05:32,047 - INFO - Processing batch 556 to 557
2025-07-16 07:05:34,132 - INFO - ⏳ Waiting 2.33s for user emulation...
2025-07-16 07:05:37,918 - INFO - ⏳ Waiting 5.84s for user emulation...
2025-07-16 07:05:53,017 - ERROR - ❌ Main content not found at https://thuvienphapluat.vn/van-ban/Bo-may-hanh-chinh/Huong-dan-1309-HD-UBTVQH15-2025-to-chuc-Doan-dai-bieu-Quoc-hoi-khoa-XV-sau-sap-xep-don-vi-hanh-chinh-660583.aspx - saved image error download_bomayhanhchinh/error_file_1544.8664970227512_new1.png
2025-07-16 07:05:53,082 - INFO - ⏳ 3.23s between batches...
2025-07-16 07:05:56,311 - INFO - Processing batch 557 to 558
2025-07-16 07:05:57,951 - INFO - ⏳ Waiting 2.04s for user emulation...
2025-07-16 07:06:01,613 - INFO - ⏳ Waiting 3.10s for user emulation...
2025-07-16 07:06:14,017 - ERROR - ❌ Main content not found at https://thuvienphapluat.vn/van-ban/Bo-may-hanh-chinh/Nghi-dinh-130-2025-ND-CP-Quy-dinh-ve-phan-quyen-phan-cap-trong-linh-vuc-thong-ke-660634.aspx - saved image error download_bomayhanhchinh/error_file_1172.919307388767_new1.png
2025-07-16 07:06:14,082 - INFO - ⏳ 3.05s between batches...
2025-07-16 07:06:17,133 - INFO - Processing batch 558 to 559
2025-07-16 07:06:19,144 - INFO - ⏳ Waiting 3.62s for user emulation...
2025-07-16 07:06:24,410 - INFO - ⏳ Waiting 5.83s for user emulation...
2025-07-16 07:06:39,983 - ERROR - ❌ Main content not found at https://thuvienphapluat.vn/van-ban/Bo-may-hanh-chinh/Nghi-dinh-126-2025-ND-CP-phan-quyen-phan-cap-trong-linh-vuc-du-tru-quoc-gia-660469.aspx - saved image error download_bomayhanhchinh/error_file_1014.0208619299035_new1.png
2025-07-16 07:06:40,049 - INFO - ⏳ 4.43s between batches...
2025-07-16 07:06:44,476 - INFO - Processing batch 559 to 560
2025-07-16 07:06:46,647 - INFO - ⏳ Waiting 2.25s for user emulation...
2025-07-16 07:06:50,358 - INFO - ⏳ Waiting 4.46s for user emulation...
2025-07-16 07:07:04,264 - ERROR - ❌ Main content not found at https://thuvienphapluat.vn/van-ban/Thue-Phi-Le-Phi/Nghi-dinh-122-2025-ND-CP-phan-quyen-phan-cap-trong-linh-vuc-quan-ly-thue-660465.aspx - saved image error download_bomayhanhchinh/error_file_1264.1670063548113_new1.png
2025-07-16 07:07:04,329 - INFO - ⏳ 4.21s between batches...
2025-07-16 07:07:08,535 - INFO - Processing batch 560 to 561
2025-07-16 07:07:10,567 - INFO - ⏳ Waiting 3.24s for user emulation...
2025-07-16 07:07:15,385 - INFO - ⏳ Waiting 5.31s for user emulation...
2025-07-16 07:07:29,796 - ERROR - ❌ Main content not found at https://thuvienphapluat.vn/van-ban/Bo-may-hanh-chinh/Nghi-dinh-128-2025-ND-CP-phan-quyen-phan-cap-trong-quan-ly-Nha-nuoc-linh-vuc-noi-vu-660602.aspx - saved image error download_bomayhanhchinh/error_file_907.0839246215144_new1.png
2025-07-16 07:07:29,860 - INFO - ⏳ 3.12s between batches...
2025-07-16 07:07:32,981 - INFO - Processing batch 561 to 562
2025-07-16 07:07:34,695 - INFO - ⏳ Waiting 3.22s for user emulation...
2025-07-16 07:07:39,442 - INFO - ⏳ Waiting 4.20s for user emulation...
2025-07-16 07:07:53,212 - ERROR - ❌ Main content not found at https://thuvienphapluat.vn/van-ban/Bo-may-hanh-chinh/Nghi-dinh-121-2025-ND-CP-phan-quyen-phan-cap-trong-linh-vuc-quan-ly-nha-nuoc-cua-Bo-Tu-phap-660567.aspx - saved image error download_bomayhanhchinh/error_file_1056.1931887494814_new1.png
2025-07-16 07:07:53,277 - INFO - ⏳ 4.06s between batches...
2025-07-16 07:07:57,335 - INFO - Processing batch 562 to 563
2025-07-16 07:07:59,355 - INFO - ⏳ Waiting 2.62s for user emulation...
2025-07-16 07:08:03,652 - INFO - ⏳ Waiting 4.64s for user emulation...
2025-07-16 07:08:17,298 - ERROR - ❌ Main content not found at https://thuvienphapluat.vn/van-ban/Bo-may-hanh-chinh/Nghi-dinh-127-2025-ND-CP-phan-cap-tham-quyen-quan-ly-Nha-nuoc-linh-vuc-quan-ly-tai-san-cong-660470.aspx - saved image error download_bomayhanhchinh/error_file_1039.8162822753807_new1.png
2025-07-16 07:08:17,366 - INFO - ⏳ 3.62s between batches...
2025-07-16 07:08:20,984 - INFO - Processing batch 563 to 564
2025-07-16 07:08:22,980 - INFO - ⏳ Waiting 3.69s for user emulation...
2025-07-16 07:08:28,244 - INFO - ⏳ Waiting 5.98s for user emulation...
2025-07-16 07:08:43,826 - ERROR - ❌ Main content not found at https://thuvienphapluat.vn/van-ban/Bo-may-hanh-chinh/Nghi-dinh-120-2025-ND-CP-phan-dinh-tham-quyen-chinh-quyen-02-cap-linh-vuc-quan-ly-Nha-nuoc-cua-Bo-Tu-phap-660588.aspx - saved image error download_bomayhanhchinh/error_file_1314.8761764861138_new1.png
2025-07-16 07:08:43,892 - INFO - ⏳ 4.27s between batches...
2025-07-16 07:08:48,160 - INFO - Processing batch 564 to 565
2025-07-16 07:08:50,285 - INFO - ⏳ Waiting 2.08s for user emulation...
2025-07-16 07:08:53,840 - INFO - ⏳ Waiting 5.63s for user emulation...
2025-07-16 07:09:09,143 - ERROR - ❌ Main content not found at https://thuvienphapluat.vn/van-ban/Bo-may-hanh-chinh/Nghi-dinh-129-2025-ND-CP-phan-dinh-tham-quyen-chinh-quyen-02-cap-linh-vuc-quan-ly-cua-Bo-Noi-vu-660603.aspx - saved image error download_bomayhanhchinh/error_file_849.5410661119324_new1.png
2025-07-16 07:09:09,208 - INFO - ⏳ 3.29s between batches...
2025-07-16 07:09:12,494 - INFO - Processing batch 565 to 566
2025-07-16 07:09:14,416 - INFO - ⏳ Waiting 3.82s for user emulation...
2025-07-16 07:09:19,755 - INFO - ⏳ Waiting 4.51s for user emulation...
2025-07-16 07:09:33,625 - ERROR - ❌ Main content not found at https://thuvienphapluat.vn/van-ban/Bo-may-hanh-chinh/Nghi-dinh-125-2025-ND-CP-tham-quyen-chinh-quyen-dia-phuong-02-cap-trong-quan-ly-Nha-nuoc-cua-Bo-Tai-chinh-660468.aspx - saved image error download_bomayhanhchinh/error_file_831.420910260968_new1.png
2025-07-16 07:09:33,690 - INFO - ⏳ 4.75s between batches...
2025-07-16 07:09:38,443 - INFO - Processing batch 566 to 567
2025-07-16 07:09:40,546 - INFO - ⏳ Waiting 2.23s for user emulation...
2025-07-16 07:09:44,319 - INFO - ⏳ Waiting 3.09s for user emulation...
2025-07-16 07:09:56,523 - ERROR - ❌ Main content not found at https://thuvienphapluat.vn/van-ban/Cong-nghe-thong-tin/Quyet-dinh-1920-QD-UBND-2025-quy-trinh-truc-tuyen-Phat-thanh-truyen-hinh-So-Van-hoa-Quang-Binh-660458.aspx - saved image error download_bomayhanhchinh/error_file_909.9356741379819_new1.png
2025-07-16 07:09:56,588 - INFO - ⏳ 4.76s between batches...
2025-07-16 07:10:01,348 - INFO - Processing batch 567 to 568
2025-07-16 07:10:03,318 - INFO - ⏳ Waiting 3.99s for user emulation...
2025-07-16 07:10:08,785 - INFO - ⏳ Waiting 4.39s for user emulation...
2025-07-16 07:10:22,672 - ERROR - ❌ Main content not found at https://thuvienphapluat.vn/van-ban/Bo-may-hanh-chinh/Quyet-dinh-1924-QD-UBND-2025-quy-trinh-truc-tuyen-Hoat-dong-xay-dung-So-Xay-dung-Quang-Binh-660457.aspx - saved image error download_bomayhanhchinh/error_file_1334.8584027116967_new1.png
2025-07-16 07:10:22,738 - INFO - ⏳ 4.95s between batches...
2025-07-16 07:10:27,686 - INFO - Processing batch 568 to 569
2025-07-16 07:10:29,753 - INFO - ⏳ Waiting 2.45s for user emulation...
2025-07-16 07:10:33,767 - INFO - ⏳ Waiting 4.65s for user emulation...
2025-07-16 07:10:48,104 - ERROR - ❌ Main content not found at https://thuvienphapluat.vn/van-ban/Bo-may-hanh-chinh/Quyet-dinh-1831-QD-UBND-2025-cong-bo-thu-tuc-hanh-chinh-Khoa-hoc-Cong-nghe-So-Nong-nghiep-Thanh-Hoa-660437.aspx - saved image error download_bomayhanhchinh/error_file_1340.409896238784_new1.png
2025-07-16 07:10:48,169 - INFO - ⏳ 4.92s between batches...
2025-07-16 07:10:53,088 - INFO - Processing batch 569 to 570
2025-07-16 07:10:55,338 - INFO - ⏳ Waiting 3.62s for user emulation...
2025-07-16 07:11:00,468 - INFO - ⏳ Waiting 4.50s for user emulation...
2025-07-16 07:11:14,471 - ERROR - ❌ Main content not found at https://thuvienphapluat.vn/van-ban/Bo-may-hanh-chinh/Quyet-dinh-2868-QD-UBND-2025-cong-bo-thu-tuc-hanh-chinh-Nong-nghiep-Uy-ban-Thanh-pho-Ha-Noi-660400.aspx - saved image error download_bomayhanhchinh/error_file_1230.0417437279943_new1.png
2025-07-16 07:11:14,536 - INFO - ⏳ 3.61s between batches...
2025-07-16 07:11:18,152 - INFO - Processing batch 570 to 571
2025-07-16 07:11:20,285 - INFO - ⏳ Waiting 3.78s for user emulation...
2025-07-16 07:11:25,653 - INFO - ⏳ Waiting 4.27s for user emulation...
2025-07-16 07:11:39,502 - ERROR - ❌ Main content not found at https://thuvienphapluat.vn/van-ban/Bo-may-hanh-chinh/Quyet-dinh-19-2025-QD-UBND-chuc-nang-nhiem-vu-So-Nong-nghiep-va-Moi-truong-Dak-Nong-660395.aspx - saved image error download_bomayhanhchinh/error_file_944.2395309929309_new1.png
2025-07-16 07:11:39,567 - INFO - ⏳ 3.86s between batches...
2025-07-16 07:11:43,425 - INFO - Processing batch 571 to 572
2025-07-16 07:11:45,492 - INFO - ⏳ Waiting 3.46s for user emulation...
2025-07-16 07:11:50,443 - INFO - ⏳ Waiting 5.05s for user emulation...
2025-07-16 07:12:04,768 - ERROR - ❌ Main content not found at https://thuvienphapluat.vn/van-ban/Cong-nghe-thong-tin/Quyet-dinh-758-QD-UBND-2025-cong-bo-thu-tuc-hanh-chinh-hoat-dong-khoa-hoc-So-Khoa-hoc-Cao-Bang-660574.aspx - saved image error download_bomayhanhchinh/error_file_1403.4162413689037_new1.png
2025-07-16 07:12:04,833 - INFO - ⏳ 3.84s between batches...
2025-07-16 07:12:08,678 - INFO - Processing batch 572 to 573
2025-07-16 07:12:10,642 - INFO - ⏳ Waiting 2.35s for user emulation...
2025-07-16 07:12:14,514 - INFO - ⏳ Waiting 3.04s for user emulation...
2025-07-16 07:12:27,222 - ERROR - ❌ Main content not found at https://thuvienphapluat.vn/van-ban/Bo-may-hanh-chinh/Quyet-dinh-635-QD-UBND-2025-cong-bo-thu-tuc-hanh-chinh-khen-thuong-So-Noi-vu-Ninh-Binh-660529.aspx - saved image error download_bomayhanhchinh/error_file_714.7683737497737_new1.png
2025-07-16 07:12:27,288 - INFO - ⏳ 3.93s between batches...
2025-07-16 07:12:31,222 - INFO - Processing batch 573 to 574
2025-07-16 07:12:33,191 - INFO - ⏳ Waiting 2.76s for user emulation...
2025-07-16 07:12:37,563 - INFO - ⏳ Waiting 3.65s for user emulation...
2025-07-16 07:12:50,183 - ERROR - ❌ Main content not found at https://thuvienphapluat.vn/van-ban/Bo-may-hanh-chinh/Quyet-dinh-1949-QD-UBND-2025-cong-bo-thu-tuc-hanh-chinh-quan-ly-de-dieu-Uy-ban-xa-Ben-Tre-660479.aspx - saved image error download_bomayhanhchinh/error_file_884.2050015473359_new1.png
2025-07-16 07:12:50,248 - INFO - ⏳ 4.63s between batches...
2025-07-16 07:12:54,877 - INFO - Processing batch 574 to 575
2025-07-16 07:12:56,924 - INFO - ⏳ Waiting 2.68s for user emulation...
2025-07-16 07:13:01,119 - INFO - ⏳ Waiting 4.35s for user emulation...
2025-07-16 07:13:14,867 - ERROR - ❌ Main content not found at https://thuvienphapluat.vn/van-ban/Bo-may-hanh-chinh/Quyet-dinh-1944-QD-UBND-2025-cong-bo-thu-tuc-hanh-chinh-linh-vuc-khoang-san-So-Cong-Thuong-Ben-Tre-660577.aspx - saved image error download_bomayhanhchinh/error_file_773.1925955626642_new1.png
2025-07-16 07:13:14,932 - INFO - ⏳ 4.48s between batches...
2025-07-16 07:13:19,411 - INFO - Processing batch 575 to 576
2025-07-16 07:13:21,435 - INFO - ⏳ Waiting 3.22s for user emulation...
2025-07-16 07:13:26,167 - INFO - ⏳ Waiting 3.78s for user emulation...
2025-07-16 07:13:38,866 - ERROR - ❌ Main content not found at https://thuvienphapluat.vn/van-ban/Bo-may-hanh-chinh/Huong-dan-08-HD-TW-2025-thuc-hien-noi-dung-Quy-dinh-296-QD-TW-660590.aspx - saved image error download_bomayhanhchinh/error_file_1180.66997002783_new1.png
2025-07-16 07:13:38,933 - INFO - ⏳ 4.67s between batches...
2025-07-16 07:13:43,603 - INFO - Processing batch 576 to 577
2025-07-16 07:13:45,626 - INFO - ⏳ Waiting 3.20s for user emulation...
2025-07-16 07:13:50,389 - INFO - ⏳ Waiting 5.19s for user emulation...
2025-07-16 07:14:04,930 - ERROR - ❌ Main content not found at https://thuvienphapluat.vn/van-ban/Bo-may-hanh-chinh/Quyet-dinh-304-QD-TW-2025-to-chuc-bo-may-Co-quan-Uy-ban-Trung-uong-Mat-tran-To-quoc-Viet-Nam-660838.aspx - saved image error download_bomayhanhchinh/error_file_1416.8262965677372_new1.png
2025-07-16 07:14:04,995 - INFO - ⏳ 3.16s between batches...
2025-07-16 07:14:08,153 - INFO - Processing batch 577 to 578
2025-07-16 07:14:09,816 - INFO - ⏳ Waiting 2.60s for user emulation...
2025-07-16 07:14:13,944 - INFO - ⏳ Waiting 4.82s for user emulation...
2025-07-16 07:14:28,131 - ERROR - ❌ Main content not found at https://thuvienphapluat.vn/van-ban/Thue-Phi-Le-Phi/Nghi-quyet-07-2025-NQ-HDND-muc-thu-le-phi-hoat-dong-cung-cap-dich-vu-cong-truc-tuyen-Hai-Duong-660355.aspx - saved image error download_bomayhanhchinh/error_file_641.7439255054297_new1.png
2025-07-16 07:14:28,196 - INFO - ⏳ 4.98s between batches...
2025-07-16 07:14:33,172 - INFO - Processing batch 578 to 579
2025-07-16 07:14:35,159 - INFO - ⏳ Waiting 2.35s for user emulation...
2025-07-16 07:14:39,046 - INFO - ⏳ Waiting 4.72s for user emulation...
2025-07-16 07:14:53,045 - ERROR - ❌ Main content not found at https://thuvienphapluat.vn/van-ban/Lao-dong-Tien-luong/Nghi-quyet-06-2025-NQ-HDND-bai-bo-Nghi-quyet-25-2023-NQ-HDND-Hai-Duong-660354.aspx - saved image error download_bomayhanhchinh/error_file_754.9226235379824_new1.png
2025-07-16 07:14:53,111 - INFO - ⏳ 3.16s between batches...
2025-07-16 07:14:56,275 - INFO - Processing batch 579 to 580
2025-07-16 07:14:58,330 - INFO - ⏳ Waiting 2.18s for user emulation...
2025-07-16 07:15:02,289 - INFO - ⏳ Waiting 3.47s for user emulation...
2025-07-16 07:15:15,327 - ERROR - ❌ Main content not found at https://thuvienphapluat.vn/van-ban/Bo-may-hanh-chinh/Quyet-dinh-1946-QD-UBND-2025-quy-trinh-thu-tuc-hanh-chinh-bien-phap-bao-dam-So-Nong-nghiep-Ben-Tre-661783.aspx - saved image error download_bomayhanhchinh/error_file_1028.715158060191_new1.png
2025-07-16 07:15:15,392 - INFO - ⏳ 4.96s between batches...
2025-07-16 07:15:20,356 - INFO - Processing batch 580 to 581
2025-07-16 07:15:22,519 - INFO - ⏳ Waiting 3.75s for user emulation...
2025-07-16 07:15:27,844 - INFO - ⏳ Waiting 4.00s for user emulation...
2025-07-16 07:15:40,777 - ERROR - ❌ Main content not found at https://thuvienphapluat.vn/van-ban/Bat-dong-san/Quyet-dinh-55-2025-QD-UBND-co-che-giam-sat-danh-gia-dich-vu-cong-linh-vuc-quan-ly-dat-dai-Long-An-660631.aspx - saved image error download_bomayhanhchinh/error_file_1072.1425762248577_new1.png
2025-07-16 07:15:40,842 - INFO - ⏳ 4.97s between batches...
2025-07-16 07:15:45,813 - INFO - Processing batch 581 to 582
2025-07-16 07:15:47,924 - INFO - ⏳ Waiting 3.88s for user emulation...
2025-07-16 07:15:53,563 - INFO - ⏳ Waiting 4.06s for user emulation...
2025-07-16 07:16:06,709 - ERROR - ❌ Main content not found at https://thuvienphapluat.vn/van-ban/Bo-may-hanh-chinh/Quyet-dinh-1943-QD-UBND-2025-cong-bo-thu-tuc-hanh-chinh-quan-ly-de-dieu-So-Nong-nghiep-Ben-Tre-660576.aspx - saved image error download_bomayhanhchinh/error_file_1503.9497760628587_new1.png
2025-07-16 07:16:06,775 - INFO - ⏳ 4.96s between batches...
2025-07-16 07:16:11,739 - INFO - Processing batch 582 to 583
2025-07-16 07:16:13,935 - INFO - ⏳ Waiting 3.17s for user emulation...
2025-07-16 07:16:18,652 - INFO - ⏳ Waiting 4.56s for user emulation...
2025-07-16 07:16:32,170 - ERROR - ❌ Main content not found at https://thuvienphapluat.vn/van-ban/Cong-nghe-thong-tin/Quyet-dinh-54-2025-QD-UBND-bai-bo-Quyet-dinh-55-2021-QD-UBND-Long-An-660487.aspx - saved image error download_bomayhanhchinh/error_file_1104.4304856859058_new1.png
2025-07-16 07:16:32,235 - INFO - ⏳ 4.50s between batches...
2025-07-16 07:16:36,738 - INFO - Processing batch 583 to 584
2025-07-16 07:16:38,915 - INFO - ⏳ Waiting 3.11s for user emulation...
2025-07-16 07:16:43,576 - INFO - ⏳ Waiting 5.40s for user emulation...
2025-07-16 07:16:58,674 - ERROR - ❌ Main content not found at https://thuvienphapluat.vn/van-ban/Bo-may-hanh-chinh/Quyet-dinh-46-2025-QD-UBND-phan-cap-tham-quyen-xu-ly-tai-san-ha-tang-giao-thong-duong-bo-Binh-Dinh-660484.aspx - saved image error download_bomayhanhchinh/error_file_1333.503974682427_new1.png
2025-07-16 07:16:58,738 - INFO - ⏳ 3.27s between batches...
2025-07-16 07:17:02,012 - INFO - Processing batch 584 to 585
2025-07-16 07:17:04,108 - INFO - ⏳ Waiting 3.53s for user emulation...
2025-07-16 07:17:09,211 - INFO - ⏳ Waiting 5.20s for user emulation...
2025-07-16 07:17:23,538 - ERROR - ❌ Main content not found at https://thuvienphapluat.vn/van-ban/Bo-may-hanh-chinh/Quyet-dinh-32-2025-QD-UBND-bai-bo-cac-quyet-dinh-cua-Uy-ban-nhan-dan-Ha-Tinh-660392.aspx - saved image error download_bomayhanhchinh/error_file_1127.5284158849431_new1.png
2025-07-16 07:17:23,603 - INFO - ⏳ 3.72s between batches...
2025-07-16 07:17:27,318 - INFO - Processing batch 585 to 586
2025-07-16 07:17:29,352 - INFO - ⏳ Waiting 2.08s for user emulation...
2025-07-16 07:17:32,993 - INFO - ⏳ Waiting 4.56s for user emulation...
2025-07-16 07:17:46,521 - ERROR - ❌ Main content not found at https://thuvienphapluat.vn/van-ban/Bo-may-hanh-chinh/Quyet-dinh-1945-QD-UBND-2025-cong-bo-thu-tuc-hanh-chinh-linh-vuc-duong-bo-So-Xay-dung-Ben-Tre-661339.aspx - saved image error download_bomayhanhchinh/error_file_638.4080305754628_new1.png
2025-07-16 07:17:46,588 - INFO - ⏳ 3.40s between batches...
2025-07-16 07:17:49,988 - INFO - Processing batch 586 to 587
2025-07-16 07:17:51,854 - INFO - ⏳ Waiting 2.40s for user emulation...
2025-07-16 07:17:56,494 - INFO - ⏳ Waiting 4.36s for user emulation...
2025-07-16 07:18:09,970 - ERROR - ❌ Main content not found at https://thuvienphapluat.vn/van-ban/Bo-may-hanh-chinh/Quyet-dinh-768-QD-UBND-2025-quy-trinh-thu-tuc-hanh-chinh-linh-vuc-dia-chat-So-Nong-nghiep-Cao-Bang-662956.aspx - saved image error download_bomayhanhchinh/error_file_988.2966609969681_new1.png
2025-07-16 07:18:10,036 - INFO - ⏳ 3.25s between batches...
2025-07-16 07:18:13,282 - INFO - Processing batch 587 to 588
2025-07-16 07:18:15,281 - INFO - ⏳ Waiting 3.57s for user emulation...
2025-07-16 07:18:20,355 - INFO - ⏳ Waiting 3.01s for user emulation...
2025-07-16 07:18:33,072 - ERROR - ❌ Main content not found at https://thuvienphapluat.vn/van-ban/Bao-hiem/Quyet-dinh-757-QD-UBND-2025-quy-trinh-thu-tuc-hanh-chinh-linh-vuc-lao-dong-So-Noi-vu-Cao-Bang-662944.aspx - saved image error download_bomayhanhchinh/error_file_857.7077159955039_new1.png
2025-07-16 07:18:33,138 - INFO - ⏳ 4.02s between batches...
2025-07-16 07:18:37,162 - INFO - Processing batch 588 to 589
2025-07-16 07:18:39,207 - INFO - ⏳ Waiting 3.44s for user emulation...
2025-07-16 07:18:44,125 - INFO - ⏳ Waiting 3.44s for user emulation...
2025-07-16 07:18:57,070 - ERROR - ❌ Main content not found at https://thuvienphapluat.vn/van-ban/Bo-may-hanh-chinh/Quyet-dinh-1583-QD-UBND-2025-cong-bo-thu-tuc-hanh-chinh-khoang-san-So-Cong-Thuong-Khanh-Hoa-661562.aspx - saved image error download_bomayhanhchinh/error_file_727.5773889524049_new1.png
2025-07-16 07:18:57,137 - INFO - ⏳ 4.58s between batches...
2025-07-16 07:19:01,720 - INFO - Processing batch 589 to 590
2025-07-16 07:19:03,785 - INFO - ⏳ Waiting 3.07s for user emulation...
2025-07-16 07:19:09,117 - INFO - ⏳ Waiting 4.27s for user emulation...
2025-07-16 07:19:23,136 - ERROR - ❌ Main content not found at https://thuvienphapluat.vn/van-ban/Bo-may-hanh-chinh/Quyet-dinh-1830-QD-UBND-2025-cong-bo-thu-tuc-hanh-chinh-linh-vuc-Trong-trot-So-Nong-nghiep-Thanh-Hoa-660435.aspx - saved image error download_bomayhanhchinh/error_file_791.9513392555118_new1.png
2025-07-16 07:19:23,200 - INFO - ⏳ 4.04s between batches...
2025-07-16 07:19:27,242 - INFO - Processing batch 590 to 591
2025-07-16 07:19:29,315 - INFO - ⏳ Waiting 3.93s for user emulation...
2025-07-16 07:19:34,785 - INFO - ⏳ Waiting 4.29s for user emulation...
2025-07-16 07:19:48,449 - ERROR - ❌ Main content not found at https://thuvienphapluat.vn/van-ban/Bat-dong-san/Quyet-dinh-796-QD-UBND-2025-chuc-nang-nhiem-vu-Van-phong-Dang-ky-dat-dai-Dak-Nong-660698.aspx - saved image error download_bomayhanhchinh/error_file_1271.425231132338_new1.png
2025-07-16 07:19:48,514 - INFO - ⏳ 3.24s between batches...
2025-07-16 07:19:51,756 - INFO - Processing batch 591 to 592
2025-07-16 07:19:53,821 - INFO - ⏳ Waiting 3.68s for user emulation...
2025-07-16 07:19:58,981 - INFO - ⏳ Waiting 5.96s for user emulation...
2025-07-16 07:20:14,033 - ERROR - ❌ Main content not found at https://thuvienphapluat.vn/van-ban/Bo-may-hanh-chinh/Quyet-dinh-1111-QD-TTg-2025-danh-sach-cac-don-vi-su-nghiep-cong-lap-truc-thuoc-Bo-Tu-phap-660472.aspx - saved image error download_bomayhanhchinh/error_file_816.6041693279974_new1.png
2025-07-16 07:20:14,097 - INFO - ⏳ 3.93s between batches...
2025-07-16 07:20:18,027 - INFO - Processing batch 592 to 593
2025-07-16 07:20:20,171 - INFO - ⏳ Waiting 3.72s for user emulation...
2025-07-16 07:20:25,384 - INFO - ⏳ Waiting 3.14s for user emulation...
2025-07-16 07:20:38,014 - ERROR - ❌ Main content not found at https://thuvienphapluat.vn/van-ban/Bo-may-hanh-chinh/Quyet-dinh-49-2025-QD-UBND-chuc-nang-Trung-tam-Khuyen-nong-Dich-vu-nong-nghiep-Tay-Ninh-661618.aspx - saved image error download_bomayhanhchinh/error_file_1349.3889871120778_new1.png
2025-07-16 07:20:38,078 - INFO - ⏳ 3.63s between batches...
2025-07-16 07:20:41,705 - INFO - Processing batch 593 to 594
2025-07-16 07:20:43,571 - INFO - ⏳ Waiting 3.05s for user emulation...
2025-07-16 07:20:48,154 - INFO - ⏳ Waiting 3.89s for user emulation...
2025-07-16 07:21:01,363 - ERROR - ❌ Main content not found at https://thuvienphapluat.vn/van-ban/Bo-may-hanh-chinh/Quyet-dinh-48-2025-QD-UBND-chuc-nang-nhiem-vu-Trung-tam-Nuoc-sach-va-Moi-truong-Tay-Ninh-661616.aspx - saved image error download_bomayhanhchinh/error_file_1316.459706881064_new1.png
2025-07-16 07:21:01,428 - INFO - ⏳ 3.38s between batches...
2025-07-16 07:21:04,804 - INFO - Processing batch 594 to 595
2025-07-16 07:21:06,795 - INFO - ⏳ Waiting 3.17s for user emulation...
2025-07-16 07:21:11,465 - INFO - ⏳ Waiting 4.16s for user emulation...
2025-07-16 07:21:24,812 - ERROR - ❌ Main content not found at https://thuvienphapluat.vn/van-ban/Bo-may-hanh-chinh/Thong-tu-07-2025-TT-BTP-thoi-han-luu-tru-ho-so-tai-lieu-nganh-Tu-phap-664305.aspx - saved image error download_bomayhanhchinh/error_file_872.2727982783335_new1.png
2025-07-16 07:21:24,877 - INFO - ⏳ 3.74s between batches...
2025-07-16 07:21:28,612 - INFO - Processing batch 595 to 596
2025-07-16 07:21:30,586 - INFO - ⏳ Waiting 3.48s for user emulation...
2025-07-16 07:21:35,658 - INFO - ⏳ Waiting 4.78s for user emulation...
2025-07-16 07:21:49,579 - ERROR - ❌ Main content not found at https://thuvienphapluat.vn/van-ban/Bo-may-hanh-chinh/Quyet-dinh-252-QD-VP-2025-cong-bo-thu-tuc-hanh-chinh-truc-tuyen-toan-trinh-So-Xay-dung-Tuyen-Quang-660862.aspx - saved image error download_bomayhanhchinh/error_file_1035.5367942572047_new1.png
2025-07-16 07:21:49,644 - INFO - ⏳ 4.13s between batches...
2025-07-16 07:21:53,775 - INFO - Processing batch 596 to 597
2025-07-16 07:21:55,583 - INFO - ⏳ Waiting 3.81s for user emulation...
2025-07-16 07:22:09,621 - INFO - ⏳ Waiting 4.97s for user emulation...
2025-07-16 07:22:24,244 - ERROR - ❌ Main content not found at https://thuvienphapluat.vn/van-ban/Bo-may-hanh-chinh/Quyet-dinh-767-QD-UBND-2025-quy-trinh-thu-tuc-hanh-chinh-moi-truong-So-Nong-nghiep-Cao-Bang-663859.aspx - saved image error download_bomayhanhchinh/error_file_1202.7862974211694_new1.png
2025-07-16 07:22:24,310 - INFO - ⏳ 4.87s between batches...
2025-07-16 07:22:29,181 - INFO - Processing batch 597 to 598
2025-07-16 07:22:31,281 - INFO - ⏳ Waiting 2.21s for user emulation...
2025-07-16 07:22:38,427 - INFO - ⏳ Waiting 3.06s for user emulation...
2025-07-16 07:22:50,992 - ERROR - ❌ Main content not found at https://thuvienphapluat.vn/van-ban/Dau-tu/Quyet-dinh-36-2025-QD-UBND-bai-bo-Quyet-dinh-51-2021-QD-UBND-Bac-Giang-662184.aspx - saved image error download_bomayhanhchinh/error_file_742.6638843857825_new1.png
2025-07-16 07:22:51,058 - INFO - ⏳ 4.70s between batches...
2025-07-16 07:22:55,763 - INFO - Processing batch 598 to 599
2025-07-16 07:22:57,828 - INFO - ⏳ Waiting 2.73s for user emulation...
2025-07-16 07:23:06,232 - INFO - ⏳ Waiting 3.37s for user emulation...
2025-07-16 07:23:19,058 - ERROR - ❌ Main content not found at https://thuvienphapluat.vn/van-ban/Bo-may-hanh-chinh/Quyet-dinh-34-2025-QD-UBND-bai-bo-cac-Quyet-dinh-cua-Uy-ban-tinh-Bac-Giang-662182.aspx - saved image error download_bomayhanhchinh/error_file_851.6258412573627_new1.png
2025-07-16 07:23:19,123 - INFO - ⏳ 4.89s between batches...
2025-07-16 07:23:24,011 - INFO - Processing batch 599 to 600
2025-07-16 07:23:26,027 - INFO - ⏳ Waiting 2.62s for user emulation...
2025-07-16 07:23:46,710 - INFO - ⏳ Waiting 5.32s for user emulation...
2025-07-16 07:24:01,123 - ERROR - ❌ Main content not found at https://thuvienphapluat.vn/van-ban/Bo-may-hanh-chinh/Quyet-dinh-1203-QD-UBND-2025-cong-bo-thu-tuc-hanh-chinh-khoang-san-So-Cong-Thuong-Bac-Lieu-660701.aspx - saved image error download_bomayhanhchinh/error_file_1489.9557096575286_new1.png
2025-07-16 07:24:01,189 - INFO - ⏳ 4.40s between batches...
2025-07-16 07:24:05,593 - INFO - Processing batch 600 to 601
2025-07-16 07:24:07,710 - INFO - ⏳ Waiting 3.98s for user emulation...
2025-07-16 07:24:23,279 - INFO - ⏳ Waiting 3.19s for user emulation...
2025-07-16 07:24:36,124 - ERROR - ❌ Main content not found at https://thuvienphapluat.vn/van-ban/Bo-may-hanh-chinh/Quyet-dinh-1236-QD-UBND-2025-cong-bo-Danh-muc-chuan-hoa-che-do-bao-cao-Dak-Lak-660140.aspx - saved image error download_bomayhanhchinh/error_file_1111.1100874025583_new1.png
2025-07-16 07:24:36,189 - INFO - ⏳ 3.81s between batches...
2025-07-16 07:24:39,999 - INFO - Processing batch 601 to 602
2025-07-16 07:24:42,075 - INFO - ⏳ Waiting 3.62s for user emulation...
2025-07-16 07:24:47,294 - INFO - ⏳ Waiting 5.77s for user emulation...
2025-07-16 07:25:02,075 - ERROR - ❌ Main content not found at https://thuvienphapluat.vn/van-ban/Bo-may-hanh-chinh/Quyet-dinh-1560-QD-UBND-2025-quy-trinh-thu-tuc-hanh-chinh-linh-vuc-tre-em-Uy-ban-huyen-Khanh-Hoa-661166.aspx - saved image error download_bomayhanhchinh/error_file_1183.4629341266136_new1.png
2025-07-16 07:25:02,140 - INFO - ⏳ 4.33s between batches...
2025-07-16 07:25:06,474 - INFO - Processing batch 602 to 603
2025-07-16 07:25:08,602 - INFO - ⏳ Waiting 3.11s for user emulation...
2025-07-16 07:25:13,215 - INFO - ⏳ Waiting 5.47s for user emulation...
2025-07-16 07:25:27,620 - ERROR - ❌ Main content not found at https://thuvienphapluat.vn/van-ban/Bo-may-hanh-chinh/Quyet-dinh-1165-QD-UBND-2025-Bo-chi-so-phuc-vu-cong-tac-chi-dao-dieu-hanh-moi-truong-dien-tu-Vinh-Phuc-661093.aspx - saved image error download_bomayhanhchinh/error_file_1253.2811829105008_new1.png
2025-07-16 07:25:27,685 - INFO - ⏳ 4.04s between batches...
2025-07-16 07:25:31,728 - INFO - Processing batch 603 to 604
2025-07-16 07:25:33,682 - INFO - ⏳ Waiting 3.92s for user emulation...
2025-07-16 07:25:39,116 - INFO - ⏳ Waiting 4.50s for user emulation...
2025-07-16 07:25:52,868 - ERROR - ❌ Main content not found at https://thuvienphapluat.vn/van-ban/Bo-may-hanh-chinh/Quyet-dinh-1264-QD-UBND-2025-Phuong-an-don-gian-hoa-thu-tuc-hanh-chinh-linh-vuc-Tu-phap-Phu-Tho-660707.aspx - saved image error download_bomayhanhchinh/error_file_617.5457885764122_new1.png
2025-07-16 07:25:52,933 - INFO - ⏳ 4.38s between batches...
2025-07-16 07:25:57,314 - INFO - Processing batch 604 to 605
2025-07-16 07:25:59,278 - INFO - ⏳ Waiting 2.25s for user emulation...
2025-07-16 07:26:03,216 - INFO - ⏳ Waiting 4.06s for user emulation...
2025-07-16 07:26:08,861 - INFO - Saved txt: download_bomayhanhchinh/new1_Quyet-dinh-1909-QD-UBND-2025-cong-bo-thu-tuc-hanh-chinh-linh-vuc-Trong-trot-So-Nong-nghiep-Quang-Binh-660548.txt
2025-07-16 07:26:08,927 - INFO - ⏳ 4.82s between batches...
2025-07-16 07:26:13,750 - INFO - Processing batch 605 to 606
2025-07-16 07:26:15,859 - INFO - ⏳ Waiting 2.07s for user emulation...
2025-07-16 07:26:19,532 - INFO - ⏳ Waiting 4.14s for user emulation...
2025-07-16 07:26:24,662 - INFO - Saved txt: download_bomayhanhchinh/new1_Quyet-dinh-27-2025-QD-UBND-bai-bo-Quyet-dinh-2929-1998-QD-UBT-Can-Tho-660398.txt
2025-07-16 07:26:24,727 - INFO - ⏳ 4.22s between batches...
2025-07-16 07:26:28,945 - INFO - Processing batch 606 to 607
2025-07-16 07:26:31,059 - INFO - ⏳ Waiting 2.77s for user emulation...
2025-07-16 07:26:35,541 - INFO - ⏳ Waiting 4.22s for user emulation...
2025-07-16 07:26:40,332 - INFO - Saved txt: download_bomayhanhchinh/new1_Quyet-dinh-1907-QD-UBND-2025-cong-bo-thu-tuc-hanh-chinh-linh-vuc-Hang-hai-Uy-ban-tinh-Quang-Binh-660549.txt
2025-07-16 07:26:40,398 - INFO - ⏳ 3.42s between batches...
2025-07-16 07:26:43,821 - INFO - Processing batch 607 to 608
2025-07-16 07:26:45,950 - INFO - ⏳ Waiting 2.37s for user emulation...
2025-07-16 07:26:50,085 - INFO - ⏳ Waiting 4.23s for user emulation...
2025-07-16 07:26:55,370 - INFO - Saved txt: download_bomayhanhchinh/new1_Quyet-dinh-1903-QD-UBND-2025-quy-trinh-dich-vu-cong-truc-tuyen-Kinh-doanh-bat-dong-san-Quang-Binh-660547.txt
2025-07-16 07:26:55,435 - INFO - ⏳ 3.51s between batches...
2025-07-16 07:26:58,946 - INFO - Processing batch 608 to 609
2025-07-16 07:27:00,758 - INFO - ⏳ Waiting 2.19s for user emulation...
2025-07-16 07:27:04,628 - INFO - ⏳ Waiting 3.08s for user emulation...
2025-07-16 07:27:08,583 - INFO - Saved txt: download_bomayhanhchinh/new1_Quyet-dinh-31-2025-QD-UBND-sua-doi-Quyet-dinh-35-2021-QD-UBND-Hung-Yen-660673.txt
2025-07-16 07:27:08,648 - INFO - ⏳ 3.54s between batches...
2025-07-16 07:27:12,184 - INFO - Processing batch 609 to 610
2025-07-16 07:27:14,263 - INFO - ⏳ Waiting 3.78s for user emulation...
2025-07-16 07:27:20,113 - INFO - ⏳ Waiting 5.74s for user emulation...
2025-07-16 07:27:26,712 - INFO - Saved txt: download_bomayhanhchinh/new1_Nghi-dinh-118-2025-ND-CP-thuc-hien-thu-tuc-hanh-chinh-co-che-mot-cua-mot-cua-lien-thong-660295.txt
2025-07-16 07:27:26,780 - INFO - ⏳ 3.94s between batches...
2025-07-16 07:27:30,721 - INFO - Processing batch 610 to 611
2025-07-16 07:27:32,801 - INFO - ⏳ Waiting 2.77s for user emulation...
2025-07-16 07:27:37,302 - INFO - ⏳ Waiting 3.24s for user emulation...
2025-07-16 07:27:41,550 - INFO - Saved txt: download_bomayhanhchinh/new1_Quyet-dinh-1089-QD-TTg-2025-Ke-hoach-trien-khai-thi-hanh-Luat-Tu-phap-nguoi-chua-thanh-nien-660296.txt
2025-07-16 07:27:41,615 - INFO - ⏳ 3.20s between batches...
2025-07-16 07:27:44,816 - INFO - Processing batch 611 to 612
2025-07-16 07:27:46,775 - INFO - ⏳ Waiting 2.83s for user emulation...
2025-07-16 07:27:51,233 - INFO - ⏳ Waiting 3.10s for user emulation...
2025-07-16 07:27:55,816 - INFO - Saved txt: download_bomayhanhchinh/new1_Quyet-dinh-1157-QD-UBND-2025-cong-bo-thu-tuc-hanh-chinh-dich-vu-cong-truc-tuyen-So-Van-hoa-Dien-Bien-661623.txt
2025-07-16 07:27:55,881 - INFO - ⏳ 3.24s between batches...
2025-07-16 07:27:59,121 - INFO - Processing batch 612 to 613
2025-07-16 07:28:01,080 - INFO - ⏳ Waiting 3.08s for user emulation...
2025-07-16 07:28:06,798 - INFO - ⏳ Waiting 3.99s for user emulation...
2025-07-16 07:28:11,527 - INFO - Saved txt: download_bomayhanhchinh/new1_Nghi-quyet-32-NQ-HDND-2025-to-chuc-lai-Thanh-tra-Cao-Bang-664481.txt
2025-07-16 07:28:11,591 - INFO - ⏳ 3.76s between batches...
2025-07-16 07:28:15,347 - INFO - Processing batch 613 to 614
2025-07-16 07:28:17,148 - INFO - ⏳ Waiting 3.65s for user emulation...
2025-07-16 07:28:22,529 - INFO - ⏳ Waiting 4.65s for user emulation...
2025-07-16 07:28:28,451 - INFO - Saved txt: download_bomayhanhchinh/new1_Quyet-dinh-1158-QD-UBND-2025-Quy-trinh-thu-tuc-hanh-chinh-quan-ly-lao-dong-ngoai-nuoc-So-Noi-vu-Dien-Bien-661621.txt
2025-07-16 07:28:28,516 - INFO - ⏳ 3.44s between batches...
2025-07-16 07:28:31,955 - INFO - Processing batch 614 to 615
2025-07-16 07:28:34,107 - INFO - ⏳ Waiting 2.83s for user emulation...
2025-07-16 07:28:38,615 - INFO - ⏳ Waiting 5.56s for user emulation...
2025-07-16 07:28:44,901 - INFO - Saved txt: download_bomayhanhchinh/new1_Cong-dien-83-CD-TTg-2025-day-manh-phan-cap-phan-quyen-phan-dinh-tham-quyen-cac-nganh-linh-vuc-660172.txt
2025-07-16 07:28:44,966 - INFO - ⏳ 4.89s between batches...
2025-07-16 07:28:49,857 - INFO - Processing batch 615 to 616
2025-07-16 07:28:51,515 - INFO - ⏳ Waiting 3.22s for user emulation...
2025-07-16 07:28:56,573 - INFO - ⏳ Waiting 5.20s for user emulation...
2025-07-16 07:29:02,659 - INFO - Saved txt: download_bomayhanhchinh/new1_Quyet-dinh-493-QD-UBND-2025-quy-trinh-thu-tuc-hanh-chinh-linh-vuc-Thuy-loi-Kon-Tum-660061.txt
2025-07-16 07:29:02,724 - INFO - ⏳ 3.83s between batches...
2025-07-16 07:29:06,553 - INFO - Processing batch 616 to 617
2025-07-16 07:29:08,701 - INFO - ⏳ Waiting 3.74s for user emulation...
2025-07-16 07:29:14,929 - INFO - ⏳ Waiting 5.64s for user emulation...
2025-07-16 07:29:21,506 - INFO - Saved txt: download_bomayhanhchinh/new1_Nghi-quyet-162-NQ-CP-2025-Phien-hop-Chinh-phu-thuong-ky-thang-5-660716.txt
2025-07-16 07:29:21,574 - INFO - ⏳ 4.24s between batches...
2025-07-16 07:29:25,813 - INFO - Processing batch 617 to 618
2025-07-16 07:29:27,911 - INFO - ⏳ Waiting 2.64s for user emulation...
2025-07-16 07:29:32,158 - INFO - ⏳ Waiting 4.74s for user emulation...
2025-07-16 07:29:38,337 - INFO - Saved txt: download_bomayhanhchinh/new1_Huong-dan-65-HD-TWDTN-TCKT-2025-sap-xep-to-chuc-can-bo-Doan-Thanh-nien-Ho-Chi-Minh-cap-tinh-660032.txt
2025-07-16 07:29:38,402 - INFO - ⏳ 3.58s between batches...
2025-07-16 07:29:41,984 - INFO - Processing batch 618 to 619
2025-07-16 07:29:44,126 - INFO - ⏳ Waiting 3.50s for user emulation...
2025-07-16 07:29:49,427 - INFO - ⏳ Waiting 3.84s for user emulation...
2025-07-16 07:29:53,845 - INFO - Saved txt: download_bomayhanhchinh/new1_Huong-dan-18-HD-UBKTTW-2025-co-cau-uy-ban-kiem-tra-cap-co-so-Dang-bo-co-quan-Dang-Trung-uong-660195.txt
2025-07-16 07:29:53,911 - INFO - ⏳ 3.58s between batches...
2025-07-16 07:29:57,489 - INFO - Processing batch 619 to 620
2025-07-16 07:29:59,654 - INFO - ⏳ Waiting 3.31s for user emulation...
2025-07-16 07:30:04,949 - INFO - ⏳ Waiting 5.58s for user emulation...
2025-07-16 07:30:11,234 - INFO - Saved txt: download_bomayhanhchinh/new1_Quyet-dinh-2262-QD-NHNN-2025-cong-bo-thu-tuc-hanh-chinh-hoat-dong-ngoai-hoi-Bo-phan-Mot-cua-660429.txt
2025-07-16 07:30:11,299 - INFO - ⏳ 4.07s between batches...
2025-07-16 07:30:15,366 - INFO - Processing batch 620 to 621
2025-07-16 07:30:17,426 - INFO - ⏳ Waiting 3.78s for user emulation...
2025-07-16 07:30:22,969 - INFO - ⏳ Waiting 4.51s for user emulation...
2025-07-16 07:30:28,154 - INFO - Saved txt: download_bomayhanhchinh/new1_Quyet-dinh-1778-QD-UBND-2025-cong-bo-thu-tuc-hanh-chinh-Khoang-san-So-Cong-Thuong-Thanh-Hoa-659877.txt
2025-07-16 07:30:28,219 - INFO - ⏳ 3.46s between batches...
2025-07-16 07:30:31,677 - INFO - Processing batch 621 to 622
2025-07-16 07:30:33,333 - INFO - ⏳ Waiting 3.39s for user emulation...
2025-07-16 07:30:38,752 - INFO - ⏳ Waiting 5.97s for user emulation...
2025-07-16 07:30:45,701 - INFO - Saved txt: download_bomayhanhchinh/new1_Quyet-dinh-986-QD-UBND-2025-cong-bo-thu-tuc-hanh-chinh-noi-bo-So-Tai-chinh-Bac-Ninh-660307.txt
2025-07-16 07:30:45,766 - INFO - ⏳ 4.16s between batches...
2025-07-16 07:30:49,926 - INFO - Processing batch 622 to 623
2025-07-16 07:30:51,830 - INFO - ⏳ Waiting 3.81s for user emulation...
2025-07-16 07:30:57,341 - INFO - ⏳ Waiting 4.20s for user emulation...
2025-07-16 07:31:03,127 - INFO - Saved txt: download_bomayhanhchinh/new1_Quyet-dinh-745-QD-UBND-2025-cong-bo-thu-tuc-hanh-chinh-nong-nghiep-So-Nong-nghiep-Ninh-Thuan-661354.txt
2025-07-16 07:31:03,194 - INFO - ⏳ 3.27s between batches...
2025-07-16 07:31:06,465 - INFO - Processing batch 623 to 624
2025-07-16 07:31:08,504 - INFO - ⏳ Waiting 2.34s for user emulation...
2025-07-16 07:31:12,535 - INFO - ⏳ Waiting 3.31s for user emulation...
2025-07-16 07:31:17,127 - INFO - Saved txt: download_bomayhanhchinh/new1_Quyet-dinh-1901-QD-UBND-2025-cong-bo-thu-tuc-hanh-chinh-thong-tin-doi-ngoai-So-Van-hoa-Ben-Tre-661338.txt
2025-07-16 07:31:17,193 - INFO - ⏳ 3.96s between batches...
2025-07-16 07:31:21,154 - INFO - Processing batch 624 to 625
2025-07-16 07:31:23,243 - INFO - ⏳ Waiting 3.70s for user emulation...
2025-07-16 07:31:28,650 - INFO - ⏳ Waiting 3.20s for user emulation...
2025-07-16 07:31:32,445 - INFO - Saved txt: download_bomayhanhchinh/new1_Quyet-dinh-1900-QD-UBND-2025-cong-bo-thu-tuc-hanh-chinh-linh-vuc-huong-uoc-Uy-ban-xa-Ben-Tre-661337.txt
2025-07-16 07:31:32,509 - INFO - ⏳ 4.36s between batches...
2025-07-16 07:31:36,872 - INFO - Processing batch 625 to 626
2025-07-16 07:31:39,097 - INFO - ⏳ Waiting 2.34s for user emulation...
2025-07-16 07:31:43,152 - INFO - ⏳ Waiting 4.82s for user emulation...
2025-07-16 07:31:49,216 - INFO - Saved txt: download_bomayhanhchinh/new1_Quyet-dinh-1899-QD-UBND-2025-quy-trinh-thu-tuc-hanh-chinh-linh-vuc-chan-nuoi-So-Tai-chinh-Ben-Tre-661336.txt
2025-07-16 07:31:49,281 - INFO - ⏳ 3.46s between batches...
2025-07-16 07:31:52,738 - INFO - Processing batch 626 to 627
2025-07-16 07:31:54,989 - INFO - ⏳ Waiting 3.76s for user emulation...
2025-07-16 07:32:00,506 - INFO - ⏳ Waiting 5.13s for user emulation...
2025-07-16 07:32:07,174 - INFO - Saved txt: download_bomayhanhchinh/new1_Quyet-dinh-1542-QD-UBND-2025-cong-bo-thu-tuc-hanh-chinh-Van-phong-Uy-ban-tinh-Khanh-Hoa-660958.txt
2025-07-16 07:32:07,239 - INFO - ⏳ 3.03s between batches...
2025-07-16 07:32:10,269 - INFO - Processing batch 627 to 628
2025-07-16 07:32:12,048 - INFO - ⏳ Waiting 2.07s for user emulation...
2025-07-16 07:32:15,803 - INFO - ⏳ Waiting 5.08s for user emulation...
2025-07-16 07:32:21,714 - INFO - Saved txt: download_bomayhanhchinh/new1_Quyet-dinh-56-2025-QD-UBND-dinh-muc-kinh-te-ky-thuatdich-vu-cong-ho-tro-doi-moi-cong-nghe-Vung-Tau-660060.txt
2025-07-16 07:32:21,780 - INFO - ⏳ 3.65s between batches...
2025-07-16 07:32:25,427 - INFO - Processing batch 628 to 629
2025-07-16 07:32:27,402 - INFO - ⏳ Waiting 3.03s for user emulation...
2025-07-16 07:32:32,269 - INFO - ⏳ Waiting 5.75s for user emulation...
2025-07-16 07:32:38,620 - INFO - Saved txt: download_bomayhanhchinh/new1_Quyet-dinh-854-QD-UBND-2025-cong-bo-thu-tuc-hanh-chinh-ung-pho-su-co-tran-dau-Uy-ban-huyen-Quang-Ngai-660385.txt
2025-07-16 07:32:38,686 - INFO - ⏳ 3.94s between batches...
2025-07-16 07:32:42,626 - INFO - Processing batch 629 to 630
2025-07-16 07:32:44,594 - INFO - ⏳ Waiting 3.98s for user emulation...
2025-07-16 07:32:50,346 - INFO - ⏳ Waiting 5.69s for user emulation...
2025-07-16 07:32:56,910 - INFO - Saved txt: download_bomayhanhchinh/new1_Quyet-dinh-1403-QD-UBND-2025-cong-bo-thu-tuc-hanh-chinh-cong-thuong-Uy-ban-thanh-pho-Can-Tho-659856.txt
2025-07-16 07:32:56,978 - INFO - ⏳ 3.62s between batches...
2025-07-16 07:33:00,600 - INFO - Processing batch 630 to 631
2025-07-16 07:33:02,654 - INFO - ⏳ Waiting 3.26s for user emulation...
2025-07-16 07:33:07,710 - INFO - ⏳ Waiting 4.26s for user emulation...
2025-07-16 07:33:12,751 - INFO - Saved txt: download_bomayhanhchinh/new1_Quyet-dinh-751-QD-UBND-HC-2025-cong-bo-thu-tuc-hanh-chinh-giao-duc-nghe-nghiep-So-Giao-duc-Dong-Thap-660891.txt
2025-07-16 07:33:12,816 - INFO - ⏳ 3.42s between batches...
2025-07-16 07:33:16,239 - INFO - Processing batch 631 to 632
2025-07-16 07:33:18,457 - INFO - ⏳ Waiting 2.06s for user emulation...
2025-07-16 07:33:22,330 - INFO - ⏳ Waiting 3.04s for user emulation...
2025-07-16 07:33:26,296 - INFO - Saved txt: download_bomayhanhchinh/new1_Quyet-dinh-750-QD-UBND-HC-2025-cong-bo-thu-tuc-hanh-chinh-Bao-tro-xa-hoi-So-Y-te-Dong-Thap-660890.txt
2025-07-16 07:33:26,360 - INFO - ⏳ 4.21s between batches...
2025-07-16 07:33:30,571 - INFO - Processing batch 632 to 633
2025-07-16 07:33:32,584 - INFO - ⏳ Waiting 3.48s for user emulation...
2025-07-16 07:33:37,731 - INFO - ⏳ Waiting 3.20s for user emulation...
2025-07-16 07:33:41,920 - INFO - Saved txt: download_bomayhanhchinh/new1_Quyet-dinh-36-2025-QD-UBND-bai-bo-Quyet-dinh-he-so-dieu-chinh-gia-dat-Thai-Binh-660662.txt
2025-07-16 07:33:41,985 - INFO - ⏳ 3.99s between batches...
2025-07-16 07:33:45,978 - INFO - Processing batch 633 to 634
2025-07-16 07:33:48,001 - INFO - ⏳ Waiting 2.58s for user emulation...
2025-07-16 07:33:52,260 - INFO - ⏳ Waiting 3.09s for user emulation...
2025-07-16 07:33:56,365 - INFO - Saved txt: download_bomayhanhchinh/new1_Quyet-dinh-39-2025-QD-UBND-nhiem-vu-quyen-han-So-Van-hoa-Du-lich-Da-Nang-660311.txt
2025-07-16 07:33:56,431 - INFO - ⏳ 4.76s between batches...
2025-07-16 07:34:01,187 - INFO - Processing batch 634 to 635
2025-07-16 07:34:02,973 - INFO - ⏳ Waiting 2.60s for user emulation...
2025-07-16 07:34:07,219 - INFO - ⏳ Waiting 4.89s for user emulation...
2025-07-16 07:34:13,614 - INFO - Saved txt: download_bomayhanhchinh/new1_Quyet-dinh-1927-QD-UBND-2025-cong-bo-thu-tuc-hanh-chinh-Quan-ly-xuat-nhap-canh-So-Ngoai-vu-Binh-Dinh-660663.txt
2025-07-16 07:34:13,679 - INFO - ⏳ 4.14s between batches...
2025-07-16 07:34:17,819 - INFO - Processing batch 635 to 636
2025-07-16 07:34:19,940 - INFO - ⏳ Waiting 3.07s for user emulation...
2025-07-16 07:34:24,628 - INFO - ⏳ Waiting 5.23s for user emulation...
2025-07-16 07:34:31,309 - INFO - Saved txt: download_bomayhanhchinh/new1_Quyet-dinh-1610-QD-UBND-2025-cong-bo-thu-tuc-hanh-chinh-quan-ly-de-dieu-Uy-ban-xa-Vung-Tau-660628.txt
2025-07-16 07:34:31,374 - INFO - ⏳ 4.14s between batches...
2025-07-16 07:34:35,509 - INFO - Processing batch 636 to 637
2025-07-16 07:34:37,563 - INFO - ⏳ Waiting 2.34s for user emulation...
2025-07-16 07:34:41,582 - INFO - ⏳ Waiting 3.23s for user emulation...
2025-07-16 07:34:46,008 - INFO - Saved txt: download_bomayhanhchinh/new1_Quyet-dinh-1744-QD-UBND-2025-cong-bo-thu-tuc-hanh-chinh-linh-vuc-khoang-san-So-Cong-Thuong-Thai-Nguyen-660626.txt
2025-07-16 07:34:46,075 - INFO - ⏳ 3.73s between batches...
2025-07-16 07:34:49,800 - INFO - Processing batch 637 to 638
2025-07-16 07:34:51,914 - INFO - ⏳ Waiting 3.15s for user emulation...
2025-07-16 07:34:56,867 - INFO - ⏳ Waiting 3.81s for user emulation...
2025-07-16 07:35:01,457 - INFO - Saved txt: download_bomayhanhchinh/new1_Quyet-dinh-31-2025-QD-UBND-bai-bo-cac-quyet-dinh-cua-Uy-ban-nhan-dan-Ha-Tinh-660070.txt
2025-07-16 07:35:01,522 - INFO - ⏳ 3.79s between batches...
2025-07-16 07:35:05,312 - INFO - Processing batch 638 to 639
2025-07-16 07:35:07,338 - INFO - ⏳ Waiting 2.11s for user emulation...
2025-07-16 07:35:11,154 - INFO - ⏳ Waiting 3.48s for user emulation...
2025-07-16 07:35:15,485 - INFO - Saved txt: download_bomayhanhchinh/new1_Quyet-dinh-33-2025-QD-UBND-chuc-nang-nhiem-vu-Trung-tam-Phat-trien-quy-dat-Hai-Phong-660358.txt
2025-07-16 07:35:15,550 - INFO - ⏳ 3.25s between batches...
2025-07-16 07:35:18,798 - INFO - Processing batch 639 to 640
2025-07-16 07:35:20,748 - INFO - ⏳ Waiting 2.87s for user emulation...
2025-07-16 07:35:25,348 - INFO - ⏳ Waiting 5.09s for user emulation...
2025-07-16 07:35:31,209 - INFO - Saved txt: download_bomayhanhchinh/new1_Quyet-dinh-1631-QD-UBND-2025-cong-bo-thu-tuc-hanh-chinh-Nong-nghiep-Moi-truong-Uy-ban-tinh-Nghe-An-660233.txt
2025-07-16 07:35:31,282 - INFO - ⏳ 4.55s between batches...
2025-07-16 07:35:35,830 - INFO - Processing batch 640 to 641
2025-07-16 07:35:37,765 - INFO - ⏳ Waiting 3.99s for user emulation...
2025-07-16 07:35:43,634 - INFO - ⏳ Waiting 5.67s for user emulation...
2025-07-16 07:35:50,192 - INFO - Saved txt: download_bomayhanhchinh/new1_Quyet-dinh-1338-QD-UBND-2025-thu-tuc-hanh-chinh-linh-vuc-khoang-san-So-Cong-Thuong-Son-La-660139.txt
2025-07-16 07:35:50,262 - INFO - ⏳ 4.46s between batches...
2025-07-16 07:35:54,720 - INFO - Processing batch 641 to 642
2025-07-16 07:35:56,383 - INFO - ⏳ Waiting 2.33s for user emulation...
2025-07-16 07:36:00,456 - INFO - ⏳ Waiting 4.80s for user emulation...
2025-07-16 07:36:06,228 - INFO - Saved txt: download_bomayhanhchinh/new1_Quyet-dinh-1619-QD-UBND-2025-cong-bo-thu-tuc-hanh-chinh-Ban-Quan-ly-Khu-Dong-Nam-Nghe-An-660629.txt
2025-07-16 07:36:06,293 - INFO - ⏳ 3.50s between batches...
2025-07-16 07:36:09,790 - INFO - Processing batch 642 to 643
2025-07-16 07:36:11,878 - INFO - ⏳ Waiting 3.50s for user emulation...
2025-07-16 07:36:17,023 - INFO - ⏳ Waiting 3.70s for user emulation...
2025-07-16 07:36:21,294 - INFO - Saved txt: download_bomayhanhchinh/new1_Quyet-dinh-1629-QD-UBND-2025-quy-trinh-thu-tuc-hanh-chinh-Cong-tac-Dan-toc-Uy-ban-huyen-Nghe-An-660546.txt
2025-07-16 07:36:21,359 - INFO - ⏳ 3.36s between batches...
2025-07-16 07:36:24,721 - INFO - Processing batch 643 to 644
2025-07-16 07:36:26,737 - INFO - ⏳ Waiting 2.50s for user emulation...
2025-07-16 07:36:31,068 - INFO - ⏳ Waiting 3.51s for user emulation...
2025-07-16 07:36:36,044 - INFO - Saved txt: download_bomayhanhchinh/new1_Quyet-dinh-1141-QD-UBND-2025-quy-trinh-thu-tuc-hanh-chinh-linh-vuc-chan-nuoi-So-Nong-nghiep-Dien-Bien-661620.txt
2025-07-16 07:36:36,110 - INFO - ⏳ 3.45s between batches...
2025-07-16 07:36:39,558 - INFO - Processing batch 644 to 645
2025-07-16 07:36:41,692 - INFO - ⏳ Waiting 3.06s for user emulation...
2025-07-16 07:36:46,375 - INFO - ⏳ Waiting 3.42s for user emulation...
2025-07-16 07:36:50,591 - INFO - Saved txt: download_bomayhanhchinh/new1_Quyet-dinh-158-QD-STP-2025-quy-trinh-thu-tuc-hanh-chinh-linh-vuc-cong-chung-So-Tu-phap-Khanh-Hoa-662154.txt
2025-07-16 07:36:50,659 - INFO - ⏳ 4.24s between batches...
2025-07-16 07:36:54,898 - INFO - Processing batch 645 to 646
2025-07-16 07:36:56,617 - INFO - ⏳ Waiting 2.40s for user emulation...
2025-07-16 07:37:00,750 - INFO - ⏳ Waiting 4.62s for user emulation...
2025-07-16 07:37:06,105 - INFO - Saved txt: download_bomayhanhchinh/new1_Quyet-dinh-240-QD-VP-2025-cong-bo-thu-tuc-hanh-chinh-linh-vuc-kiem-lam-So-Nong-nghiep-Tuyen-Quang-660861.txt
2025-07-16 07:37:06,170 - INFO - ⏳ 4.58s between batches...
2025-07-16 07:37:10,751 - INFO - Processing batch 646 to 647
2025-07-16 07:37:12,895 - INFO - ⏳ Waiting 2.90s for user emulation...
2025-07-16 07:37:18,737 - INFO - ⏳ Waiting 4.13s for user emulation...
2025-07-16 07:37:23,886 - INFO - Saved txt: download_bomayhanhchinh/new1_Thong-tu-08-2025-TT-BNV-thoi-han-luu-tru-ho-so-tai-lieu-thuoc-linh-vuc-Noi-vu-662187.txt
2025-07-16 07:37:23,952 - INFO - ⏳ 3.73s between batches...
2025-07-16 07:37:27,687 - INFO - Processing batch 647 to 648
2025-07-16 07:37:29,781 - INFO - ⏳ Waiting 3.73s for user emulation...
2025-07-16 07:37:35,048 - INFO - ⏳ Waiting 4.17s for user emulation...
2025-07-16 07:37:39,916 - INFO - Saved txt: download_bomayhanhchinh/new1_Quyet-dinh-2334-QD-UBND-2025-dinh-chinh-van-ban-Ho-Chi-Minh-661861.txt
2025-07-16 07:37:39,981 - INFO - ⏳ 3.50s between batches...
2025-07-16 07:37:43,486 - INFO - Processing batch 648 to 649
2025-07-16 07:37:45,524 - INFO - ⏳ Waiting 2.80s for user emulation...
2025-07-16 07:37:50,060 - INFO - ⏳ Waiting 3.87s for user emulation...
2025-07-16 07:37:54,538 - INFO - Saved txt: download_bomayhanhchinh/new1_Nghi-quyet-08-2025-NQ-HDND-sua-doi-muc-phan-bo-kinh-phi-xay-dung-van-ban-quy-pham-Bac-Kan-660229.txt
2025-07-16 07:37:54,604 - INFO - ⏳ 4.78s between batches...
2025-07-16 07:37:59,388 - INFO - Processing batch 649 to 650
2025-07-16 07:38:01,511 - INFO - ⏳ Waiting 2.01s for user emulation...
2025-07-16 07:38:05,167 - INFO - ⏳ Waiting 5.98s for user emulation...
2025-07-16 07:38:12,356 - INFO - Saved txt: download_bomayhanhchinh/new1_Quyet-dinh-1928-QD-UBND-2025-don-gian-hoa-thu-tuc-hanh-chinh-Ho-tich-So-Tu-phap-Binh-Dinh-661645.txt
2025-07-16 07:38:12,421 - INFO - ⏳ 4.86s between batches...
2025-07-16 07:38:17,282 - INFO - Processing batch 650 to 651
2025-07-16 07:38:19,147 - INFO - ⏳ Waiting 2.13s for user emulation...
2025-07-16 07:38:23,196 - INFO - ⏳ Waiting 3.44s for user emulation...
2025-07-16 07:38:28,442 - INFO - Saved txt: download_bomayhanhchinh/new1_Quyet-dinh-1140-QD-UBND-2025-quy-trinh-thu-tuc-hanh-chinh-linh-vuc-Lam-nghiep-So-Nong-nghiep-Dien-Bien-661474.txt
2025-07-16 07:38:28,507 - INFO - ⏳ 4.06s between batches...
2025-07-16 07:38:32,565 - INFO - Processing batch 651 to 652
2025-07-16 07:38:34,607 - INFO - ⏳ Waiting 3.87s for user emulation...
2025-07-16 07:38:40,171 - INFO - ⏳ Waiting 4.29s for user emulation...
2025-07-16 07:38:45,908 - INFO - Saved txt: download_bomayhanhchinh/new1_Quyet-dinh-1653-Q%c3%90-UBND-2025-cong-bo-thu-tuc-hanh-chinh-linh-vuc-khoang-san-So-Cong-Thuong-Hue-661519.txt
2025-07-16 07:38:45,977 - INFO - ⏳ 4.71s between batches...
2025-07-16 07:38:50,692 - INFO - Processing batch 652 to 653
2025-07-16 07:38:52,707 - INFO - ⏳ Waiting 2.17s for user emulation...
2025-07-16 07:38:56,567 - INFO - ⏳ Waiting 4.04s for user emulation...
2025-07-16 07:39:01,301 - INFO - Saved txt: download_bomayhanhchinh/new1_Quyet-dinh-29-2025-QD-UBND-bai-bo-02-Quyet-dinh-linh-vuc-Tai-chinh-Binh-Phuoc-662766.txt
2025-07-16 07:39:01,366 - INFO - ⏳ 4.85s between batches...
2025-07-16 07:39:06,214 - INFO - Processing batch 653 to 654
2025-07-16 07:39:07,879 - INFO - ⏳ Waiting 3.16s for user emulation...
2025-07-16 07:39:12,608 - INFO - ⏳ Waiting 5.19s for user emulation...
2025-07-16 07:39:18,389 - INFO - Saved txt: download_bomayhanhchinh/new1_Quyet-dinh-846-QD-UBND-2025-cong-bo-thu-tuc-hanh-chinh-khoang-san-So-Cong-Thuong-Quang-Ngai-659815.txt
2025-07-16 07:39:18,455 - INFO - ⏳ 3.12s between batches...
2025-07-16 07:39:21,572 - INFO - Processing batch 654 to 655
2025-07-16 07:39:23,374 - INFO - ⏳ Waiting 3.47s for user emulation...
2025-07-16 07:39:28,501 - INFO - ⏳ Waiting 5.28s for user emulation...
2025-07-16 07:39:34,702 - INFO - Saved txt: download_bomayhanhchinh/new1_Quyet-dinh-845-QD-UBND-2025-Quy-trinh-thu-tuc-hanh-chinh-bien-phap-bao-dam-So-Nong-nghiep-Quang-Ngai-659810.txt
2025-07-16 07:39:34,768 - INFO - ⏳ 3.53s between batches...
2025-07-16 07:39:38,300 - INFO - Processing batch 655 to 656
2025-07-16 07:39:40,211 - INFO - ⏳ Waiting 3.94s for user emulation...
2025-07-16 07:39:46,073 - INFO - ⏳ Waiting 5.12s for user emulation...
2025-07-16 07:39:52,575 - INFO - Saved txt: download_bomayhanhchinh/new1_Quyet-dinh-1047-QD-UBND-2025-cong-bo-thu-tuc-hanh-chinh-giao-duc-nghe-nghiep-cap-tinh-Thai-Binh-659874.txt
2025-07-16 07:39:52,640 - INFO - ⏳ 4.14s between batches...
2025-07-16 07:39:56,781 - INFO - Processing batch 656 to 657
2025-07-16 07:39:58,704 - INFO - ⏳ Waiting 3.51s for user emulation...
2025-07-16 07:40:03,869 - INFO - ⏳ Waiting 5.14s for user emulation...
2025-07-16 07:40:09,737 - INFO - Saved txt: download_bomayhanhchinh/new1_Quyet-dinh-1146-QD-UBND-2025-cong-bo-thu-tuc-hanh-chinh-Khoang-san-So-Cong-Thuong-Bac-Kan-659873.txt
2025-07-16 07:40:09,802 - INFO - ⏳ 3.26s between batches...
2025-07-16 07:40:13,066 - INFO - Processing batch 657 to 658
2025-07-16 07:40:15,247 - INFO - ⏳ Waiting 2.57s for user emulation...
2025-07-16 07:40:19,435 - INFO - ⏳ Waiting 4.19s for user emulation...
2025-07-16 07:40:24,961 - INFO - Saved txt: download_bomayhanhchinh/new1_Quyet-dinh-1138-QD-UBND-2025-cong-bo-thu-tuc-hanh-chinh-khoang-san-So-Cong-Thuong-Dien-Bien-659834.txt
2025-07-16 07:40:25,033 - INFO - ⏳ 3.64s between batches...
2025-07-16 07:40:28,670 - INFO - Processing batch 658 to 659
2025-07-16 07:40:30,695 - INFO - ⏳ Waiting 3.63s for user emulation...
2025-07-16 07:40:36,058 - INFO - ⏳ Waiting 3.56s for user emulation...
2025-07-16 07:40:40,330 - INFO - Saved txt: download_bomayhanhchinh/new1_Quyet-dinh-1608-QD-UBND-2025-quy-trinh-thu-tuc-hanh-chinh-khoa-hoc-cong-nghe-So-Khoa-hoc-Nam-Dinh-659798.txt
2025-07-16 07:40:40,395 - INFO - ⏳ 3.97s between batches...
2025-07-16 07:40:44,369 - INFO - Processing batch 659 to 660
2025-07-16 07:40:46,352 - INFO - ⏳ Waiting 2.90s for user emulation...
2025-07-16 07:40:50,930 - INFO - ⏳ Waiting 5.37s for user emulation...
2025-07-16 07:40:57,705 - INFO - Saved txt: download_bomayhanhchinh/new1_Quyet-dinh-763-QD-BXD-2025-Quy-che-hoat-dong-Bo-phan-thuong-truc-chi-dao-xu-ly-thong-tin-bao-chi-659994.txt
2025-07-16 07:40:57,771 - INFO - ⏳ 3.86s between batches...
2025-07-16 07:41:01,636 - INFO - Processing batch 660 to 661
2025-07-16 07:41:03,587 - INFO - ⏳ Waiting 3.46s for user emulation...
2025-07-16 07:41:08,757 - INFO - ⏳ Waiting 5.03s for user emulation...
2025-07-16 07:41:15,264 - INFO - Saved txt: download_bomayhanhchinh/new1_Quyet-dinh-1851-QD-UBND-2025-cong-bo-thu-tuc-hanh-chinh-linh-vuc-Trong-trot-Uy-ban-xa-Quang-Binh-659933.txt
2025-07-16 07:41:15,329 - INFO - ⏳ 3.74s between batches...
2025-07-16 07:41:19,072 - INFO - Processing batch 661 to 662
2025-07-16 07:41:20,761 - INFO - ⏳ Waiting 2.13s for user emulation...
2025-07-16 07:41:24,596 - INFO - ⏳ Waiting 4.58s for user emulation...
2025-07-16 07:41:30,411 - INFO - Saved txt: download_bomayhanhchinh/new1_Quyet-dinh-1771-QD-UBND-2025-dieu-chinh-dich-vu-cong-truc-tuyen-toan-trinh-So-Xay-dung-Thanh-Hoa-659881.txt
2025-07-16 07:41:30,477 - INFO - ⏳ 3.04s between batches...
2025-07-16 07:41:33,515 - INFO - Processing batch 662 to 663
2025-07-16 07:41:35,297 - INFO - ⏳ Waiting 3.33s for user emulation...
2025-07-16 07:41:40,358 - INFO - ⏳ Waiting 5.63s for user emulation...
2025-07-16 07:41:46,879 - INFO - Saved txt: download_bomayhanhchinh/new1_Quyet-dinh-1292-QD-UBND-2025-cong-bo-thu-tuc-hanh-chinh-khoang-san-nganh-Cong-Thuong-Tay-Ninh-659993.txt
2025-07-16 07:41:46,944 - INFO - ⏳ 4.55s between batches...
2025-07-16 07:41:51,491 - INFO - Processing batch 663 to 664
2025-07-16 07:41:53,452 - INFO - ⏳ Waiting 3.19s for user emulation...
2025-07-16 07:41:58,171 - INFO - ⏳ Waiting 4.51s for user emulation...
2025-07-16 07:42:04,201 - INFO - Saved txt: download_bomayhanhchinh/new1_Quyet-dinh-1772-QD-UBND-2025-don-gian-hoa-thu-tuc-hanh-chinh-Bao-tro-xa-hoi-So-Y-te-Thanh-Hoa-659876.txt
2025-07-16 07:42:04,266 - INFO - ⏳ 4.45s between batches...
2025-07-16 07:42:08,713 - INFO - Processing batch 664 to 665
2025-07-16 07:42:10,720 - INFO - ⏳ Waiting 3.69s for user emulation...
2025-07-16 07:42:16,052 - INFO - ⏳ Waiting 4.44s for user emulation...
2025-07-16 07:42:21,699 - INFO - Saved txt: download_bomayhanhchinh/new1_Quyet-dinh-810-QD-TTPVHCC-2025-cong-bo-thu-tuc-hanh-chinh-Trong-trot-So-Nong-nghiep-Ha-Noi-660335.txt
2025-07-16 07:42:21,764 - INFO - ⏳ 3.34s between batches...
2025-07-16 07:42:25,103 - INFO - Processing batch 665 to 666
2025-07-16 07:42:26,974 - INFO - ⏳ Waiting 2.65s for user emulation...
2025-07-16 07:42:31,416 - INFO - ⏳ Waiting 5.98s for user emulation...
2025-07-16 07:42:37,975 - INFO - Saved txt: download_bomayhanhchinh/new1_Quyet-dinh-487-QD-UBND-2025-cong-bo-thu-tuc-hanh-chinh-quan-ly-de-dieu-Kon-Tum-659936.txt
2025-07-16 07:42:38,040 - INFO - ⏳ 4.72s between batches...
2025-07-16 07:42:42,765 - INFO - Processing batch 666 to 667
2025-07-16 07:42:44,521 - INFO - ⏳ Waiting 2.16s for user emulation...
2025-07-16 07:42:48,347 - INFO - ⏳ Waiting 5.56s for user emulation...
2025-07-16 07:42:55,101 - INFO - Saved txt: download_bomayhanhchinh/new1_Quyet-dinh-811-QD-TTPVHCC-2025-cong-bo-thu-tuc-hanh-chinh-linh-vuc-Trong-trot-So-Khoa-hoc-Ha-Noi-660337.txt
2025-07-16 07:42:55,167 - INFO - ⏳ 4.12s between batches...
2025-07-16 07:42:59,287 - INFO - Processing batch 667 to 668
2025-07-16 07:43:01,331 - INFO - ⏳ Waiting 2.16s for user emulation...
2025-07-16 07:43:05,182 - INFO - ⏳ Waiting 5.59s for user emulation...
2025-07-16 07:43:11,562 - INFO - Saved txt: download_bomayhanhchinh/new1_Quyet-dinh-41-2025-QD-UBND-bai-bo-Quyet-dinh-07-2019-QD-UBND-Ha-Giang-660228.txt
2025-07-16 07:43:11,627 - INFO - ⏳ 4.78s between batches...
2025-07-16 07:43:16,406 - INFO - Processing batch 668 to 669
2025-07-16 07:43:18,616 - INFO - ⏳ Waiting 3.99s for user emulation...
2025-07-16 07:43:24,479 - INFO - ⏳ Waiting 4.83s for user emulation...
2025-07-16 07:43:30,645 - INFO - Saved txt: download_bomayhanhchinh/new1_Quyet-dinh-230-QD-TTPVHCC-2025-cong-bo-Danh-muc-thu-tuc-hanh-chinh-So-Tai-chinh-Quang-Ninh-660715.txt
2025-07-16 07:43:30,710 - INFO - ⏳ 3.45s between batches...
2025-07-16 07:43:34,155 - INFO - Processing batch 669 to 670
2025-07-16 07:43:36,329 - INFO - ⏳ Waiting 3.11s for user emulation...
2025-07-16 07:43:41,206 - INFO - ⏳ Waiting 5.57s for user emulation...
2025-07-16 07:43:47,360 - INFO - Saved txt: download_bomayhanhchinh/new1_Quyet-dinh-1644-Q%c3%90-UBND-2025-quy-trinh-thu-tuc-hanh-chinh-linh-vuc-lao-dong-So-Noi-vu-Hue-661518.txt
2025-07-16 07:43:47,425 - INFO - ⏳ 4.95s between batches...
2025-07-16 07:43:52,377 - INFO - Processing batch 670 to 671
2025-07-16 07:43:54,496 - INFO - ⏳ Waiting 3.22s for user emulation...
2025-07-16 07:43:59,309 - INFO - ⏳ Waiting 4.86s for user emulation...
2025-07-16 07:44:04,929 - INFO - Saved txt: download_bomayhanhchinh/new1_Quyet-dinh-47-2025-QD-UBND-bai-bo-cac-Quyet-dinh-cua-Uy-ban-nhan-dan-tinh-Bac-Lieu-660738.txt
2025-07-16 07:44:04,994 - INFO - ⏳ 4.47s between batches...
2025-07-16 07:44:09,464 - INFO - Processing batch 671 to 672
2025-07-16 07:44:11,573 - INFO - ⏳ Waiting 2.21s for user emulation...
2025-07-16 07:44:15,600 - INFO - ⏳ Waiting 5.26s for user emulation...
2025-07-16 07:44:22,081 - INFO - Saved txt: download_bomayhanhchinh/new1_Quyet-dinh-1853-QD-UBND-2025-cong-bo-thu-tuc-hanh-chinh-linh-vuc-Dat-dai-Uy-ban-tinh-Quang-Binh-660700.txt
2025-07-16 07:44:22,146 - INFO - ⏳ 3.06s between batches...
2025-07-16 07:44:25,204 - INFO - Processing batch 672 to 673
2025-07-16 07:44:26,963 - INFO - ⏳ Waiting 3.47s for user emulation...
2025-07-16 07:44:32,034 - INFO - ⏳ Waiting 4.84s for user emulation...
2025-07-16 07:44:37,495 - INFO - Saved txt: download_bomayhanhchinh/new1_Quyet-dinh-1852-QD-UBND-2025-cong-bo-thu-tuc-hanh-chinh-linh-vuc-Dau-thau-cap-tinh-Quang-Binh-659852.txt
2025-07-16 07:44:37,560 - INFO - ⏳ 3.12s between batches...
2025-07-16 07:44:40,680 - INFO - Processing batch 673 to 674
2025-07-16 07:44:42,494 - INFO - ⏳ Waiting 2.31s for user emulation...
2025-07-16 07:44:46,404 - INFO - ⏳ Waiting 5.76s for user emulation...
2025-07-16 07:44:53,057 - INFO - Saved txt: download_bomayhanhchinh/new1_Quyet-dinh-39-2025-QD-UBND-chuc-nang-nhiem-vu-Chi-cuc-Quan-ly-thi-truong-Soc-Trang-660536.txt
2025-07-16 07:44:53,124 - INFO - ⏳ 4.18s between batches...
2025-07-16 07:44:57,301 - INFO - Processing batch 674 to 675
2025-07-16 07:44:59,358 - INFO - ⏳ Waiting 3.48s for user emulation...
2025-07-16 07:45:04,535 - INFO - ⏳ Waiting 4.26s for user emulation...
2025-07-16 07:45:09,613 - INFO - Saved txt: download_bomayhanhchinh/new1_Quyet-dinh-934-QD-UBND-2025-cong-bo-thu-tuc-hanh-chinh-khoang-san-So-Cong-Thuong-Lai-Chau-659914.txt
2025-07-16 07:45:09,678 - INFO - ⏳ 3.11s between batches...
2025-07-16 07:45:12,784 - INFO - Processing batch 675 to 676
2025-07-16 07:45:14,587 - INFO - ⏳ Waiting 2.72s for user emulation...
2025-07-16 07:45:19,213 - INFO - ⏳ Waiting 3.95s for user emulation...
2025-07-16 07:45:24,642 - INFO - Saved txt: download_bomayhanhchinh/new1_Quyet-dinh-748-QD-UBND-2025-quy-trinh-thu-tuc-hanh-chinh-Bao-tro-xa-hoi-So-Y-te-Cao-Bang-660622.txt
2025-07-16 07:45:24,708 - INFO - ⏳ 3.85s between batches...
2025-07-16 07:45:28,558 - INFO - Processing batch 676 to 677
2025-07-16 07:45:30,401 - INFO - ⏳ Waiting 3.89s for user emulation...
2025-07-16 07:45:35,867 - INFO - ⏳ Waiting 5.40s for user emulation...
2025-07-16 07:45:42,770 - INFO - Saved txt: download_bomayhanhchinh/new1_Quyet-dinh-1025-QD-UBND-2025-cong-bo-thu-tuc-hanh-chinh-quan-ly-de-dieu-So-Nong-nghiep-Binh-Thuan-660624.txt
2025-07-16 07:45:42,836 - INFO - ⏳ 3.37s between batches...
2025-07-16 07:45:46,210 - INFO - Processing batch 677 to 678
2025-07-16 07:45:48,177 - INFO - ⏳ Waiting 2.30s for user emulation...
2025-07-16 07:45:51,957 - INFO - ⏳ Waiting 3.60s for user emulation...
2025-07-16 07:45:56,185 - INFO - Saved txt: download_bomayhanhchinh/new1_Quyet-dinh-1136-QD-UBND-2025-cong-bo-thu-tuc-hanh-chinh-khoang-san-nganh-Cong-Thuong-Binh-Phuoc-660621.txt
2025-07-16 07:45:56,250 - INFO - ⏳ 3.64s between batches...
2025-07-16 07:45:59,888 - INFO - Processing batch 678 to 679
2025-07-16 07:46:01,900 - INFO - ⏳ Waiting 2.52s for user emulation...
2025-07-16 07:46:06,190 - INFO - ⏳ Waiting 3.35s for user emulation...
2025-07-16 07:46:10,833 - INFO - Saved txt: download_bomayhanhchinh/new1_Quyet-dinh-1854-QD-UBND-2025-cong-bo-thu-tuc-hanh-chinh-Giam-ngheo-So-Nong-nghiep-Quang-Binh-659934.txt
2025-07-16 07:46:10,898 - INFO - ⏳ 4.08s between batches...
2025-07-16 07:46:14,979 - INFO - Processing batch 679 to 680
2025-07-16 07:46:16,811 - INFO - ⏳ Waiting 2.39s for user emulation...
2025-07-16 07:46:20,975 - INFO - ⏳ Waiting 4.32s for user emulation...
2025-07-16 07:46:26,420 - INFO - Saved txt: download_bomayhanhchinh/new1_Quyet-dinh-17-2025-QD-UBND-bai-bo-Quyet-dinh-28-2023-QD-UBND-Vinh-Phuc-660600.txt
2025-07-16 07:46:26,485 - INFO - ⏳ 3.53s between batches...
2025-07-16 07:46:30,012 - INFO - Processing batch 680 to 681
2025-07-16 07:46:31,938 - INFO - ⏳ Waiting 2.61s for user emulation...
2025-07-16 07:46:36,290 - INFO - ⏳ Waiting 4.72s for user emulation...
2025-07-16 07:46:42,225 - INFO - Saved txt: download_bomayhanhchinh/new1_Quyet-dinh-1736-QD-UBND-2025-cong-bo-thu-tuc-hanh-chinh-Thong-tin-doi-ngoai-So-Van-hoa-Hai-Phong-660404.txt
2025-07-16 07:46:42,290 - INFO - ⏳ 3.10s between batches...
2025-07-16 07:46:45,388 - INFO - Processing batch 681 to 682
2025-07-16 07:46:47,396 - INFO - ⏳ Waiting 2.38s for user emulation...
2025-07-16 07:46:51,464 - INFO - ⏳ Waiting 5.01s for user emulation...
2025-07-16 07:46:57,911 - INFO - Saved txt: download_bomayhanhchinh/new1_Quyet-dinh-483-QD-UBND-2025-cong-bo-Danh-muc-thu-tuc-hanh-chinh-nganh-Tai-chinh-Kon-Tum-659935.txt
2025-07-16 07:46:57,976 - INFO - ⏳ 3.26s between batches...
2025-07-16 07:47:01,241 - INFO - Processing batch 682 to 683
2025-07-16 07:47:03,063 - INFO - ⏳ Waiting 2.28s for user emulation...
2025-07-16 07:47:06,866 - INFO - ⏳ Waiting 3.94s for user emulation...
2025-07-16 07:47:12,070 - INFO - Saved txt: download_bomayhanhchinh/new1_Quyet-dinh-1846-QD-UBND-2025-sua-doi-quy-trinh-Giam-dinh-tu-phap-xay-dung-So-Xay-dung-Quang-Binh-659854.txt
2025-07-16 07:47:12,135 - INFO - ⏳ 4.40s between batches...
2025-07-16 07:47:16,531 - INFO - Processing batch 683 to 684
2025-07-16 07:47:18,324 - INFO - ⏳ Waiting 2.53s for user emulation...
2025-07-16 07:47:22,512 - INFO - ⏳ Waiting 4.10s for user emulation...
2025-07-16 07:47:27,332 - INFO - Saved txt: download_bomayhanhchinh/new1_Quyet-dinh-1132-QD-UBND-2025-cong-bo-thu-tuc-hanh-chinh-linh-vuc-huong-uoc-So-Van-hoa-Dien-Bien-661465.txt
2025-07-16 07:47:27,397 - INFO - ⏳ 3.05s between batches...
2025-07-16 07:47:30,448 - INFO - Processing batch 684 to 685
2025-07-16 07:47:32,195 - INFO - ⏳ Waiting 3.79s for user emulation...
2025-07-16 07:47:37,663 - INFO - ⏳ Waiting 5.52s for user emulation...
2025-07-16 07:47:44,196 - INFO - Saved txt: download_bomayhanhchinh/new1_Quyet-dinh-967-QD-UBND-2025-cong-bo-thu-tuc-hanh-chinh-linh-vuc-khoang-san-So-Cong-Thuong-Bac-Ninh-661084.txt
2025-07-16 07:47:44,261 - INFO - ⏳ 4.98s between batches...
2025-07-16 07:47:49,237 - INFO - Processing batch 685 to 686
2025-07-16 07:47:51,330 - INFO - ⏳ Waiting 2.88s for user emulation...
2025-07-16 07:47:55,871 - INFO - ⏳ Waiting 3.44s for user emulation...
2025-07-16 07:47:59,903 - INFO - Saved txt: download_bomayhanhchinh/new1_Quyet-dinh-527-QD-UBND-2025-cong-bo-thu-tuc-hanh-chinh-quan-ly-de-dieu-So-Nong-nghiep-Gia-Lai-659853.txt
2025-07-16 07:47:59,968 - INFO - ⏳ 3.48s between batches...
2025-07-16 07:48:03,449 - INFO - Processing batch 686 to 687
2025-07-16 07:48:05,538 - INFO - ⏳ Waiting 3.85s for user emulation...
2025-07-16 07:48:12,169 - INFO - ⏳ Waiting 3.43s for user emulation...
2025-07-16 07:48:16,442 - INFO - Saved txt: download_bomayhanhchinh/new1_Quyet-dinh-1835-QD-UBND-2025-cong-bo-thu-tuc-hanh-chinh-dau-gia-tai-san-nganh-tu-phap-Dong-Nai-661703.txt
2025-07-16 07:48:16,508 - INFO - ⏳ 4.60s between batches...
2025-07-16 07:48:21,113 - INFO - Processing batch 687 to 688
2025-07-16 07:48:23,001 - INFO - ⏳ Waiting 3.59s for user emulation...
2025-07-16 07:48:28,365 - INFO - ⏳ Waiting 4.79s for user emulation...
2025-07-16 07:48:34,267 - INFO - Saved txt: download_bomayhanhchinh/new1_Quyet-dinh-528-QD-UBND-2025-cong-bo-thu-tuc-hanh-chinh-linh-vuc-Bao-tro-xa-hoi-Gia-Lai-659851.txt
2025-07-16 07:48:34,332 - INFO - ⏳ 3.23s between batches...
2025-07-16 07:48:37,559 - INFO - Processing batch 688 to 689
2025-07-16 07:48:39,572 - INFO - ⏳ Waiting 3.55s for user emulation...
2025-07-16 07:48:44,719 - INFO - ⏳ Waiting 5.47s for user emulation...
2025-07-16 07:48:50,746 - INFO - Saved txt: download_bomayhanhchinh/new1_Quyet-dinh-1505-QD-UBND-2025-cong-bo-thu-tuc-hanh-chinh-linh-vuc-khoa-hoc-So-Nong-nghiep-Khanh-Hoa-662261.txt
2025-07-16 07:48:50,811 - INFO - ⏳ 3.52s between batches...
2025-07-16 07:48:54,332 - INFO - Processing batch 689 to 690
2025-07-16 07:48:56,331 - INFO - ⏳ Waiting 3.29s for user emulation...
2025-07-16 07:49:01,262 - INFO - ⏳ Waiting 5.05s for user emulation...
2025-07-16 07:49:07,510 - INFO - Saved txt: download_bomayhanhchinh/new1_Quyet-dinh-1834-QD-UBND-2025-cong-bo-thu-tuc-hanh-chinh-linh-vuc-khoang-san-So-Cong-Thuong-Dong-Nai-661701.txt
2025-07-16 07:49:07,575 - INFO - ⏳ 4.44s between batches...
2025-07-16 07:49:12,010 - INFO - Processing batch 690 to 691
2025-07-16 07:49:13,855 - INFO - ⏳ Waiting 3.04s for user emulation...
2025-07-16 07:49:18,466 - INFO - ⏳ Waiting 5.81s for user emulation...
2025-07-16 07:49:25,706 - INFO - Saved txt: download_bomayhanhchinh/new1_Quyet-dinh-539-QD-UBND-2025-thuc-hien-thu-tuc-hanh-chinh-khong-phu-thuoc-dia-gioi-hanh-chinh-Ninh-Binh-660138.txt
2025-07-16 07:49:25,771 - INFO - ⏳ 4.77s between batches...
2025-07-16 07:49:30,544 - INFO - Processing batch 691 to 692
2025-07-16 07:49:32,668 - INFO - ⏳ Waiting 3.74s for user emulation...
2025-07-16 07:49:38,128 - INFO - ⏳ Waiting 4.34s for user emulation...
2025-07-16 07:49:43,784 - INFO - Saved txt: download_bomayhanhchinh/new1_Nghi-quyet-12-2025-NQ-HDND-bai-bo-cac-nghi-quyet-cua-Hoi-dong-nhan-dan-Ninh-Thuan-662245.txt
2025-07-16 07:49:43,849 - INFO - ⏳ 3.15s between batches...
2025-07-16 07:49:47,000 - INFO - Processing batch 692 to 693
2025-07-16 07:49:48,706 - INFO - ⏳ Waiting 3.77s for user emulation...
2025-07-16 07:49:55,044 - INFO - ⏳ Waiting 5.65s for user emulation...
2025-07-16 07:50:01,846 - INFO - Saved txt: download_bomayhanhchinh/new1_Quy-dinh-297-QD-TW-2025-chuc-nang-nhiem-vu-Ban-Chi-dao-Trung-uong-hoan-thien-the-che-phap-luat-659698.txt
2025-07-16 07:50:01,911 - INFO - ⏳ 4.50s between batches...
2025-07-16 07:50:06,412 - INFO - Processing batch 693 to 694
2025-07-16 07:50:08,087 - INFO - ⏳ Waiting 3.13s for user emulation...
2025-07-16 07:50:12,869 - INFO - ⏳ Waiting 4.97s for user emulation...
2025-07-16 07:50:18,426 - INFO - Saved txt: download_bomayhanhchinh/new1_Quyet-dinh-74-2025-QD-UBND-sua-doi-Quy-dinh-quan-ly-to-chuc-bo-may-can-bo-Ninh-Binh-659831.txt
2025-07-16 07:50:18,492 - INFO - ⏳ 4.35s between batches...
2025-07-16 07:50:22,843 - INFO - Processing batch 694 to 695
2025-07-16 07:50:24,862 - INFO - ⏳ Waiting 2.19s for user emulation...
2025-07-16 07:50:28,853 - INFO - ⏳ Waiting 5.21s for user emulation...
2025-07-16 07:50:35,483 - INFO - Saved txt: download_bomayhanhchinh/new1_Quyet-dinh-1339-QD-UBND-2025-cong-bo-thu-tuc-hanh-chinh-Khoang-san-So-Cong-Thuong-Soc-Trang-659746.txt
2025-07-16 07:50:35,549 - INFO - ⏳ 4.16s between batches...
2025-07-16 07:50:39,708 - INFO - Processing batch 695 to 696
2025-07-16 07:50:41,817 - INFO - ⏳ Waiting 3.54s for user emulation...
2025-07-16 07:50:47,557 - INFO - ⏳ Waiting 5.23s for user emulation...
2025-07-16 07:50:53,630 - INFO - Saved txt: download_bomayhanhchinh/new1_Quyet-dinh-1906-QD-BNNMT-2025-cong-bo-thu-tuc-hanh-chinh-noi-bo-linh-vuc-bien-doi-khi-hau-659780.txt
2025-07-16 07:50:53,696 - INFO - ⏳ 4.33s between batches...
2025-07-16 07:50:58,030 - INFO - Processing batch 696 to 697
2025-07-16 07:50:59,810 - INFO - ⏳ Waiting 3.20s for user emulation...
2025-07-16 07:51:04,756 - INFO - ⏳ Waiting 3.79s for user emulation...
2025-07-16 07:51:09,526 - INFO - Saved txt: download_bomayhanhchinh/new1_Quyet-dinh-1172-QD-UBND-2025-cong-bo-thu-tuc-hanh-chinh-khoang-san-So-Cong-Thuong-Yen-Bai-659797.txt
2025-07-16 07:51:09,591 - INFO - ⏳ 3.89s between batches...
2025-07-16 07:51:13,478 - INFO - Processing batch 697 to 698
2025-07-16 07:51:15,559 - INFO - ⏳ Waiting 3.11s for user emulation...
2025-07-16 07:51:20,245 - INFO - ⏳ Waiting 3.01s for user emulation...
2025-07-16 07:51:24,720 - INFO - Saved txt: download_bomayhanhchinh/new1_Quyet-dinh-800-QD-TTPVHCC-2025-cong-bo-thu-tuc-hanh-chinh-Tai-nguyen-nuoc-Uy-ban-Thanh-pho-Ha-Noi-659649.txt
2025-07-16 07:51:24,785 - INFO - ⏳ 3.52s between batches...
2025-07-16 07:51:28,307 - INFO - Processing batch 698 to 699
2025-07-16 07:51:30,304 - INFO - ⏳ Waiting 3.36s for user emulation...
2025-07-16 07:51:35,253 - INFO - ⏳ Waiting 4.41s for user emulation...
2025-07-16 07:51:40,309 - INFO - Saved txt: download_bomayhanhchinh/new1_Quyet-dinh-37-2025-QD-UBND-bai-bo-Quyet-dinh-156-2001-QD-UB-Da-Nang-659946.txt
2025-07-16 07:51:40,374 - INFO - ⏳ 4.05s between batches...
2025-07-16 07:51:44,426 - INFO - Processing batch 699 to 700
2025-07-16 07:51:46,215 - INFO - ⏳ Waiting 3.97s for user emulation...
2025-07-16 07:51:51,896 - INFO - ⏳ Waiting 5.14s for user emulation...
2025-07-16 07:51:58,118 - INFO - Saved txt: download_bomayhanhchinh/new1_Quyet-dinh-1897-QD-UBND-2025-nhiem-vu-chuyen-doi-He-thong-thong-tin-thu-tuc-hanh-chinh-Binh-Dinh-660148.txt
2025-07-16 07:51:58,184 - INFO - ⏳ 4.46s between batches...
2025-07-16 07:52:02,647 - INFO - Processing batch 700 to 701
2025-07-16 07:52:04,731 - INFO - ⏳ Waiting 3.90s for user emulation...
2025-07-16 07:52:10,305 - INFO - ⏳ Waiting 3.25s for user emulation...
2025-07-16 07:52:14,158 - INFO - Saved txt: download_bomayhanhchinh/new1_Quyet-dinh-477-QD-UBND-2025-cong-bo-thu-tuc-hanh-chinh-Khoang-san-So-Nong-nghiep-Kon-Tum-659944.txt
2025-07-16 07:52:14,228 - INFO - ⏳ 3.01s between batches...
2025-07-16 07:52:17,240 - INFO - Processing batch 701 to 702
2025-07-16 07:52:19,212 - INFO - ⏳ Waiting 2.60s for user emulation...
2025-07-16 07:52:23,458 - INFO - ⏳ Waiting 3.91s for user emulation...
2025-07-16 07:52:28,670 - INFO - Saved txt: download_bomayhanhchinh/new1_Quyet-dinh-744-QD-UBND-2025-cong-bo-thu-tuc-hanh-chinh-quan-ly-de-dieu-So-Nong-nghiep-Cao-Bang-659991.txt
2025-07-16 07:52:28,735 - INFO - ⏳ 4.27s between batches...
2025-07-16 07:52:33,008 - INFO - Processing batch 702 to 703
2025-07-16 07:52:35,093 - INFO - ⏳ Waiting 2.16s for user emulation...
2025-07-16 07:52:39,046 - INFO - ⏳ Waiting 4.37s for user emulation...
2025-07-16 07:52:44,550 - INFO - Saved txt: download_bomayhanhchinh/new1_Quyet-dinh-38-2025-QD-UBND-chuc-nang-nhiem-vu-quyen-han-Chi-cuc-Kiem-lam-Da-Nang-659945.txt
2025-07-16 07:52:44,615 - INFO - ⏳ 4.49s between batches...
2025-07-16 07:52:49,103 - INFO - Processing batch 703 to 704
2025-07-16 07:52:51,144 - INFO - ⏳ Waiting 2.83s for user emulation...
2025-07-16 07:52:55,665 - INFO - ⏳ Waiting 4.20s for user emulation...
2025-07-16 07:53:00,537 - INFO - Saved txt: download_bomayhanhchinh/new1_Quyet-dinh-1599-QD-UBND-2025-cong-bo-thu-tuc-hanh-chinh-linh-vuc-Cong-chuc-So-Noi-vu-Nghe-An-659979.txt
2025-07-16 07:53:00,601 - INFO - ⏳ 3.08s between batches...
2025-07-16 07:53:03,679 - INFO - Processing batch 704 to 705
2025-07-16 07:53:05,760 - INFO - ⏳ Waiting 3.87s for user emulation...
2025-07-16 07:53:11,427 - INFO - ⏳ Waiting 5.51s for user emulation...
2025-07-16 07:53:17,770 - INFO - Saved txt: download_bomayhanhchinh/new1_Quyet-dinh-1214-QD-UBND-2025-quy-trinh-thu-tuc-hanh-chinh-linh-vuc-duong-bo-Uy-ban-tinh-Dak-Lak-659728.txt
2025-07-16 07:53:17,835 - INFO - ⏳ 3.65s between batches...
2025-07-16 07:53:21,483 - INFO - Processing batch 705 to 706
2025-07-16 07:53:23,313 - INFO - ⏳ Waiting 3.23s for user emulation...
2025-07-16 07:53:28,313 - INFO - ⏳ Waiting 5.84s for user emulation...
2025-07-16 07:53:43,302 - ERROR - ❌ Main content not found at https://thuvienphapluat.vn/van-ban/Bo-may-hanh-chinh/Quyet-dinh-1807-QD-UBND-2025-thu-tuc-hanh-chinh-linh-vuc-khoa-hoc-nganh-Nong-nghiep-Dong-Nai-661537.aspx - saved image error download_bomayhanhchinh/error_file_1257.9556331895137_new1.png
2025-07-16 07:53:43,366 - INFO - ⏳ 3.69s between batches...
2025-07-16 07:53:47,057 - INFO - Processing batch 706 to 707
2025-07-16 07:53:49,096 - INFO - ⏳ Waiting 3.84s for user emulation...
2025-07-16 07:53:54,401 - INFO - ⏳ Waiting 4.14s for user emulation...
2025-07-16 07:54:07,968 - ERROR - ❌ Main content not found at https://thuvienphapluat.vn/van-ban/Bo-may-hanh-chinh/Quyet-dinh-730-QD-UBND-2025-Quy-trinh-thu-tuc-hanh-chinh-linh-vuc-xay-dung-So-Xay-dung-Ninh-Thuan-661253.aspx - saved image error download_bomayhanhchinh/error_file_1194.5938497623624_new1.png
2025-07-16 07:54:08,036 - INFO - ⏳ 4.17s between batches...
2025-07-16 07:54:12,206 - INFO - Processing batch 707 to 708
2025-07-16 07:54:14,211 - INFO - ⏳ Waiting 2.08s for user emulation...
2025-07-16 07:54:17,835 - INFO - ⏳ Waiting 4.93s for user emulation...
2025-07-16 07:54:32,133 - ERROR - ❌ Main content not found at https://thuvienphapluat.vn/van-ban/Bat-dong-san/Quyet-dinh-729-QD-UBND-2025-Quy-trinh-thu-tuc-hanh-chinh-linh-vuc-dat-dai-So-Nong-nghiep-Ninh-Thuan-661355.aspx - saved image error download_bomayhanhchinh/error_file_1099.9567000723762_new1.png
2025-07-16 07:54:32,198 - INFO - ⏳ 3.31s between batches...
2025-07-16 07:54:35,513 - INFO - Processing batch 708 to 709
2025-07-16 07:54:37,589 - INFO - ⏳ Waiting 3.16s for user emulation...
2025-07-16 07:54:42,190 - INFO - ⏳ Waiting 5.69s for user emulation...
2025-07-16 07:54:56,799 - ERROR - ❌ Main content not found at https://thuvienphapluat.vn/van-ban/Bo-may-hanh-chinh/Quyet-dinh-45-2025-QD-UBND-nhiem-vu-quyen-han-Chi-cuc-An-toan-ve-sinh-thuc-pham-Tay-Ninh-660741.aspx - saved image error download_bomayhanhchinh/error_file_836.8988659691314_new1.png
2025-07-16 07:54:56,864 - INFO - ⏳ 3.50s between batches...
2025-07-16 07:55:00,366 - INFO - Processing batch 709 to 710
2025-07-16 07:55:02,148 - INFO - ⏳ Waiting 3.69s for user emulation...
2025-07-16 07:55:07,432 - INFO - ⏳ Waiting 4.69s for user emulation...
2025-07-16 07:55:21,832 - ERROR - ❌ Main content not found at https://thuvienphapluat.vn/van-ban/Dau-tu/Quyet-dinh-1879-QD-UBND-2025-quy-trinh-thu-tuc-hanh-chinh-dau-thau-So-Tai-chinh-Ben-Tre-661335.aspx - saved image error download_bomayhanhchinh/error_file_1700.9798902620482_new1.png
2025-07-16 07:55:21,897 - INFO - ⏳ 3.44s between batches...
2025-07-16 07:55:25,334 - INFO - Processing batch 710 to 711
2025-07-16 07:55:27,100 - INFO - ⏳ Waiting 2.63s for user emulation...
2025-07-16 07:55:31,279 - INFO - ⏳ Waiting 4.09s for user emulation...
2025-07-16 07:55:44,882 - ERROR - ❌ Main content not found at https://thuvienphapluat.vn/van-ban/Bo-may-hanh-chinh/Quyet-dinh-30-2025-QD-UBND-nhiem-vu-chi-to-chuc-thuc-hien-sap-xep-don-vi-hanh-chinh-Hung-Yen-660672.aspx - saved image error download_bomayhanhchinh/error_file_914.4317286432891_new1.png
2025-07-16 07:55:44,947 - INFO - ⏳ 4.82s between batches...
2025-07-16 07:55:49,771 - INFO - Processing batch 711 to 712
2025-07-16 07:55:51,698 - INFO - ⏳ Waiting 2.12s for user emulation...
2025-07-16 07:55:55,392 - INFO - ⏳ Waiting 4.81s for user emulation...
2025-07-16 07:56:09,879 - ERROR - ❌ Main content not found at https://thuvienphapluat.vn/van-ban/Bo-may-hanh-chinh/Quyet-dinh-1485-QD-UBND-2025-quy-trinh-thu-tuc-hanh-chinh-quan-ly-cong-san-Uy-ban-huyen-Khanh-Hoa-660447.aspx - saved image error download_bomayhanhchinh/error_file_718.3747039608406_new1.png
2025-07-16 07:56:09,944 - INFO - ⏳ 3.98s between batches...
2025-07-16 07:56:13,921 - INFO - Processing batch 712 to 713
2025-07-16 07:56:15,903 - INFO - ⏳ Waiting 3.62s for user emulation...
2025-07-16 07:56:21,052 - INFO - ⏳ Waiting 4.13s for user emulation...
2025-07-16 07:56:34,495 - ERROR - ❌ Main content not found at https://thuvienphapluat.vn/van-ban/Bo-may-hanh-chinh/Quyet-dinh-37-2025-QD-UBND-nhiem-vu-quyen-han-Chi-cuc-Phat-trien-nong-thon-Ha-Giang-659687.aspx - saved image error download_bomayhanhchinh/error_file_985.8263004546_new1.png
2025-07-16 07:56:34,560 - INFO - ⏳ 3.33s between batches...
2025-07-16 07:56:37,886 - INFO - Processing batch 713 to 714
2025-07-16 07:56:39,823 - INFO - ⏳ Waiting 3.12s for user emulation...
2025-07-16 07:56:44,527 - INFO - ⏳ Waiting 3.94s for user emulation...
2025-07-16 07:56:57,761 - ERROR - ❌ Main content not found at https://thuvienphapluat.vn/van-ban/Bo-may-hanh-chinh/Quyet-dinh-1176-QD-UBND-2025-cong-bo-thu-tuc-hanh-chinh-khu-kinh-te-Ban-Quan-ly-Khu-cong-nghiep-Bac-Lieu-659681.aspx - saved image error download_bomayhanhchinh/error_file_1098.1072279082714_new1.png
2025-07-16 07:56:57,826 - INFO - ⏳ 5.00s between batches...
2025-07-16 07:57:02,824 - INFO - Processing batch 714 to 715
2025-07-16 07:57:04,818 - INFO - ⏳ Waiting 2.72s for user emulation...
2025-07-16 07:57:09,097 - INFO - ⏳ Waiting 4.32s for user emulation...
2025-07-16 07:57:22,343 - ERROR - ❌ Main content not found at https://thuvienphapluat.vn/van-ban/Bo-may-hanh-chinh/Quyet-dinh-38-2025-QD-UBND-bai-bo-quyet-dinh-cua-Uy-ban-tinh-Ha-Giang-659688.aspx - saved image error download_bomayhanhchinh/error_file_1297.1186377707222_new1.png
2025-07-16 07:57:22,410 - INFO - ⏳ 3.52s between batches...
2025-07-16 07:57:25,934 - INFO - Processing batch 715 to 716
2025-07-16 07:57:27,649 - INFO - ⏳ Waiting 3.83s for user emulation...
2025-07-16 07:57:33,280 - INFO - ⏳ Waiting 3.77s for user emulation...
2025-07-16 07:57:46,092 - ERROR - ❌ Main content not found at https://thuvienphapluat.vn/van-ban/Bo-may-hanh-chinh/Quyet-dinh-1492-QD-UBND-2025-Quy-trinh-thu-tuc-hanh-chinh-giao-duc-dao-tao-So-Giao-duc-Khanh-Hoa-660535.aspx - saved image error download_bomayhanhchinh/error_file_1328.6281722925391_new1.png
2025-07-16 07:57:46,158 - INFO - ⏳ 3.23s between batches...
2025-07-16 07:57:49,389 - INFO - Processing batch 716 to 717
2025-07-16 07:57:51,469 - INFO - ⏳ Waiting 3.23s for user emulation...
2025-07-16 07:57:56,224 - INFO - ⏳ Waiting 5.58s for user emulation...
2025-07-16 07:58:11,391 - ERROR - ❌ Main content not found at https://thuvienphapluat.vn/van-ban/Bo-may-hanh-chinh/Quyet-dinh-77-2025-QD-UBND-chuc-nang-nhiem-vu-Trung-tam-Giao-duc-thuong-xuyen-Ninh-Binh-660114.aspx - saved image error download_bomayhanhchinh/error_file_1262.7290929702199_new1.png
2025-07-16 07:58:11,456 - INFO - ⏳ 3.88s between batches...
2025-07-16 07:58:15,333 - INFO - Processing batch 717 to 718
2025-07-16 07:58:17,574 - INFO - ⏳ Waiting 2.07s for user emulation...
2025-07-16 07:58:21,291 - INFO - ⏳ Waiting 3.66s for user emulation...
2025-07-16 07:58:34,540 - ERROR - ❌ Main content not found at https://thuvienphapluat.vn/van-ban/Bo-may-hanh-chinh/Quyet-dinh-1128-QD-UBND-2025-quy-trinh-thu-tuc-hanh-chinh-linh-vuc-dang-kiem-So-Xay-dung-Dien-Bien-661471.aspx - saved image error download_bomayhanhchinh/error_file_755.7642337536074_new1.png
2025-07-16 07:58:34,605 - INFO - ⏳ 5.00s between batches...
2025-07-16 07:58:39,606 - INFO - Processing batch 718 to 719
2025-07-16 07:58:41,757 - INFO - ⏳ Waiting 3.60s for user emulation...
2025-07-16 07:58:46,944 - INFO - ⏳ Waiting 4.19s for user emulation...
2025-07-16 07:59:00,605 - ERROR - ❌ Main content not found at https://thuvienphapluat.vn/van-ban/Bo-may-hanh-chinh/Quyet-dinh-28-2025-QD-UBND-chuc-nang-nhiem-vu-Van-phong-Uy-ban-nhan-dan-tinh-Dak-Lak-660848.aspx - saved image error download_bomayhanhchinh/error_file_1058.4850784743817_new1.png
2025-07-16 07:59:00,671 - INFO - ⏳ 3.59s between batches...
2025-07-16 07:59:04,263 - INFO - Processing batch 719 to 720
2025-07-16 07:59:06,362 - INFO - ⏳ Waiting 3.59s for user emulation...
2025-07-16 07:59:11,605 - INFO - ⏳ Waiting 3.11s for user emulation...
2025-07-16 07:59:23,788 - ERROR - ❌ Main content not found at https://thuvienphapluat.vn/van-ban/Bo-may-hanh-chinh/Quyet-dinh-1897-QD-UBND-2025-nhiem-vu-chuyen-doi-He-thong-thong-tin-thu-tuc-hanh-chinh-Binh-Dinh-660148.aspx - saved image error download_bomayhanhchinh/error_file_1275.479066966906_new1.png
2025-07-16 07:59:23,853 - INFO - ⏳ 3.06s between batches...
2025-07-16 07:59:26,912 - INFO - Processing batch 720 to 721
2025-07-16 07:59:28,953 - INFO - ⏳ Waiting 2.29s for user emulation...
2025-07-16 07:59:32,903 - INFO - ⏳ Waiting 5.90s for user emulation...
2025-07-16 07:59:47,688 - ERROR - ❌ Main content not found at https://thuvienphapluat.vn/van-ban/Bo-may-hanh-chinh/Quyet-dinh-477-QD-UBND-2025-cong-bo-thu-tuc-hanh-chinh-Khoang-san-So-Nong-nghiep-Kon-Tum-659944.aspx - saved image error download_bomayhanhchinh/error_file_788.895913066092_new1.png
2025-07-16 07:59:47,753 - INFO - ⏳ 4.01s between batches...
2025-07-16 07:59:51,763 - INFO - Processing batch 721 to 722
2025-07-16 07:59:53,593 - INFO - ⏳ Waiting 2.28s for user emulation...
2025-07-16 07:59:57,379 - INFO - ⏳ Waiting 4.74s for user emulation...
2025-07-16 08:00:11,485 - ERROR - ❌ Main content not found at https://thuvienphapluat.vn/van-ban/Bo-may-hanh-chinh/Quyet-dinh-744-QD-UBND-2025-cong-bo-thu-tuc-hanh-chinh-quan-ly-de-dieu-So-Nong-nghiep-Cao-Bang-659991.aspx - saved image error download_bomayhanhchinh/error_file_1639.0909656694103_new1.png
2025-07-16 08:00:11,555 - INFO - ⏳ 3.55s between batches...
2025-07-16 08:00:15,105 - INFO - Processing batch 722 to 723
2025-07-16 08:00:17,068 - INFO - ⏳ Waiting 2.12s for user emulation...
2025-07-16 08:00:21,026 - INFO - ⏳ Waiting 5.98s for user emulation...
2025-07-16 08:00:36,467 - ERROR - ❌ Main content not found at https://thuvienphapluat.vn/van-ban/Bo-may-hanh-chinh/Quyet-dinh-38-2025-QD-UBND-chuc-nang-nhiem-vu-quyen-han-Chi-cuc-Kiem-lam-Da-Nang-659945.aspx - saved image error download_bomayhanhchinh/error_file_1399.8583570840265_new1.png
2025-07-16 08:00:36,532 - INFO - ⏳ 3.56s between batches...
2025-07-16 08:00:40,089 - INFO - Processing batch 723 to 724
2025-07-16 08:00:42,105 - INFO - ⏳ Waiting 3.26s for user emulation...
2025-07-16 08:00:46,842 - INFO - ⏳ Waiting 5.34s for user emulation...
2025-07-16 08:01:01,919 - ERROR - ❌ Main content not found at https://thuvienphapluat.vn/van-ban/Lao-dong-Tien-luong/Quyet-dinh-1599-QD-UBND-2025-cong-bo-thu-tuc-hanh-chinh-linh-vuc-Cong-chuc-So-Noi-vu-Nghe-An-659979.aspx - saved image error download_bomayhanhchinh/error_file_1261.0870686026137_new1.png
2025-07-16 08:01:01,987 - INFO - ⏳ 4.82s between batches...
2025-07-16 08:01:06,804 - INFO - Processing batch 724 to 725
2025-07-16 08:01:08,870 - INFO - ⏳ Waiting 3.14s for user emulation...
2025-07-16 08:01:13,545 - INFO - ⏳ Waiting 3.23s for user emulation...
2025-07-16 08:01:26,100 - ERROR - ❌ Main content not found at https://thuvienphapluat.vn/van-ban/Bo-may-hanh-chinh/Quyet-dinh-1214-QD-UBND-2025-quy-trinh-thu-tuc-hanh-chinh-linh-vuc-duong-bo-Uy-ban-tinh-Dak-Lak-659728.aspx - saved image error download_bomayhanhchinh/error_file_878.9397222284501_new1.png
2025-07-16 08:01:26,165 - INFO - ⏳ 4.98s between batches...
2025-07-16 08:01:31,149 - INFO - Processing batch 725 to 726
2025-07-16 08:01:33,089 - INFO - ⏳ Waiting 2.93s for user emulation...
2025-07-16 08:01:37,582 - INFO - ⏳ Waiting 3.03s for user emulation...
2025-07-16 08:01:50,216 - ERROR - ❌ Main content not found at https://thuvienphapluat.vn/van-ban/Bo-may-hanh-chinh/Quyet-dinh-1807-QD-UBND-2025-thu-tuc-hanh-chinh-linh-vuc-khoa-hoc-nganh-Nong-nghiep-Dong-Nai-661537.aspx - saved image error download_bomayhanhchinh/error_file_1057.580185579151_new1.png
2025-07-16 08:01:50,281 - INFO - ⏳ 4.91s between batches...
2025-07-16 08:01:55,190 - INFO - Processing batch 726 to 727
2025-07-16 08:01:57,154 - INFO - ⏳ Waiting 3.34s for user emulation...
2025-07-16 08:02:02,018 - INFO - ⏳ Waiting 3.87s for user emulation...
2025-07-16 08:02:15,149 - ERROR - ❌ Main content not found at https://thuvienphapluat.vn/van-ban/Bo-may-hanh-chinh/Quyet-dinh-730-QD-UBND-2025-Quy-trinh-thu-tuc-hanh-chinh-linh-vuc-xay-dung-So-Xay-dung-Ninh-Thuan-661253.aspx - saved image error download_bomayhanhchinh/error_file_1318.9074484557868_new1.png
2025-07-16 08:02:15,215 - INFO - ⏳ 3.40s between batches...
2025-07-16 08:02:18,614 - INFO - Processing batch 727 to 728
2025-07-16 08:02:20,651 - INFO - ⏳ Waiting 2.62s for user emulation...
2025-07-16 08:02:24,862 - INFO - ⏳ Waiting 5.31s for user emulation...
2025-07-16 08:02:39,913 - ERROR - ❌ Main content not found at https://thuvienphapluat.vn/van-ban/Bat-dong-san/Quyet-dinh-729-QD-UBND-2025-Quy-trinh-thu-tuc-hanh-chinh-linh-vuc-dat-dai-So-Nong-nghiep-Ninh-Thuan-661355.aspx - saved image error download_bomayhanhchinh/error_file_1035.4886150574773_new1.png
2025-07-16 08:02:39,982 - INFO - ⏳ 3.89s between batches...
2025-07-16 08:02:43,870 - INFO - Processing batch 728 to 729
2025-07-16 08:02:45,883 - INFO - ⏳ Waiting 2.10s for user emulation...
2025-07-16 08:02:49,428 - INFO - ⏳ Waiting 3.39s for user emulation...
2025-07-16 08:03:02,514 - ERROR - ❌ Main content not found at https://thuvienphapluat.vn/van-ban/Bo-may-hanh-chinh/Quyet-dinh-45-2025-QD-UBND-nhiem-vu-quyen-han-Chi-cuc-An-toan-ve-sinh-thuc-pham-Tay-Ninh-660741.aspx - saved image error download_bomayhanhchinh/error_file_1510.635127036604_new1.png
2025-07-16 08:03:02,579 - INFO - ⏳ 4.46s between batches...
2025-07-16 08:03:07,040 - INFO - Processing batch 729 to 730
2025-07-16 08:03:09,042 - INFO - ⏳ Waiting 2.63s for user emulation...
2025-07-16 08:03:13,261 - INFO - ⏳ Waiting 5.82s for user emulation...
2025-07-16 08:03:28,079 - ERROR - ❌ Main content not found at https://thuvienphapluat.vn/van-ban/Dau-tu/Quyet-dinh-1879-QD-UBND-2025-quy-trinh-thu-tuc-hanh-chinh-dau-thau-So-Tai-chinh-Ben-Tre-661335.aspx - saved image error download_bomayhanhchinh/error_file_1210.9756956539318_new1.png
2025-07-16 08:03:28,144 - INFO - ⏳ 4.58s between batches...
2025-07-16 08:03:32,725 - INFO - Processing batch 730 to 731
2025-07-16 08:03:34,793 - INFO - ⏳ Waiting 2.44s for user emulation...
2025-07-16 08:03:38,820 - INFO - ⏳ Waiting 4.70s for user emulation...
2025-07-16 08:03:53,161 - ERROR - ❌ Main content not found at https://thuvienphapluat.vn/van-ban/Bo-may-hanh-chinh/Quyet-dinh-30-2025-QD-UBND-nhiem-vu-chi-to-chuc-thuc-hien-sap-xep-don-vi-hanh-chinh-Hung-Yen-660672.aspx - saved image error download_bomayhanhchinh/error_file_1656.1381358672597_new1.png
2025-07-16 08:03:53,229 - INFO - ⏳ 3.11s between batches...
2025-07-16 08:03:56,341 - INFO - Processing batch 731 to 732
2025-07-16 08:03:58,584 - INFO - ⏳ Waiting 2.94s for user emulation...
2025-07-16 08:04:03,052 - INFO - ⏳ Waiting 5.87s for user emulation...
2025-07-16 08:04:18,410 - ERROR - ❌ Main content not found at https://thuvienphapluat.vn/van-ban/Bo-may-hanh-chinh/Quyet-dinh-1485-QD-UBND-2025-quy-trinh-thu-tuc-hanh-chinh-quan-ly-cong-san-Uy-ban-huyen-Khanh-Hoa-660447.aspx - saved image error download_bomayhanhchinh/error_file_962.0461542574719_new1.png
2025-07-16 08:04:18,475 - INFO - ⏳ 4.48s between batches...
2025-07-16 08:04:22,954 - INFO - Processing batch 732 to 733
2025-07-16 08:04:25,039 - INFO - ⏳ Waiting 3.45s for user emulation...
2025-07-16 08:04:29,978 - INFO - ⏳ Waiting 5.83s for user emulation...
2025-07-16 08:04:44,692 - ERROR - ❌ Main content not found at https://thuvienphapluat.vn/van-ban/Bo-may-hanh-chinh/Quyet-dinh-37-2025-QD-UBND-nhiem-vu-quyen-han-Chi-cuc-Phat-trien-nong-thon-Ha-Giang-659687.aspx - saved image error download_bomayhanhchinh/error_file_1724.393879099876_new1.png
2025-07-16 08:04:44,756 - INFO - ⏳ 3.98s between batches...
2025-07-16 08:04:48,733 - INFO - Processing batch 733 to 734
2025-07-16 08:04:50,718 - INFO - ⏳ Waiting 3.19s for user emulation...
2025-07-16 08:04:55,522 - INFO - ⏳ Waiting 5.87s for user emulation...
2025-07-16 08:05:10,958 - ERROR - ❌ Main content not found at https://thuvienphapluat.vn/van-ban/Bo-may-hanh-chinh/Quyet-dinh-1176-QD-UBND-2025-cong-bo-thu-tuc-hanh-chinh-khu-kinh-te-Ban-Quan-ly-Khu-cong-nghiep-Bac-Lieu-659681.aspx - saved image error download_bomayhanhchinh/error_file_840.9069213771808_new1.png
2025-07-16 08:05:11,024 - INFO - ⏳ 3.84s between batches...
2025-07-16 08:05:14,862 - INFO - Processing batch 734 to 735
2025-07-16 08:05:16,648 - INFO - ⏳ Waiting 3.40s for user emulation...
2025-07-16 08:05:21,608 - INFO - ⏳ Waiting 4.18s for user emulation...
2025-07-16 08:05:34,773 - ERROR - ❌ Main content not found at https://thuvienphapluat.vn/van-ban/Bo-may-hanh-chinh/Quyet-dinh-38-2025-QD-UBND-bai-bo-quyet-dinh-cua-Uy-ban-tinh-Ha-Giang-659688.aspx - saved image error download_bomayhanhchinh/error_file_1271.8330382471263_new1.png
2025-07-16 08:05:34,838 - INFO - ⏳ 3.51s between batches...
2025-07-16 08:05:38,352 - INFO - Processing batch 735 to 736
2025-07-16 08:05:40,405 - INFO - ⏳ Waiting 2.91s for user emulation...
2025-07-16 08:05:44,850 - INFO - ⏳ Waiting 3.80s for user emulation...
2025-07-16 08:05:58,406 - ERROR - ❌ Main content not found at https://thuvienphapluat.vn/van-ban/Bo-may-hanh-chinh/Quyet-dinh-1492-QD-UBND-2025-Quy-trinh-thu-tuc-hanh-chinh-giao-duc-dao-tao-So-Giao-duc-Khanh-Hoa-660535.aspx - saved image error download_bomayhanhchinh/error_file_1602.6396772634284_new1.png
2025-07-16 08:05:58,472 - INFO - ⏳ 3.69s between batches...
2025-07-16 08:06:02,162 - INFO - Processing batch 736 to 737
2025-07-16 08:06:04,310 - INFO - ⏳ Waiting 2.56s for user emulation...
2025-07-16 08:06:08,474 - INFO - ⏳ Waiting 4.07s for user emulation...
2025-07-16 08:06:22,339 - ERROR - ❌ Main content not found at https://thuvienphapluat.vn/van-ban/Bo-may-hanh-chinh/Quyet-dinh-77-2025-QD-UBND-chuc-nang-nhiem-vu-Trung-tam-Giao-duc-thuong-xuyen-Ninh-Binh-660114.aspx - saved image error download_bomayhanhchinh/error_file_1443.143518236173_new1.png
2025-07-16 08:06:22,404 - INFO - ⏳ 4.88s between batches...
2025-07-16 08:06:27,282 - INFO - Processing batch 737 to 738
2025-07-16 08:06:29,509 - INFO - ⏳ Waiting 3.24s for user emulation...
2025-07-16 08:06:34,294 - INFO - ⏳ Waiting 3.40s for user emulation...
2025-07-16 08:06:46,637 - ERROR - ❌ Main content not found at https://thuvienphapluat.vn/van-ban/Bo-may-hanh-chinh/Quyet-dinh-1128-QD-UBND-2025-quy-trinh-thu-tuc-hanh-chinh-linh-vuc-dang-kiem-So-Xay-dung-Dien-Bien-661471.aspx - saved image error download_bomayhanhchinh/error_file_1096.5175519229024_new1.png
2025-07-16 08:06:46,702 - INFO - ⏳ 3.19s between batches...
2025-07-16 08:06:49,893 - INFO - Processing batch 738 to 739
2025-07-16 08:06:52,008 - INFO - ⏳ Waiting 3.49s for user emulation...
2025-07-16 08:06:57,022 - INFO - ⏳ Waiting 4.95s for user emulation...
2025-07-16 08:07:11,103 - ERROR - ❌ Main content not found at https://thuvienphapluat.vn/van-ban/Bo-may-hanh-chinh/Quyet-dinh-28-2025-QD-UBND-chuc-nang-nhiem-vu-Van-phong-Uy-ban-nhan-dan-tinh-Dak-Lak-660848.aspx - saved image error download_bomayhanhchinh/error_file_1358.249511342844_new1.png
2025-07-16 08:07:11,168 - INFO - ⏳ 4.74s between batches...
2025-07-16 08:07:15,906 - INFO - Processing batch 739 to 740
2025-07-16 08:07:17,958 - INFO - ⏳ Waiting 2.43s for user emulation...
2025-07-16 08:07:21,937 - INFO - ⏳ Waiting 4.67s for user emulation...
2025-07-16 08:07:35,802 - ERROR - ❌ Main content not found at https://thuvienphapluat.vn/van-ban/Bo-may-hanh-chinh/Quyet-dinh-1822-QD-UBND-2025-cong-bo-thu-tuc-hanh-chinh-Thi-dua-khen-thuong-So-Noi-vu-Quang-Binh-659745.aspx - saved image error download_bomayhanhchinh/error_file_1073.2622816783305_new1.png
2025-07-16 08:07:35,866 - INFO - ⏳ 4.42s between batches...
2025-07-16 08:07:40,284 - INFO - Processing batch 740 to 741
2025-07-16 08:07:42,043 - INFO - ⏳ Waiting 2.94s for user emulation...
2025-07-16 08:07:46,503 - INFO - ⏳ Waiting 3.14s for user emulation...
2025-07-16 08:07:59,051 - ERROR - ❌ Main content not found at https://thuvienphapluat.vn/van-ban/Bo-may-hanh-chinh/Quyet-dinh-1821-QD-UBND-2025-cong-bo-thu-tuc-hanh-chinh-Duong-bo-So-Xay-dung-Quang-Binh-659743.aspx - saved image error download_bomayhanhchinh/error_file_1223.999279901384_new1.png
2025-07-16 08:07:59,116 - INFO - ⏳ 3.94s between batches...
2025-07-16 08:08:03,057 - INFO - Processing batch 741 to 742
2025-07-16 08:08:05,075 - INFO - ⏳ Waiting 2.17s for user emulation...
2025-07-16 08:08:08,834 - INFO - ⏳ Waiting 5.13s for user emulation...
2025-07-16 08:08:23,568 - ERROR - ❌ Main content not found at https://thuvienphapluat.vn/van-ban/Bo-may-hanh-chinh/Quyet-dinh-1574-QD-UBND-2025-cong-bo-thu-tuc-hanh-chinh-Khoa-hoc-cong-nghe-So-Nong-nghiep-Nghe-An-659521.aspx - saved image error download_bomayhanhchinh/error_file_923.3182264649074_new1.png
2025-07-16 08:08:23,632 - INFO - ⏳ 3.87s between batches...
2025-07-16 08:08:27,506 - INFO - Processing batch 742 to 743
2025-07-16 08:08:29,473 - INFO - ⏳ Waiting 3.08s for user emulation...
2025-07-16 08:08:34,005 - INFO - ⏳ Waiting 4.21s for user emulation...
2025-07-16 08:08:47,567 - ERROR - ❌ Main content not found at https://thuvienphapluat.vn/van-ban/Bo-may-hanh-chinh/Quyet-dinh-1575-QD-UBND-2025-cong-bo-thu-tuc-hanh-chinh-Quan-ly-de-dieu-So-Nong-nghiep-Nghe-An-659508.aspx - saved image error download_bomayhanhchinh/error_file_1568.6531401592497_new1.png
2025-07-16 08:08:47,634 - INFO - ⏳ 4.23s between batches...
2025-07-16 08:08:51,867 - INFO - Processing batch 743 to 744
2025-07-16 08:08:54,052 - INFO - ⏳ Waiting 3.03s for user emulation...
2025-07-16 08:08:58,602 - INFO - ⏳ Waiting 5.60s for user emulation...
2025-07-16 08:09:13,597 - ERROR - ❌ Main content not found at https://thuvienphapluat.vn/van-ban/Bao-hiem/Quyet-dinh-1581-QD-UBND-2025-cong-bo-thu-tuc-hanh-chinh-lao-dong-tien-luong-So-Noi-vu-Nam-Dinh-659467.aspx - saved image error download_bomayhanhchinh/error_file_1460.2960735691545_new1.png
2025-07-16 08:09:13,663 - INFO - ⏳ 3.44s between batches...
2025-07-16 08:09:17,105 - INFO - Processing batch 744 to 745
2025-07-16 08:09:19,008 - INFO - ⏳ Waiting 3.07s for user emulation...
2025-07-16 08:09:23,670 - INFO - ⏳ Waiting 3.63s for user emulation...
2025-07-16 08:09:36,331 - ERROR - ❌ Main content not found at https://thuvienphapluat.vn/van-ban/Bo-may-hanh-chinh/Quyet-dinh-1359-QD-UBND-2025-quy-trinh-thu-tuc-hanh-chinh-So-Nong-nghiep-Moi-truong-Can-Tho-659504.aspx - saved image error download_bomayhanhchinh/error_file_991.1619388275276_new1.png
2025-07-16 08:09:36,395 - INFO - ⏳ 4.64s between batches...
2025-07-16 08:09:41,033 - INFO - Processing batch 745 to 746
2025-07-16 08:09:43,091 - INFO - ⏳ Waiting 2.75s for user emulation...
2025-07-16 08:09:47,401 - INFO - ⏳ Waiting 5.75s for user emulation...
2025-07-16 08:10:02,795 - ERROR - ❌ Main content not found at https://thuvienphapluat.vn/van-ban/Bo-may-hanh-chinh/Quyet-dinh-1168-QD-UBND-2025-cong-bo-thu-tuc-hanh-chinh-Bao-tro-xa-hoi-Uy-ban-huyen-Bac-Lieu-659394.aspx - saved image error download_bomayhanhchinh/error_file_1169.2238276440753_new1.png
2025-07-16 08:10:02,860 - INFO - ⏳ 4.26s between batches...
2025-07-16 08:10:07,123 - INFO - Processing batch 746 to 747
2025-07-16 08:10:09,175 - INFO - ⏳ Waiting 2.31s for user emulation...
2025-07-16 08:10:12,998 - INFO - ⏳ Waiting 5.89s for user emulation...
2025-07-16 08:10:27,927 - ERROR - ❌ Main content not found at https://thuvienphapluat.vn/van-ban/Bo-may-hanh-chinh/Quyet-dinh-1167-QD-UBND-2025-cong-bo-thu-tuc-hanh-chinh-Bao-tro-xa-hoi-So-Y-te-Bac-Lieu-659393.aspx - saved image error download_bomayhanhchinh/error_file_954.695630232374_new1.png
2025-07-16 08:10:27,992 - INFO - ⏳ 3.81s between batches...
2025-07-16 08:10:31,801 - INFO - Processing batch 747 to 748
2025-07-16 08:10:33,767 - INFO - ⏳ Waiting 3.16s for user emulation...
2025-07-16 08:10:38,691 - INFO - ⏳ Waiting 5.20s for user emulation...
2025-07-16 08:10:53,579 - ERROR - ❌ Main content not found at https://thuvienphapluat.vn/van-ban/Bo-may-hanh-chinh/Quyet-dinh-1360-QD-UBND-2025-cong-bo-Danh-muc-thu-tuc-hanh-chinh-So-Nong-nghiep-Can-Tho-659506.aspx - saved image error download_bomayhanhchinh/error_file_970.119477123829_new1.png
2025-07-16 08:10:53,644 - INFO - ⏳ 3.16s between batches...
2025-07-16 08:10:56,802 - INFO - Processing batch 748 to 749
2025-07-16 08:10:58,637 - INFO - ⏳ Waiting 3.21s for user emulation...
2025-07-16 08:11:03,392 - INFO - ⏳ Waiting 5.17s for user emulation...
2025-07-16 08:11:17,643 - ERROR - ❌ Main content not found at https://thuvienphapluat.vn/van-ban/Bo-may-hanh-chinh/Quyet-dinh-473-QD-UBND-2025-cong-bo-thu-tuc-hanh-chinh-linh-vuc-Khoang-san-Kon-Tum-659682.aspx - saved image error download_bomayhanhchinh/error_file_992.979931100428_new1.png
2025-07-16 08:11:17,707 - INFO - ⏳ 3.31s between batches...
2025-07-16 08:11:21,017 - INFO - Processing batch 749 to 750
2025-07-16 08:11:22,872 - INFO - ⏳ Waiting 3.16s for user emulation...
2025-07-16 08:11:27,634 - INFO - ⏳ Waiting 4.84s for user emulation...
2025-07-16 08:11:41,977 - ERROR - ❌ Main content not found at https://thuvienphapluat.vn/van-ban/Bo-may-hanh-chinh/Quyet-dinh-1893-QD-UBND-2025-cong-bo-thu-tuc-hanh-chinh-linh-vuc-Khoang-san-Binh-Dinh-660071.aspx - saved image error download_bomayhanhchinh/error_file_1635.4505550891458_new1.png
2025-07-16 08:11:42,042 - INFO - ⏳ 4.65s between batches...
2025-07-16 08:11:46,692 - INFO - Processing batch 750 to 751
2025-07-16 08:11:48,789 - INFO - ⏳ Waiting 3.23s for user emulation...
2025-07-16 08:11:53,556 - INFO - ⏳ Waiting 3.22s for user emulation...
2025-07-16 08:12:06,541 - ERROR - ❌ Main content not found at https://thuvienphapluat.vn/van-ban/Bo-may-hanh-chinh/Quyet-dinh-1285-QD-UBND-2025-Quy-trinh-thu-tuc-hanh-chinh-Dang-ky-bien-phap-bao-dam-Son-La-659466.aspx - saved image error download_bomayhanhchinh/error_file_1298.1839427342543_new1.png
2025-07-16 08:12:06,606 - INFO - ⏳ 3.33s between batches...
2025-07-16 08:12:09,936 - INFO - Processing batch 751 to 752
2025-07-16 08:12:11,935 - INFO - ⏳ Waiting 2.66s for user emulation...
2025-07-16 08:12:16,095 - INFO - ⏳ Waiting 5.65s for user emulation...
2025-07-16 08:12:30,990 - ERROR - ❌ Main content not found at https://thuvienphapluat.vn/van-ban/Bo-may-hanh-chinh/Quyet-dinh-33-2025-QD-UBND-Quy-che-xay-dung-ban-hanh-van-ban-quy-pham-phap-luat-Dien-Bien-659800.aspx - saved image error download_bomayhanhchinh/error_file_1583.3123541866703_new1.png
2025-07-16 08:12:31,054 - INFO - ⏳ 3.26s between batches...
2025-07-16 08:12:34,311 - INFO - Processing batch 752 to 753
2025-07-16 08:12:36,336 - INFO - ⏳ Waiting 3.63s for user emulation...
2025-07-16 08:12:41,468 - INFO - ⏳ Waiting 5.15s for user emulation...
2025-07-16 08:12:55,544 - ERROR - ❌ Main content not found at https://thuvienphapluat.vn/van-ban/Thuong-mai/Quyet-dinh-1564-QD-BCT-2025-cong-bo-thu-tuc-hanh-chinh-linh-vuc-phong-ve-thuong-mai-659677.aspx - saved image error download_bomayhanhchinh/error_file_949.0823056926406_new1.png
2025-07-16 08:12:55,609 - INFO - ⏳ 4.12s between batches...
2025-07-16 08:12:59,727 - INFO - Processing batch 753 to 754
2025-07-16 08:13:01,652 - INFO - ⏳ Waiting 2.81s for user emulation...
2025-07-16 08:13:05,933 - INFO - ⏳ Waiting 3.20s for user emulation...
2025-07-16 08:13:18,455 - ERROR - ❌ Main content not found at https://thuvienphapluat.vn/van-ban/Bo-may-hanh-chinh/Quyet-dinh-1115-QD-UBND-2025-cong-bo-thu-tuc-hanh-chinh-quan-ly-de-dieu-nganh-Nong-nghiep-Binh-Phuoc-659408.aspx - saved image error download_bomayhanhchinh/error_file_1526.9393766940661_new1.png
2025-07-16 08:13:18,520 - INFO - ⏳ 3.79s between batches...
2025-07-16 08:13:22,309 - INFO - Processing batch 754 to 755
2025-07-16 08:13:24,411 - INFO - ⏳ Waiting 2.85s for user emulation...
2025-07-16 08:13:28,874 - INFO - ⏳ Waiting 4.91s for user emulation...
2025-07-16 08:13:43,103 - ERROR - ❌ Main content not found at https://thuvienphapluat.vn/van-ban/Bo-may-hanh-chinh/Quyet-dinh-1746-QD-UBND-2025-cong-bo-thu-tuc-hanh-chinh-khoang-san-So-Cong-Thuong-Lao-Cai-659407.aspx - saved image error download_bomayhanhchinh/error_file_1669.5112006449094_new1.png
2025-07-16 08:13:43,170 - INFO - ⏳ 3.83s between batches...
2025-07-16 08:13:47,005 - INFO - Processing batch 755 to 756
2025-07-16 08:13:48,847 - INFO - ⏳ Waiting 2.29s for user emulation...
2025-07-16 08:13:52,609 - INFO - ⏳ Waiting 4.80s for user emulation...
2025-07-16 08:14:06,369 - ERROR - ❌ Main content not found at https://thuvienphapluat.vn/van-ban/Bo-may-hanh-chinh/Quyet-dinh-1722-QD-UBND-2025-cong-bo-thu-tuc-hanh-chinh-Quan-ly-de-dieu-So-Nong-nghiep-Thanh-Hoa-659406.aspx - saved image error download_bomayhanhchinh/error_file_1659.2512997957851_new1.png
2025-07-16 08:14:06,434 - INFO - ⏳ 3.60s between batches...
2025-07-16 08:14:10,037 - INFO - Processing batch 756 to 757
2025-07-16 08:14:11,880 - INFO - ⏳ Waiting 3.20s for user emulation...
2025-07-16 08:14:16,682 - INFO - ⏳ Waiting 3.12s for user emulation...
2025-07-16 08:14:29,286 - ERROR - ❌ Main content not found at https://thuvienphapluat.vn/van-ban/Bo-may-hanh-chinh/Quyet-dinh-1114-QD-UBND-2025-cong-bo-thu-tuc-hanh-chinh-quan-ly-cong-san-So-Tai-chinh-Binh-Phuoc-659410.aspx - saved image error download_bomayhanhchinh/error_file_1585.3394314858983_new1.png
2025-07-16 08:14:29,351 - INFO - ⏳ 3.12s between batches...
2025-07-16 08:14:32,468 - INFO - Processing batch 757 to 758
2025-07-16 08:14:34,419 - INFO - ⏳ Waiting 3.08s for user emulation...
2025-07-16 08:14:39,119 - INFO - ⏳ Waiting 5.63s for user emulation...
2025-07-16 08:14:53,767 - ERROR - ❌ Main content not found at https://thuvienphapluat.vn/van-ban/Bo-may-hanh-chinh/Quyet-dinh-1795-QD-UBND-2025-cong-bo-thu-tuc-hanh-chinh-giao-duc-dao-tao-nganh-Giao-duc-Dong-Nai-661538.aspx - saved image error download_bomayhanhchinh/error_file_1121.9509310256612_new1.png
2025-07-16 08:14:53,834 - INFO - ⏳ 3.87s between batches...
2025-07-16 08:14:57,701 - INFO - Processing batch 758 to 759
2025-07-16 08:14:59,701 - INFO - ⏳ Waiting 2.47s for user emulation...
2025-07-16 08:15:03,705 - INFO - ⏳ Waiting 3.27s for user emulation...
2025-07-16 08:15:16,071 - ERROR - ❌ Main content not found at https://thuvienphapluat.vn/van-ban/Lao-dong-Tien-luong/Quyet-dinh-475-QD-UBND-2025-quy-trinh-thu-tuc-hanh-chinh-Lao-dong-tien-luong-nganh-Noi-vu-Kon-Tum-659684.aspx - saved image error download_bomayhanhchinh/error_file_1478.4367343892368_new1.png
2025-07-16 08:15:16,136 - INFO - ⏳ 3.29s between batches...
2025-07-16 08:15:19,431 - INFO - Processing batch 759 to 760
2025-07-16 08:15:21,458 - INFO - ⏳ Waiting 3.42s for user emulation...
2025-07-16 08:15:26,395 - INFO - ⏳ Waiting 3.06s for user emulation...
2025-07-16 08:15:39,115 - ERROR - ❌ Main content not found at https://thuvienphapluat.vn/van-ban/Bo-may-hanh-chinh/Nghi-dinh-114-2025-ND-CP-sua-doi-khoan-12-Dieu-3-Nghi-dinh-41-2025-ND-CP-659614.aspx - saved image error download_bomayhanhchinh/error_file_1426.8528651920415_new1.png
2025-07-16 08:15:39,180 - INFO - ⏳ 3.94s between batches...
2025-07-16 08:15:43,121 - INFO - Processing batch 760 to 761
2025-07-16 08:15:45,067 - INFO - ⏳ Waiting 3.19s for user emulation...
2025-07-16 08:15:49,816 - INFO - ⏳ Waiting 3.12s for user emulation...
2025-07-16 08:16:02,182 - ERROR - ❌ Main content not found at https://thuvienphapluat.vn/van-ban/Bo-may-hanh-chinh/Quyet-dinh-1804-Q%c3%90-UBND-2025-quy-trinh-thu-tuc-hanh-chinh-So-Khoa-hoc-Cong-nghe-Dong-Nai-661693.aspx - saved image error download_bomayhanhchinh/error_file_1751.8072689957442_new1.png
2025-07-16 08:16:02,247 - INFO - ⏳ 3.25s between batches...
2025-07-16 08:16:05,499 - INFO - Processing batch 761 to 762
2025-07-16 08:16:07,634 - INFO - ⏳ Waiting 3.85s for user emulation...
2025-07-16 08:16:12,934 - INFO - ⏳ Waiting 3.76s for user emulation...
2025-07-16 08:16:26,116 - ERROR - ❌ Main content not found at https://thuvienphapluat.vn/van-ban/Bo-may-hanh-chinh/Lenh-cong-bo-Phap-lenh-Dan-so-sua-doi-2025-662687.aspx - saved image error download_bomayhanhchinh/error_file_1350.7973200357296_new1.png
2025-07-16 08:16:26,180 - INFO - ⏳ 3.02s between batches...
2025-07-16 08:16:29,198 - INFO - Processing batch 762 to 763
2025-07-16 08:16:31,181 - INFO - ⏳ Waiting 3.45s for user emulation...
2025-07-16 08:16:36,121 - INFO - ⏳ Waiting 4.67s for user emulation...
2025-07-16 08:16:50,515 - ERROR - ❌ Main content not found at https://thuvienphapluat.vn/van-ban/Bo-may-hanh-chinh/Quyet-dinh-1483-QD-UBND-2025-phe-duyet-danh-muc-vi-tri-viec-lam-So-Dan-toc-va-Ton-giao-Quang-Nam-664228.aspx - saved image error download_bomayhanhchinh/error_file_973.7948057468891_new1.png
2025-07-16 08:16:50,580 - INFO - ⏳ 3.92s between batches...
2025-07-16 08:16:54,503 - INFO - Processing batch 763 to 764
2025-07-16 08:16:56,659 - INFO - ⏳ Waiting 2.93s for user emulation...
2025-07-16 08:17:01,165 - INFO - ⏳ Waiting 4.72s for user emulation...
2025-07-16 08:17:15,362 - ERROR - ❌ Main content not found at https://thuvienphapluat.vn/van-ban/Bo-may-hanh-chinh/Quyet-dinh-1856-QD-BNNMT-2025-quy-trinh-noi-bo-giai-quyet-thu-tuc-hanh-chinh-linh-vuc-Bao-ve-thuc-vat-659790.aspx - saved image error download_bomayhanhchinh/error_file_1562.335194457472_new1.png
2025-07-16 08:17:15,428 - INFO - ⏳ 3.90s between batches...
2025-07-16 08:17:19,324 - INFO - Processing batch 764 to 765
2025-07-16 08:17:21,148 - INFO - ⏳ Waiting 4.00s for user emulation...
2025-07-16 08:17:26,643 - INFO - ⏳ Waiting 5.12s for user emulation...
2025-07-16 08:17:41,328 - ERROR - ❌ Main content not found at https://thuvienphapluat.vn/van-ban/Bo-may-hanh-chinh/Quyet-dinh-515-QD-UBND-2025-De-an-Sap-xep-to-chuc-bo-may-Thanh-tra-tinh-Ninh-Binh-659751.aspx - saved image error download_bomayhanhchinh/error_file_802.5373364933398_new1.png
2025-07-16 08:17:41,393 - INFO - ⏳ 4.15s between batches...
2025-07-16 08:17:45,540 - INFO - Processing batch 765 to 766
2025-07-16 08:17:47,597 - INFO - ⏳ Waiting 2.21s for user emulation...
2025-07-16 08:17:51,330 - INFO - ⏳ Waiting 4.37s for user emulation...
2025-07-16 08:18:04,860 - ERROR - ❌ Main content not found at https://thuvienphapluat.vn/van-ban/Bo-may-hanh-chinh/Quyet-dinh-829-QD-UBND-2025-cong-bo-thu-tuc-hanh-chinh-linh-vuc-khoa-hoc-So-Nong-nghiep-Quang-Ngai-659469.aspx - saved image error download_bomayhanhchinh/error_file_1716.9044831857536_new1.png
2025-07-16 08:18:04,924 - INFO - ⏳ 4.10s between batches...
2025-07-16 08:18:09,030 - INFO - Processing batch 766 to 767
2025-07-16 08:18:10,772 - INFO - ⏳ Waiting 2.62s for user emulation...
2025-07-16 08:18:14,882 - INFO - ⏳ Waiting 5.06s for user emulation...
2025-07-16 08:18:29,394 - ERROR - ❌ Main content not found at https://thuvienphapluat.vn/van-ban/Bo-may-hanh-chinh/Quyet-dinh-1329-QD-UBND-2025-cong-bo-thu-tuc-hanh-chinh-noi-bo-So-Tai-chinh-Tra-Vinh-659562.aspx - saved image error download_bomayhanhchinh/error_file_1304.5028306617276_new1.png
2025-07-16 08:18:29,458 - INFO - ⏳ 3.62s between batches...
2025-07-16 08:18:33,079 - INFO - Processing batch 767 to 768
2025-07-16 08:18:35,262 - INFO - ⏳ Waiting 3.83s for user emulation...
2025-07-16 08:18:40,610 - INFO - ⏳ Waiting 5.49s for user emulation...
2025-07-16 08:18:55,343 - ERROR - ❌ Main content not found at https://thuvienphapluat.vn/van-ban/Bo-may-hanh-chinh/Quyet-dinh-747-QD-UBND-2025-Quy-trinh-thu-tuc-hanh-chinh-tin-nguong-ton-giao-So-Dan-toc-Dak-Nong-659527.aspx - saved image error download_bomayhanhchinh/error_file_1570.1304461530435_new1.png
2025-07-16 08:18:55,411 - INFO - ⏳ 3.46s between batches...
2025-07-16 08:18:58,872 - INFO - Processing batch 768 to 769
2025-07-16 08:19:00,640 - INFO - ⏳ Waiting 2.31s for user emulation...
2025-07-16 08:19:04,427 - INFO - ⏳ Waiting 4.13s for user emulation...
2025-07-16 08:19:17,990 - ERROR - ❌ Main content not found at https://thuvienphapluat.vn/van-ban/Bo-may-hanh-chinh/Quyet-dinh-1691-QD-UBND-2025-cong-bo-thu-tuc-hanh-chinh-Bien-va-hai-dao-So-Nong-nghiep-Thanh-Hoa-659368.aspx - saved image error download_bomayhanhchinh/error_file_1471.4295783687417_new1.png
2025-07-16 08:19:18,055 - INFO - ⏳ 3.50s between batches...
2025-07-16 08:19:21,558 - INFO - Processing batch 769 to 770
2025-07-16 08:19:23,841 - INFO - ⏳ Waiting 3.33s for user emulation...
2025-07-16 08:19:28,697 - INFO - ⏳ Waiting 3.09s for user emulation...
2025-07-16 08:19:41,606 - ERROR - ❌ Main content not found at https://thuvienphapluat.vn/van-ban/Bo-may-hanh-chinh/Huong-dan-18-HD-MTTW-BTT-2025-bo-sung-noi-dung-sap-xep-bo-may-Mat-tran-To-quoc-Viet-Nam-659292.aspx - saved image error download_bomayhanhchinh/error_file_801.4190962296187_new1.png
2025-07-16 08:19:41,670 - INFO - ⏳ 4.46s between batches...
2025-07-16 08:19:46,134 - INFO - Processing batch 770 to 771
2025-07-16 08:19:47,791 - INFO - ⏳ Waiting 2.83s for user emulation...
2025-07-16 08:19:52,147 - INFO - ⏳ Waiting 5.56s for user emulation...
2025-07-16 08:20:07,088 - ERROR - ❌ Main content not found at https://thuvienphapluat.vn/van-ban/Bo-may-hanh-chinh/Quyet-dinh-1061-QD-TTg-2025-thanh-lap-Ban-Chi-dao-Trung-uong-chuong-trinh-muc-tieu-quoc-gia-659453.aspx - saved image error download_bomayhanhchinh/error_file_1290.2219064017631_new1.png
2025-07-16 08:20:07,153 - INFO - ⏳ 4.10s between batches...
2025-07-16 08:20:11,252 - INFO - Processing batch 771 to 772
2025-07-16 08:20:13,235 - INFO - ⏳ Waiting 3.31s for user emulation...
2025-07-16 08:20:18,081 - INFO - ⏳ Waiting 3.64s for user emulation...
2025-07-16 08:20:30,854 - ERROR - ❌ Main content not found at https://thuvienphapluat.vn/van-ban/Bo-may-hanh-chinh/Quyet-dinh-1064-QD-TTg-2025-kien-toan-Ban-Chi-dao-Quoc-gia-Dan-so-va-Phat-trien-659450.aspx - saved image error download_bomayhanhchinh/error_file_895.1797191100287_new1.png
2025-07-16 08:20:30,919 - INFO - ⏳ 3.08s between batches...
2025-07-16 08:20:33,999 - INFO - Processing batch 772 to 773
2025-07-16 08:20:35,956 - INFO - ⏳ Waiting 2.90s for user emulation...
2025-07-16 08:20:40,374 - INFO - ⏳ Waiting 4.66s for user emulation...
2025-07-16 08:20:54,253 - ERROR - ❌ Main content not found at https://thuvienphapluat.vn/van-ban/Bo-may-hanh-chinh/Quyet-dinh-748-QD-UBND-2025-cong-bo-thu-tuc-hanh-chinh-y-te-du-phong-So-Y-te-Dak-Nong-659524.aspx - saved image error download_bomayhanhchinh/error_file_1618.8899063928407_new1.png
2025-07-16 08:20:54,319 - INFO - ⏳ 3.69s between batches...
2025-07-16 08:20:58,013 - INFO - Processing batch 773 to 774
2025-07-16 08:21:00,016 - INFO - ⏳ Waiting 3.09s for user emulation...
2025-07-16 08:21:04,767 - INFO - ⏳ Waiting 3.55s for user emulation...
2025-07-16 08:21:17,737 - ERROR - ❌ Main content not found at https://thuvienphapluat.vn/van-ban/Bo-may-hanh-chinh/Quyet-dinh-47-2025-QD-UBND-phan-cap-So-Khoa-hoc-thuc-hien-nhiem-vu-khoa-hoc-Thanh-Hoa-659390.aspx - saved image error download_bomayhanhchinh/error_file_1071.484988257574_new1.png
2025-07-16 08:21:17,801 - INFO - ⏳ 3.52s between batches...
2025-07-16 08:21:21,324 - INFO - Processing batch 774 to 775
2025-07-16 08:21:23,241 - INFO - ⏳ Waiting 3.88s for user emulation...
2025-07-16 08:21:28,617 - INFO - ⏳ Waiting 3.25s for user emulation...
2025-07-16 08:21:41,287 - ERROR - ❌ Main content not found at https://thuvienphapluat.vn/van-ban/Bao-hiem/Quyet-dinh-791-QD-TTPVHCC-2025-cong-bo-thu-tuc-hanh-chinh-Lao-dong-Tien-luong-So-Noi-vu-Ha-Noi-659280.aspx - saved image error download_bomayhanhchinh/error_file_1283.4649833915996_new1.png
2025-07-16 08:21:41,352 - INFO - ⏳ 4.77s between batches...
2025-07-16 08:21:46,122 - INFO - Processing batch 775 to 776
2025-07-16 08:21:48,076 - INFO - ⏳ Waiting 2.91s for user emulation...
2025-07-16 08:21:52,751 - INFO - ⏳ Waiting 3.87s for user emulation...
2025-07-16 08:22:06,103 - ERROR - ❌ Main content not found at https://thuvienphapluat.vn/van-ban/Lao-dong-Tien-luong/Quyet-dinh-1813-QD-UBND-2025-cong-bo-thu-tuc-hanh-chinh-Giao-duc-nghe-nghiep-Uy-ban-tinh-Quang-Binh-659525.aspx - saved image error download_bomayhanhchinh/error_file_1229.601053312495_new1.png
2025-07-16 08:22:06,169 - INFO - ⏳ 3.03s between batches...
2025-07-16 08:22:09,195 - INFO - Processing batch 776 to 777
2025-07-16 08:22:11,212 - INFO - ⏳ Waiting 2.53s for user emulation...
2025-07-16 08:22:15,348 - INFO - ⏳ Waiting 4.61s for user emulation...
2025-07-16 08:22:29,632 - ERROR - ❌ Main content not found at https://thuvienphapluat.vn/van-ban/Bo-may-hanh-chinh/Quyet-dinh-1577-QD-UBND-2025-quy-trinh-thu-tuc-hanh-chinh-kham-benh-So-Y-te-Nam-Dinh-659464.aspx - saved image error download_bomayhanhchinh/error_file_963.7789390925451_new1.png
2025-07-16 08:22:29,697 - INFO - ⏳ 3.36s between batches...
2025-07-16 08:22:33,060 - INFO - Processing batch 777 to 778
2025-07-16 08:22:34,881 - INFO - ⏳ Waiting 2.89s for user emulation...
2025-07-16 08:22:39,336 - INFO - ⏳ Waiting 5.51s for user emulation...
2025-07-16 08:22:54,232 - ERROR - ❌ Main content not found at https://thuvienphapluat.vn/van-ban/Bo-may-hanh-chinh/Quyet-dinh-1278-QD-UBND-2025-dich-vu-cong-truc-tuyen-toan-trinh-dau-gia-tai-san-So-Tu-phap-Son-La-659365.aspx - saved image error download_bomayhanhchinh/error_file_1324.9492704886616_new1.png
2025-07-16 08:22:54,297 - INFO - ⏳ 3.21s between batches...
2025-07-16 08:22:57,506 - INFO - Processing batch 778 to 779
2025-07-16 08:22:59,330 - INFO - ⏳ Waiting 2.80s for user emulation...
2025-07-16 08:23:03,965 - INFO - ⏳ Waiting 5.88s for user emulation...
2025-07-16 08:23:18,781 - ERROR - ❌ Main content not found at https://thuvienphapluat.vn/van-ban/Bo-may-hanh-chinh/Quyet-dinh-1688-QD-UBND-2025-thu-tuc-hanh-chinh-Quan-ly-chat-luong-nong-lam-san-So-Nong-nghiep-Thanh-Hoa-659369.aspx - saved image error download_bomayhanhchinh/error_file_1626.427174727682_new1.png
2025-07-16 08:23:18,846 - INFO - ⏳ 4.22s between batches...
2025-07-16 08:23:23,062 - INFO - Processing batch 779 to 780
2025-07-16 08:23:24,787 - INFO - ⏳ Waiting 3.14s for user emulation...
2025-07-16 08:23:29,402 - INFO - ⏳ Waiting 3.69s for user emulation...
2025-07-16 08:23:42,462 - ERROR - ❌ Main content not found at https://thuvienphapluat.vn/van-ban/Dau-tu/Nghi-quyet-06-2025-NQ-HDND-bai-bo-Nghi-quyet-02-2020-NQ-HDND-Long-An-659656.aspx - saved image error download_bomayhanhchinh/error_file_1176.097508461171_new1.png
2025-07-16 08:23:42,527 - INFO - ⏳ 3.91s between batches...
2025-07-16 08:23:46,436 - INFO - Processing batch 780 to 781
2025-07-16 08:23:48,415 - INFO - ⏳ Waiting 3.39s for user emulation...
2025-07-16 08:23:53,297 - INFO - ⏳ Waiting 4.11s for user emulation...
2025-07-16 08:24:06,595 - ERROR - ❌ Main content not found at https://thuvienphapluat.vn/van-ban/Thue-Phi-Le-Phi/Quyet-dinh-1561-QD-UBND-2025-quy-trinh-thu-tuc-hanh-chinh-linh-vuc-thue-So-Nong-nghiep-Nghe-An-659409.aspx - saved image error download_bomayhanhchinh/error_file_1163.7220723657285_new1.png
2025-07-16 08:24:06,661 - INFO - ⏳ 3.33s between batches...
2025-07-16 08:24:09,996 - INFO - Processing batch 781 to 782
2025-07-16 08:24:12,022 - INFO - ⏳ Waiting 2.63s for user emulation...
2025-07-16 08:24:16,108 - INFO - ⏳ Waiting 4.35s for user emulation...
2025-07-16 08:24:29,878 - ERROR - ❌ Main content not found at https://thuvienphapluat.vn/van-ban/Bo-may-hanh-chinh/Quyet-dinh-1352-QD-UBND-2025-cong-bo-Danh-muc-thu-tuc-hanh-chinh-So-Noi-vu-Can-Tho-659750.aspx - saved image error download_bomayhanhchinh/error_file_1507.4959795490286_new1.png
2025-07-16 08:24:29,943 - INFO - ⏳ 3.80s between batches...
2025-07-16 08:24:33,738 - INFO - Processing batch 782 to 783
2025-07-16 08:24:35,521 - INFO - ⏳ Waiting 3.96s for user emulation...
2025-07-16 08:24:41,061 - INFO - ⏳ Waiting 3.66s for user emulation...
2025-07-16 08:24:53,869 - ERROR - ❌ Main content not found at https://thuvienphapluat.vn/van-ban/Bo-may-hanh-chinh/Quyet-dinh-896-QD-UBND-2025-cong-bo-thu-tuc-hanh-chinh-khoa-hoc-cong-nghe-So-Nong-nghiep-An-Giang-659608.aspx - saved image error download_bomayhanhchinh/error_file_986.4044541007922_new1.png
2025-07-16 08:24:53,937 - INFO - ⏳ 3.87s between batches...
2025-07-16 08:24:57,808 - INFO - Processing batch 783 to 784
2025-07-16 08:24:59,823 - INFO - ⏳ Waiting 2.50s for user emulation...
2025-07-16 08:25:03,777 - INFO - ⏳ Waiting 4.11s for user emulation...
2025-07-16 08:25:17,210 - ERROR - ❌ Main content not found at https://thuvienphapluat.vn/van-ban/Bo-may-hanh-chinh/Quyet-dinh-471-QD-UBND-2025-cong-bo-thu-tuc-hanh-chinh-Khoa-hoc-Cong-nghe-Kon-Tum-659949.aspx - saved image error download_bomayhanhchinh/error_file_1120.3632223545815_new1.png
2025-07-16 08:25:17,275 - INFO - ⏳ 3.33s between batches...
2025-07-16 08:25:20,606 - INFO - Processing batch 784 to 785
2025-07-16 08:25:22,569 - INFO - ⏳ Waiting 3.04s for user emulation...
2025-07-16 08:25:27,213 - INFO - ⏳ Waiting 4.35s for user emulation...
2025-07-16 08:25:41,384 - ERROR - ❌ Main content not found at https://thuvienphapluat.vn/van-ban/Bao-hiem/Quyet-dinh-1557-QD-UBND-2025-cong-bo-thu-tuc-hanh-chinh-Lao-dong-tien-luong-So-Noi-vu-Nghe-An-659395.aspx - saved image error download_bomayhanhchinh/error_file_1011.1562737644235_new1.png
2025-07-16 08:25:41,451 - INFO - ⏳ 3.50s between batches...
2025-07-16 08:25:44,954 - INFO - Processing batch 785 to 786
2025-07-16 08:25:46,852 - INFO - ⏳ Waiting 3.91s for user emulation...
2025-07-16 08:25:52,207 - INFO - ⏳ Waiting 5.00s for user emulation...
2025-07-16 08:26:06,507 - ERROR - ❌ Main content not found at https://thuvienphapluat.vn/van-ban/Bo-may-hanh-chinh/Quyet-dinh-1552-QD-UBND-2025-quy-trinh-thu-tuc-hanh-chinh-Trong-trot-So-Nong-nghiep-Nghe-An-659413.aspx - saved image error download_bomayhanhchinh/error_file_1428.8115034183606_new1.png
2025-07-16 08:26:06,572 - INFO - ⏳ 4.64s between batches...
2025-07-16 08:26:11,217 - INFO - Processing batch 786 to 787
2025-07-16 08:26:13,358 - INFO - ⏳ Waiting 2.09s for user emulation...
2025-07-16 08:26:17,092 - INFO - ⏳ Waiting 5.36s for user emulation...
2025-07-16 08:26:23,534 - INFO - Saved txt: download_bomayhanhchinh/new1_Quyet-dinh-1876-QD-UBND-2025-co-che-giai-quyet-thu-tuc-hanh-chinh-ho-tich-chu-dong-phuc-vu-Binh-Dinh-660072.txt
2025-07-16 08:26:23,599 - INFO - ⏳ 3.12s between batches...
2025-07-16 08:26:26,725 - INFO - Processing batch 787 to 788
2025-07-16 08:26:28,454 - INFO - ⏳ Waiting 2.28s for user emulation...
2025-07-16 08:26:32,307 - INFO - ⏳ Waiting 5.15s for user emulation...
2025-07-16 08:26:38,864 - INFO - Saved txt: download_bomayhanhchinh/new1_Quyet-dinh-1852-QD-UBND-2025-cong-bo-thu-tuc-hanh-chinh-linh-vuc-dat-dai-Uy-ban-huyen-Ben-Tre-660246.txt
2025-07-16 08:26:38,929 - INFO - ⏳ 4.87s between batches...
2025-07-16 08:26:43,795 - INFO - Processing batch 788 to 789
2025-07-16 08:26:45,823 - INFO - ⏳ Waiting 3.08s for user emulation...
2025-07-16 08:26:50,491 - INFO - ⏳ Waiting 4.34s for user emulation...
2025-07-16 08:26:55,443 - INFO - Saved txt: download_bomayhanhchinh/new1_Quyet-dinh-1850-QD-UBND-2025-cong-bo-thu-tuc-hanh-chinh-giao-duc-So-Giao-duc-Ben-Tre-660240.txt
2025-07-16 08:26:55,508 - INFO - ⏳ 3.94s between batches...
2025-07-16 08:26:59,445 - INFO - Processing batch 789 to 790
2025-07-16 08:27:01,441 - INFO - ⏳ Waiting 2.25s for user emulation...
2025-07-16 08:27:05,408 - INFO - ⏳ Waiting 5.02s for user emulation...
2025-07-16 08:27:11,119 - INFO - Saved txt: download_bomayhanhchinh/new1_Quyet-dinh-56-2025-QD-UBND-bai-bo-Quyet-dinh-74-2021-QD-UBND-thu-tuc-quan-ly-du-an-dau-tu-Hue-661450.txt
2025-07-16 08:27:11,184 - INFO - ⏳ 3.71s between batches...
2025-07-16 08:27:14,897 - INFO - Processing batch 790 to 791
2025-07-16 08:27:16,912 - INFO - ⏳ Waiting 3.33s for user emulation...
2025-07-16 08:27:21,949 - INFO - ⏳ Waiting 3.01s for user emulation...
2025-07-16 08:27:26,405 - INFO - Saved txt: download_bomayhanhchinh/new1_Quyet-dinh-46-2025-QD-UBND-chuc-nang-nhiem-vu-quyen-han-Chi-cuc-Dan-so-Ha-Nam-660223.txt
2025-07-16 08:27:26,470 - INFO - ⏳ 3.07s between batches...
2025-07-16 08:27:29,538 - INFO - Processing batch 791 to 792
2025-07-16 08:27:31,710 - INFO - ⏳ Waiting 3.27s for user emulation...
2025-07-16 08:27:36,685 - INFO - ⏳ Waiting 4.49s for user emulation...
2025-07-16 08:27:42,271 - INFO - Saved txt: download_bomayhanhchinh/new1_Quyet-dinh-1051-QD-UBND-2025-cong-bo-thu-tuc-hanh-chinh-duong-bo-So-Xay-dung-Ca-Mau-661173.txt
2025-07-16 08:27:42,336 - INFO - ⏳ 4.16s between batches...
2025-07-16 08:27:46,493 - INFO - Processing batch 792 to 793
2025-07-16 08:27:48,605 - INFO - ⏳ Waiting 3.72s for user emulation...
2025-07-16 08:27:54,017 - INFO - ⏳ Waiting 4.48s for user emulation...
2025-07-16 08:27:59,265 - INFO - Saved txt: download_bomayhanhchinh/new1_Quyet-dinh-1065-QD-TTg-2025-kien-toan-Ban-Chi-dao-quoc-gia-ve-ODA-va-von-vay-uu-dai-659454.txt
2025-07-16 08:27:59,330 - INFO - ⏳ 4.23s between batches...
2025-07-16 08:28:03,556 - INFO - Processing batch 793 to 794
2025-07-16 08:28:05,703 - INFO - ⏳ Waiting 3.22s for user emulation...
2025-07-16 08:28:10,554 - INFO - ⏳ Waiting 4.39s for user emulation...
2025-07-16 08:28:15,651 - INFO - Saved txt: download_bomayhanhchinh/new1_Quyet-dinh-1327-QD-UBND-2025-cong-bo-thu-tuc-hanh-chinh-noi-bo-So-Van-hoa-Tra-Vinh-659563.txt
2025-07-16 08:28:15,716 - INFO - ⏳ 4.00s between batches...
2025-07-16 08:28:19,711 - INFO - Processing batch 794 to 795
2025-07-16 08:28:21,877 - INFO - ⏳ Waiting 2.20s for user emulation...
2025-07-16 08:28:26,154 - INFO - ⏳ Waiting 3.11s for user emulation...
2025-07-16 08:28:30,211 - INFO - Saved txt: download_bomayhanhchinh/new1_Quyet-dinh-1446-QD-UBND-2025-cong-bo-thu-tuc-hanh-chinh-linh-vuc-viec-lam-nganh-Noi-vu-Tien-Giang-659729.txt
2025-07-16 08:28:30,276 - INFO - ⏳ 4.73s between batches...
2025-07-16 08:28:35,002 - INFO - Processing batch 795 to 796
2025-07-16 08:28:37,056 - INFO - ⏳ Waiting 2.26s for user emulation...
2025-07-16 08:28:40,985 - INFO - ⏳ Waiting 4.28s for user emulation...
2025-07-16 08:28:46,807 - INFO - Saved txt: download_bomayhanhchinh/new1_Quyet-dinh-1452-QD-UBND-2025-quy-trinh-thu-tuc-hanh-chinh-chan-nuoi-So-Tai-chinh-Khanh-Hoa-660446.txt
2025-07-16 08:28:46,873 - INFO - ⏳ 3.31s between batches...
2025-07-16 08:28:50,187 - INFO - Processing batch 796 to 797
2025-07-16 08:28:52,295 - INFO - ⏳ Waiting 3.40s for user emulation...
2025-07-16 08:28:57,689 - INFO - ⏳ Waiting 3.15s for user emulation...
2025-07-16 08:29:02,064 - INFO - Saved txt: download_bomayhanhchinh/new1_Quyet-dinh-1349-QD-UBND-2025-cong-bo-thu-tuc-hanh-chinh-noi-bo-Uy-ban-thanh-pho-Can-Tho-659609.txt
2025-07-16 08:29:02,129 - INFO - ⏳ 3.10s between batches...
2025-07-16 08:29:05,227 - INFO - Processing batch 797 to 798
2025-07-16 08:29:07,242 - INFO - ⏳ Waiting 3.50s for user emulation...
2025-07-16 08:29:12,354 - INFO - ⏳ Waiting 5.48s for user emulation...
2025-07-16 08:29:18,554 - INFO - Saved txt: download_bomayhanhchinh/new1_Quyet-dinh-44-2025-QD-UBND-chuc-nang-nhiem-vu-Trung-tam-Chuyen-doi-so-So-Khoa-hoc-Tay-Ninh-660073.txt
2025-07-16 08:29:18,619 - INFO - ⏳ 4.00s between batches...
2025-07-16 08:29:22,622 - INFO - Processing batch 798 to 799
2025-07-16 08:29:24,837 - INFO - ⏳ Waiting 3.76s for user emulation...
2025-07-16 08:29:30,297 - INFO - ⏳ Waiting 5.37s for user emulation...
2025-07-16 08:29:36,481 - INFO - Saved txt: download_bomayhanhchinh/new1_Quyet-dinh-1794-QD-UBND-2025-cong-bo-thu-tuc-hanh-chinh-ho-tro-dich-vu-cong-truc-tuyen-Dong-Nai-661622.txt
2025-07-16 08:29:36,546 - INFO - ⏳ 4.57s between batches...
2025-07-16 08:29:41,112 - INFO - Processing batch 799 to 800
2025-07-16 08:29:42,858 - INFO - ⏳ Waiting 2.16s for user emulation...
2025-07-16 08:29:46,792 - INFO - ⏳ Waiting 4.81s for user emulation...
2025-07-16 08:29:52,693 - INFO - Saved txt: download_bomayhanhchinh/new1_Nghi-quyet-49-NQ-HDND-2025-ke-hoach-to-chuc-cac-ky-hop-thuong-le-Hoi-dong-nhan-dan-Khanh-Hoa-661085.txt
2025-07-16 08:29:52,759 - INFO - ⏳ 3.59s between batches...
2025-07-16 08:29:56,353 - INFO - Processing batch 800 to 801
2025-07-16 08:29:58,146 - INFO - ⏳ Waiting 2.89s for user emulation...
2025-07-16 08:30:02,765 - INFO - ⏳ Waiting 4.54s for user emulation...
2025-07-16 08:30:07,964 - INFO - Saved txt: download_bomayhanhchinh/new1_Quyet-dinh-1851-QD-UBND-2025-cong-bo-thu-tuc-hanh-chinh-giao-duc-dao-tao-Uy-ban-huyen-Ben-Tre-660244.txt
2025-07-16 08:30:08,029 - INFO - ⏳ 3.29s between batches...
2025-07-16 08:30:11,318 - INFO - Processing batch 801 to 802
2025-07-16 08:30:13,308 - INFO - ⏳ Waiting 2.37s for user emulation...
2025-07-16 08:30:17,454 - INFO - ⏳ Waiting 3.66s for user emulation...
2025-07-16 08:30:22,297 - INFO - Saved txt: download_bomayhanhchinh/new1_Quyet-dinh-43-2025-QD-UBND-chuc-nang-nhiem-vu-Trung-tam-Khoa-hoc-Cong-nghe-Tay-Ninh-660074.txt
2025-07-16 08:30:22,362 - INFO - ⏳ 3.55s between batches...
2025-07-16 08:30:25,912 - INFO - Processing batch 802 to 803
2025-07-16 08:30:27,936 - INFO - ⏳ Waiting 2.69s for user emulation...
2025-07-16 08:30:32,611 - INFO - ⏳ Waiting 5.59s for user emulation...
2025-07-16 08:30:39,339 - INFO - Saved txt: download_bomayhanhchinh/new1_Quyet-dinh-1863-QD-UBND-2025-cong-bo-thu-tuc-hanh-chinh-dich-vu-cong-truc-tuyen-toan-trinh-Binh-Dinh-659689.txt
2025-07-16 08:30:39,405 - INFO - ⏳ 4.91s between batches...
2025-07-16 08:30:44,311 - INFO - Processing batch 803 to 804
2025-07-16 08:30:46,415 - INFO - ⏳ Waiting 2.39s for user emulation...
2025-07-16 08:30:50,527 - INFO - ⏳ Waiting 3.54s for user emulation...
2025-07-16 08:30:54,894 - INFO - Saved txt: download_bomayhanhchinh/new1_Cong-dien-80-CD-TTg-2025-cong-tac-thuc-hien-phuong-an-xu-ly-tai-san-sau-sap-xep-bo-may-659268.txt
2025-07-16 08:30:54,961 - INFO - ⏳ 3.56s between batches...
2025-07-16 08:30:58,524 - INFO - Processing batch 804 to 805
2025-07-16 08:31:00,415 - INFO - ⏳ Waiting 2.67s for user emulation...
2025-07-16 08:31:04,795 - INFO - ⏳ Waiting 4.13s for user emulation...
2025-07-16 08:31:09,545 - INFO - Saved txt: download_bomayhanhchinh/new1_Quyet-dinh-1721-QD-UBND-2025-cong-bo-thu-tuc-hanh-chinh-khoa-hoc-cong-nghe-So-Nong-nghiep-Lao-Cai-659374.txt
2025-07-16 08:31:09,610 - INFO - ⏳ 4.07s between batches...
2025-07-16 08:31:13,677 - INFO - Processing batch 805 to 806
2025-07-16 08:31:15,689 - INFO - ⏳ Waiting 3.83s for user emulation...
2025-07-16 08:31:21,234 - INFO - ⏳ Waiting 3.09s for user emulation...
2025-07-16 08:31:25,228 - INFO - Saved txt: download_bomayhanhchinh/new1_Quyet-dinh-1032-QD-BKHCN-2025-Ke-hoach-thuc-hien-Chi-thi-11-CT-TTg-658976.txt
2025-07-16 08:31:25,293 - INFO - ⏳ 4.67s between batches...
2025-07-16 08:31:29,967 - INFO - Processing batch 806 to 807
2025-07-16 08:31:31,885 - INFO - ⏳ Waiting 2.89s for user emulation...
2025-07-16 08:31:36,593 - INFO - ⏳ Waiting 5.74s for user emulation...
2025-07-16 08:31:43,044 - INFO - Saved txt: download_bomayhanhchinh/new1_Chi-thi-15-CT-TTg-2025-tang-cuong-chap-hanh-quy-dinh-phap-luat-ve-gia-658928.txt
2025-07-16 08:31:43,110 - INFO - ⏳ 3.78s between batches...
2025-07-16 08:31:46,890 - INFO - Processing batch 807 to 808
2025-07-16 08:31:48,501 - INFO - ⏳ Waiting 3.81s for user emulation...
2025-07-16 08:31:54,215 - INFO - ⏳ Waiting 3.82s for user emulation...
2025-07-16 08:31:59,017 - INFO - Saved txt: download_bomayhanhchinh/new1_Quyet-dinh-1599-QD-BVHTTDL-2025-so-ket-05-nam-Chuong-trinh-tong-the-cai-cach-hanh-chinh-nha-nuoc-659291.txt
2025-07-16 08:31:59,084 - INFO - ⏳ 3.13s between batches...
2025-07-16 08:32:02,216 - INFO - Processing batch 808 to 809
2025-07-16 08:32:04,179 - INFO - ⏳ Waiting 2.27s for user emulation...
2025-07-16 08:32:08,450 - INFO - ⏳ Waiting 3.20s for user emulation...
2025-07-16 08:32:13,180 - INFO - Saved txt: download_bomayhanhchinh/new1_Thong-tu-01-2025-TT-TANDTC-thi-tuyen-chon-Tham-phan-Toa-an-nhan-dan-659776.txt
2025-07-16 08:32:13,246 - INFO - ⏳ 3.52s between batches...
2025-07-16 08:32:16,764 - INFO - Processing batch 809 to 810
2025-07-16 08:32:18,710 - INFO - ⏳ Waiting 2.46s for user emulation...
2025-07-16 08:32:22,890 - INFO - ⏳ Waiting 5.89s for user emulation...
2025-07-16 08:32:30,079 - INFO - Saved txt: download_bomayhanhchinh/new1_Quyet-dinh-1313-QD-UBND-2025-cong-bo-thu-tuc-hanh-chinh-noi-bo-So-Y-te-Tra-Vinh-659156.txt
2025-07-16 08:32:30,144 - INFO - ⏳ 4.11s between batches...
2025-07-16 08:32:34,252 - INFO - Processing batch 810 to 811
2025-07-16 08:32:36,276 - INFO - ⏳ Waiting 2.82s for user emulation...
2025-07-16 08:32:40,799 - INFO - ⏳ Waiting 3.38s for user emulation...
2025-07-16 08:32:45,441 - INFO - Saved txt: download_bomayhanhchinh/new1_Quyet-dinh-1314-QD-UBND-2025-cong-bo-thu-tuc-hanh-chinh-noi-bo-So-Nong-nghiep-Tra-Vinh-659155.txt
2025-07-16 08:32:45,506 - INFO - ⏳ 4.06s between batches...
2025-07-16 08:32:49,567 - INFO - Processing batch 811 to 812
2025-07-16 08:32:51,734 - INFO - ⏳ Waiting 3.39s for user emulation...
2025-07-16 08:32:57,098 - INFO - ⏳ Waiting 4.82s for user emulation...
2025-07-16 08:33:02,832 - INFO - Saved txt: download_bomayhanhchinh/new1_Quyet-dinh-465-QD-UBND-2025-Quy-trinh-thu-tuc-hanh-chinh-Giao-duc-nghe-nghiep-So-Giao-duc-Kon-Tum-659151.txt
2025-07-16 08:33:02,898 - INFO - ⏳ 4.09s between batches...
2025-07-16 08:33:06,985 - INFO - Processing batch 812 to 813
2025-07-16 08:33:08,946 - INFO - ⏳ Waiting 2.03s for user emulation...
2025-07-16 08:33:12,724 - INFO - ⏳ Waiting 5.12s for user emulation...
2025-07-16 08:33:18,539 - INFO - Saved txt: download_bomayhanhchinh/new1_Quyet-dinh-36-2025-QD-UBND-chuc-nang-nhiem-vu-quyen-han-Chi-cuc-Bao-ve-moi-truong-Ha-Giang-659200.txt
2025-07-16 08:33:18,604 - INFO - ⏳ 3.25s between batches...
2025-07-16 08:33:21,853 - INFO - Processing batch 813 to 814
2025-07-16 08:33:23,980 - INFO - ⏳ Waiting 3.96s for user emulation...
2025-07-16 08:33:29,541 - INFO - ⏳ Waiting 4.07s for user emulation...
2025-07-16 08:33:35,149 - INFO - Saved txt: download_bomayhanhchinh/new1_Quyet-dinh-931-QD-UBND-2025-cong-bo-thu-tuc-hanh-chinh-So-Khoa-hoc-Bac-Ninh-659473.txt
2025-07-16 08:33:35,214 - INFO - ⏳ 3.33s between batches...
2025-07-16 08:33:38,540 - INFO - Processing batch 814 to 815
2025-07-16 08:33:40,696 - INFO - ⏳ Waiting 2.36s for user emulation...
2025-07-16 08:33:44,779 - INFO - ⏳ Waiting 5.98s for user emulation...
2025-07-16 08:33:51,379 - INFO - Saved txt: download_bomayhanhchinh/new1_Quyet-dinh-930-QD-UBND-2025-cong-bo-thu-tuc-hanh-chinh-dia-chat-khoang-san-So-Nong-nghiep-Bac-Ninh-659472.txt
2025-07-16 08:33:51,444 - INFO - ⏳ 3.45s between batches...
2025-07-16 08:33:54,893 - INFO - Processing batch 815 to 816
2025-07-16 08:33:56,849 - INFO - ⏳ Waiting 2.19s for user emulation...
2025-07-16 08:34:00,676 - INFO - ⏳ Waiting 5.70s for user emulation...
2025-07-16 08:34:07,145 - INFO - Saved txt: download_bomayhanhchinh/new1_Quyet-dinh-35-2025-QD-UBND-chuc-nang-Van-phong-Dieu-phoi-chuong-trinh-muc-tieu-quoc-gia-Ben-Tre-659959.txt
2025-07-16 08:34:07,209 - INFO - ⏳ 3.14s between batches...
2025-07-16 08:34:10,348 - INFO - Processing batch 816 to 817
2025-07-16 08:34:12,233 - INFO - ⏳ Waiting 2.67s for user emulation...
2025-07-16 08:34:16,692 - INFO - ⏳ Waiting 4.14s for user emulation...
2025-07-16 08:34:21,593 - INFO - Saved txt: download_bomayhanhchinh/new1_Quyet-dinh-33-2025-QD-UBND-chuc-nang-nhiem-vu-Chi-cuc-Phat-trien-nong-thon-Ben-Tre-659957.txt
2025-07-16 08:34:21,661 - INFO - ⏳ 3.89s between batches...
2025-07-16 08:34:25,547 - INFO - Processing batch 817 to 818
2025-07-16 08:34:27,410 - INFO - ⏳ Waiting 2.61s for user emulation...
2025-07-16 08:34:31,648 - INFO - ⏳ Waiting 4.22s for user emulation...
2025-07-16 08:34:37,004 - INFO - Saved txt: download_bomayhanhchinh/new1_Quyet-dinh-34-2025-QD-UBND-chuc-nang-nhiem-vu-quyen-han-Chi-cuc-Thuy-loi-Ben-Tre-659958.txt
2025-07-16 08:34:37,069 - INFO - ⏳ 4.35s between batches...
2025-07-16 08:34:41,423 - INFO - Processing batch 818 to 819
2025-07-16 08:34:43,296 - INFO - ⏳ Waiting 2.71s for user emulation...
2025-07-16 08:34:47,951 - INFO - ⏳ Waiting 3.32s for user emulation...
2025-07-16 08:34:52,402 - INFO - Saved txt: download_bomayhanhchinh/new1_Quyet-dinh-28-2025-QD-UBND-sua-doi-co-cau-to-chuc-Chi-cuc-Quan-ly-thi-truong-Binh-Duong%e2%80%8b-659175.txt
2025-07-16 08:34:52,468 - INFO - ⏳ 4.73s between batches...
2025-07-16 08:34:57,199 - INFO - Processing batch 819 to 820
2025-07-16 08:34:59,244 - INFO - ⏳ Waiting 2.88s for user emulation...
2025-07-16 08:35:03,723 - INFO - ⏳ Waiting 4.38s for user emulation...
2025-07-16 08:35:08,839 - INFO - Saved txt: download_bomayhanhchinh/new1_Quyet-dinh-39-2025-QD-UBND-chuc-nang-nhiem-vu-Chi-cuc-Lam-nghiep-Kiem-lam-Gia-Lai-659149.txt
2025-07-16 08:35:08,904 - INFO - ⏳ 4.93s between batches...
2025-07-16 08:35:13,836 - INFO - Processing batch 820 to 821
2025-07-16 08:35:16,001 - INFO - ⏳ Waiting 3.60s for user emulation...
2025-07-16 08:35:21,330 - INFO - ⏳ Waiting 5.88s for user emulation...
2025-07-16 08:35:28,457 - INFO - Saved txt: download_bomayhanhchinh/new1_Quyet-dinh-313-QD-BDTTG-2025-Ke-hoach-kiem-tra-xu-ly-van-ban-quy-pham-phap-luat-659275.txt
2025-07-16 08:35:28,524 - INFO - ⏳ 4.18s between batches...
2025-07-16 08:35:32,701 - INFO - Processing batch 821 to 822
2025-07-16 08:35:34,524 - INFO - ⏳ Waiting 3.39s for user emulation...
2025-07-16 08:35:39,709 - INFO - ⏳ Waiting 3.62s for user emulation...
2025-07-16 08:35:44,409 - INFO - Saved txt: download_bomayhanhchinh/new1_Quyet-dinh-1892-QD-BTC-2025-sua-doi-Quyet-dinh-co-cau-to-chuc-don-vi-thuoc-Bo-Tai-chinh-659579.txt
2025-07-16 08:35:44,477 - INFO - ⏳ 4.40s between batches...
2025-07-16 08:35:48,873 - INFO - Processing batch 822 to 823
2025-07-16 08:35:50,736 - INFO - ⏳ Waiting 2.33s for user emulation...
2025-07-16 08:35:54,879 - INFO - ⏳ Waiting 5.44s for user emulation...
2025-07-16 08:36:01,443 - INFO - Saved txt: download_bomayhanhchinh/new1_Quyet-dinh-43-2025-QD-UBND-sua-doi-Quy-che-tiep-cong-dan-tiep-nhan-xu-ly-don-thu-khieu-nai-Ha-Nam-659653.txt
2025-07-16 08:36:01,511 - INFO - ⏳ 4.23s between batches...
2025-07-16 08:36:05,739 - INFO - Processing batch 823 to 824
2025-07-16 08:36:07,449 - INFO - ⏳ Waiting 3.76s for user emulation...
2025-07-16 08:36:13,016 - INFO - ⏳ Waiting 5.94s for user emulation...
2025-07-16 08:36:20,438 - INFO - Saved txt: download_bomayhanhchinh/new1_Quyet-dinh-52-2025-QD-UBND-sua-doi-Quyet-dinh-32-2025-QD-UBND-Ninh-Thuan-659308.txt
2025-07-16 08:36:20,504 - INFO - ⏳ 4.03s between batches...
2025-07-16 08:36:24,537 - INFO - Processing batch 824 to 825
2025-07-16 08:36:26,650 - INFO - ⏳ Waiting 2.66s for user emulation...
2025-07-16 08:36:30,821 - INFO - ⏳ Waiting 4.54s for user emulation...
2025-07-16 08:36:36,666 - INFO - Saved txt: download_bomayhanhchinh/new1_Quyet-dinh-31-2025-QD-UBND-bai-bo-cac-Quyet-dinh-cua-Uy-ban-tinh-Ben-Tre-659955.txt
2025-07-16 08:36:36,736 - INFO - ⏳ 4.96s between batches...
2025-07-16 08:36:41,697 - INFO - Processing batch 825 to 826
2025-07-16 08:36:43,675 - INFO - ⏳ Waiting 2.32s for user emulation...
2025-07-16 08:36:47,733 - INFO - ⏳ Waiting 4.31s for user emulation...
2025-07-16 08:36:52,766 - INFO - Saved txt: download_bomayhanhchinh/new1_Quyet-dinh-1844-QD-UBND-2025-cong-bo-thu-tuc-hanh-chinh-Quan-ly-de-dieu-So-Nong-nghiep-Binh-Dinh-659565.txt
2025-07-16 08:36:52,830 - INFO - ⏳ 4.01s between batches...
2025-07-16 08:36:56,842 - INFO - Processing batch 826 to 827
2025-07-16 08:36:58,871 - INFO - ⏳ Waiting 3.76s for user emulation...
2025-07-16 08:37:04,559 - INFO - ⏳ Waiting 4.88s for user emulation...
2025-07-16 08:37:10,316 - INFO - Saved txt: download_bomayhanhchinh/new1_Quyet-dinh-1569-QD-UBND-2025-cong-bo-thu-tuc-hanh-chinh-dia-chat-khoang-san-So-Nong-nghiep-Nam-Dinh-659255.txt
2025-07-16 08:37:10,381 - INFO - ⏳ 3.19s between batches...
2025-07-16 08:37:13,567 - INFO - Processing batch 827 to 828
2025-07-16 08:37:15,639 - INFO - ⏳ Waiting 3.05s for user emulation...
2025-07-16 08:37:20,446 - INFO - ⏳ Waiting 3.12s for user emulation...
2025-07-16 08:37:24,509 - INFO - Saved txt: download_bomayhanhchinh/new1_Quyet-dinh-1158-QD-UBND-2025-thu-tuc-hanh-chinh-Dang-ky-bien-phap-bao-dam-So-Nong-nghiep-Bac-Lieu-659373.txt
2025-07-16 08:37:24,575 - INFO - ⏳ 3.76s between batches...
2025-07-16 08:37:28,335 - INFO - Processing batch 828 to 829
2025-07-16 08:37:30,415 - INFO - ⏳ Waiting 3.73s for user emulation...
2025-07-16 08:37:35,950 - INFO - ⏳ Waiting 5.36s for user emulation...
2025-07-16 08:37:42,172 - INFO - Saved txt: download_bomayhanhchinh/new1_Quyet-dinh-1138-QD-UBND-2025-cong-bo-thu-tuc-hanh-chinh-Giao-duc-dao-tao-Uy-ban-xa-Bac-Lieu-659334.txt
2025-07-16 08:37:42,237 - INFO - ⏳ 3.62s between batches...
2025-07-16 08:37:45,859 - INFO - Processing batch 829 to 830
2025-07-16 08:37:48,032 - INFO - ⏳ Waiting 2.83s for user emulation...
2025-07-16 08:37:52,521 - INFO - ⏳ Waiting 4.53s for user emulation...
2025-07-16 08:37:58,409 - INFO - Saved txt: download_bomayhanhchinh/new1_Quyet-dinh-1157-QD-UBND-2025-cong-bo-thu-tuc-hanh-chinh-Chinh-sach-thue-So-Nong-nghiep-Bac-Lieu-659333.txt
2025-07-16 08:37:58,474 - INFO - ⏳ 3.06s between batches...
2025-07-16 08:38:01,531 - INFO - Processing batch 830 to 831
2025-07-16 08:38:03,697 - INFO - ⏳ Waiting 2.97s for user emulation...
2025-07-16 08:38:08,307 - INFO - ⏳ Waiting 5.67s for user emulation...
2025-07-16 08:38:15,134 - INFO - Saved txt: download_bomayhanhchinh/new1_Quyet-dinh-1142-QD-UBND-2025-cong-bo-thu-tuc-hanh-chinh-Tai-chinh-dat-dai-Uy-ban-huyen-Bac-Lieu-659330.txt
2025-07-16 08:38:15,199 - INFO - ⏳ 3.72s between batches...
2025-07-16 08:38:18,920 - INFO - Processing batch 831 to 832
2025-07-16 08:38:20,981 - INFO - ⏳ Waiting 3.97s for user emulation...
2025-07-16 08:38:26,682 - INFO - ⏳ Waiting 3.41s for user emulation...
2025-07-16 08:38:30,705 - INFO - Saved txt: download_bomayhanhchinh/new1_Quyet-dinh-1123-QD-UBND-2025-cong-bo-thu-tuc-hanh-chinh-linh-vuc-Dau-thau-So-Tai-chinh-Bac-Lieu-659329.txt
2025-07-16 08:38:30,770 - INFO - ⏳ 3.44s between batches...
2025-07-16 08:38:34,214 - INFO - Processing batch 832 to 833
2025-07-16 08:38:36,149 - INFO - ⏳ Waiting 2.95s for user emulation...
2025-07-16 08:38:40,894 - INFO - ⏳ Waiting 3.62s for user emulation...
2025-07-16 08:38:45,200 - INFO - Saved txt: download_bomayhanhchinh/new1_Quyet-dinh-1010-QD-UBND-2025-cong-bo-thu-tuc-hanh-chinh-Bao-tro-xa-hoi-So-Y-te-Thai-Binh-659326.txt
2025-07-16 08:38:45,265 - INFO - ⏳ 3.70s between batches...
2025-07-16 08:38:48,965 - INFO - Processing batch 833 to 834
2025-07-16 08:38:50,908 - INFO - ⏳ Waiting 3.16s for user emulation...
2025-07-16 08:38:55,809 - INFO - ⏳ Waiting 4.18s for user emulation...
2025-07-16 08:39:01,246 - INFO - Saved txt: download_bomayhanhchinh/new1_Quyet-dinh-1546-QD-UBND-2025-quy-trinh-noi-bo-thu-tuc-hanh-chinh-So-Giao-duc-Nghe-An-659075.txt
2025-07-16 08:39:01,311 - INFO - ⏳ 3.23s between batches...
2025-07-16 08:39:04,540 - INFO - Processing batch 834 to 835
2025-07-16 08:39:06,384 - INFO - ⏳ Waiting 3.69s for user emulation...
2025-07-16 08:39:12,012 - INFO - ⏳ Waiting 4.66s for user emulation...
2025-07-16 08:39:17,450 - INFO - Saved txt: download_bomayhanhchinh/new1_Quyet-dinh-29-2025-QD-UBND-bai-bo-Quyet-dinh-trach-nhiem-quan-ly-cong-trinh-luoi-dien-Binh-Duong-659960.txt
2025-07-16 08:39:17,519 - INFO - ⏳ 3.36s between batches...
2025-07-16 08:39:20,878 - INFO - Processing batch 835 to 836
2025-07-16 08:39:22,880 - INFO - ⏳ Waiting 3.74s for user emulation...
2025-07-16 08:39:28,729 - INFO - ⏳ Waiting 5.06s for user emulation...
2025-07-16 08:39:34,747 - INFO - Saved txt: download_bomayhanhchinh/new1_Quyet-dinh-1814-QD-UBND-2025-thu-tuc-hanh-chinh-khong-phu-thuoc-vao-dia-gioi-hanh-chinh-Ben-Tre-660259.txt
2025-07-16 08:39:34,812 - INFO - ⏳ 4.15s between batches...
2025-07-16 08:39:38,965 - INFO - Processing batch 836 to 837
2025-07-16 08:39:41,130 - INFO - ⏳ Waiting 3.60s for user emulation...
2025-07-16 08:39:46,399 - INFO - ⏳ Waiting 3.50s for user emulation...
2025-07-16 08:39:51,314 - INFO - Saved txt: download_bomayhanhchinh/new1_Quyet-dinh-1819-QD-UBND-2025-cong-bo-thu-tuc-hanh-chinh-xuat-nhap-khau-So-Cong-Thuong-Ben-Tre-660255.txt
2025-07-16 08:39:51,379 - INFO - ⏳ 4.51s between batches...
2025-07-16 08:39:55,893 - INFO - Processing batch 837 to 838
2025-07-16 08:39:57,673 - INFO - ⏳ Waiting 3.33s for user emulation...
2025-07-16 08:40:02,690 - INFO - ⏳ Waiting 5.02s for user emulation...
2025-07-16 08:40:08,413 - INFO - Saved txt: download_bomayhanhchinh/new1_Quyet-dinh-44-2025-QD-UBND-bai-bo-Quyet-dinh-11-2015-QD-UBND-Ha-Nam-659654.txt
2025-07-16 08:40:08,478 - INFO - ⏳ 3.01s between batches...
2025-07-16 08:40:11,487 - INFO - Processing batch 838 to 839
2025-07-16 08:40:13,334 - INFO - ⏳ Waiting 3.87s for user emulation...
2025-07-16 08:40:18,838 - INFO - ⏳ Waiting 5.46s for user emulation...
2025-07-16 08:40:25,421 - INFO - Saved txt: download_bomayhanhchinh/new1_Quyet-dinh-45-2025-QD-UBND-bai-bo-Quyet-dinh-12-2023-QD-UBND-Ha-Nam-659652.txt
2025-07-16 08:40:25,485 - INFO - ⏳ 3.45s between batches...
2025-07-16 08:40:28,935 - INFO - Processing batch 839 to 840
2025-07-16 08:40:30,974 - INFO - ⏳ Waiting 3.92s for user emulation...
2025-07-16 08:40:36,537 - INFO - ⏳ Waiting 4.93s for user emulation...
2025-07-16 08:40:42,851 - INFO - Saved txt: download_bomayhanhchinh/new1_Quyet-dinh-826-QD-UBND-2025-cong-bo-thu-tuc-hanh-chinh-linh-vuc-khen-thuong-So-Noi-vu-Quang-Ngai-659198.txt
2025-07-16 08:40:42,916 - INFO - ⏳ 3.60s between batches...
2025-07-16 08:40:46,517 - INFO - Processing batch 840 to 841
2025-07-16 08:40:48,726 - INFO - ⏳ Waiting 3.66s for user emulation...
2025-07-16 08:40:54,180 - INFO - ⏳ Waiting 3.13s for user emulation...
2025-07-16 08:40:58,853 - INFO - Saved txt: download_bomayhanhchinh/new1_Quyet-dinh-1818-QD-UBND-2025-cong-bo-thu-tuc-hanh-chinh-linh-vuc-khoang-san-So-Tai-nguyen-Ben-Tre-660257.txt
2025-07-16 08:40:58,925 - INFO - ⏳ 3.51s between batches...
2025-07-16 08:41:02,434 - INFO - Processing batch 841 to 842
2025-07-16 08:41:04,400 - INFO - ⏳ Waiting 3.06s for user emulation...
2025-07-16 08:41:09,071 - INFO - ⏳ Waiting 4.46s for user emulation...
2025-07-16 08:41:14,589 - INFO - Saved txt: download_bomayhanhchinh/new1_Quyet-dinh-1850-QD-UBND-2025-Dieu-le-to-chuc-Quy-Bao-ve-Phat-trien-rung-Binh-Dinh-660076.txt
2025-07-16 08:41:14,654 - INFO - ⏳ 4.23s between batches...
2025-07-16 08:41:18,888 - INFO - Processing batch 842 to 843
2025-07-16 08:41:20,706 - INFO - ⏳ Waiting 3.87s for user emulation...
2025-07-16 08:41:26,255 - INFO - ⏳ Waiting 4.22s for user emulation...
2025-07-16 08:41:31,527 - INFO - Saved txt: download_bomayhanhchinh/new1_Quyet-dinh-1846-QD-UBND-2025-doi-moi-cong-tac-xay-dung-va-thi-hanh-phap-luat-Binh-Dinh-659706.txt
2025-07-16 08:41:31,592 - INFO - ⏳ 3.36s between batches...
2025-07-16 08:41:34,949 - INFO - Processing batch 843 to 844
2025-07-16 08:41:36,988 - INFO - ⏳ Waiting 3.57s for user emulation...
2025-07-16 08:41:42,405 - INFO - ⏳ Waiting 4.22s for user emulation...
2025-07-16 08:41:48,032 - INFO - Saved txt: download_bomayhanhchinh/new1_Quyet-dinh-1830-QD-UBND-2025-quy-trinh-thu-tuc-hanh-chinh-kinh-te-hop-tac-So-Nong-nghiep-Ben-Tre-660254.txt
2025-07-16 08:41:48,098 - INFO - ⏳ 3.25s between batches...
2025-07-16 08:41:51,347 - INFO - Processing batch 844 to 845
2025-07-16 08:41:53,479 - INFO - ⏳ Waiting 3.33s for user emulation...
2025-07-16 08:41:58,504 - INFO - ⏳ Waiting 5.46s for user emulation...
2025-07-16 08:42:04,962 - INFO - Saved txt: download_bomayhanhchinh/new1_Quyet-dinh-1831-QD-UBND-2025-thu-tuc-hanh-chinh-chat-luong-nong-lam-san-So-Nong-nghiep-Ben-Tre-660247.txt
2025-07-16 08:42:05,028 - INFO - ⏳ 4.69s between batches...
2025-07-16 08:42:09,718 - INFO - Processing batch 845 to 846
2025-07-16 08:42:11,827 - INFO - ⏳ Waiting 2.64s for user emulation...
2025-07-16 08:42:16,027 - INFO - ⏳ Waiting 4.05s for user emulation...
2025-07-16 08:42:21,270 - INFO - Saved txt: download_bomayhanhchinh/new1_Quyet-dinh-1832-QD-UBND-2025-quy-trinh-thu-tuc-hanh-chinh-linh-vuc-dat-dai-Uy-ban-xa-Ben-Tre-660249.txt
2025-07-16 08:42:21,335 - INFO - ⏳ 3.28s between batches...
2025-07-16 08:42:24,615 - INFO - Processing batch 846 to 847
2025-07-16 08:42:26,733 - INFO - ⏳ Waiting 3.41s for user emulation...
2025-07-16 08:42:31,822 - INFO - ⏳ Waiting 5.30s for user emulation...
2025-07-16 08:42:38,498 - INFO - Saved txt: download_bomayhanhchinh/new1_Quyet-dinh-1590-Q%c3%90-UBND-2025-cong-bo-thu-tuc-hanh-chinh-nong-nghiep-So-Nong-nghiep-Hue-661517.txt
2025-07-16 08:42:38,563 - INFO - ⏳ 4.02s between batches...
2025-07-16 08:42:42,579 - INFO - Processing batch 847 to 848
2025-07-16 08:42:44,587 - INFO - ⏳ Waiting 2.22s for user emulation...
2025-07-16 08:42:48,623 - INFO - ⏳ Waiting 5.54s for user emulation...
2025-07-16 08:42:54,899 - INFO - Saved txt: download_bomayhanhchinh/new1_Quyet-dinh-712-QD-UBND-2025-Quy-trinh-thu-tuc-hanh-chinh-Bao-tro-xa-hoi-So-Y-te-Ninh-Thuan-661453.txt
2025-07-16 08:42:54,965 - INFO - ⏳ 3.76s between batches...
2025-07-16 08:42:58,727 - INFO - Processing batch 848 to 849
2025-07-16 08:43:00,695 - INFO - ⏳ Waiting 3.03s for user emulation...
2025-07-16 08:43:05,333 - INFO - ⏳ Waiting 4.22s for user emulation...
2025-07-16 08:43:10,310 - INFO - Saved txt: download_bomayhanhchinh/new1_Quyet-dinh-1577-Q%c3%90-UBND-2025-cong-bo-thu-tuc-hanh-chinh-linh-vuc-Khoa-hoc-So-Nong-nghiep-Hue-661516.txt
2025-07-16 08:43:10,377 - INFO - ⏳ 3.60s between batches...
2025-07-16 08:43:13,981 - INFO - Processing batch 849 to 850
2025-07-16 08:43:15,964 - INFO - ⏳ Waiting 3.52s for user emulation...
2025-07-16 08:43:21,245 - INFO - ⏳ Waiting 4.54s for user emulation...
2025-07-16 08:43:27,190 - INFO - Saved txt: download_bomayhanhchinh/new1_Quyet-dinh-1191-QD-UBND-2025-cong-bo-thu-tuc-hanh-chinh-chinh-sach-nha-giao-cac-cap-chinh-quyen-Phu-Tho-660708.txt
2025-07-16 08:43:27,254 - INFO - ⏳ 3.12s between batches...
2025-07-16 08:43:30,376 - INFO - Processing batch 850 to 851
2025-07-16 08:43:32,204 - INFO - ⏳ Waiting 3.04s for user emulation...
2025-07-16 08:43:37,045 - INFO - ⏳ Waiting 3.30s for user emulation...
2025-07-16 08:43:41,178 - INFO - Saved txt: download_bomayhanhchinh/new1_Quyet-dinh-1043-QD-UBND-2025-cong-bo-cat-giam-thoi-gian-thu-tuc-hanh-chinh-Nha-o-Uy-ban-tinh-Ca-Mau-661172.txt
2025-07-16 08:43:41,243 - INFO - ⏳ 4.60s between batches...
2025-07-16 08:43:45,839 - INFO - Processing batch 851 to 852
2025-07-16 08:43:47,797 - INFO - ⏳ Waiting 3.22s for user emulation...
2025-07-16 08:43:52,958 - INFO - ⏳ Waiting 4.32s for user emulation...
2025-07-16 08:43:58,806 - INFO - Saved txt: download_bomayhanhchinh/new1_Quyet-dinh-1834-QD-UBND-2025-quy-trinh-thu-tuc-hanh-chinh-bien-va-hai-dao-So-Nong-nghiep-Ben-Tre-660252.txt
2025-07-16 08:43:58,871 - INFO - ⏳ 3.60s between batches...
2025-07-16 08:44:02,467 - INFO - Processing batch 852 to 853
2025-07-16 08:44:04,635 - INFO - ⏳ Waiting 3.54s for user emulation...
2025-07-16 08:44:11,323 - INFO - ⏳ Waiting 5.99s for user emulation...
2025-07-16 08:44:18,809 - INFO - Saved txt: download_bomayhanhchinh/new1_Quyet-dinh-1913-QD-BTC-2025-cong-bo-thu-tuc-hanh-chinh-linh-vuc-quan-ly-Thue-Hai-quan-660316.txt
2025-07-16 08:44:18,875 - INFO - ⏳ 3.67s between batches...
2025-07-16 08:44:22,549 - INFO - Processing batch 853 to 854
2025-07-16 08:44:24,673 - INFO - ⏳ Waiting 3.66s for user emulation...
2025-07-16 08:44:29,947 - INFO - ⏳ Waiting 5.73s for user emulation...
2025-07-16 08:44:36,733 - INFO - Saved txt: download_bomayhanhchinh/new1_Quyet-dinh-928-QD-UBND-2025-cong-bo-thu-tuc-hanh-chinh-khoa-hoc-cong-nghiep-So-Nong-nghiep-Bac-Ninh-660304.txt
2025-07-16 08:44:36,798 - INFO - ⏳ 3.60s between batches...
2025-07-16 08:44:40,397 - INFO - Processing batch 854 to 855
2025-07-16 08:44:42,440 - INFO - ⏳ Waiting 3.30s for user emulation...
2025-07-16 08:44:47,397 - INFO - ⏳ Waiting 4.37s for user emulation...
2025-07-16 08:44:52,403 - INFO - Saved txt: download_bomayhanhchinh/new1_Quyet-dinh-1406-QD-UBND-2025-cong-bo-thu-tuc-hanh-chinh-dau-gia-tai-san-nganh-Tu-phap-Tien-Giang-660449.txt
2025-07-16 08:44:52,469 - INFO - ⏳ 4.64s between batches...
2025-07-16 08:44:57,110 - INFO - Processing batch 855 to 856
2025-07-16 08:44:59,161 - INFO - ⏳ Waiting 3.91s for user emulation...
2025-07-16 08:45:04,938 - INFO - ⏳ Waiting 4.21s for user emulation...
2025-07-16 08:45:10,249 - INFO - Saved txt: download_bomayhanhchinh/new1_Quy-dinh-296-QD-TW-2025-cong-tac-kiem-tra-giam-sat-va-ky-luat-cua-Dang-659272.txt
2025-07-16 08:45:10,317 - INFO - ⏳ 4.24s between batches...
2025-07-16 08:45:14,556 - INFO - Processing batch 856 to 857
2025-07-16 08:45:16,717 - INFO - ⏳ Waiting 2.64s for user emulation...
2025-07-16 08:45:21,383 - INFO - ⏳ Waiting 5.67s for user emulation...
2025-07-16 08:45:28,454 - INFO - Saved txt: download_bomayhanhchinh/new1_Quyet-dinh-1567-QD-UBND-2025-thu-tuc-hanh-chinh-giao-duc-nghe-nghiep-So-Giao-duc-Nam-Dinh-659254.txt
2025-07-16 08:45:28,519 - INFO - ⏳ 4.80s between batches...
2025-07-16 08:45:33,320 - INFO - Processing batch 857 to 858
2025-07-16 08:45:35,522 - INFO - ⏳ Waiting 2.98s for user emulation...
2025-07-16 08:45:40,108 - INFO - ⏳ Waiting 4.06s for user emulation...
2025-07-16 08:45:44,834 - INFO - Saved txt: download_bomayhanhchinh/new1_Quyet-dinh-40-2025-QD-UBND-chuc-nang-nhiem-vu-quyen-han-So-Cong-Thuong-Bac-Ninh-661086.txt
2025-07-16 08:45:44,900 - INFO - ⏳ 4.81s between batches...
2025-07-16 08:45:49,715 - INFO - Processing batch 858 to 859
2025-07-16 08:45:51,767 - INFO - ⏳ Waiting 2.43s for user emulation...
2025-07-16 08:45:56,974 - INFO - ⏳ Waiting 4.01s for user emulation...
2025-07-16 08:46:01,749 - INFO - Saved txt: download_bomayhanhchinh/new1_Quyet-dinh-1760-QD-BNNMT-2025-Quy-trinh-noi-bo-thuc-hien-thu-tuc-hanh-chinh-khi-tuong-thuy-van-660594.txt
2025-07-16 08:46:01,814 - INFO - ⏳ 4.24s between batches...
2025-07-16 08:46:06,058 - INFO - Processing batch 859 to 860
2025-07-16 08:46:08,000 - INFO - ⏳ Waiting 2.59s for user emulation...
2025-07-16 08:46:12,315 - INFO - ⏳ Waiting 3.53s for user emulation...
2025-07-16 08:46:17,349 - INFO - Saved txt: download_bomayhanhchinh/new1_Quyet-dinh-1760-QD-BNNMT-2025-Quy-trinh-noi-bo-thuc-hien-thu-tuc-hanh-chinh-khi-tuong-thuy-van-660594.txt
2025-07-16 08:46:17,415 - INFO - ⏳ 4.04s between batches...
2025-07-16 08:46:21,455 - INFO - Processing batch 860 to 861
2025-07-16 08:46:23,530 - INFO - ⏳ Waiting 2.24s for user emulation...
2025-07-16 08:46:27,709 - INFO - ⏳ Waiting 4.27s for user emulation...
2025-07-16 08:46:33,172 - INFO - Saved txt: download_bomayhanhchinh/new1_Quyet-dinh-1402-QD-UBND-2025-thu-tuc-hanh-chinh-khong-phu-thuoc-dia-gioi-hanh-chinh-Tien-Giang-660448.txt
2025-07-16 08:46:33,238 - INFO - ⏳ 3.43s between batches...
2025-07-16 08:46:36,668 - INFO - Processing batch 861 to 862
2025-07-16 08:46:38,707 - INFO - ⏳ Waiting 2.01s for user emulation...
2025-07-16 08:46:42,515 - INFO - ⏳ Waiting 5.74s for user emulation...
2025-07-16 08:46:48,897 - INFO - Saved txt: download_bomayhanhchinh/new1_Quyet-dinh-738-QD-UBND-2025-cong-bo-thu-tuc-hanh-chinh-giao-duc-nghe-nghiep-So-Giao-duc-Cao-Bang-662941.txt
2025-07-16 08:46:48,962 - INFO - ⏳ 3.23s between batches...
2025-07-16 08:46:52,197 - INFO - Processing batch 862 to 863
2025-07-16 08:46:54,307 - INFO - ⏳ Waiting 2.77s for user emulation...
2025-07-16 08:46:58,564 - INFO - ⏳ Waiting 5.88s for user emulation...
2025-07-16 08:47:05,285 - INFO - Saved txt: download_bomayhanhchinh/new1_Quyet-dinh-53-2025-QD-UBND-chuc-nang-nhiem-vu-Cang-vu-Duong-thuy-noi-dia-An-Giang-662112.txt
2025-07-16 08:47:05,351 - INFO - ⏳ 3.00s between batches...
2025-07-16 08:47:08,354 - INFO - Processing batch 863 to 864
2025-07-16 08:47:10,185 - INFO - ⏳ Waiting 2.32s for user emulation...
2025-07-16 08:47:14,195 - INFO - ⏳ Waiting 3.13s for user emulation...
2025-07-16 08:47:18,174 - INFO - Saved txt: download_bomayhanhchinh/new1_Quyet-dinh-52-2025-QD-UBND-chuc-nang-nhiem-vu-Van-phong-Dang-ky-dat-dai-An-Giang-662111.txt
2025-07-16 08:47:18,239 - INFO - ⏳ 4.38s between batches...
2025-07-16 08:47:22,617 - INFO - Processing batch 864 to 865
2025-07-16 08:47:25,263 - INFO - ⏳ Waiting 2.30s for user emulation...
2025-07-16 08:47:29,194 - INFO - ⏳ Waiting 3.02s for user emulation...
2025-07-16 08:47:32,978 - INFO - Saved txt: download_bomayhanhchinh/new1_Quyet-dinh-49-2025-QD-UBND-chuc-nang-nhiem-vu-Trung-tam-Tu-van-Kiem-dinh-xay-dung-An-Giang-662108.txt
2025-07-16 08:47:33,043 - INFO - ⏳ 4.59s between batches...
2025-07-16 08:47:37,634 - INFO - Processing batch 865 to 866
2025-07-16 08:47:39,423 - INFO - ⏳ Waiting 2.32s for user emulation...
2025-07-16 08:47:43,356 - INFO - ⏳ Waiting 3.69s for user emulation...
2025-07-16 08:47:48,155 - INFO - Saved txt: download_bomayhanhchinh/new1_Quyet-dinh-48-2025-QD-UBND-chuc-nang-Trung-tam-Giao-duc-nghe-nghiep-Giao-thong-van-tai-An-Giang-662107.txt
2025-07-16 08:47:48,221 - INFO - ⏳ 4.20s between batches...
2025-07-16 08:47:52,420 - INFO - Processing batch 866 to 867
2025-07-16 08:47:54,213 - INFO - ⏳ Waiting 2.35s for user emulation...
2025-07-16 08:47:58,287 - INFO - ⏳ Waiting 3.70s for user emulation...
2025-07-16 08:48:03,080 - INFO - Saved txt: download_bomayhanhchinh/new1_Quyet-dinh-50-2025-QD-UBND-chuc-nang-nhiem-vu-Trung-tam-Dang-kiem-phuong-tien-thuy-bo-An-Giang-662109.txt
2025-07-16 08:48:03,145 - INFO - ⏳ 4.59s between batches...
2025-07-16 08:48:07,740 - INFO - Processing batch 867 to 868
2025-07-16 08:48:09,776 - INFO - ⏳ Waiting 3.34s for user emulation...
2025-07-16 08:48:14,724 - INFO - ⏳ Waiting 5.29s for user emulation...
2025-07-16 08:48:20,768 - INFO - Saved txt: download_bomayhanhchinh/new1_Quyet-dinh-51-2025-QD-UBND-chuc-nang-nhiem-vu-Ban-Quan-ly-bao-tri-duong-bo-An-Giang-662110.txt
2025-07-16 08:48:20,834 - INFO - ⏳ 3.33s between batches...
2025-07-16 08:48:24,167 - INFO - Processing batch 868 to 869
2025-07-16 08:48:26,261 - INFO - ⏳ Waiting 2.69s for user emulation...
2025-07-16 08:48:31,760 - INFO - ⏳ Waiting 3.94s for user emulation...
2025-07-16 08:48:37,095 - INFO - Saved txt: download_bomayhanhchinh/new1_Quyet-dinh-737-QD-UBND-2025-cong-bo-thu-tuc-hanh-chinh-linh-vuc-Thuy-san-So-Nong-nghiep-Cao-Bang-662938.txt
2025-07-16 08:48:37,160 - INFO - ⏳ 3.41s between batches...
2025-07-16 08:48:40,569 - INFO - Processing batch 869 to 870
2025-07-16 08:48:42,545 - INFO - ⏳ Waiting 3.75s for user emulation...
2025-07-16 08:48:48,005 - INFO - ⏳ Waiting 4.01s for user emulation...
2025-07-16 08:48:52,688 - INFO - Saved txt: download_bomayhanhchinh/new1_Quyet-dinh-1089-QD-UBND-2025-quy-trinh-thu-tuc-hanh-chinh-linh-vuc-tre-em-So-Y-te-Dien-Bien-661390.txt
2025-07-16 08:48:52,753 - INFO - ⏳ 4.32s between batches...
2025-07-16 08:48:57,077 - INFO - Processing batch 870 to 871
2025-07-16 08:48:59,098 - INFO - ⏳ Waiting 2.23s for user emulation...
2025-07-16 08:49:03,042 - INFO - ⏳ Waiting 4.50s for user emulation...
2025-07-16 08:49:08,338 - INFO - Saved txt: download_bomayhanhchinh/new1_Quyet-dinh-1438-QD-UBND-2025-Quy-trinh-thu-tuc-hanh-chinh-khen-thuong-Uy-ban-xa-Khanh-Hoa-660116.txt
2025-07-16 08:49:08,405 - INFO - ⏳ 3.82s between batches...
2025-07-16 08:49:12,224 - INFO - Processing batch 871 to 872
2025-07-16 08:49:14,167 - INFO - ⏳ Waiting 2.04s for user emulation...
2025-07-16 08:49:17,967 - INFO - ⏳ Waiting 4.67s for user emulation...
2025-07-16 08:49:24,182 - INFO - Saved txt: download_bomayhanhchinh/new1_Quyet-dinh-1439-QD-UBND-2025-cong-bo-thu-tuc-hanh-chinh-linh-vuc-tai-chinh-Uy-ban-Khanh-Hoa-660141.txt
2025-07-16 08:49:24,249 - INFO - ⏳ 4.64s between batches...
2025-07-16 08:49:28,885 - INFO - Processing batch 872 to 873
2025-07-16 08:49:30,521 - INFO - ⏳ Waiting 3.30s for user emulation...
2025-07-16 08:49:35,571 - INFO - ⏳ Waiting 3.61s for user emulation...
2025-07-16 08:49:40,474 - INFO - Saved txt: download_bomayhanhchinh/new1_Quyet-dinh-1646-QD-UBND-2025-cong-bo-thu-tuc-hanh-chinh-khoa-hoc-cong-nghe-So-Nong-nghiep-Hai-Phong-658973.txt
2025-07-16 08:49:40,540 - INFO - ⏳ 4.81s between batches...
2025-07-16 08:49:45,351 - INFO - Processing batch 873 to 874
2025-07-16 08:49:47,088 - INFO - ⏳ Waiting 3.91s for user emulation...
2025-07-16 08:49:53,059 - INFO - ⏳ Waiting 4.03s for user emulation...
2025-07-16 08:49:58,149 - INFO - Saved txt: download_bomayhanhchinh/new1_Quyet-dinh-1530-QD-UBND-2025-cong-bo-thu-tuc-hanh-chinh-quan-ly-cong-san-So-Tai-chinh-Nam-Dinh-658812.txt
2025-07-16 08:49:58,214 - INFO - ⏳ 3.03s between batches...
2025-07-16 08:50:01,241 - INFO - Processing batch 874 to 875
2025-07-16 08:50:03,167 - INFO - ⏳ Waiting 2.10s for user emulation...
2025-07-16 08:50:06,943 - INFO - ⏳ Waiting 5.02s for user emulation...
2025-07-16 08:50:12,930 - INFO - Saved txt: download_bomayhanhchinh/new1_Quyet-dinh-810-QD-UBND-2025-cong-bo-thu-tuc-hanh-chinh-giao-duc-nghe-nghiep-So-Giao-duc-Quang-Ngai-659230.txt
2025-07-16 08:50:12,995 - INFO - ⏳ 4.44s between batches...
2025-07-16 08:50:17,438 - INFO - Processing batch 875 to 876
2025-07-16 08:50:19,471 - INFO - ⏳ Waiting 2.71s for user emulation...
2025-07-16 08:50:23,803 - INFO - ⏳ Waiting 3.77s for user emulation...
2025-07-16 08:50:28,338 - INFO - Saved txt: download_bomayhanhchinh/new1_Quyet-dinh-902-QD-UBND-2025-nhiem-vu-quyen-han-Chi-cuc-Quan-ly-thi-truong-Lai-Chau-659098.txt
2025-07-16 08:50:28,403 - INFO - ⏳ 4.76s between batches...
2025-07-16 08:50:33,160 - INFO - Processing batch 876 to 877
2025-07-16 08:50:34,909 - INFO - ⏳ Waiting 3.28s for user emulation...
2025-07-16 08:50:39,881 - INFO - ⏳ Waiting 5.36s for user emulation...
2025-07-16 08:50:46,605 - INFO - Saved txt: download_bomayhanhchinh/new1_Quyet-dinh-1543-QD-UBND-2025-cong-bo-thu-tuc-hanh-chinh-khoang-san-So-Nong-nghiep-Nghe-An-659095.txt
2025-07-16 08:50:46,671 - INFO - ⏳ 3.92s between batches...
2025-07-16 08:50:50,591 - INFO - Processing batch 877 to 878
2025-07-16 08:50:52,547 - INFO - ⏳ Waiting 2.65s for user emulation...
2025-07-16 08:50:56,810 - INFO - ⏳ Waiting 4.24s for user emulation...
2025-07-16 08:51:01,694 - INFO - Saved txt: download_bomayhanhchinh/new1_Quyet-dinh-1421-QD-UBND-2025-cong-bo-thu-tuc-hanh-chinh-giao-duc-dao-tao-So-Giao-duc-Khanh-Hoa-659529.txt
2025-07-16 08:51:01,759 - INFO - ⏳ 3.90s between batches...
2025-07-16 08:51:05,663 - INFO - Processing batch 878 to 879
2025-07-16 08:51:07,402 - INFO - ⏳ Waiting 2.23s for user emulation...
2025-07-16 08:51:11,306 - INFO - ⏳ Waiting 4.74s for user emulation...
2025-07-16 08:51:17,309 - INFO - Saved txt: download_bomayhanhchinh/new1_Quyet-dinh-1420-QD-UBND-2025-cong-bo-thu-tuc-hanh-chinh-giao-duc-nghe-nghiep-So-Giao-duc-Khanh-Hoa-659528.txt
2025-07-16 08:51:17,374 - INFO - ⏳ 4.94s between batches...
2025-07-16 08:51:22,317 - INFO - Processing batch 879 to 880
2025-07-16 08:51:24,299 - INFO - ⏳ Waiting 3.40s for user emulation...
2025-07-16 08:51:29,642 - INFO - ⏳ Waiting 5.98s for user emulation...
2025-07-16 08:51:36,780 - INFO - Saved txt: download_bomayhanhchinh/new1_Quyet-dinh-5898-QD-UBND-2025-cong-bo-thu-tuc-hanh-chinh-cong-tac-dan-toc-Uy-ban-huyen-Long-An-658934.txt
2025-07-16 08:51:36,846 - INFO - ⏳ 4.38s between batches...
2025-07-16 08:51:41,226 - INFO - Processing batch 880 to 881
2025-07-16 08:51:43,019 - INFO - ⏳ Waiting 2.66s for user emulation...
2025-07-16 08:51:47,285 - INFO - ⏳ Waiting 4.98s for user emulation...
2025-07-16 08:51:53,382 - INFO - Saved txt: download_bomayhanhchinh/new1_Quyet-dinh-1029-QD-UBND-2025-phe-duyet-Phuong-an-don-gian-hoa-thu-tuc-hanh-chinh-Ca-Mau-660763.txt
2025-07-16 08:51:53,448 - INFO - ⏳ 3.86s between batches...
2025-07-16 08:51:57,313 - INFO - Processing batch 881 to 882
2025-07-16 08:51:59,143 - INFO - ⏳ Waiting 2.96s for user emulation...
2025-07-16 08:52:03,848 - INFO - ⏳ Waiting 5.84s for user emulation...
2025-07-16 08:52:10,551 - INFO - Saved txt: download_bomayhanhchinh/new1_Quyet-dinh-1176-QD-UBND-2025-cong-bo-thu-tuc-hanh-chinh-Dau-tu-Ban-Quan-ly-Khu-cong-nghiep-Phu-Tho-660303.txt
2025-07-16 08:52:10,617 - INFO - ⏳ 4.07s between batches...
2025-07-16 08:52:14,686 - INFO - Processing batch 882 to 883
2025-07-16 08:52:16,434 - INFO - ⏳ Waiting 2.87s for user emulation...
2025-07-16 08:52:21,061 - INFO - ⏳ Waiting 3.62s for user emulation...
2025-07-16 08:52:25,920 - INFO - Saved txt: download_bomayhanhchinh/new1_Quyet-dinh-1143-QD-UBND-2025-cong-bo-thu-tuc-hanh-chinh-linh-vuc-Tai-chinh-cap-tinh-Lam-Dong-661614.txt
2025-07-16 08:52:25,986 - INFO - ⏳ 4.02s between batches...
2025-07-16 08:52:30,003 - INFO - Processing batch 883 to 884
2025-07-16 08:52:32,150 - INFO - ⏳ Waiting 3.45s for user emulation...
2025-07-16 08:52:37,223 - INFO - ⏳ Waiting 5.33s for user emulation...
2025-07-16 08:52:44,067 - INFO - Saved txt: download_bomayhanhchinh/new1_Nghi-quyet-15-2025-NQ-HDND-chinh-sach-ho-tro-dao-tao-boi-duong-can-bo-Ben-Tre-2025-2030-662197.txt
2025-07-16 08:52:44,133 - INFO - ⏳ 4.07s between batches...
2025-07-16 08:52:48,206 - INFO - Processing batch 884 to 885
2025-07-16 08:52:50,311 - INFO - ⏳ Waiting 2.96s for user emulation...
2025-07-16 08:52:55,235 - INFO - ⏳ Waiting 3.04s for user emulation...
2025-07-16 08:52:59,590 - INFO - Saved txt: download_bomayhanhchinh/new1_Quyet-dinh-1178-QD-UBND-2025-cong-bo-thu-tuc-hanh-chinh-sua-doi-So-Y-te-Lang-Son-662055.txt
2025-07-16 08:52:59,655 - INFO - ⏳ 3.05s between batches...
2025-07-16 08:53:02,710 - INFO - Processing batch 885 to 886
2025-07-16 08:53:04,748 - INFO - ⏳ Waiting 2.32s for user emulation...
2025-07-16 08:53:08,715 - INFO - ⏳ Waiting 4.05s for user emulation...
2025-07-16 08:53:14,246 - INFO - Saved txt: download_bomayhanhchinh/new1_Quyet-dinh-1144-QD-UBND-2025-cong-bo-thu-tuc-hanh-chinh-giao-duc-dao-tao-cap-tinh-Lam-Dong-661615.txt
2025-07-16 08:53:14,311 - INFO - ⏳ 4.52s between batches...
2025-07-16 08:53:18,831 - INFO - Processing batch 886 to 887
2025-07-16 08:53:20,919 - INFO - ⏳ Waiting 3.63s for user emulation...
2025-07-16 08:53:26,332 - INFO - ⏳ Waiting 5.32s for user emulation...
2025-07-16 08:53:32,987 - INFO - Saved txt: download_bomayhanhchinh/new1_Quyet-dinh-1749-QD-UBND-2025-quy-trinh-thu-tuc-hanh-chinh-sua-doi-nganh-Noi-Vu-Dong-Nai-661688.txt
2025-07-16 08:53:33,053 - INFO - ⏳ 3.10s between batches...
2025-07-16 08:53:36,148 - INFO - Processing batch 887 to 888
2025-07-16 08:53:38,149 - INFO - ⏳ Waiting 3.54s for user emulation...
2025-07-16 08:53:43,245 - INFO - ⏳ Waiting 5.89s for user emulation...
2025-07-16 08:53:58,557 - ERROR - ❌ Main content not found at https://thuvienphapluat.vn/van-ban/Bo-may-hanh-chinh/Quyet-dinh-1748-QD-UBND-2025-cong-bo-thu-tuc-hanh-chinh-Y-te-du-phong-So-Y-te-Dong-Nai-661679.aspx - saved image error download_bomayhanhchinh/error_file_1489.8625995720056_new1.png
2025-07-16 08:53:58,624 - INFO - ⏳ 3.32s between batches...
2025-07-16 08:54:01,949 - INFO - Processing batch 888 to 889
2025-07-16 08:54:03,947 - INFO - ⏳ Waiting 3.55s for user emulation...
2025-07-16 08:54:08,982 - INFO - ⏳ Waiting 3.27s for user emulation...
2025-07-16 08:54:21,573 - ERROR - ❌ Main content not found at https://thuvienphapluat.vn/van-ban/Bo-may-hanh-chinh/Nghi-quyet-11-2025-NQ-HDND-bai-bo-Nghi-quyet-04-2018-NQ-HDND-Ben-Tre-662202.aspx - saved image error download_bomayhanhchinh/error_file_1344.519079571562_new1.png
2025-07-16 08:54:21,638 - INFO - ⏳ 3.38s between batches...
2025-07-16 08:54:25,016 - INFO - Processing batch 889 to 890
2025-07-16 08:54:26,918 - INFO - ⏳ Waiting 2.36s for user emulation...
2025-07-16 08:54:31,027 - INFO - ⏳ Waiting 4.19s for user emulation...
2025-07-16 08:54:44,121 - ERROR - ❌ Main content not found at https://thuvienphapluat.vn/van-ban/Bo-may-hanh-chinh/Quyet-dinh-227-QD-VP-2025-quy-trinh-thu-tuc-hanh-chinh-linh-vuc-y-te-du-phong-So-Y-te-Tuyen-Quang-660866.aspx - saved image error download_bomayhanhchinh/error_file_1647.5824064321346_new1.png
2025-07-16 08:54:44,187 - INFO - ⏳ 4.43s between batches...
2025-07-16 08:54:48,619 - INFO - Processing batch 890 to 891
2025-07-16 08:54:50,692 - INFO - ⏳ Waiting 2.97s for user emulation...
2025-07-16 08:54:55,508 - INFO - ⏳ Waiting 5.38s for user emulation...
2025-07-16 08:55:10,222 - ERROR - ❌ Main content not found at https://thuvienphapluat.vn/van-ban/Bat-dong-san/Nghi-quyet-14-2025-NQ-HDND-bai-bo-Nghi-quyet-27-2023-NQ-HDND-Ben-Tre-662198.aspx - saved image error download_bomayhanhchinh/error_file_1638.4869360840646_new1.png
2025-07-16 08:55:10,291 - INFO - ⏳ 3.02s between batches...
2025-07-16 08:55:13,310 - INFO - Processing batch 891 to 892
2025-07-16 08:55:15,421 - INFO - ⏳ Waiting 3.44s for user emulation...
2025-07-16 08:55:20,427 - INFO - ⏳ Waiting 3.48s for user emulation...
2025-07-16 08:55:33,404 - ERROR - ❌ Main content not found at https://thuvienphapluat.vn/van-ban/Bo-may-hanh-chinh/Nghi-quyet-17-2025-NQ-HDND-bai-bo-cac-Nghi-quyet-quy-dinh-muc-thu-hoc-phi-Ben-Tre-662194.aspx - saved image error download_bomayhanhchinh/error_file_1412.1521422367719_new1.png
2025-07-16 08:55:33,469 - INFO - ⏳ 4.16s between batches...
2025-07-16 08:55:37,632 - INFO - Processing batch 892 to 893
2025-07-16 08:55:39,620 - INFO - ⏳ Waiting 3.37s for user emulation...
2025-07-16 08:55:44,567 - INFO - ⏳ Waiting 5.99s for user emulation...
2025-07-16 08:55:59,507 - ERROR - ❌ Main content not found at https://thuvienphapluat.vn/van-ban/Bo-may-hanh-chinh/Nghi-quyet-18-2025-NQ-HDND-bai-bo-Nghi-quyet-27-2021-NQ-HDND-Ben-Tre-662193.aspx - saved image error download_bomayhanhchinh/error_file_1293.68368018575_new1.png
2025-07-16 08:55:59,574 - INFO - ⏳ 3.63s between batches...
2025-07-16 08:56:03,202 - INFO - Processing batch 893 to 894
2025-07-16 08:56:04,931 - INFO - ⏳ Waiting 2.97s for user emulation...
2025-07-16 08:56:09,423 - INFO - ⏳ Waiting 4.99s for user emulation...
2025-07-16 08:56:23,570 - ERROR - ❌ Main content not found at https://thuvienphapluat.vn/van-ban/Bo-may-hanh-chinh/Quyet-dinh-703-QD-UBND-2025-cong-bo-thu-tuc-hanh-chinh-quan-ly-de-dieu-So-Nong-nghiep-Ninh-Thuan-658844.aspx - saved image error download_bomayhanhchinh/error_file_1375.9885771896847_new1.png
2025-07-16 08:56:23,635 - INFO - ⏳ 3.59s between batches...
2025-07-16 08:56:27,222 - INFO - Processing batch 894 to 895
2025-07-16 08:56:28,921 - INFO - ⏳ Waiting 3.24s for user emulation...
2025-07-16 08:56:33,736 - INFO - ⏳ Waiting 3.21s for user emulation...
2025-07-16 08:56:46,039 - ERROR - ❌ Main content not found at https://thuvienphapluat.vn/van-ban/Bo-may-hanh-chinh/Quyet-dinh-1473-QD-BCT-2025-cong-bo-thu-tuc-hanh-chinh-moi-linh-vuc-khoang-san-658966.aspx - saved image error download_bomayhanhchinh/error_file_1121.9693112411464_new1.png
2025-07-16 08:56:46,104 - INFO - ⏳ 4.20s between batches...
2025-07-16 08:56:50,306 - INFO - Processing batch 895 to 896
2025-07-16 08:56:52,157 - INFO - ⏳ Waiting 2.99s for user emulation...
2025-07-16 08:56:56,736 - INFO - ⏳ Waiting 5.95s for user emulation...
2025-07-16 08:57:12,150 - ERROR - ❌ Main content not found at https://thuvienphapluat.vn/van-ban/Bo-may-hanh-chinh/Quyet-dinh-706-QD-BXD-2025-Quy-che-soan-thao-to-chuc-thi-hanh-van-ban-quy-pham-phap-luat-658819.aspx - saved image error download_bomayhanhchinh/error_file_1001.4443149261294_new1.png
2025-07-16 08:57:12,214 - INFO - ⏳ 3.47s between batches...
2025-07-16 08:57:15,680 - INFO - Processing batch 896 to 897
2025-07-16 08:57:17,855 - INFO - ⏳ Waiting 3.73s for user emulation...
2025-07-16 08:57:23,086 - INFO - ⏳ Waiting 3.08s for user emulation...
2025-07-16 08:57:35,281 - ERROR - ❌ Main content not found at https://thuvienphapluat.vn/van-ban/Bo-may-hanh-chinh/Quyet-dinh-1268-QD-UBND-2025-cong-bo-thu-tuc-hanh-chinh-khoa-hoc-cong-nghe-So-Nong-nghiep-Tra-Vinh-658659.aspx - saved image error download_bomayhanhchinh/error_file_1802.9095720634928_new1.png
2025-07-16 08:57:35,346 - INFO - ⏳ 4.71s between batches...
2025-07-16 08:57:40,061 - INFO - Processing batch 897 to 898
2025-07-16 08:57:42,366 - INFO - ⏳ Waiting 3.65s for user emulation...
2025-07-16 08:57:47,516 - INFO - ⏳ Waiting 5.76s for user emulation...
2025-07-16 08:58:02,450 - ERROR - ❌ Main content not found at https://thuvienphapluat.vn/van-ban/Bo-may-hanh-chinh/Quyet-dinh-14-2025-QD-UBND-bai-bo-Quyet-dinh-11-2021-QD-UBND-Dak-Nong-658684.aspx - saved image error download_bomayhanhchinh/error_file_1348.4372862442012_new1.png
2025-07-16 08:58:02,516 - INFO - ⏳ 4.86s between batches...
2025-07-16 08:58:07,372 - INFO - Processing batch 898 to 899
2025-07-16 08:58:10,221 - INFO - ⏳ Waiting 3.03s for user emulation...
2025-07-16 08:58:14,748 - INFO - ⏳ Waiting 3.21s for user emulation...
2025-07-16 08:58:27,097 - ERROR - ❌ Main content not found at https://thuvienphapluat.vn/van-ban/Bo-may-hanh-chinh/Quyet-dinh-1630-QD-UBND-2025-cong-bo-thu-tuc-hanh-chinh-linh-vuc-Giam-ngheo-Uy-ban-xa-Thanh-Hoa-658705.aspx - saved image error download_bomayhanhchinh/error_file_1512.459802664748_new1.png
2025-07-16 08:58:27,161 - INFO - ⏳ 3.45s between batches...
2025-07-16 08:58:30,610 - INFO - Processing batch 899 to 900
2025-07-16 08:58:32,686 - INFO - ⏳ Waiting 2.66s for user emulation...
2025-07-16 08:58:36,837 - INFO - ⏳ Waiting 3.07s for user emulation...
2025-07-16 08:58:49,513 - ERROR - ❌ Main content not found at https://thuvienphapluat.vn/van-ban/Dau-tu/Quyet-dinh-30-2025-QD-UBND-bai-bo-cac-Quyet-dinh-cua-Uy-ban-nhan-dan-tinh-Ha-Tinh-658710.aspx - saved image error download_bomayhanhchinh/error_file_1423.586464211135_new1.png
2025-07-16 08:58:49,579 - INFO - ⏳ 4.42s between batches...
2025-07-16 08:58:53,998 - INFO - Processing batch 900 to 901
2025-07-16 08:58:56,196 - INFO - ⏳ Waiting 3.37s for user emulation...
2025-07-16 08:59:01,091 - INFO - ⏳ Waiting 3.16s for user emulation...
2025-07-16 08:59:14,080 - ERROR - ❌ Main content not found at https://thuvienphapluat.vn/van-ban/Bo-may-hanh-chinh/Quyet-dinh-731-QD-UBND-2025-cong-bo-thu-tuc-hanh-chinh-khi-tuong-thuy-van-So-Nong-nghiep-Dak-Nong-658888.aspx - saved image error download_bomayhanhchinh/error_file_1168.4195730288616_new1.png
2025-07-16 08:59:14,145 - INFO - ⏳ 4.94s between batches...
2025-07-16 08:59:19,081 - INFO - Processing batch 901 to 902
2025-07-16 08:59:20,953 - INFO - ⏳ Waiting 2.33s for user emulation...
2025-07-16 08:59:24,763 - INFO - ⏳ Waiting 3.07s for user emulation...
2025-07-16 08:59:36,860 - ERROR - ❌ Main content not found at https://thuvienphapluat.vn/van-ban/Bo-may-hanh-chinh/Quyet-dinh-734-QD-UBND-2025-cong-bo-thu-tuc-hanh-chinh-trong-trot-So-Nong-nghiep-Dak-Nong-658938.aspx - saved image error download_bomayhanhchinh/error_file_1512.3120213633786_new1.png
2025-07-16 08:59:36,925 - INFO - ⏳ 4.35s between batches...
2025-07-16 08:59:41,272 - INFO - Processing batch 902 to 903
2025-07-16 08:59:43,061 - INFO - ⏳ Waiting 3.61s for user emulation...
2025-07-16 08:59:48,143 - INFO - ⏳ Waiting 4.63s for user emulation...
2025-07-16 09:00:02,344 - ERROR - ❌ Main content not found at https://thuvienphapluat.vn/van-ban/Bo-may-hanh-chinh/Quyet-dinh-725-QD-UBND-2025-cong-bo-thu-tuc-hanh-chinh-linh-vuc-lam-nghiep-So-Nong-nghiep-Dak-Nong-659419.aspx - saved image error download_bomayhanhchinh/error_file_1247.2709003052241_new1.png
2025-07-16 09:00:02,410 - INFO - ⏳ 3.23s between batches...
2025-07-16 09:00:05,642 - INFO - Processing batch 903 to 904
2025-07-16 09:00:07,639 - INFO - ⏳ Waiting 2.64s for user emulation...
2025-07-16 09:00:11,865 - INFO - ⏳ Waiting 4.31s for user emulation...
2025-07-16 09:00:25,125 - ERROR - ❌ Main content not found at https://thuvienphapluat.vn/van-ban/Bo-may-hanh-chinh/Quyet-dinh-1721-QD-UBND-2025-quy-trinh-thu-tuc-hanh-chinh-moi-truong-So-Nong-nghiep-Ben-Tre-660523.aspx - saved image error download_bomayhanhchinh/error_file_1666.57191080974_new1.png
2025-07-16 09:00:25,190 - INFO - ⏳ 3.54s between batches...
2025-07-16 09:00:28,726 - INFO - Processing batch 904 to 905
2025-07-16 09:00:30,715 - INFO - ⏳ Waiting 2.13s for user emulation...
2025-07-16 09:00:34,485 - INFO - ⏳ Waiting 3.78s for user emulation...
2025-07-16 09:00:48,074 - ERROR - ❌ Main content not found at https://thuvienphapluat.vn/van-ban/Bo-may-hanh-chinh/Quyet-dinh-1720-QD-UBND-2025-quy-trinh-thu-tuc-hanh-chinh-moi-truong-Uy-ban-huyen-Ben-Tre-660521.aspx - saved image error download_bomayhanhchinh/error_file_1898.0105900458188_new1.png
2025-07-16 09:00:48,139 - INFO - ⏳ 3.21s between batches...
2025-07-16 09:00:51,347 - INFO - Processing batch 905 to 906
2025-07-16 09:00:53,071 - INFO - ⏳ Waiting 2.75s for user emulation...
2025-07-16 09:00:57,442 - INFO - ⏳ Waiting 5.86s for user emulation...
2025-07-16 09:01:12,839 - ERROR - ❌ Main content not found at https://thuvienphapluat.vn/van-ban/Bo-may-hanh-chinh/Quyet-dinh-1409-QD-UBND-2025-Quy-trinh-thu-tuc-hanh-chinh-Bao-tro-xa-hoi-So-Y-te-Khanh-Hoa-659748.aspx - saved image error download_bomayhanhchinh/error_file_1256.8064997260012_new1.png
2025-07-16 09:01:12,904 - INFO - ⏳ 4.84s between batches...
2025-07-16 09:01:17,742 - INFO - Processing batch 906 to 907
2025-07-16 09:01:19,807 - INFO - ⏳ Waiting 2.48s for user emulation...
2025-07-16 09:01:23,880 - INFO - ⏳ Waiting 3.22s for user emulation...
2025-07-16 09:01:36,739 - ERROR - ❌ Main content not found at https://thuvienphapluat.vn/van-ban/Bo-may-hanh-chinh/Quyet-dinh-724-QD-UBND-2025-cong-bo-thu-tuc-hanh-chinh-chan-nuoi-So-Nong-nghiep-Dak-Nong-659538.aspx - saved image error download_bomayhanhchinh/error_file_1245.0520195724125_new1.png
2025-07-16 09:01:36,804 - INFO - ⏳ 4.67s between batches...
2025-07-16 09:01:41,478 - INFO - Processing batch 907 to 908
2025-07-16 09:01:43,276 - INFO - ⏳ Waiting 2.63s for user emulation...
2025-07-16 09:01:47,394 - INFO - ⏳ Waiting 4.07s for user emulation...
2025-07-16 09:02:00,788 - ERROR - ❌ Main content not found at https://thuvienphapluat.vn/van-ban/Bo-may-hanh-chinh/Quyet-dinh-5825-QD-UBND-2025-cong-bo-thu-tuc-hanh-chinh-giao-duc-dao-tao-So-Giao-duc-Long-An-659303.aspx - saved image error download_bomayhanhchinh/error_file_1226.7914995447009_new1.png
2025-07-16 09:02:00,852 - INFO - ⏳ 3.90s between batches...
2025-07-16 09:02:04,755 - INFO - Processing batch 908 to 909
2025-07-16 09:02:06,693 - INFO - ⏳ Waiting 2.41s for user emulation...
2025-07-16 09:02:10,690 - INFO - ⏳ Waiting 5.25s for user emulation...
2025-07-16 09:02:25,055 - ERROR - ❌ Main content not found at https://thuvienphapluat.vn/van-ban/Bo-may-hanh-chinh/Quyet-dinh-773-QD-UBND-2025-cong-bo-thu-tuc-hanh-chinh-sua-doi-nganh-Y-te-Ha-Giang-659267.aspx - saved image error download_bomayhanhchinh/error_file_1645.2335700910862_new1.png
2025-07-16 09:02:25,120 - INFO - ⏳ 3.33s between batches...
2025-07-16 09:02:28,452 - INFO - Processing batch 909 to 910
2025-07-16 09:02:30,423 - INFO - ⏳ Waiting 3.53s for user emulation...
2025-07-16 09:02:35,516 - INFO - ⏳ Waiting 4.31s for user emulation...
2025-07-16 09:02:49,387 - ERROR - ❌ Main content not found at https://thuvienphapluat.vn/van-ban/Dau-tu/Quyet-dinh-783-QD-UBND-2025-cong-bo-thu-tuc-hanh-chinh-linh-vuc-dau-thau-So-Tai-chinh-Bac-Giang-659312.aspx - saved image error download_bomayhanhchinh/error_file_1073.7951736817424_new1.png
2025-07-16 09:02:49,455 - INFO - ⏳ 3.80s between batches...
2025-07-16 09:02:53,259 - INFO - Processing batch 910 to 911
2025-07-16 09:02:55,246 - INFO - ⏳ Waiting 3.75s for user emulation...
2025-07-16 09:03:00,481 - INFO - ⏳ Waiting 5.81s for user emulation...
2025-07-16 09:03:15,301 - ERROR - ❌ Main content not found at https://thuvienphapluat.vn/van-ban/Bao-hiem/Quyet-dinh-704-QD-UBND-2025-cong-bo-thu-tuc-hanh-chinh-linh-vuc-lao-dong-So-Noi-vu-Ninh-Thuan-661451.aspx - saved image error download_bomayhanhchinh/error_file_1609.9882677073967_new1.png
2025-07-16 09:03:15,371 - INFO - ⏳ 4.13s between batches...
2025-07-16 09:03:19,506 - INFO - Processing batch 911 to 912
2025-07-16 09:03:21,587 - INFO - ⏳ Waiting 2.28s for user emulation...
2025-07-16 09:03:25,425 - INFO - ⏳ Waiting 4.55s for user emulation...
2025-07-16 09:03:39,817 - ERROR - ❌ Main content not found at https://thuvienphapluat.vn/van-ban/Bo-may-hanh-chinh/Nghi-quyet-16-NQ-HDND-2025-to-chuc-lai-Co-quan-thanh-tra-Binh-Phuoc-661430.aspx - saved image error download_bomayhanhchinh/error_file_1466.049322341908_new1.png
2025-07-16 09:03:39,882 - INFO - ⏳ 4.47s between batches...
2025-07-16 09:03:44,352 - INFO - Processing batch 912 to 913
2025-07-16 09:03:46,419 - INFO - ⏳ Waiting 2.63s for user emulation...
2025-07-16 09:03:50,589 - INFO - ⏳ Waiting 5.69s for user emulation...
2025-07-16 09:04:05,399 - ERROR - ❌ Main content not found at https://thuvienphapluat.vn/van-ban/Thuong-mai/Quyet-dinh-729-QD-UBND-2025-cong-bo-thu-tuc-hanh-chinh-luu-thong-hang-hoa-So-Cong-Thuong-Dak-Nong-658889.aspx - saved image error download_bomayhanhchinh/error_file_1622.0328277280955_new1.png
2025-07-16 09:04:05,464 - INFO - ⏳ 4.29s between batches...
2025-07-16 09:04:09,756 - INFO - Processing batch 913 to 914
2025-07-16 09:04:11,853 - INFO - ⏳ Waiting 3.22s for user emulation...
2025-07-16 09:04:16,564 - INFO - ⏳ Waiting 5.59s for user emulation...
2025-07-16 09:04:31,998 - ERROR - ❌ Main content not found at https://thuvienphapluat.vn/van-ban/Bo-may-hanh-chinh/Quyet-dinh-1128-QD-UBND-2025-quy-trinh-thu-tuc-hanh-chinh-hoat-dong-khoa-hoc-cap-tinh-Lam-Dong-661613.aspx - saved image error download_bomayhanhchinh/error_file_1189.05866538758_new1.png
2025-07-16 09:04:32,067 - INFO - ⏳ 3.20s between batches...
2025-07-16 09:04:35,263 - INFO - Processing batch 914 to 915
2025-07-16 09:04:37,323 - INFO - ⏳ Waiting 3.09s for user emulation...
2025-07-16 09:04:42,000 - INFO - ⏳ Waiting 4.14s for user emulation...
2025-07-16 09:04:55,747 - ERROR - ❌ Main content not found at https://thuvienphapluat.vn/van-ban/Bo-may-hanh-chinh/Quyet-dinh-1495-QD-UBND-2025-cong-bo-thu-tuc-hanh-chinh-Quan-ly-tai-san-cong-So-Xay-dung-Vung-Tau-662054.aspx - saved image error download_bomayhanhchinh/error_file_1108.1286768805214_new1.png
2025-07-16 09:04:55,813 - INFO - ⏳ 4.63s between batches...
2025-07-16 09:05:00,439 - INFO - Processing batch 915 to 916
2025-07-16 09:05:02,191 - INFO - ⏳ Waiting 3.08s for user emulation...
2025-07-16 09:05:06,800 - INFO - ⏳ Waiting 5.11s for user emulation...
2025-07-16 09:05:20,929 - ERROR - ❌ Main content not found at https://thuvienphapluat.vn/van-ban/Bo-may-hanh-chinh/Quyet-dinh-732-QD-UBND-2025-cong-bo-thu-tuc-hanh-chinh-di-san-van-hoa-So-Van-hoa-Dak-Nong-658887.aspx - saved image error download_bomayhanhchinh/error_file_1173.1712304831815_new1.png
2025-07-16 09:05:20,995 - INFO - ⏳ 3.60s between batches...
2025-07-16 09:05:24,593 - INFO - Processing batch 916 to 917
2025-07-16 09:05:26,577 - INFO - ⏳ Waiting 3.47s for user emulation...
2025-07-16 09:05:31,600 - INFO - ⏳ Waiting 4.29s for user emulation...
2025-07-16 09:05:45,063 - ERROR - ❌ Main content not found at https://thuvienphapluat.vn/van-ban/Bo-may-hanh-chinh/Quyet-dinh-1645-QD-UBND-2025-cong-bo-thu-tuc-hanh-chinh-kinh-te-hop-tac-So-Nong-nghiep-Da-Nang-663543.aspx - saved image error download_bomayhanhchinh/error_file_1022.7665747019545_new1.png
2025-07-16 09:05:45,128 - INFO - ⏳ 3.61s between batches...
2025-07-16 09:05:48,739 - INFO - Processing batch 917 to 918
2025-07-16 09:05:50,372 - INFO - ⏳ Waiting 2.68s for user emulation...
2025-07-16 09:05:54,560 - INFO - ⏳ Waiting 3.82s for user emulation...
2025-07-16 09:06:07,945 - ERROR - ❌ Main content not found at https://thuvienphapluat.vn/van-ban/Bo-may-hanh-chinh/Quyet-dinh-23-2025-QD-UBND-chuc-nang-nhiem-vu-quyen-han-So-Y-te-Can-Tho-658649.aspx - saved image error download_bomayhanhchinh/error_file_1288.4464369721434_new1.png
2025-07-16 09:06:08,010 - INFO - ⏳ 3.33s between batches...
2025-07-16 09:06:11,336 - INFO - Processing batch 918 to 919
2025-07-16 09:06:13,421 - INFO - ⏳ Waiting 2.04s for user emulation...
2025-07-16 09:06:16,901 - INFO - ⏳ Waiting 4.16s for user emulation...
2025-07-16 09:06:30,260 - ERROR - ❌ Main content not found at https://thuvienphapluat.vn/van-ban/Bo-may-hanh-chinh/Quyet-dinh-25-2025-QD-UBND-chuc-nang-nhiem-vu-So-Van-hoa-The-thao-Du-lich-Can-Tho-658647.aspx - saved image error download_bomayhanhchinh/error_file_1063.3463459161674_new1.png
2025-07-16 09:06:30,325 - INFO - ⏳ 3.79s between batches...
2025-07-16 09:06:34,111 - INFO - Processing batch 919 to 920
2025-07-16 09:06:36,092 - INFO - ⏳ Waiting 3.47s for user emulation...
2025-07-16 09:06:41,015 - INFO - ⏳ Waiting 4.11s for user emulation...
2025-07-16 09:06:54,810 - ERROR - ❌ Main content not found at https://thuvienphapluat.vn/van-ban/Bo-may-hanh-chinh/Quyet-dinh-24-2025-QD-UBND-chuc-nang-nhiem-vu-So-Giao-duc-va-Dao-tao-Can-Tho-658646.aspx - saved image error download_bomayhanhchinh/error_file_1814.474844071897_new1.png
2025-07-16 09:06:54,875 - INFO - ⏳ 3.94s between batches...
2025-07-16 09:06:58,812 - INFO - Processing batch 920 to 921
2025-07-16 09:07:00,878 - INFO - ⏳ Waiting 2.31s for user emulation...
2025-07-16 09:07:05,004 - INFO - ⏳ Waiting 5.22s for user emulation...
2025-07-16 09:07:19,591 - ERROR - ❌ Main content not found at https://thuvienphapluat.vn/van-ban/Cong-nghe-thong-tin/Quyet-dinh-1463-QD-BCT-2025-Quy-che-hoat-dong-Ban-Chi-dao-phat-trien-khoa-hoc-cong-nghe-659001.aspx - saved image error download_bomayhanhchinh/error_file_1127.5945889523114_new1.png
2025-07-16 09:07:19,658 - INFO - ⏳ 4.76s between batches...
2025-07-16 09:07:24,415 - INFO - Processing batch 921 to 922
2025-07-16 09:07:26,539 - INFO - ⏳ Waiting 3.11s for user emulation...
2025-07-16 09:07:31,107 - INFO - ⏳ Waiting 4.70s for user emulation...
2025-07-16 09:07:45,543 - ERROR - ❌ Main content not found at https://thuvienphapluat.vn/van-ban/Thuong-mai/Quyet-dinh-43-2025-QD-UBND-chuc-nang-nhiem-vu-quyen-han-Chi-cuc-Quan-ly-thi-truong-Quang-Ngai-658751.aspx - saved image error download_bomayhanhchinh/error_file_1275.5072285977985_new1.png
2025-07-16 09:07:45,608 - INFO - ⏳ 3.57s between batches...
2025-07-16 09:07:49,180 - INFO - Processing batch 922 to 923
2025-07-16 09:07:51,267 - INFO - ⏳ Waiting 3.81s for user emulation...
2025-07-16 09:07:56,594 - INFO - ⏳ Waiting 5.03s for user emulation...
2025-07-16 09:08:10,640 - ERROR - ❌ Main content not found at https://thuvienphapluat.vn/van-ban/Bo-may-hanh-chinh/Quyet-dinh-1121-QD-UBND-2025-cong-bo-thu-tuc-hanh-chinh-khu-kinh-te-Ban-Quan-ly-khu-cong-nghiep-Lam-Dong-658642.aspx - saved image error download_bomayhanhchinh/error_file_1374.8707016445685_new1.png
2025-07-16 09:08:10,704 - INFO - ⏳ 3.75s between batches...
2025-07-16 09:08:14,454 - INFO - Processing batch 923 to 924
2025-07-16 09:08:16,296 - INFO - ⏳ Waiting 2.28s for user emulation...
2025-07-16 09:08:20,038 - INFO - ⏳ Waiting 5.50s for user emulation...
2025-07-16 09:08:35,023 - ERROR - ❌ Main content not found at https://thuvienphapluat.vn/van-ban/Bo-may-hanh-chinh/Quyet-dinh-1171-QD-UBND-2025-Quy-trinh-thu-tuc-hanh-chinh-Bao-chi-nganh-Van-hoa-Ha-Tinh-659316.aspx - saved image error download_bomayhanhchinh/error_file_1145.7252307283754_new1.png
2025-07-16 09:08:35,088 - INFO - ⏳ 4.51s between batches...
2025-07-16 09:08:39,600 - INFO - Processing batch 924 to 925
2025-07-16 09:08:41,366 - INFO - ⏳ Waiting 2.78s for user emulation...
2025-07-16 09:08:45,690 - INFO - ⏳ Waiting 5.34s for user emulation...
2025-07-16 09:09:00,871 - ERROR - ❌ Main content not found at https://thuvienphapluat.vn/van-ban/Dich-vu-phap-ly/Quyet-dinh-1396-QD-UBND-2025-cong-bo-thu-tuc-hanh-chinh-thua-phat-lai-So-Tu-phap-Khanh-Hoa-659008.aspx - saved image error download_bomayhanhchinh/error_file_1474.7375843902155_new1.png
2025-07-16 09:09:00,936 - INFO - ⏳ 3.55s between batches...
2025-07-16 09:09:04,488 - INFO - Processing batch 925 to 926
2025-07-16 09:09:06,374 - INFO - ⏳ Waiting 3.95s for user emulation...
2025-07-16 09:09:11,823 - INFO - ⏳ Waiting 5.29s for user emulation...
2025-07-16 09:09:26,087 - ERROR - ❌ Main content not found at https://thuvienphapluat.vn/van-ban/Bo-may-hanh-chinh/Quyet-dinh-965-QD-UBND-2025-cong-bo-thu-tuc-hanh-chinh-chuan-hoa-So-Khoa-hoc-Thai-Binh-659327.aspx - saved image error download_bomayhanhchinh/error_file_1665.0445208396004_new1.png
2025-07-16 09:09:26,152 - INFO - ⏳ 3.50s between batches...
2025-07-16 09:09:29,648 - INFO - Processing batch 926 to 927
2025-07-16 09:09:31,574 - INFO - ⏳ Waiting 3.57s for user emulation...
2025-07-16 09:09:36,676 - INFO - ⏳ Waiting 3.00s for user emulation...
2025-07-16 09:09:49,219 - ERROR - ❌ Main content not found at https://thuvienphapluat.vn/van-ban/Bo-may-hanh-chinh/Quyet-dinh-1671-QD-UBND-2025-cong-bo-thu-tuc-hanh-chinh-phong-chong-thien-tai-So-Nong-nghiep-Lao-Cai-659323.aspx - saved image error download_bomayhanhchinh/error_file_1027.8389245850794_new1.png
2025-07-16 09:09:49,284 - INFO - ⏳ 4.45s between batches...
2025-07-16 09:09:53,731 - INFO - Processing batch 927 to 928
2025-07-16 09:09:55,925 - INFO - ⏳ Waiting 3.02s for user emulation...
2025-07-16 09:10:00,360 - INFO - ⏳ Waiting 4.09s for user emulation...
2025-07-16 09:10:14,001 - ERROR - ❌ Main content not found at https://thuvienphapluat.vn/van-ban/Bo-may-hanh-chinh/Quyet-dinh-1592-QD-UBND-2025-cong-bo-thu-tuc-hanh-chinh-quan-ly-de-dieu-So-Nong-nghiep-Thai-Nguyen-658643.aspx - saved image error download_bomayhanhchinh/error_file_1551.5818385467844_new1.png
2025-07-16 09:10:14,067 - INFO - ⏳ 3.68s between batches...
2025-07-16 09:10:17,752 - INFO - Processing batch 928 to 929
2025-07-16 09:10:19,529 - INFO - ⏳ Waiting 3.74s for user emulation...
2025-07-16 09:10:24,767 - INFO - ⏳ Waiting 5.36s for user emulation...
2025-07-16 09:10:39,850 - ERROR - ❌ Main content not found at https://thuvienphapluat.vn/van-ban/Thuong-mai/Quyet-dinh-38-2025-QD-UBND-chuc-nang-nhiem-vu-quyen-han-Chi-cuc-Quan-ly-thi-truong-Quang-Tri-658957.aspx - saved image error download_bomayhanhchinh/error_file_1567.6792881193319_new1.png
2025-07-16 09:10:39,915 - INFO - ⏳ 3.20s between batches...
2025-07-16 09:10:43,114 - INFO - Processing batch 929 to 930
2025-07-16 09:10:45,134 - INFO - ⏳ Waiting 3.26s for user emulation...
2025-07-16 09:10:49,949 - INFO - ⏳ Waiting 5.28s for user emulation...
2025-07-16 09:11:05,066 - ERROR - ❌ Main content not found at https://thuvienphapluat.vn/van-ban/Bo-may-hanh-chinh/Quyet-dinh-15-2025-QD-UBND-bai-bo-Quyet-dinh-cua-Uy-ban-Vinh-Phuc-659378.aspx - saved image error download_bomayhanhchinh/error_file_1721.9168416382536_new1.png
2025-07-16 09:11:05,131 - INFO - ⏳ 3.82s between batches...
2025-07-16 09:11:08,953 - INFO - Processing batch 930 to 931
2025-07-16 09:11:11,115 - INFO - ⏳ Waiting 3.55s for user emulation...
2025-07-16 09:11:16,437 - INFO - ⏳ Waiting 4.02s for user emulation...
2025-07-16 09:11:29,386 - ERROR - ❌ Main content not found at https://thuvienphapluat.vn/van-ban/Bo-may-hanh-chinh/Quyet-dinh-32-2025-QD-UBND-bai-bo-cac-quyet-dinh-cua-Uy-ban-Dien-Bien-659143.aspx - saved image error download_bomayhanhchinh/error_file_1550.9155855785352_new1.png
2025-07-16 09:11:29,451 - INFO - ⏳ 4.98s between batches...
2025-07-16 09:11:34,434 - INFO - Processing batch 931 to 932
2025-07-16 09:11:36,455 - INFO - ⏳ Waiting 2.82s for user emulation...
2025-07-16 09:11:40,783 - INFO - ⏳ Waiting 3.56s for user emulation...
2025-07-16 09:11:53,997 - ERROR - ❌ Main content not found at https://thuvienphapluat.vn/van-ban/Bo-may-hanh-chinh/Quyet-dinh-26-2025-QD-UBND-bai-bo-cac-Quyet-dinh-cua-Uy-ban-nhan-dan-Binh-Phuoc-659007.aspx - saved image error download_bomayhanhchinh/error_file_1823.508751580344_new1.png
2025-07-16 09:11:54,062 - INFO - ⏳ 4.72s between batches...
2025-07-16 09:11:58,785 - INFO - Processing batch 932 to 933
2025-07-16 09:12:00,783 - INFO - ⏳ Waiting 2.05s for user emulation...
2025-07-16 09:12:04,379 - INFO - ⏳ Waiting 4.21s for user emulation...
2025-07-16 09:12:17,679 - ERROR - ❌ Main content not found at https://thuvienphapluat.vn/van-ban/Bo-may-hanh-chinh/Quyet-dinh-46-2025-QD-UBND-phan-cap-So-Xay-dung-giai-quyet-thu-tuc-hanh-chinh-Xay-dung-Hoa-Binh-659003.aspx - saved image error download_bomayhanhchinh/error_file_1702.040703560011_new1.png
2025-07-16 09:12:17,744 - INFO - ⏳ 4.79s between batches...
2025-07-16 09:12:22,537 - INFO - Processing batch 933 to 934
2025-07-16 09:12:24,463 - INFO - ⏳ Waiting 2.35s for user emulation...
2025-07-16 09:12:28,378 - INFO - ⏳ Waiting 4.86s for user emulation...
2025-07-16 09:12:42,712 - ERROR - ❌ Main content not found at https://thuvienphapluat.vn/van-ban/Bo-may-hanh-chinh/Quyet-dinh-1355-QD-UBND-2025-cong-bo-thu-tuc-hanh-chinh-y-te-du-phong-nganh-Y-te-Tien-Giang-658540.aspx - saved image error download_bomayhanhchinh/error_file_1170.0354396448924_new1.png
2025-07-16 09:12:42,777 - INFO - ⏳ 4.28s between batches...
2025-07-16 09:12:47,054 - INFO - Processing batch 934 to 935
2025-07-16 09:12:49,127 - INFO - ⏳ Waiting 3.21s for user emulation...
2025-07-16 09:12:53,980 - INFO - ⏳ Waiting 4.87s for user emulation...
2025-07-16 09:13:08,111 - ERROR - ❌ Main content not found at https://thuvienphapluat.vn/van-ban/Bao-hiem/Quyet-dinh-1071-QD-UBND-2025-cong-bo-thu-tuc-hanh-chinh-lao-dong-tien-luong-So-Noi-vu-Dien-Bien-659712.aspx - saved image error download_bomayhanhchinh/error_file_1760.8598505944906_new1.png
2025-07-16 09:13:08,176 - INFO - ⏳ 3.24s between batches...
2025-07-16 09:13:11,416 - INFO - Processing batch 935 to 936
2025-07-16 09:13:13,589 - INFO - ⏳ Waiting 3.43s for user emulation...
2025-07-16 09:13:18,578 - INFO - ⏳ Waiting 3.77s for user emulation...
2025-07-16 09:13:31,910 - ERROR - ❌ Main content not found at https://thuvienphapluat.vn/van-ban/Bo-may-hanh-chinh/Quyet-dinh-1165-QD-UBND-2025-cong-bo-thu-tuc-hanh-chinh-chuan-hoa-Khoa-hoc-Cong-nghe-Phu-Tho-658861.aspx - saved image error download_bomayhanhchinh/error_file_1222.2748472163632_new1.png
2025-07-16 09:13:31,975 - INFO - ⏳ 4.80s between batches...
2025-07-16 09:13:36,773 - INFO - Processing batch 936 to 937
2025-07-16 09:13:38,897 - INFO - ⏳ Waiting 3.54s for user emulation...
2025-07-16 09:13:43,941 - INFO - ⏳ Waiting 3.47s for user emulation...
2025-07-16 09:13:57,035 - ERROR - ❌ Main content not found at https://thuvienphapluat.vn/van-ban/Bo-may-hanh-chinh/Quyet-dinh-37-2025-QD-UBND-bai-bo-Quyet-dinh-04-2014-QD-UBND-phan-cap-quan-ly-hoi-Quang-Tri-658952.aspx - saved image error download_bomayhanhchinh/error_file_1378.438790863535_new1.png
2025-07-16 09:13:57,101 - INFO - ⏳ 3.54s between batches...
2025-07-16 09:14:00,645 - INFO - Processing batch 937 to 938
2025-07-16 09:14:02,601 - INFO - ⏳ Waiting 2.36s for user emulation...
2025-07-16 09:14:06,427 - INFO - ⏳ Waiting 4.30s for user emulation...
2025-07-16 09:14:19,641 - ERROR - ❌ Main content not found at https://thuvienphapluat.vn/van-ban/Bo-may-hanh-chinh/Quyet-dinh-1606-QD-UBND-2025-cong-bo-thu-tuc-hanh-chinh-Thuy-san-So-Nong-nghiep-Thanh-Hoa-658640.aspx - saved image error download_bomayhanhchinh/error_file_1428.6525990561177_new1.png
2025-07-16 09:14:19,710 - INFO - ⏳ 4.34s between batches...
2025-07-16 09:14:24,055 - INFO - Processing batch 938 to 939
2025-07-16 09:14:26,181 - INFO - ⏳ Waiting 2.77s for user emulation...
2025-07-16 09:14:30,544 - INFO - ⏳ Waiting 3.63s for user emulation...
2025-07-16 09:14:43,925 - ERROR - ❌ Main content not found at https://thuvienphapluat.vn/van-ban/Bo-may-hanh-chinh/Quyet-dinh-272-QD-QLD-2025-Ke-hoach-trien-khai-giai-phap-thuc-hien-sap-xep-to-chuc-bo-may-Nha-nuoc-660344.aspx - saved image error download_bomayhanhchinh/error_file_999.3481071813377_new1.png
2025-07-16 09:14:43,990 - INFO - ⏳ 3.64s between batches...
2025-07-16 09:14:47,626 - INFO - Processing batch 939 to 940
2025-07-16 09:14:49,716 - INFO - ⏳ Waiting 3.26s for user emulation...
2025-07-16 09:14:54,474 - INFO - ⏳ Waiting 3.97s for user emulation...
2025-07-16 09:15:07,856 - ERROR - ❌ Main content not found at https://thuvienphapluat.vn/van-ban/Bao-hiem/Quyet-dinh-1674-QD-BHXH-2025-Quy-trinh-giai-quyet-huong-che-do-om-dau-tren-Cong-Dich-vu-cong-658589.aspx - saved image error download_bomayhanhchinh/error_file_1822.7391218591742_new1.png
2025-07-16 09:15:07,920 - INFO - ⏳ 3.39s between batches...
2025-07-16 09:15:11,307 - INFO - Processing batch 940 to 941
2025-07-16 09:15:13,460 - INFO - ⏳ Waiting 2.43s for user emulation...
2025-07-16 09:15:17,420 - INFO - ⏳ Waiting 4.97s for user emulation...
2025-07-16 09:15:31,505 - ERROR - ❌ Main content not found at https://thuvienphapluat.vn/van-ban/Bo-may-hanh-chinh/Quyet-dinh-1510-Q%c3%90-UBND-2025-cong-bo-thu-tuc-hanh-chinh-dia-chat-khoang-san-So-Nong-nghiep-Hue-661511.aspx - saved image error download_bomayhanhchinh/error_file_1731.2619375925701_new1.png
2025-07-16 09:15:31,571 - INFO - ⏳ 3.08s between batches...
2025-07-16 09:15:34,649 - INFO - Processing batch 941 to 942
2025-07-16 09:15:36,703 - INFO - ⏳ Waiting 3.85s for user emulation...
2025-07-16 09:15:42,059 - INFO - ⏳ Waiting 4.13s for user emulation...
2025-07-16 09:15:55,504 - ERROR - ❌ Main content not found at https://thuvienphapluat.vn/van-ban/Dau-tu/Quyet-dinh-1116-QD-UBND-2025-cham-dut-hieu-luc-toan-bo-Quyet-dinh-1917-QD-UBND-Lam-Dong-660935.aspx - saved image error download_bomayhanhchinh/error_file_1939.780255923115_new1.png
2025-07-16 09:15:55,569 - INFO - ⏳ 4.61s between batches...
2025-07-16 09:16:00,183 - INFO - Processing batch 942 to 943
2025-07-16 09:16:02,825 - INFO - ⏳ Waiting 2.94s for user emulation...
2025-07-16 09:16:07,273 - INFO - ⏳ Waiting 4.06s for user emulation...
2025-07-16 09:16:20,470 - ERROR - ❌ Main content not found at https://thuvienphapluat.vn/van-ban/Bao-hiem/Quyet-dinh-1395-QD-UBND-2025-cong-bo-thu-tuc-hanh-chinh-lao-dong-tien-luong-So-Noi-vu-Khanh-Hoa-659695.aspx - saved image error download_bomayhanhchinh/error_file_1526.466250262808_new1.png
2025-07-16 09:16:20,534 - INFO - ⏳ 3.17s between batches...
2025-07-16 09:16:23,701 - INFO - Processing batch 943 to 944
2025-07-16 09:16:25,717 - INFO - ⏳ Waiting 3.58s for user emulation...
2025-07-16 09:16:30,894 - INFO - ⏳ Waiting 5.58s for user emulation...
2025-07-16 09:16:45,872 - ERROR - ❌ Main content not found at https://thuvienphapluat.vn/van-ban/Bo-may-hanh-chinh/Quyet-dinh-1122-QD-UBND-2025-cong-bo-thu-tuc-hanh-chinh-chuan-hoa-So-Khoa-hoc-Cong-nghe-Lam-Dong-661610.aspx - saved image error download_bomayhanhchinh/error_file_1710.4906032100296_new1.png
2025-07-16 09:16:45,937 - INFO - ⏳ 3.19s between batches...
2025-07-16 09:16:49,131 - INFO - Processing batch 944 to 945
2025-07-16 09:16:50,827 - INFO - ⏳ Waiting 3.15s for user emulation...
2025-07-16 09:16:55,526 - INFO - ⏳ Waiting 4.91s for user emulation...
2025-07-16 09:17:09,801 - ERROR - ❌ Main content not found at https://thuvienphapluat.vn/van-ban/Bo-may-hanh-chinh/Quyet-dinh-1313-QD-UBND-2025-cong-bo-thu-tuc-hanh-chinh-noi-bo-Uy-ban-nhan-dan-Can-Tho-659371.aspx - saved image error download_bomayhanhchinh/error_file_1758.8933828711188_new1.png
2025-07-16 09:17:09,865 - INFO - ⏳ 4.64s between batches...
2025-07-16 09:17:14,508 - INFO - Processing batch 945 to 946
2025-07-16 09:17:16,549 - INFO - ⏳ Waiting 2.60s for user emulation...
2025-07-16 09:17:20,640 - INFO - ⏳ Waiting 4.62s for user emulation...
2025-07-16 09:17:34,433 - ERROR - ❌ Main content not found at https://thuvienphapluat.vn/van-ban/Bao-hiem/Quyet-dinh-1706-QD-UBND-2025-cong-bo-thu-tuc-hanh-chinh-linh-vuc-lao-dong-So-Noi-vu-Dong-Nai-661678.aspx - saved image error download_bomayhanhchinh/error_file_1700.392870879143_new1.png
2025-07-16 09:17:34,498 - INFO - ⏳ 3.13s between batches...
2025-07-16 09:17:37,633 - INFO - Processing batch 946 to 947
2025-07-16 09:17:39,770 - INFO - ⏳ Waiting 4.00s for user emulation...
2025-07-16 09:17:45,321 - INFO - ⏳ Waiting 5.94s for user emulation...
2025-07-16 09:18:01,082 - ERROR - ❌ Main content not found at https://thuvienphapluat.vn/van-ban/Bo-may-hanh-chinh/Quyet-dinh-1073-QD-UBND-2025-quy-trinh-thu-tuc-hanh-chinh-Dau-gia-tai-san-So-Tu-phap-Dien-Bien-661384.aspx - saved image error download_bomayhanhchinh/error_file_1825.768311962384_new1.png
2025-07-16 09:18:01,147 - INFO - ⏳ 3.29s between batches...
2025-07-16 09:18:04,437 - INFO - Processing batch 947 to 948
2025-07-16 09:18:06,484 - INFO - ⏳ Waiting 3.60s for user emulation...
2025-07-16 09:18:11,583 - INFO - ⏳ Waiting 5.30s for user emulation...
2025-07-16 09:18:26,405 - ERROR - ❌ Main content not found at https://thuvienphapluat.vn/van-ban/Bo-may-hanh-chinh/Quyet-dinh-1072-QD-UBND-2025-cong-bo-thu-tuc-hanh-chinh-giao-duc-nghe-nghiep-So-Giao-duc-Dien-Bien-661385.aspx - saved image error download_bomayhanhchinh/error_file_1101.4438427993455_new1.png
2025-07-16 09:18:26,470 - INFO - ⏳ 3.17s between batches...
2025-07-16 09:18:29,639 - INFO - Processing batch 948 to 949
2025-07-16 09:18:31,609 - INFO - ⏳ Waiting 3.34s for user emulation...
2025-07-16 09:18:36,429 - INFO - ⏳ Waiting 3.01s for user emulation...
2025-07-16 09:18:49,147 - ERROR - ❌ Main content not found at https://thuvienphapluat.vn/van-ban/Bao-hiem/Quyet-dinh-5306-QD-SNV-2025-cong-bo-thu-tuc-hanh-chinh-linh-vuc-lao-dong-So-Noi-vu-Quang-Nam-658697.aspx - saved image error download_bomayhanhchinh/error_file_1408.0892281036245_new1.png
2025-07-16 09:18:49,214 - INFO - ⏳ 4.67s between batches...
2025-07-16 09:18:53,881 - INFO - Processing batch 949 to 950
2025-07-16 09:18:55,983 - INFO - ⏳ Waiting 2.13s for user emulation...
2025-07-16 09:18:59,622 - INFO - ⏳ Waiting 4.83s for user emulation...
2025-07-16 09:19:14,313 - ERROR - ❌ Main content not found at https://thuvienphapluat.vn/van-ban/Bo-may-hanh-chinh/Quyet-dinh-1667-QD-BNNMT-2025-cong-bo-thu-tuc-hanh-chinh-linh-vuc-Trong-trot-va-Bao-ve-thuc-vat-658679.aspx - saved image error download_bomayhanhchinh/error_file_1749.228544996929_new1.png
2025-07-16 09:19:14,378 - INFO - ⏳ 3.79s between batches...
2025-07-16 09:19:18,168 - INFO - Processing batch 950 to 951
2025-07-16 09:19:20,220 - INFO - ⏳ Waiting 2.35s for user emulation...
2025-07-16 09:19:24,161 - INFO - ⏳ Waiting 5.39s for user emulation...
2025-07-16 09:19:38,714 - ERROR - ❌ Main content not found at https://thuvienphapluat.vn/van-ban/Bo-may-hanh-chinh/Quyet-dinh-1746-QD-BYT-2025-Quy-che-lam-viec-cua-Bo-Y-te-658627.aspx - saved image error download_bomayhanhchinh/error_file_1406.07740670586_new1.png
2025-07-16 09:19:38,779 - INFO - ⏳ 4.38s between batches...
2025-07-16 09:19:43,164 - INFO - Processing batch 951 to 952
2025-07-16 09:19:45,270 - INFO - ⏳ Waiting 3.54s for user emulation...
2025-07-16 09:19:50,246 - INFO - ⏳ Waiting 3.65s for user emulation...
2025-07-16 09:20:03,079 - ERROR - ❌ Main content not found at https://thuvienphapluat.vn/van-ban/Dau-tu/Quyet-dinh-455-QD-UBND-2025-quy-trinh-thu-tuc-hanh-chinh-dau-thau-Ban-Quan-ly-kinh-te-Kon-Tum-659108.aspx - saved image error download_bomayhanhchinh/error_file_1128.4373950000715_new1.png
2025-07-16 09:20:03,143 - INFO - ⏳ 4.55s between batches...
2025-07-16 09:20:07,692 - INFO - Processing batch 952 to 953
2025-07-16 09:20:09,834 - INFO - ⏳ Waiting 2.44s for user emulation...
2025-07-16 09:20:13,741 - INFO - ⏳ Waiting 5.45s for user emulation...
2025-07-16 09:20:28,326 - ERROR - ❌ Main content not found at https://thuvienphapluat.vn/van-ban/Bo-may-hanh-chinh/Quyet-dinh-692-QD-BXD-2025-Danh-muc-thu-tuc-hanh-chinh-cung-cap-dich-vu-cong-truc-tuyen-toan-trinh-659286.aspx - saved image error download_bomayhanhchinh/error_file_1287.473335527274_new1.png
2025-07-16 09:20:28,391 - INFO - ⏳ 3.17s between batches...
2025-07-16 09:20:31,560 - INFO - Processing batch 953 to 954
2025-07-16 09:20:33,543 - INFO - ⏳ Waiting 2.50s for user emulation...
2025-07-16 09:20:37,615 - INFO - ⏳ Waiting 5.39s for user emulation...
2025-07-16 09:20:52,495 - ERROR - ❌ Main content not found at https://thuvienphapluat.vn/van-ban/Bo-may-hanh-chinh/Quy-dinh-294-QD-TW-2025-thi-hanh-Dieu-le-Dang-658850.aspx - saved image error download_bomayhanhchinh/error_file_1592.5130018060622_new1.png
2025-07-16 09:20:52,561 - INFO - ⏳ 3.88s between batches...
2025-07-16 09:20:56,439 - INFO - Processing batch 954 to 955
2025-07-16 09:20:58,478 - INFO - ⏳ Waiting 2.79s for user emulation...
2025-07-16 09:21:02,683 - INFO - ⏳ Waiting 5.34s for user emulation...
2025-07-16 09:21:17,741 - ERROR - ❌ Main content not found at https://thuvienphapluat.vn/van-ban/Bo-may-hanh-chinh/Quyet-dinh-453-QD-UBND-2025-cong-bo-thu-tuc-hanh-chinh-dau-gia-tai-san-Kon-Tum-659107.aspx - saved image error download_bomayhanhchinh/error_file_1470.168850268228_new1.png
2025-07-16 09:21:17,806 - INFO - ⏳ 4.11s between batches...
2025-07-16 09:21:21,920 - INFO - Processing batch 955 to 956
2025-07-16 09:21:23,936 - INFO - ⏳ Waiting 3.39s for user emulation...
2025-07-16 09:21:28,739 - INFO - ⏳ Waiting 5.73s for user emulation...
2025-07-16 09:21:44,239 - ERROR - ❌ Main content not found at https://thuvienphapluat.vn/van-ban/Bat-dong-san/Quyet-dinh-15-2025-QD-UBND-quy-che-kiem-tra-dich-vu-cong-linh-vuc-quan-ly-dat-dai-Cao-Bang-658584.aspx - saved image error download_bomayhanhchinh/error_file_1743.275511024658_new1.png
2025-07-16 09:21:44,304 - INFO - ⏳ 3.33s between batches...
2025-07-16 09:21:47,632 - INFO - Processing batch 956 to 957
2025-07-16 09:21:49,575 - INFO - ⏳ Waiting 3.73s for user emulation...
2025-07-16 09:21:54,841 - INFO - ⏳ Waiting 4.60s for user emulation...
2025-07-16 09:22:09,222 - ERROR - ❌ Main content not found at https://thuvienphapluat.vn/van-ban/Bo-may-hanh-chinh/Quyet-dinh-1696-QD-UBND-2025-cong-bo-thu-tuc-hanh-chinh-Van-thu-luu-tru-So-Nong-nghiep-Ben-Tre-660129.aspx - saved image error download_bomayhanhchinh/error_file_1475.1557647490117_new1.png
2025-07-16 09:22:09,287 - INFO - ⏳ 4.41s between batches...
2025-07-16 09:22:13,700 - INFO - Processing batch 957 to 958
2025-07-16 09:22:15,983 - INFO - ⏳ Waiting 3.94s for user emulation...
2025-07-16 09:22:21,555 - INFO - ⏳ Waiting 5.86s for user emulation...
2025-07-16 09:22:36,822 - ERROR - ❌ Main content not found at https://thuvienphapluat.vn/van-ban/Bo-may-hanh-chinh/Quyet-dinh-54-2025-QD-UBND-chuc-nang-nhiem-vu-Ban-Quan-ly-cac-khu-cong-nghiep-Vung-Tau-659011.aspx - saved image error download_bomayhanhchinh/error_file_1874.8740008736645_new1.png
2025-07-16 09:22:36,889 - INFO - ⏳ 4.58s between batches...
2025-07-16 09:22:41,472 - INFO - Processing batch 958 to 959
2025-07-16 09:22:43,490 - INFO - ⏳ Waiting 3.11s for user emulation...
2025-07-16 09:22:48,110 - INFO - ⏳ Waiting 5.63s for user emulation...
2025-07-16 09:23:02,921 - ERROR - ❌ Main content not found at https://thuvienphapluat.vn/van-ban/Bo-may-hanh-chinh/Quyet-dinh-49-2025-QD-UBND-chuc-nang-nhiem-vu-Ban-Thi-dua-Khen-thuong-Long-An-658681.aspx - saved image error download_bomayhanhchinh/error_file_1923.6764319213012_new1.png
2025-07-16 09:23:02,986 - INFO - ⏳ 3.42s between batches...
2025-07-16 09:23:06,410 - INFO - Processing batch 959 to 960
2025-07-16 09:23:08,531 - INFO - ⏳ Waiting 3.74s for user emulation...
2025-07-16 09:23:13,742 - INFO - ⏳ Waiting 4.70s for user emulation...
2025-07-16 09:23:27,586 - ERROR - ❌ Main content not found at https://thuvienphapluat.vn/van-ban/Bo-may-hanh-chinh/Quyet-dinh-38-2025-QD-UBND-bai-bo-mot-so-Quyet-dinh-do-Uy-ban-nhan-dan-tinh-Kon-Tum-659106.aspx - saved image error download_bomayhanhchinh/error_file_1031.7111980566062_new1.png
2025-07-16 09:23:27,651 - INFO - ⏳ 4.79s between batches...
2025-07-16 09:23:32,446 - INFO - Processing batch 960 to 961
2025-07-16 09:23:34,463 - INFO - ⏳ Waiting 2.55s for user emulation...
2025-07-16 09:23:38,685 - INFO - ⏳ Waiting 3.60s for user emulation...
2025-07-16 09:23:51,219 - ERROR - ❌ Main content not found at https://thuvienphapluat.vn/van-ban/Bo-may-hanh-chinh/Quyet-dinh-1370-QD-UBND-2025-cong-bo-thu-tuc-hanh-chinh-hanh-nghe-thanh-ly-tai-san-So-Tu-phap-Khanh-Hoa-659479.aspx - saved image error download_bomayhanhchinh/error_file_1780.0772513957136_new1.png
2025-07-16 09:23:51,285 - INFO - ⏳ 4.00s between batches...
2025-07-16 09:23:55,290 - INFO - Processing batch 961 to 962
2025-07-16 09:23:57,371 - INFO - ⏳ Waiting 2.39s for user emulation...
2025-07-16 09:24:01,337 - INFO - ⏳ Waiting 5.06s for user emulation...
2025-07-16 09:24:15,451 - ERROR - ❌ Main content not found at https://thuvienphapluat.vn/van-ban/Bo-may-hanh-chinh/Quyet-dinh-454-QD-UBND-2025-cong-bo-thu-tuc-hanh-chinh-quan-ly-cong-san-Kon-Tum-659109.aspx - saved image error download_bomayhanhchinh/error_file_1240.9921160827641_new1.png
2025-07-16 09:24:15,515 - INFO - ⏳ 4.94s between batches...
2025-07-16 09:24:20,461 - INFO - Processing batch 962 to 963
2025-07-16 09:24:22,591 - INFO - ⏳ Waiting 3.54s for user emulation...
2025-07-16 09:24:27,586 - INFO - ⏳ Waiting 4.37s for user emulation...
2025-07-16 09:24:41,484 - ERROR - ❌ Main content not found at https://thuvienphapluat.vn/van-ban/Cong-nghe-thong-tin/Quyet-dinh-891-QD-UBND-2025-chuc-nang-nhiem-vu-quyen-han-Cong-Thong-tin-dien-tu-Bac-Ninh-658716.aspx - saved image error download_bomayhanhchinh/error_file_1492.114420617041_new1.png
2025-07-16 09:24:41,548 - INFO - ⏳ 4.46s between batches...
2025-07-16 09:24:46,006 - INFO - Processing batch 963 to 964
2025-07-16 09:24:48,158 - INFO - ⏳ Waiting 2.82s for user emulation...
2025-07-16 09:24:52,455 - INFO - ⏳ Waiting 3.87s for user emulation...
2025-07-16 09:25:05,217 - ERROR - ❌ Main content not found at https://thuvienphapluat.vn/van-ban/Bo-may-hanh-chinh/Nghi-quyet-563-NQ-HDND-2025-bai-bo-Nghi-quyet-Quy-hoach-khu-vuc-khai-thac-cat-soi-long-song-Bac-Ninh-660112.aspx - saved image error download_bomayhanhchinh/error_file_1875.605373637903_new1.png
2025-07-16 09:25:05,281 - INFO - ⏳ 3.40s between batches...
2025-07-16 09:25:08,678 - INFO - Processing batch 964 to 965
2025-07-16 09:25:10,724 - INFO - ⏳ Waiting 2.98s for user emulation...
2025-07-16 09:25:15,155 - INFO - ⏳ Waiting 4.16s for user emulation...
2025-07-16 09:25:28,590 - ERROR - ❌ Main content not found at https://thuvienphapluat.vn/van-ban/Lao-dong-Tien-luong/Quyet-dinh-1093-QD-UBND-2025-cong-bo-thu-tuc-hanh-chinh-chinh-sach-nha-giao-So-Giao-duc-Yen-Bai-658652.aspx - saved image error download_bomayhanhchinh/error_file_1894.573156273775_new1.png
2025-07-16 09:25:28,655 - INFO - ⏳ 3.31s between batches...
2025-07-16 09:25:31,970 - INFO - Processing batch 965 to 966
2025-07-16 09:25:33,925 - INFO - ⏳ Waiting 3.33s for user emulation...
2025-07-16 09:25:38,749 - INFO - ⏳ Waiting 5.50s for user emulation...
2025-07-16 09:25:53,480 - ERROR - ❌ Main content not found at https://thuvienphapluat.vn/van-ban/Bo-may-hanh-chinh/Quyet-dinh-1239-QD-UBND-2025-cong-bo-thu-tuc-hanh-chinh-Khoa-hoc-cong-nghe-So-Nong-nghiep-Hoa-Binh-659317.aspx - saved image error download_bomayhanhchinh/error_file_1724.3714784661156_new1.png
2025-07-16 09:25:53,545 - INFO - ⏳ 4.89s between batches...
2025-07-16 09:25:58,437 - INFO - Processing batch 966 to 967
2025-07-16 09:26:00,223 - INFO - ⏳ Waiting 2.37s for user emulation...
2025-07-16 09:26:04,610 - INFO - ⏳ Waiting 5.65s for user emulation...
2025-07-16 09:26:11,359 - INFO - Saved txt: download_bomayhanhchinh/new1_Quyet-dinh-1688-QD-BNNMT-2025-Quy-che-phan-cong-quan-ly-cong-tac-to-chuc-can-bo-661379.txt
2025-07-16 09:26:11,427 - INFO - ⏳ 4.67s between batches...
2025-07-16 09:26:16,093 - INFO - Processing batch 967 to 968
2025-07-16 09:26:18,105 - INFO - ⏳ Waiting 2.54s for user emulation...
2025-07-16 09:26:22,642 - INFO - ⏳ Waiting 4.97s for user emulation...
2025-07-16 09:26:29,070 - INFO - Saved txt: download_bomayhanhchinh/new1_Quyet-dinh-5679-QD-UBND-2025-cong-bo-thu-tuc-hanh-chinh-duong-bo-So-Xay-dung-Long-An-660796.txt
2025-07-16 09:26:29,135 - INFO - ⏳ 3.71s between batches...
2025-07-16 09:26:32,843 - INFO - Processing batch 968 to 969
2025-07-16 09:26:34,608 - INFO - ⏳ Waiting 3.79s for user emulation...
2025-07-16 09:26:40,032 - INFO - ⏳ Waiting 5.42s for user emulation...
2025-07-16 09:26:46,239 - INFO - Saved txt: download_bomayhanhchinh/new1_Quyet-dinh-1011-QD-UBND-2025-cong-bo-thu-tuc-hanh-chinh-khoa-hoc-cong-nghe-So-Nong-nghiep-Ca-Mau-661171.txt
2025-07-16 09:26:46,305 - INFO - ⏳ 3.68s between batches...
2025-07-16 09:26:49,987 - INFO - Processing batch 969 to 970
2025-07-16 09:26:52,048 - INFO - ⏳ Waiting 2.89s for user emulation...
2025-07-16 09:26:57,116 - INFO - ⏳ Waiting 4.96s for user emulation...
2025-07-16 09:27:03,110 - INFO - Saved txt: download_bomayhanhchinh/new1_Thong-bao-3236-BNG-LPQT-2025-hieu-luc-Hiep-dinh-hop-tac-ve-khoa-hoc-cong-nghe-giua-Viet-Nam-Phap-660656.txt
2025-07-16 09:27:03,175 - INFO - ⏳ 4.25s between batches...
2025-07-16 09:27:07,426 - INFO - Processing batch 970 to 971
2025-07-16 09:27:09,175 - INFO - ⏳ Waiting 3.65s for user emulation...
2025-07-16 09:27:14,582 - INFO - ⏳ Waiting 3.43s for user emulation...
2025-07-16 09:27:19,080 - INFO - Saved txt: download_bomayhanhchinh/new1_Quyet-dinh-1693-QD-UBND-2025-cong-bo-thu-tuc-hanh-chinh-lao-dong-tien-luong-So-Noi-vu-Ben-Tre-660518.txt
2025-07-16 09:27:19,147 - INFO - ⏳ 3.77s between batches...
2025-07-16 09:27:22,918 - INFO - Processing batch 971 to 972
2025-07-16 09:27:24,577 - INFO - ⏳ Waiting 3.21s for user emulation...
2025-07-16 09:27:29,549 - INFO - ⏳ Waiting 5.39s for user emulation...
2025-07-16 09:27:35,825 - INFO - Saved txt: download_bomayhanhchinh/new1_Quyet-dinh-1373-QD-UBND-2025-Quy-trinh-giai-quyet-thu-tuc-hanh-chinh-viec-lam-So-Noi-vu-Khanh-Hoa-660382.txt
2025-07-16 09:27:35,892 - INFO - ⏳ 3.83s between batches...
2025-07-16 09:27:39,718 - INFO - Processing batch 972 to 973
2025-07-16 09:27:41,934 - INFO - ⏳ Waiting 2.19s for user emulation...
2025-07-16 09:27:45,805 - INFO - ⏳ Waiting 5.63s for user emulation...
2025-07-16 09:27:52,075 - INFO - Saved txt: download_bomayhanhchinh/new1_Quyet-dinh-5680-QD-UBND-2025-cong-bo-thu-tuc-hanh-chinh-So-Giao-duc-Long-An-660794.txt
2025-07-16 09:27:52,140 - INFO - ⏳ 3.73s between batches...
2025-07-16 09:27:55,874 - INFO - Processing batch 973 to 974
2025-07-16 09:27:57,671 - INFO - ⏳ Waiting 3.88s for user emulation...
2025-07-16 09:28:03,291 - INFO - ⏳ Waiting 3.50s for user emulation...
2025-07-16 09:28:07,932 - INFO - Saved txt: download_bomayhanhchinh/new1_Quyet-dinh-5650-QD-UBND-2025-cong-bo-thu-tuc-hanh-chinh-linh-vuc-dat-dai-So-Nong-nghiep-Long-An-660791.txt
2025-07-16 09:28:07,997 - INFO - ⏳ 4.36s between batches...
2025-07-16 09:28:12,358 - INFO - Processing batch 974 to 975
2025-07-16 09:28:14,302 - INFO - ⏳ Waiting 3.22s for user emulation...
2025-07-16 09:28:19,408 - INFO - ⏳ Waiting 5.79s for user emulation...
2025-07-16 09:28:26,221 - INFO - Saved txt: download_bomayhanhchinh/new1_Quyet-dinh-1411-QD-UBND-2025-cong-bo-thu-tuc-hanh-chinh-giao-duc-nghe-nghiep-So-Giao-duc-Binh-Duong-661000.txt
2025-07-16 09:28:26,286 - INFO - ⏳ 4.04s between batches...
2025-07-16 09:28:30,330 - INFO - Processing batch 975 to 976
2025-07-16 09:28:31,950 - INFO - ⏳ Waiting 2.66s for user emulation...
2025-07-16 09:28:36,650 - INFO - ⏳ Waiting 3.69s for user emulation...
2025-07-16 09:28:41,339 - INFO - Saved txt: download_bomayhanhchinh/new1_Quyet-dinh-1694-QD-UBND-2025-cong-bo-thu-tuc-hanh-chinh-An-toan-thong-tin-Cong-an-tinh-Ben-Tre-660519.txt
2025-07-16 09:28:41,404 - INFO - ⏳ 4.90s between batches...
2025-07-16 09:28:46,300 - INFO - Processing batch 976 to 977
2025-07-16 09:28:48,245 - INFO - ⏳ Waiting 2.00s for user emulation...
2025-07-16 09:28:51,963 - INFO - ⏳ Waiting 5.84s for user emulation...
2025-07-16 09:28:58,838 - INFO - Saved txt: download_bomayhanhchinh/new1_Quyet-dinh-1245-QD-CT-2025-Ke-hoach-cai-cach-hanh-chinh-662549.txt
2025-07-16 09:28:58,904 - INFO - ⏳ 4.82s between batches...
2025-07-16 09:29:03,719 - INFO - Processing batch 977 to 978
2025-07-16 09:29:05,751 - INFO - ⏳ Waiting 2.84s for user emulation...
2025-07-16 09:29:10,288 - INFO - ⏳ Waiting 3.32s for user emulation...
2025-07-16 09:29:15,056 - INFO - Saved txt: download_bomayhanhchinh/new1_Quyet-dinh-1626-QD-UBND-2025-cong-bo-thu-tuc-hanh-chinh-dau-gia-tai-san-So-Tu-phap-Da-Nang-663140.txt
2025-07-16 09:29:15,121 - INFO - ⏳ 4.13s between batches...
2025-07-16 09:29:19,252 - INFO - Processing batch 978 to 979
2025-07-16 09:29:21,143 - INFO - ⏳ Waiting 2.97s for user emulation...
2025-07-16 09:29:25,820 - INFO - ⏳ Waiting 4.83s for user emulation...
2025-07-16 09:29:31,217 - INFO - Saved txt: download_bomayhanhchinh/new1_Quyet-dinh-1372-QD-UBND-2025-quy-trinh-thu-tuc-hanh-chinh-linh-vuc-Lao-dong-So-Noi-vu-Khanh-Hoa-659480.txt
2025-07-16 09:29:31,281 - INFO - ⏳ 4.20s between batches...
2025-07-16 09:29:35,486 - INFO - Processing batch 979 to 980
2025-07-16 09:29:37,534 - INFO - ⏳ Waiting 2.12s for user emulation...
2025-07-16 09:29:41,259 - INFO - ⏳ Waiting 4.33s for user emulation...
2025-07-16 09:29:47,120 - INFO - Saved txt: download_bomayhanhchinh/new1_Quyet-dinh-775-QD-TTPVHCC-2025-cong-bo-thu-tuc-hanh-chinh-viec-lam-So-Noi-vu-Ha-Noi-661931.txt
2025-07-16 09:29:47,185 - INFO - ⏳ 3.48s between batches...
2025-07-16 09:29:50,663 - INFO - Processing batch 980 to 981
2025-07-16 09:29:52,747 - INFO - ⏳ Waiting 2.80s for user emulation...
2025-07-16 09:29:57,193 - INFO - ⏳ Waiting 4.22s for user emulation...
2025-07-16 09:30:02,208 - INFO - Saved txt: download_bomayhanhchinh/new1_Quyet-dinh-776-QD-TTPVHCC-2025-cong-bo-thu-tuc-hanh-chinh-Khoa-hoc-Cong-nghe-So-Khoa-hoc-Ha-Noi-661930.txt
2025-07-16 09:30:02,275 - INFO - ⏳ 4.69s between batches...
2025-07-16 09:30:06,963 - INFO - Processing batch 981 to 982
2025-07-16 09:30:08,932 - INFO - ⏳ Waiting 3.37s for user emulation...
2025-07-16 09:30:13,732 - INFO - ⏳ Waiting 5.97s for user emulation...
2025-07-16 09:30:20,739 - INFO - Saved txt: download_bomayhanhchinh/new1_Quyet-dinh-220-QD-VP-2025-quy-trinh-thu-tuc-hanh-chinh-Giao-duc-Dao-tao-So-Giao-duc-Tuyen-Quang-660865.txt
2025-07-16 09:30:20,804 - INFO - ⏳ 3.94s between batches...
2025-07-16 09:30:24,739 - INFO - Processing batch 982 to 983
2025-07-16 09:30:26,504 - INFO - ⏳ Waiting 3.72s for user emulation...
2025-07-16 09:30:32,499 - INFO - ⏳ Waiting 3.70s for user emulation...
2025-07-16 09:30:37,637 - INFO - Saved txt: download_bomayhanhchinh/new1_Quyet-dinh-29-2025-QD-UBND-bai-bo-Quyet-dinh-06-2015-QD-UBND-Lam-Dong-658353.txt
2025-07-16 09:30:37,705 - INFO - ⏳ 4.39s between batches...
2025-07-16 09:30:42,092 - INFO - Processing batch 983 to 984
2025-07-16 09:30:43,928 - INFO - ⏳ Waiting 2.94s for user emulation...
2025-07-16 09:30:48,802 - INFO - ⏳ Waiting 3.66s for user emulation...
2025-07-16 09:30:53,635 - INFO - Saved txt: download_bomayhanhchinh/new1_Quyet-dinh-1695-QD-UBND-2025-cong-bo-thu-tuc-hanh-chinh-linh-vuc-thue-So-Xay-dung-Ben-Tre-658321.txt
2025-07-16 09:30:53,703 - INFO - ⏳ 3.69s between batches...
2025-07-16 09:30:57,396 - INFO - Processing batch 984 to 985
2025-07-16 09:30:59,318 - INFO - ⏳ Waiting 3.78s for user emulation...
2025-07-16 09:31:05,009 - INFO - ⏳ Waiting 5.80s for user emulation...
2025-07-16 09:31:12,234 - INFO - Saved txt: download_bomayhanhchinh/new1_Quyet-dinh-492-QD-UBND-2025-cong-bo-thu-tuc-hanh-chinh-giao-duc-dao-tao-So-Giao-duc-Gia-Lai-658334.txt
2025-07-16 09:31:12,299 - INFO - ⏳ 3.74s between batches...
2025-07-16 09:31:16,041 - INFO - Processing batch 985 to 986
2025-07-16 09:31:18,031 - INFO - ⏳ Waiting 2.73s for user emulation...
2025-07-16 09:31:22,923 - INFO - ⏳ Waiting 5.28s for user emulation...
2025-07-16 09:31:29,445 - INFO - Saved txt: download_bomayhanhchinh/new1_Quyet-dinh-491-QD-UBND-2025-cong-bo-thu-tuc-hanh-chinh-dau-gia-tai-san-So-Tu-phap-Gia-Lai-658331.txt
2025-07-16 09:31:29,510 - INFO - ⏳ 4.98s between batches...
2025-07-16 09:31:34,496 - INFO - Processing batch 986 to 987
2025-07-16 09:31:36,544 - INFO - ⏳ Waiting 3.20s for user emulation...
2025-07-16 09:31:42,133 - INFO - ⏳ Waiting 4.57s for user emulation...
2025-07-16 09:31:47,288 - INFO - Saved txt: download_bomayhanhchinh/new1_Quyet-dinh-490-QD-UBND-2025-cong-bo-thu-tuc-hanh-chinh-lao-dong-tien-luong-Uy-ban-huyen-Gia-Lai-658332.txt
2025-07-16 09:31:47,353 - INFO - ⏳ 4.46s between batches...
2025-07-16 09:31:51,810 - INFO - Processing batch 987 to 988
2025-07-16 09:31:53,830 - INFO - ⏳ Waiting 2.11s for user emulation...
2025-07-16 09:31:57,646 - INFO - ⏳ Waiting 3.88s for user emulation...
2025-07-16 09:32:02,750 - INFO - Saved txt: download_bomayhanhchinh/new1_Nghi-quyet-151-NQ-CP-2025-du-an-Luat-Quoc-phong-Luat-Si-quan-Quan-doi-nhan-dan-Viet-Nam-sua-doi-658464.txt
2025-07-16 09:32:02,815 - INFO - ⏳ 4.69s between batches...
2025-07-16 09:32:07,505 - INFO - Processing batch 988 to 989
2025-07-16 09:32:09,627 - INFO - ⏳ Waiting 2.46s for user emulation...
2025-07-16 09:32:14,407 - INFO - ⏳ Waiting 5.67s for user emulation...
2025-07-16 09:32:20,866 - INFO - Saved txt: download_bomayhanhchinh/new1_Quyet-dinh-1490-QD-UBND-2025-cong-bo-thu-tuc-hanh-chinh-Giao-duc-nghe-nghiep-So-Giao-duc-Nghe-An-658428.txt
2025-07-16 09:32:20,931 - INFO - ⏳ 3.33s between batches...
2025-07-16 09:32:24,266 - INFO - Processing batch 989 to 990
2025-07-16 09:32:26,389 - INFO - ⏳ Waiting 3.08s for user emulation...
2025-07-16 09:32:31,576 - INFO - ⏳ Waiting 3.82s for user emulation...
2025-07-16 09:32:36,254 - INFO - Saved txt: download_bomayhanhchinh/new1_Quyet-dinh-1491-QD-UBND-2025-cong-bo-thu-tuc-hanh-chinh-Viec-lam-So-Noi-vu-Nghe-An-658429.txt
2025-07-16 09:32:36,322 - INFO - ⏳ 4.14s between batches...
2025-07-16 09:32:40,465 - INFO - Processing batch 990 to 991
2025-07-16 09:32:42,597 - INFO - ⏳ Waiting 3.88s for user emulation...
2025-07-16 09:32:48,299 - INFO - ⏳ Waiting 3.29s for user emulation...
2025-07-16 09:32:52,243 - INFO - Saved txt: download_bomayhanhchinh/new1_Quyet-dinh-1489-QD-UBND-2025-cong-bo-thu-tuc-hanh-chinh-noi-bo-So-Van-hoa-Nghe-An-658430.txt
2025-07-16 09:32:52,309 - INFO - ⏳ 3.26s between batches...
2025-07-16 09:32:55,570 - INFO - Processing batch 991 to 992
2025-07-16 09:32:57,872 - INFO - ⏳ Waiting 3.16s for user emulation...
2025-07-16 09:33:05,838 - INFO - ⏳ Waiting 3.31s for user emulation...
2025-07-16 09:33:10,621 - INFO - Saved txt: download_bomayhanhchinh/new1_Quyet-dinh-1682-QD-UBND-2025-cong-bo-thu-tuc-hanh-chinh-Trong-trot-So-Nong-nghiep-Quang-Binh-658400.txt
2025-07-16 09:33:10,686 - INFO - ⏳ 4.42s between batches...
2025-07-16 09:33:15,108 - INFO - Processing batch 992 to 993
2025-07-16 09:33:16,890 - INFO - ⏳ Waiting 2.07s for user emulation...
2025-07-16 09:33:20,935 - INFO - ⏳ Waiting 4.58s for user emulation...
2025-07-16 09:33:26,911 - INFO - Saved txt: download_bomayhanhchinh/new1_Quyet-dinh-1674-QD-UBND-2025-cong-bo-thu-tuc-hanh-chinh-Lam-nghiep-Uy-ban-tinh-Quang-Binh-658433.txt
2025-07-16 09:33:26,979 - INFO - ⏳ 3.73s between batches...
2025-07-16 09:33:30,708 - INFO - Processing batch 993 to 994
2025-07-16 09:33:32,836 - INFO - ⏳ Waiting 2.80s for user emulation...
2025-07-16 09:33:37,470 - INFO - ⏳ Waiting 3.51s for user emulation...
2025-07-16 09:33:42,515 - INFO - Saved txt: download_bomayhanhchinh/new1_Quyet-dinh-1058-QD-UBND-2025-cong-bo-thu-tuc-hanh-chinh-Nong-nghiep-Moi-truong-Uy-ban-xa-Bac-Lieu-658282.txt
2025-07-16 09:33:42,583 - INFO - ⏳ 3.03s between batches...
2025-07-16 09:33:45,614 - INFO - Processing batch 994 to 995
2025-07-16 09:33:47,783 - INFO - ⏳ Waiting 2.32s for user emulation...
2025-07-16 09:33:52,205 - INFO - ⏳ Waiting 4.28s for user emulation...
2025-07-16 09:33:57,243 - INFO - Saved txt: download_bomayhanhchinh/new1_Quyet-dinh-954-QD-UBND-2025-cong-bo-thu-tuc-hanh-chinh-linh-vuc-giao-duc-dao-tao-Thai-Binh-658330.txt
2025-07-16 09:33:57,308 - INFO - ⏳ 3.41s between batches...
2025-07-16 09:34:00,719 - INFO - Processing batch 995 to 996
2025-07-16 09:34:02,773 - INFO - ⏳ Waiting 2.98s for user emulation...
2025-07-16 09:34:09,058 - INFO - ⏳ Waiting 5.99s for user emulation...
2025-07-16 09:34:16,543 - INFO - Saved txt: download_bomayhanhchinh/new1_Quyet-dinh-1060-QD-UBND-2025-cong-bo-thu-tuc-hanh-chinh-chuan-hoa-So-Nong-nghiep-Bac-Lieu-658283.txt
2025-07-16 09:34:16,608 - INFO - ⏳ 4.23s between batches...
2025-07-16 09:34:20,839 - INFO - Processing batch 996 to 997
2025-07-16 09:34:22,854 - INFO - ⏳ Waiting 3.56s for user emulation...
2025-07-16 09:34:28,566 - INFO - ⏳ Waiting 5.78s for user emulation...
2025-07-16 09:34:35,513 - INFO - Saved txt: download_bomayhanhchinh/new1_Quyet-dinh-1059-QD-UBND-2025-cong-bo-thu-tuc-hanh-chinh-Nong-nghiep-Moi-truong-Uy-ban-huyen-Bac-Lieu-658319.txt
2025-07-16 09:34:35,580 - INFO - ⏳ 3.86s between batches...
2025-07-16 09:34:39,436 - INFO - Processing batch 997 to 998
2025-07-16 09:34:41,564 - INFO - ⏳ Waiting 2.81s for user emulation...
2025-07-16 09:34:46,632 - INFO - ⏳ Waiting 3.12s for user emulation...
2025-07-16 09:34:50,649 - INFO - Saved txt: download_bomayhanhchinh/new1_Quyet-dinh-50-2025-QD-UBND-bo-sung-Quyet-dinh-37-2025-QD-UBND-Son-La-658333.txt
2025-07-16 09:34:50,715 - INFO - ⏳ 4.69s between batches...
2025-07-16 09:34:55,400 - INFO - Processing batch 998 to 999
2025-07-16 09:34:57,477 - INFO - ⏳ Waiting 2.69s for user emulation...
2025-07-16 09:35:02,126 - INFO - ⏳ Waiting 3.77s for user emulation...
2025-07-16 09:35:07,298 - INFO - Saved txt: download_bomayhanhchinh/new1_Quyet-dinh-754-QD-UBND-2025-cong-bo-thu-tuc-hanh-chinh-moi-nganh-Tu-phap-Ha-Giang-658340.txt
2025-07-16 09:35:07,363 - INFO - ⏳ 3.39s between batches...
2025-07-16 09:35:10,750 - INFO - Processing batch 999 to 1000
2025-07-16 09:35:12,892 - INFO - ⏳ Waiting 3.18s for user emulation...
2025-07-16 09:35:18,171 - INFO - ⏳ Waiting 5.91s for user emulation...
2025-07-16 09:35:24,830 - INFO - Saved txt: download_bomayhanhchinh/new1_Quyet-dinh-1587-QD-UBND-2025-cong-bo-thu-tuc-hanh-chinh-Lao-dong-tien-luong-So-Noi-vu-Thanh-Hoa-658320.txt
2025-07-16 09:35:24,898 - INFO - ⏳ 3.88s between batches...
2025-07-16 09:35:28,778 - INFO - Processing batch 1000 to 1001
2025-07-16 09:35:30,845 - INFO - ⏳ Waiting 2.71s for user emulation...
2025-07-16 09:35:35,226 - INFO - ⏳ Waiting 5.90s for user emulation...
2025-07-16 09:35:42,612 - INFO - Saved txt: download_bomayhanhchinh/new1_Quyet-dinh-1126-QD-UBND-2025-cong-bo-thu-tuc-hanh-chinh-quan-ly-de-dieu-So-Nong-nghiep-Dak-Lak-658354.txt
2025-07-16 09:35:42,678 - INFO - ⏳ 4.20s between batches...
2025-07-16 09:35:46,882 - INFO - Processing batch 1001 to 1002
2025-07-16 09:35:48,721 - INFO - ⏳ Waiting 2.40s for user emulation...
2025-07-16 09:35:53,223 - INFO - ⏳ Waiting 4.85s for user emulation...
2025-07-16 09:35:59,767 - INFO - Saved txt: download_bomayhanhchinh/new1_Cong-dien-22-CD-BXD-2025-thuc-hien-phan-cap-tham-quyen-thuc-hien-mo-hinh-chinh-quyen-02-cap-658241.txt
2025-07-16 09:35:59,833 - INFO - ⏳ 4.38s between batches...
2025-07-16 09:36:04,210 - INFO - Processing batch 1002 to 1003
2025-07-16 09:36:06,077 - INFO - ⏳ Waiting 3.06s for user emulation...
2025-07-16 09:36:10,938 - INFO - ⏳ Waiting 4.45s for user emulation...
2025-07-16 09:36:16,576 - INFO - Saved txt: download_bomayhanhchinh/new1_Quyet-dinh-772-QD-TTPVHCC-2025-cong-bo-thu-tuc-hanh-chinh-dau-gia-tai-san-So-Tu-phap-Ha-Noi-658335.txt
2025-07-16 09:36:16,642 - INFO - ⏳ 4.03s between batches...
2025-07-16 09:36:20,669 - INFO - Processing batch 1003 to 1004
2025-07-16 09:36:22,649 - INFO - ⏳ Waiting 3.06s for user emulation...
2025-07-16 09:36:28,314 - INFO - ⏳ Waiting 5.26s for user emulation...
2025-07-16 09:36:34,158 - INFO - Saved txt: download_bomayhanhchinh/new1_Quyet-dinh-688-QD-UBND-2025-quy-trinh-thu-tuc-hanh-chinh-linh-vuc-Kham-benh-So-Y-te-Ninh-Thuan-658842.txt
2025-07-16 09:36:34,224 - INFO - ⏳ 4.23s between batches...
2025-07-16 09:36:38,450 - INFO - Processing batch 1004 to 1005
2025-07-16 09:36:40,479 - INFO - ⏳ Waiting 3.18s for user emulation...
2025-07-16 09:36:45,786 - INFO - ⏳ Waiting 5.56s for user emulation...
2025-07-16 09:36:52,758 - INFO - Saved txt: download_bomayhanhchinh/new1_Quyet-dinh-689-QD-UBND-2025-cong-bo-thu-tuc-hanh-chinh-Dau-gia-tai-san-So-Tu-phap-Ninh-Thuan-658843.txt
2025-07-16 09:36:52,823 - INFO - ⏳ 3.35s between batches...
2025-07-16 09:36:56,170 - INFO - Processing batch 1005 to 1006
2025-07-16 09:36:57,957 - INFO - ⏳ Waiting 3.49s for user emulation...
2025-07-16 09:37:03,137 - INFO - ⏳ Waiting 3.55s for user emulation...
2025-07-16 09:37:07,630 - INFO - Saved txt: download_bomayhanhchinh/new1_Quyet-dinh-1243-QD-UBND-2025-cong-bo-thu-tuc-hanh-chinh-noi-bo-So-Khoa-hoc-Cong-nghe-Tra-Vinh-658546.txt
2025-07-16 09:37:07,696 - INFO - ⏳ 3.10s between batches...
2025-07-16 09:37:10,801 - INFO - Processing batch 1006 to 1007
2025-07-16 09:37:12,550 - INFO - ⏳ Waiting 3.43s for user emulation...
2025-07-16 09:37:17,760 - INFO - ⏳ Waiting 4.50s for user emulation...
2025-07-16 09:37:22,981 - INFO - Saved txt: download_bomayhanhchinh/new1_Quyet-dinh-1244-QD-UBND-2025-thu-tuc-hanh-chinh-dich-vu-cong-truc-tuyen-toan-trinh-So-Y-te-Tra-Vinh-658544.txt
2025-07-16 09:37:23,046 - INFO - ⏳ 3.64s between batches...
2025-07-16 09:37:26,687 - INFO - Processing batch 1007 to 1008
2025-07-16 09:37:28,382 - INFO - ⏳ Waiting 3.97s for user emulation...
2025-07-16 09:37:34,004 - INFO - ⏳ Waiting 4.11s for user emulation...
2025-07-16 09:37:38,723 - INFO - Saved txt: download_bomayhanhchinh/new1_Quyet-dinh-1241-QD-UBND-2025-cong-bo-thu-tuc-hanh-chinh-quan-ly-de-dieu-So-Nong-nghiep-Tra-Vinh-658374.txt
2025-07-16 09:37:38,788 - INFO - ⏳ 4.31s between batches...
2025-07-16 09:37:43,097 - INFO - Processing batch 1008 to 1009
2025-07-16 09:37:45,246 - INFO - ⏳ Waiting 2.30s for user emulation...
2025-07-16 09:37:49,331 - INFO - ⏳ Waiting 4.87s for user emulation...
2025-07-16 09:37:55,789 - INFO - Saved txt: download_bomayhanhchinh/new1_Quyet-dinh-664-QD-BXD-2025-Ke-hoach-cai-cach-hanh-chinh-658493.txt
2025-07-16 09:37:55,854 - INFO - ⏳ 3.19s between batches...
2025-07-16 09:37:59,048 - INFO - Processing batch 1009 to 1010
2025-07-16 09:38:01,137 - INFO - ⏳ Waiting 3.62s for user emulation...
2025-07-16 09:38:06,938 - INFO - ⏳ Waiting 5.21s for user emulation...
2025-07-16 09:38:13,667 - INFO - Saved txt: download_bomayhanhchinh/new1_Quyet-dinh-1597-QD-BNNMT-2025-cong-bo-chuan-hoa-thu-tuc-hanh-chinh-khoa-hoc-va-cong-nghe-658072.txt
2025-07-16 09:38:13,732 - INFO - ⏳ 4.41s between batches...
2025-07-16 09:38:18,140 - INFO - Processing batch 1010 to 1011
2025-07-16 09:38:20,224 - INFO - ⏳ Waiting 3.70s for user emulation...
2025-07-16 09:38:25,597 - INFO - ⏳ Waiting 3.88s for user emulation...
2025-07-16 09:38:30,779 - INFO - Saved txt: download_bomayhanhchinh/new1_Quyet-dinh-866-QD-UBND-2025-cong-bo-thu-tuc-hanh-chinh-Quan-ly-de-dieu-So-Nong-nghiep-Bac-Ninh-659478.txt
2025-07-16 09:38:30,843 - INFO - ⏳ 4.87s between batches...
2025-07-16 09:38:35,716 - INFO - Processing batch 1011 to 1012
2025-07-16 09:38:37,844 - INFO - ⏳ Waiting 3.50s for user emulation...
2025-07-16 09:38:43,053 - INFO - ⏳ Waiting 3.75s for user emulation...
2025-07-16 09:38:47,417 - INFO - Saved txt: download_bomayhanhchinh/new1_Quyet-dinh-865-QD-UBND-2025-cong-bo-thu-tuc-hanh-chinh-lao-dong-tien-luong-So-Noi-vu-Bac-Ninh-659259.txt
2025-07-16 09:38:47,482 - INFO - ⏳ 3.60s between batches...
2025-07-16 09:38:51,078 - INFO - Processing batch 1012 to 1013
2025-07-16 09:38:53,164 - INFO - ⏳ Waiting 2.73s for user emulation...
2025-07-16 09:38:57,484 - INFO - ⏳ Waiting 4.61s for user emulation...
2025-07-16 09:39:03,142 - INFO - Saved txt: download_bomayhanhchinh/new1_Quyet-dinh-686-QD-UBND-2025-quy-trinh-thu-tuc-hanh-chinh-quan-ly-lao-dong-So-Noi-vu-Cao-Bang-659549.txt
2025-07-16 09:39:03,211 - INFO - ⏳ 3.91s between batches...
2025-07-16 09:39:07,121 - INFO - Processing batch 1013 to 1014
2025-07-16 09:39:08,782 - INFO - ⏳ Waiting 2.19s for user emulation...
2025-07-16 09:39:12,781 - INFO - ⏳ Waiting 3.34s for user emulation...
2025-07-16 09:39:16,956 - INFO - Saved txt: download_bomayhanhchinh/new1_Nghi-quyet-52-NQ-HDND-2025-dieu-chinh-giam-so-nguoi-lam-viec-don-vi-su-nghiep-Binh-Dinh-659709.txt
2025-07-16 09:39:17,020 - INFO - ⏳ 4.43s between batches...
2025-07-16 09:39:21,451 - INFO - Processing batch 1014 to 1015
2025-07-16 09:39:23,259 - INFO - ⏳ Waiting 2.22s for user emulation...
2025-07-16 09:39:27,112 - INFO - ⏳ Waiting 5.85s for user emulation...
2025-07-16 09:39:34,318 - INFO - Saved txt: download_bomayhanhchinh/new1_Quyet-dinh-683-QD-UBND-2025-quy-trinh-thu-tuc-hanh-chinh-an-toan-ve-sinh-lao-dong-So-Noi-vu-Cao-Bang-659560.txt
2025-07-16 09:39:34,383 - INFO - ⏳ 4.59s between batches...
2025-07-16 09:39:38,976 - INFO - Processing batch 1015 to 1016
2025-07-16 09:39:40,909 - INFO - ⏳ Waiting 3.92s for user emulation...
2025-07-16 09:39:46,401 - INFO - ⏳ Waiting 5.28s for user emulation...
