2025-07-11 08:56:07,758 - INFO - ➡️ Đang truy cập: https://thuvienphapluat.vn/page/searchlegal.aspx?keyword=&area=0&match=True&type=0&status=1&signer=0&sort=1&lan=1&scan=0&org=0&fields=15&chlbg=09/07/1945&chlend=09/07/2035&page=48
2025-07-11 08:56:08,498 - INFO - 🤖 CAPTCHA OCR: 385442
2025-07-11 08:56:12,043 - INFO - ⏳ Chờ 4.98s giả lập người dùng...
2025-07-11 08:56:19,551 - INFO - 🧭 Tiêu đề trang: Tra cứu Văn Bản Pháp Luật
2025-07-11 08:56:19,574 - INFO - ✅ Đã lấy link: https://thuvienphapluat.vn/van-ban/Bo-may-hanh-chinh/Quyet-dinh-1897-QD-UBND-2025-nhiem-vu-chuyen-doi-He-thong-thong-tin-thu-tuc-hanh-chinh-Binh-Dinh-660148.aspx
2025-07-11 08:56:19,577 - INFO - ✅ Đã lấy link: https://thuvienphapluat.vn/van-ban/Bo-may-hanh-chinh/Quyet-dinh-477-QD-UBND-2025-cong-bo-thu-tuc-hanh-chinh-Khoang-san-So-Nong-nghiep-Kon-Tum-659944.aspx
2025-07-11 08:56:19,581 - INFO - ✅ Đã lấy link: https://thuvienphapluat.vn/van-ban/Bo-may-hanh-chinh/Quyet-dinh-744-QD-UBND-2025-cong-bo-thu-tuc-hanh-chinh-quan-ly-de-dieu-So-Nong-nghiep-Cao-Bang-659991.aspx
2025-07-11 08:56:19,585 - INFO - ✅ Đã lấy link: https://thuvienphapluat.vn/van-ban/Bo-may-hanh-chinh/Quyet-dinh-38-2025-QD-UBND-chuc-nang-nhiem-vu-quyen-han-Chi-cuc-Kiem-lam-Da-Nang-659945.aspx
2025-07-11 08:56:19,589 - INFO - ✅ Đã lấy link: https://thuvienphapluat.vn/van-ban/Lao-dong-Tien-luong/Quyet-dinh-1599-QD-UBND-2025-cong-bo-thu-tuc-hanh-chinh-linh-vuc-Cong-chuc-So-Noi-vu-Nghe-An-659979.aspx
2025-07-11 08:56:19,593 - INFO - ✅ Đã lấy link: https://thuvienphapluat.vn/van-ban/Bo-may-hanh-chinh/Quyet-dinh-1214-QD-UBND-2025-quy-trinh-thu-tuc-hanh-chinh-linh-vuc-duong-bo-Uy-ban-tinh-Dak-Lak-659728.aspx
2025-07-11 08:56:19,597 - INFO - ✅ Đã lấy link: https://thuvienphapluat.vn/van-ban/Bo-may-hanh-chinh/Quyet-dinh-1807-QD-UBND-2025-thu-tuc-hanh-chinh-linh-vuc-khoa-hoc-nganh-Nong-nghiep-Dong-Nai-661537.aspx
2025-07-11 08:56:19,600 - INFO - ✅ Đã lấy link: https://thuvienphapluat.vn/van-ban/Bo-may-hanh-chinh/Quyet-dinh-730-QD-UBND-2025-Quy-trinh-thu-tuc-hanh-chinh-linh-vuc-xay-dung-So-Xay-dung-Ninh-Thuan-661253.aspx
2025-07-11 08:56:19,604 - INFO - ✅ Đã lấy link: https://thuvienphapluat.vn/van-ban/Bat-dong-san/Quyet-dinh-729-QD-UBND-2025-Quy-trinh-thu-tuc-hanh-chinh-linh-vuc-dat-dai-So-Nong-nghiep-Ninh-Thuan-661355.aspx
2025-07-11 08:56:19,608 - INFO - ✅ Đã lấy link: https://thuvienphapluat.vn/van-ban/Bo-may-hanh-chinh/Quyet-dinh-45-2025-QD-UBND-nhiem-vu-quyen-han-Chi-cuc-An-toan-ve-sinh-thuc-pham-Tay-Ninh-660741.aspx
2025-07-11 08:56:19,613 - INFO - ✅ Đã lấy link: https://thuvienphapluat.vn/van-ban/Dau-tu/Quyet-dinh-1879-QD-UBND-2025-quy-trinh-thu-tuc-hanh-chinh-dau-thau-So-Tai-chinh-Ben-Tre-661335.aspx
2025-07-11 08:56:19,616 - INFO - ✅ Đã lấy link: https://thuvienphapluat.vn/van-ban/Bo-may-hanh-chinh/Quyet-dinh-30-2025-QD-UBND-nhiem-vu-chi-to-chuc-thuc-hien-sap-xep-don-vi-hanh-chinh-Hung-Yen-660672.aspx
2025-07-11 08:56:19,620 - INFO - ✅ Đã lấy link: https://thuvienphapluat.vn/van-ban/Bo-may-hanh-chinh/Quyet-dinh-1485-QD-UBND-2025-quy-trinh-thu-tuc-hanh-chinh-quan-ly-cong-san-Uy-ban-huyen-Khanh-Hoa-660447.aspx
2025-07-11 08:56:19,624 - INFO - ✅ Đã lấy link: https://thuvienphapluat.vn/van-ban/Bo-may-hanh-chinh/Quyet-dinh-37-2025-QD-UBND-nhiem-vu-quyen-han-Chi-cuc-Phat-trien-nong-thon-Ha-Giang-659687.aspx
2025-07-11 08:56:19,628 - INFO - ✅ Đã lấy link: https://thuvienphapluat.vn/van-ban/Bo-may-hanh-chinh/Quyet-dinh-1176-QD-UBND-2025-cong-bo-thu-tuc-hanh-chinh-khu-kinh-te-Ban-Quan-ly-Khu-cong-nghiep-Bac-Lieu-659681.aspx
2025-07-11 08:56:19,632 - INFO - ✅ Đã lấy link: https://thuvienphapluat.vn/van-ban/Bo-may-hanh-chinh/Quyet-dinh-38-2025-QD-UBND-bai-bo-quyet-dinh-cua-Uy-ban-tinh-Ha-Giang-659688.aspx
2025-07-11 08:56:19,636 - INFO - ✅ Đã lấy link: https://thuvienphapluat.vn/van-ban/Bo-may-hanh-chinh/Quyet-dinh-1492-QD-UBND-2025-Quy-trinh-thu-tuc-hanh-chinh-giao-duc-dao-tao-So-Giao-duc-Khanh-Hoa-660535.aspx
2025-07-11 08:56:19,639 - INFO - ✅ Đã lấy link: https://thuvienphapluat.vn/van-ban/Bo-may-hanh-chinh/Quyet-dinh-77-2025-QD-UBND-chuc-nang-nhiem-vu-Trung-tam-Giao-duc-thuong-xuyen-Ninh-Binh-660114.aspx
2025-07-11 08:56:19,644 - INFO - ✅ Đã lấy link: https://thuvienphapluat.vn/van-ban/Bo-may-hanh-chinh/Quyet-dinh-1128-QD-UBND-2025-quy-trinh-thu-tuc-hanh-chinh-linh-vuc-dang-kiem-So-Xay-dung-Dien-Bien-661471.aspx
2025-07-11 08:56:19,650 - INFO - ✅ Đã lấy link: https://thuvienphapluat.vn/van-ban/Bo-may-hanh-chinh/Quyet-dinh-28-2025-QD-UBND-chuc-nang-nhiem-vu-Van-phong-Uy-ban-nhan-dan-tinh-Dak-Lak-660848.aspx
2025-07-11 08:56:19,650 - INFO - ➡️ Đang truy cập: https://thuvienphapluat.vn/page/searchlegal.aspx?keyword=&area=0&match=True&type=0&status=1&signer=0&sort=1&lan=1&scan=0&org=0&fields=15&chlbg=09/07/1945&chlend=09/07/2035&page=49
2025-07-11 08:56:20,299 - INFO - 🤖 CAPTCHA OCR: 471347
2025-07-11 08:56:23,404 - INFO - ⏳ Chờ 5.87s giả lập người dùng...
2025-07-11 08:56:33,486 - INFO - 🧭 Tiêu đề trang: THƯ VIỆN PHÁP LUẬT _ Tra cứu, Nắm bắt Pháp Luật Việt Nam
2025-07-11 08:56:50,315 - ERROR - ❌ Lỗi tại trang 49: Message: 
Stacktrace:
#0 0x5ff20ac9823a <unknown>
#1 0x5ff20a742ab0 <unknown>
#2 0x5ff20a7946f0 <unknown>
#3 0x5ff20a7948e1 <unknown>
#4 0x5ff20a7e2b94 <unknown>
#5 0x5ff20a7ba1cd <unknown>
#6 0x5ff20a7dffee <unknown>
#7 0x5ff20a7b9f73 <unknown>
#8 0x5ff20a786aeb <unknown>
#9 0x5ff20a787751 <unknown>
#10 0x5ff20ac5cb4b <unknown>
#11 0x5ff20ac60929 <unknown>
#12 0x5ff20ac43929 <unknown>
#13 0x5ff20ac614e8 <unknown>
#14 0x5ff20ac280df <unknown>
#15 0x5ff20ac858e8 <unknown>
#16 0x5ff20ac85ac6 <unknown>
#17 0x5ff20ac97556 <unknown>
#18 0x7f88cdde6609 start_thread

2025-07-11 08:56:50,326 - INFO - ➡️ Đang truy cập: https://thuvienphapluat.vn/page/searchlegal.aspx?keyword=&area=0&match=True&type=0&status=1&signer=0&sort=1&lan=1&scan=0&org=0&fields=15&chlbg=09/07/1945&chlend=09/07/2035&page=50
2025-07-11 08:56:50,947 - INFO - 🤖 CAPTCHA OCR: 818865
2025-07-11 08:56:54,054 - INFO - ⏳ Chờ 6.76s giả lập người dùng...
2025-07-11 08:57:04,598 - INFO - 🧭 Tiêu đề trang: Tra cứu Văn Bản Pháp Luật
2025-07-11 08:57:04,615 - INFO - ✅ Đã lấy link: https://thuvienphapluat.vn/van-ban/Bo-may-hanh-chinh/Quyet-dinh-1822-QD-UBND-2025-cong-bo-thu-tuc-hanh-chinh-Thi-dua-khen-thuong-So-Noi-vu-Quang-Binh-659745.aspx
2025-07-11 08:57:04,619 - INFO - ✅ Đã lấy link: https://thuvienphapluat.vn/van-ban/Bo-may-hanh-chinh/Quyet-dinh-1821-QD-UBND-2025-cong-bo-thu-tuc-hanh-chinh-Duong-bo-So-Xay-dung-Quang-Binh-659743.aspx
2025-07-11 08:57:04,623 - INFO - ✅ Đã lấy link: https://thuvienphapluat.vn/van-ban/Bo-may-hanh-chinh/Quyet-dinh-1574-QD-UBND-2025-cong-bo-thu-tuc-hanh-chinh-Khoa-hoc-cong-nghe-So-Nong-nghiep-Nghe-An-659521.aspx
2025-07-11 08:57:04,626 - INFO - ✅ Đã lấy link: https://thuvienphapluat.vn/van-ban/Bo-may-hanh-chinh/Quyet-dinh-1575-QD-UBND-2025-cong-bo-thu-tuc-hanh-chinh-Quan-ly-de-dieu-So-Nong-nghiep-Nghe-An-659508.aspx
2025-07-11 08:57:04,630 - INFO - ✅ Đã lấy link: https://thuvienphapluat.vn/van-ban/Bao-hiem/Quyet-dinh-1581-QD-UBND-2025-cong-bo-thu-tuc-hanh-chinh-lao-dong-tien-luong-So-Noi-vu-Nam-Dinh-659467.aspx
2025-07-11 08:57:04,634 - INFO - ✅ Đã lấy link: https://thuvienphapluat.vn/van-ban/Bo-may-hanh-chinh/Quyet-dinh-1359-QD-UBND-2025-quy-trinh-thu-tuc-hanh-chinh-So-Nong-nghiep-Moi-truong-Can-Tho-659504.aspx
2025-07-11 08:57:04,637 - INFO - ✅ Đã lấy link: https://thuvienphapluat.vn/van-ban/Bo-may-hanh-chinh/Quyet-dinh-1168-QD-UBND-2025-cong-bo-thu-tuc-hanh-chinh-Bao-tro-xa-hoi-Uy-ban-huyen-Bac-Lieu-659394.aspx
2025-07-11 08:57:04,641 - INFO - ✅ Đã lấy link: https://thuvienphapluat.vn/van-ban/Bo-may-hanh-chinh/Quyet-dinh-1167-QD-UBND-2025-cong-bo-thu-tuc-hanh-chinh-Bao-tro-xa-hoi-So-Y-te-Bac-Lieu-659393.aspx
2025-07-11 08:57:04,645 - INFO - ✅ Đã lấy link: https://thuvienphapluat.vn/van-ban/Bo-may-hanh-chinh/Quyet-dinh-1360-QD-UBND-2025-cong-bo-Danh-muc-thu-tuc-hanh-chinh-So-Nong-nghiep-Can-Tho-659506.aspx
2025-07-11 08:57:04,648 - INFO - ✅ Đã lấy link: https://thuvienphapluat.vn/van-ban/Bo-may-hanh-chinh/Quyet-dinh-473-QD-UBND-2025-cong-bo-thu-tuc-hanh-chinh-linh-vuc-Khoang-san-Kon-Tum-659682.aspx
2025-07-11 08:57:04,652 - INFO - ✅ Đã lấy link: https://thuvienphapluat.vn/van-ban/Bo-may-hanh-chinh/Quyet-dinh-1893-QD-UBND-2025-cong-bo-thu-tuc-hanh-chinh-linh-vuc-Khoang-san-Binh-Dinh-660071.aspx
2025-07-11 08:57:04,655 - INFO - ✅ Đã lấy link: https://thuvienphapluat.vn/van-ban/Bo-may-hanh-chinh/Quyet-dinh-1285-QD-UBND-2025-Quy-trinh-thu-tuc-hanh-chinh-Dang-ky-bien-phap-bao-dam-Son-La-659466.aspx
2025-07-11 08:57:04,659 - INFO - ✅ Đã lấy link: https://thuvienphapluat.vn/van-ban/Bo-may-hanh-chinh/Quyet-dinh-33-2025-QD-UBND-Quy-che-xay-dung-ban-hanh-van-ban-quy-pham-phap-luat-Dien-Bien-659800.aspx
2025-07-11 08:57:04,662 - INFO - ✅ Đã lấy link: https://thuvienphapluat.vn/van-ban/Thuong-mai/Quyet-dinh-1564-QD-BCT-2025-cong-bo-thu-tuc-hanh-chinh-linh-vuc-phong-ve-thuong-mai-659677.aspx
2025-07-11 08:57:04,666 - INFO - ✅ Đã lấy link: https://thuvienphapluat.vn/van-ban/Bo-may-hanh-chinh/Quyet-dinh-1115-QD-UBND-2025-cong-bo-thu-tuc-hanh-chinh-quan-ly-de-dieu-nganh-Nong-nghiep-Binh-Phuoc-659408.aspx
2025-07-11 08:57:04,669 - INFO - ✅ Đã lấy link: https://thuvienphapluat.vn/van-ban/Bo-may-hanh-chinh/Quyet-dinh-1746-QD-UBND-2025-cong-bo-thu-tuc-hanh-chinh-khoang-san-So-Cong-Thuong-Lao-Cai-659407.aspx
2025-07-11 08:57:04,673 - INFO - ✅ Đã lấy link: https://thuvienphapluat.vn/van-ban/Bo-may-hanh-chinh/Quyet-dinh-1722-QD-UBND-2025-cong-bo-thu-tuc-hanh-chinh-Quan-ly-de-dieu-So-Nong-nghiep-Thanh-Hoa-659406.aspx
2025-07-11 08:57:04,677 - INFO - ✅ Đã lấy link: https://thuvienphapluat.vn/van-ban/Bo-may-hanh-chinh/Quyet-dinh-1114-QD-UBND-2025-cong-bo-thu-tuc-hanh-chinh-quan-ly-cong-san-So-Tai-chinh-Binh-Phuoc-659410.aspx
2025-07-11 08:57:04,681 - INFO - ✅ Đã lấy link: https://thuvienphapluat.vn/van-ban/Bo-may-hanh-chinh/Quyet-dinh-1795-QD-UBND-2025-cong-bo-thu-tuc-hanh-chinh-giao-duc-dao-tao-nganh-Giao-duc-Dong-Nai-661538.aspx
2025-07-11 08:57:04,684 - INFO - ✅ Đã lấy link: https://thuvienphapluat.vn/van-ban/Lao-dong-Tien-luong/Quyet-dinh-475-QD-UBND-2025-quy-trinh-thu-tuc-hanh-chinh-Lao-dong-tien-luong-nganh-Noi-vu-Kon-Tum-659684.aspx
2025-07-11 08:57:04,684 - INFO - ➡️ Đang truy cập: https://thuvienphapluat.vn/page/searchlegal.aspx?keyword=&area=0&match=True&type=0&status=1&signer=0&sort=1&lan=1&scan=0&org=0&fields=15&chlbg=09/07/1945&chlend=09/07/2035&page=51
2025-07-11 08:57:05,310 - INFO - 🤖 CAPTCHA OCR: -
2025-07-11 08:57:08,539 - INFO - ⏳ Chờ 5.35s giả lập người dùng...
2025-07-11 08:57:16,166 - INFO - 🧭 Tiêu đề trang: THƯ VIỆN PHÁP LUẬT _ Tra cứu, Nắm bắt Pháp Luật Việt Nam
2025-07-11 08:57:32,952 - ERROR - ❌ Lỗi tại trang 51: Message: 
Stacktrace:
#0 0x5ff20ac9823a <unknown>
#1 0x5ff20a742ab0 <unknown>
#2 0x5ff20a7946f0 <unknown>
#3 0x5ff20a7948e1 <unknown>
#4 0x5ff20a7e2b94 <unknown>
#5 0x5ff20a7ba1cd <unknown>
#6 0x5ff20a7dffee <unknown>
#7 0x5ff20a7b9f73 <unknown>
#8 0x5ff20a786aeb <unknown>
#9 0x5ff20a787751 <unknown>
#10 0x5ff20ac5cb4b <unknown>
#11 0x5ff20ac60929 <unknown>
#12 0x5ff20ac43929 <unknown>
#13 0x5ff20ac614e8 <unknown>
#14 0x5ff20ac280df <unknown>
#15 0x5ff20ac858e8 <unknown>
#16 0x5ff20ac85ac6 <unknown>
#17 0x5ff20ac97556 <unknown>
#18 0x7f88cdde6609 start_thread

2025-07-11 08:57:32,964 - INFO - ➡️ Đang truy cập: https://thuvienphapluat.vn/page/searchlegal.aspx?keyword=&area=0&match=True&type=0&status=1&signer=0&sort=1&lan=1&scan=0&org=0&fields=15&chlbg=09/07/1945&chlend=09/07/2035&page=52
2025-07-11 08:57:33,628 - INFO - 🤖 CAPTCHA OCR: 136885
2025-07-11 08:57:36,733 - INFO - ⏳ Chờ 6.70s giả lập người dùng...
2025-07-11 08:57:45,098 - INFO - 🧭 Tiêu đề trang: Tra cứu Văn Bản Pháp Luật
2025-07-11 08:57:45,116 - INFO - ✅ Đã lấy link: https://thuvienphapluat.vn/van-ban/Bo-may-hanh-chinh/Nghi-dinh-114-2025-ND-CP-sua-doi-khoan-12-Dieu-3-Nghi-dinh-41-2025-ND-CP-659614.aspx
2025-07-11 08:57:45,120 - INFO - ✅ Đã lấy link: https://thuvienphapluat.vn/van-ban/Bo-may-hanh-chinh/Quyet-dinh-1804-Q%c3%90-UBND-2025-quy-trinh-thu-tuc-hanh-chinh-So-Khoa-hoc-Cong-nghe-Dong-Nai-661693.aspx
2025-07-11 08:57:45,123 - INFO - ✅ Đã lấy link: https://thuvienphapluat.vn/van-ban/Bo-may-hanh-chinh/Lenh-cong-bo-Phap-lenh-Dan-so-sua-doi-2025-662687.aspx
2025-07-11 08:57:45,127 - INFO - ✅ Đã lấy link: https://thuvienphapluat.vn/van-ban/Bo-may-hanh-chinh/Quyet-dinh-1483-QD-UBND-2025-phe-duyet-danh-muc-vi-tri-viec-lam-So-Dan-toc-va-Ton-giao-Quang-Nam-664228.aspx
2025-07-11 08:57:45,131 - INFO - ✅ Đã lấy link: https://thuvienphapluat.vn/van-ban/Bo-may-hanh-chinh/Quyet-dinh-1856-QD-BNNMT-2025-quy-trinh-noi-bo-giai-quyet-thu-tuc-hanh-chinh-linh-vuc-Bao-ve-thuc-vat-659790.aspx
2025-07-11 08:57:45,134 - INFO - ✅ Đã lấy link: https://thuvienphapluat.vn/van-ban/Bo-may-hanh-chinh/Quyet-dinh-515-QD-UBND-2025-De-an-Sap-xep-to-chuc-bo-may-Thanh-tra-tinh-Ninh-Binh-659751.aspx
2025-07-11 08:57:45,138 - INFO - ✅ Đã lấy link: https://thuvienphapluat.vn/van-ban/Bo-may-hanh-chinh/Quyet-dinh-829-QD-UBND-2025-cong-bo-thu-tuc-hanh-chinh-linh-vuc-khoa-hoc-So-Nong-nghiep-Quang-Ngai-659469.aspx
2025-07-11 08:57:45,142 - INFO - ✅ Đã lấy link: https://thuvienphapluat.vn/van-ban/Bo-may-hanh-chinh/Quyet-dinh-1329-QD-UBND-2025-cong-bo-thu-tuc-hanh-chinh-noi-bo-So-Tai-chinh-Tra-Vinh-659562.aspx
2025-07-11 08:57:45,145 - INFO - ✅ Đã lấy link: https://thuvienphapluat.vn/van-ban/Bo-may-hanh-chinh/Quyet-dinh-747-QD-UBND-2025-Quy-trinh-thu-tuc-hanh-chinh-tin-nguong-ton-giao-So-Dan-toc-Dak-Nong-659527.aspx
2025-07-11 08:57:45,149 - INFO - ✅ Đã lấy link: https://thuvienphapluat.vn/van-ban/Bo-may-hanh-chinh/Quyet-dinh-1691-QD-UBND-2025-cong-bo-thu-tuc-hanh-chinh-Bien-va-hai-dao-So-Nong-nghiep-Thanh-Hoa-659368.aspx
2025-07-11 08:57:45,153 - INFO - ✅ Đã lấy link: https://thuvienphapluat.vn/van-ban/Bo-may-hanh-chinh/Huong-dan-18-HD-MTTW-BTT-2025-bo-sung-noi-dung-sap-xep-bo-may-Mat-tran-To-quoc-Viet-Nam-659292.aspx
2025-07-11 08:57:45,156 - INFO - ✅ Đã lấy link: https://thuvienphapluat.vn/van-ban/Bo-may-hanh-chinh/Quyet-dinh-1061-QD-TTg-2025-thanh-lap-Ban-Chi-dao-Trung-uong-chuong-trinh-muc-tieu-quoc-gia-659453.aspx
2025-07-11 08:57:45,160 - INFO - ✅ Đã lấy link: https://thuvienphapluat.vn/van-ban/Bo-may-hanh-chinh/Quyet-dinh-1064-QD-TTg-2025-kien-toan-Ban-Chi-dao-Quoc-gia-Dan-so-va-Phat-trien-659450.aspx
2025-07-11 08:57:45,164 - INFO - ✅ Đã lấy link: https://thuvienphapluat.vn/van-ban/Bo-may-hanh-chinh/Quyet-dinh-748-QD-UBND-2025-cong-bo-thu-tuc-hanh-chinh-y-te-du-phong-So-Y-te-Dak-Nong-659524.aspx
2025-07-11 08:57:45,167 - INFO - ✅ Đã lấy link: https://thuvienphapluat.vn/van-ban/Bo-may-hanh-chinh/Quyet-dinh-47-2025-QD-UBND-phan-cap-So-Khoa-hoc-thuc-hien-nhiem-vu-khoa-hoc-Thanh-Hoa-659390.aspx
2025-07-11 08:57:45,171 - INFO - ✅ Đã lấy link: https://thuvienphapluat.vn/van-ban/Bao-hiem/Quyet-dinh-791-QD-TTPVHCC-2025-cong-bo-thu-tuc-hanh-chinh-Lao-dong-Tien-luong-So-Noi-vu-Ha-Noi-659280.aspx
2025-07-11 08:57:45,175 - INFO - ✅ Đã lấy link: https://thuvienphapluat.vn/van-ban/Lao-dong-Tien-luong/Quyet-dinh-1813-QD-UBND-2025-cong-bo-thu-tuc-hanh-chinh-Giao-duc-nghe-nghiep-Uy-ban-tinh-Quang-Binh-659525.aspx
2025-07-11 08:57:45,179 - INFO - ✅ Đã lấy link: https://thuvienphapluat.vn/van-ban/Bo-may-hanh-chinh/Quyet-dinh-1577-QD-UBND-2025-quy-trinh-thu-tuc-hanh-chinh-kham-benh-So-Y-te-Nam-Dinh-659464.aspx
2025-07-11 08:57:45,182 - INFO - ✅ Đã lấy link: https://thuvienphapluat.vn/van-ban/Bo-may-hanh-chinh/Quyet-dinh-1278-QD-UBND-2025-dich-vu-cong-truc-tuyen-toan-trinh-dau-gia-tai-san-So-Tu-phap-Son-La-659365.aspx
2025-07-11 08:57:45,186 - INFO - ✅ Đã lấy link: https://thuvienphapluat.vn/van-ban/Bo-may-hanh-chinh/Quyet-dinh-1688-QD-UBND-2025-thu-tuc-hanh-chinh-Quan-ly-chat-luong-nong-lam-san-So-Nong-nghiep-Thanh-Hoa-659369.aspx
2025-07-11 08:57:45,186 - INFO - ➡️ Đang truy cập: https://thuvienphapluat.vn/page/searchlegal.aspx?keyword=&area=0&match=True&type=0&status=1&signer=0&sort=1&lan=1&scan=0&org=0&fields=15&chlbg=09/07/1945&chlend=09/07/2035&page=53
2025-07-11 08:57:45,820 - INFO - 🤖 CAPTCHA OCR: 624525
2025-07-11 08:57:48,930 - INFO - ⏳ Chờ 6.27s giả lập người dùng...
2025-07-11 08:57:57,741 - INFO - 🧭 Tiêu đề trang: Tra cứu Văn Bản Pháp Luật
2025-07-11 08:57:57,757 - INFO - ✅ Đã lấy link: https://thuvienphapluat.vn/van-ban/Dau-tu/Nghi-quyet-06-2025-NQ-HDND-bai-bo-Nghi-quyet-02-2020-NQ-HDND-Long-An-659656.aspx
2025-07-11 08:57:57,760 - INFO - ✅ Đã lấy link: https://thuvienphapluat.vn/van-ban/Thue-Phi-Le-Phi/Quyet-dinh-1561-QD-UBND-2025-quy-trinh-thu-tuc-hanh-chinh-linh-vuc-thue-So-Nong-nghiep-Nghe-An-659409.aspx
2025-07-11 08:57:57,764 - INFO - ✅ Đã lấy link: https://thuvienphapluat.vn/van-ban/Bo-may-hanh-chinh/Quyet-dinh-1352-QD-UBND-2025-cong-bo-Danh-muc-thu-tuc-hanh-chinh-So-Noi-vu-Can-Tho-659750.aspx
2025-07-11 08:57:57,768 - INFO - ✅ Đã lấy link: https://thuvienphapluat.vn/van-ban/Bo-may-hanh-chinh/Quyet-dinh-896-QD-UBND-2025-cong-bo-thu-tuc-hanh-chinh-khoa-hoc-cong-nghe-So-Nong-nghiep-An-Giang-659608.aspx
2025-07-11 08:57:57,771 - INFO - ✅ Đã lấy link: https://thuvienphapluat.vn/van-ban/Bo-may-hanh-chinh/Quyet-dinh-471-QD-UBND-2025-cong-bo-thu-tuc-hanh-chinh-Khoa-hoc-Cong-nghe-Kon-Tum-659949.aspx
2025-07-11 08:57:57,775 - INFO - ✅ Đã lấy link: https://thuvienphapluat.vn/van-ban/Bao-hiem/Quyet-dinh-1557-QD-UBND-2025-cong-bo-thu-tuc-hanh-chinh-Lao-dong-tien-luong-So-Noi-vu-Nghe-An-659395.aspx
2025-07-11 08:57:57,779 - INFO - ✅ Đã lấy link: https://thuvienphapluat.vn/van-ban/Bo-may-hanh-chinh/Quyet-dinh-1552-QD-UBND-2025-quy-trinh-thu-tuc-hanh-chinh-Trong-trot-So-Nong-nghiep-Nghe-An-659413.aspx
2025-07-11 08:57:57,782 - INFO - ✅ Đã lấy link: https://thuvienphapluat.vn/van-ban/Bo-may-hanh-chinh/Quyet-dinh-1876-QD-UBND-2025-co-che-giai-quyet-thu-tuc-hanh-chinh-ho-tich-chu-dong-phuc-vu-Binh-Dinh-660072.aspx
2025-07-11 08:57:57,786 - INFO - ✅ Đã lấy link: https://thuvienphapluat.vn/van-ban/Bat-dong-san/Quyet-dinh-1852-QD-UBND-2025-cong-bo-thu-tuc-hanh-chinh-linh-vuc-dat-dai-Uy-ban-huyen-Ben-Tre-660246.aspx
2025-07-11 08:57:57,789 - INFO - ✅ Đã lấy link: https://thuvienphapluat.vn/van-ban/Bo-may-hanh-chinh/Quyet-dinh-1850-QD-UBND-2025-cong-bo-thu-tuc-hanh-chinh-giao-duc-So-Giao-duc-Ben-Tre-660240.aspx
2025-07-11 08:57:57,793 - INFO - ✅ Đã lấy link: https://thuvienphapluat.vn/van-ban/Dau-tu/Quyet-dinh-56-2025-QD-UBND-bai-bo-Quyet-dinh-74-2021-QD-UBND-thu-tuc-quan-ly-du-an-dau-tu-Hue-661450.aspx
2025-07-11 08:57:57,796 - INFO - ✅ Đã lấy link: https://thuvienphapluat.vn/van-ban/Bo-may-hanh-chinh/Quyet-dinh-46-2025-QD-UBND-chuc-nang-nhiem-vu-quyen-han-Chi-cuc-Dan-so-Ha-Nam-660223.aspx
2025-07-11 08:57:57,800 - INFO - ✅ Đã lấy link: https://thuvienphapluat.vn/van-ban/Bo-may-hanh-chinh/Quyet-dinh-1051-QD-UBND-2025-cong-bo-thu-tuc-hanh-chinh-duong-bo-So-Xay-dung-Ca-Mau-661173.aspx
2025-07-11 08:57:57,804 - INFO - ✅ Đã lấy link: https://thuvienphapluat.vn/van-ban/Bo-may-hanh-chinh/Quyet-dinh-1065-QD-TTg-2025-kien-toan-Ban-Chi-dao-quoc-gia-ve-ODA-va-von-vay-uu-dai-659454.aspx
2025-07-11 08:57:57,808 - INFO - ✅ Đã lấy link: https://thuvienphapluat.vn/van-ban/Bo-may-hanh-chinh/Quyet-dinh-1327-QD-UBND-2025-cong-bo-thu-tuc-hanh-chinh-noi-bo-So-Van-hoa-Tra-Vinh-659563.aspx
2025-07-11 08:57:57,811 - INFO - ✅ Đã lấy link: https://thuvienphapluat.vn/van-ban/Lao-dong-Tien-luong/Quyet-dinh-1446-QD-UBND-2025-cong-bo-thu-tuc-hanh-chinh-linh-vuc-viec-lam-nganh-Noi-vu-Tien-Giang-659729.aspx
2025-07-11 08:57:57,815 - INFO - ✅ Đã lấy link: https://thuvienphapluat.vn/van-ban/Bo-may-hanh-chinh/Quyet-dinh-1452-QD-UBND-2025-quy-trinh-thu-tuc-hanh-chinh-chan-nuoi-So-Tai-chinh-Khanh-Hoa-660446.aspx
2025-07-11 08:57:57,819 - INFO - ✅ Đã lấy link: https://thuvienphapluat.vn/van-ban/Bo-may-hanh-chinh/Quyet-dinh-1349-QD-UBND-2025-cong-bo-thu-tuc-hanh-chinh-noi-bo-Uy-ban-thanh-pho-Can-Tho-659609.aspx
2025-07-11 08:57:57,823 - INFO - ✅ Đã lấy link: https://thuvienphapluat.vn/van-ban/Bo-may-hanh-chinh/Quyet-dinh-44-2025-QD-UBND-chuc-nang-nhiem-vu-Trung-tam-Chuyen-doi-so-So-Khoa-hoc-Tay-Ninh-660073.aspx
2025-07-11 08:57:57,826 - INFO - ✅ Đã lấy link: https://thuvienphapluat.vn/van-ban/Bo-may-hanh-chinh/Quyet-dinh-1794-QD-UBND-2025-cong-bo-thu-tuc-hanh-chinh-ho-tro-dich-vu-cong-truc-tuyen-Dong-Nai-661622.aspx
2025-07-11 08:57:57,827 - INFO - ➡️ Đang truy cập: https://thuvienphapluat.vn/page/searchlegal.aspx?keyword=&area=0&match=True&type=0&status=1&signer=0&sort=1&lan=1&scan=0&org=0&fields=15&chlbg=09/07/1945&chlend=09/07/2035&page=54
2025-07-11 08:57:58,462 - INFO - 🤖 CAPTCHA OCR: 587784
2025-07-11 08:58:01,571 - INFO - ⏳ Chờ 5.51s giả lập người dùng...
2025-07-11 08:58:10,967 - INFO - 🧭 Tiêu đề trang: Tra cứu Văn Bản Pháp Luật
2025-07-11 08:58:10,984 - INFO - ✅ Đã lấy link: https://thuvienphapluat.vn/van-ban/Bo-may-hanh-chinh/Nghi-quyet-49-NQ-HDND-2025-ke-hoach-to-chuc-cac-ky-hop-thuong-le-Hoi-dong-nhan-dan-Khanh-Hoa-661085.aspx
2025-07-11 08:58:10,987 - INFO - ✅ Đã lấy link: https://thuvienphapluat.vn/van-ban/Bo-may-hanh-chinh/Quyet-dinh-1851-QD-UBND-2025-cong-bo-thu-tuc-hanh-chinh-giao-duc-dao-tao-Uy-ban-huyen-Ben-Tre-660244.aspx
2025-07-11 08:58:10,991 - INFO - ✅ Đã lấy link: https://thuvienphapluat.vn/van-ban/Bo-may-hanh-chinh/Quyet-dinh-43-2025-QD-UBND-chuc-nang-nhiem-vu-Trung-tam-Khoa-hoc-Cong-nghe-Tay-Ninh-660074.aspx
2025-07-11 08:58:10,995 - INFO - ✅ Đã lấy link: https://thuvienphapluat.vn/van-ban/Bo-may-hanh-chinh/Quyet-dinh-1863-QD-UBND-2025-cong-bo-thu-tuc-hanh-chinh-dich-vu-cong-truc-tuyen-toan-trinh-Binh-Dinh-659689.aspx
2025-07-11 08:58:10,999 - INFO - ✅ Đã lấy link: https://thuvienphapluat.vn/van-ban/Bo-may-hanh-chinh/Cong-dien-80-CD-TTg-2025-cong-tac-thuc-hien-phuong-an-xu-ly-tai-san-sau-sap-xep-bo-may-659268.aspx
2025-07-11 08:58:11,002 - INFO - ✅ Đã lấy link: https://thuvienphapluat.vn/van-ban/Bo-may-hanh-chinh/Quyet-dinh-1721-QD-UBND-2025-cong-bo-thu-tuc-hanh-chinh-khoa-hoc-cong-nghe-So-Nong-nghiep-Lao-Cai-659374.aspx
2025-07-11 08:58:11,006 - INFO - ✅ Đã lấy link: https://thuvienphapluat.vn/van-ban/Bo-may-hanh-chinh/Quyet-dinh-1032-QD-BKHCN-2025-Ke-hoach-thuc-hien-Chi-thi-11-CT-TTg-658976.aspx
2025-07-11 08:58:11,010 - INFO - ✅ Đã lấy link: https://thuvienphapluat.vn/van-ban/Bo-may-hanh-chinh/Chi-thi-15-CT-TTg-2025-tang-cuong-chap-hanh-quy-dinh-phap-luat-ve-gia-658928.aspx
2025-07-11 08:58:11,013 - INFO - ✅ Đã lấy link: https://thuvienphapluat.vn/van-ban/Bo-may-hanh-chinh/Quyet-dinh-1599-QD-BVHTTDL-2025-so-ket-05-nam-Chuong-trinh-tong-the-cai-cach-hanh-chinh-nha-nuoc-659291.aspx
2025-07-11 08:58:11,017 - INFO - ✅ Đã lấy link: https://thuvienphapluat.vn/van-ban/Bo-may-hanh-chinh/Thong-tu-01-2025-TT-TANDTC-thi-tuyen-chon-Tham-phan-Toa-an-nhan-dan-659776.aspx
2025-07-11 08:58:11,021 - INFO - ✅ Đã lấy link: https://thuvienphapluat.vn/van-ban/Bo-may-hanh-chinh/Quyet-dinh-1313-QD-UBND-2025-cong-bo-thu-tuc-hanh-chinh-noi-bo-So-Y-te-Tra-Vinh-659156.aspx
2025-07-11 08:58:11,024 - INFO - ✅ Đã lấy link: https://thuvienphapluat.vn/van-ban/Bo-may-hanh-chinh/Quyet-dinh-1314-QD-UBND-2025-cong-bo-thu-tuc-hanh-chinh-noi-bo-So-Nong-nghiep-Tra-Vinh-659155.aspx
2025-07-11 08:58:11,028 - INFO - ✅ Đã lấy link: https://thuvienphapluat.vn/van-ban/Lao-dong-Tien-luong/Quyet-dinh-465-QD-UBND-2025-Quy-trinh-thu-tuc-hanh-chinh-Giao-duc-nghe-nghiep-So-Giao-duc-Kon-Tum-659151.aspx
2025-07-11 08:58:11,031 - INFO - ✅ Đã lấy link: https://thuvienphapluat.vn/van-ban/Bo-may-hanh-chinh/Quyet-dinh-36-2025-QD-UBND-chuc-nang-nhiem-vu-quyen-han-Chi-cuc-Bao-ve-moi-truong-Ha-Giang-659200.aspx
2025-07-11 08:58:11,035 - INFO - ✅ Đã lấy link: https://thuvienphapluat.vn/van-ban/Bo-may-hanh-chinh/Quyet-dinh-931-QD-UBND-2025-cong-bo-thu-tuc-hanh-chinh-So-Khoa-hoc-Bac-Ninh-659473.aspx
2025-07-11 08:58:11,039 - INFO - ✅ Đã lấy link: https://thuvienphapluat.vn/van-ban/Bo-may-hanh-chinh/Quyet-dinh-930-QD-UBND-2025-cong-bo-thu-tuc-hanh-chinh-dia-chat-khoang-san-So-Nong-nghiep-Bac-Ninh-659472.aspx
2025-07-11 08:58:11,043 - INFO - ✅ Đã lấy link: https://thuvienphapluat.vn/van-ban/Bo-may-hanh-chinh/Quyet-dinh-35-2025-QD-UBND-chuc-nang-Van-phong-Dieu-phoi-chuong-trinh-muc-tieu-quoc-gia-Ben-Tre-659959.aspx
2025-07-11 08:58:11,046 - INFO - ✅ Đã lấy link: https://thuvienphapluat.vn/van-ban/Bo-may-hanh-chinh/Quyet-dinh-33-2025-QD-UBND-chuc-nang-nhiem-vu-Chi-cuc-Phat-trien-nong-thon-Ben-Tre-659957.aspx
2025-07-11 08:58:11,050 - INFO - ✅ Đã lấy link: https://thuvienphapluat.vn/van-ban/Bo-may-hanh-chinh/Quyet-dinh-34-2025-QD-UBND-chuc-nang-nhiem-vu-quyen-han-Chi-cuc-Thuy-loi-Ben-Tre-659958.aspx
2025-07-11 08:58:11,053 - INFO - ✅ Đã lấy link: https://thuvienphapluat.vn/van-ban/Thuong-mai/Quyet-dinh-28-2025-QD-UBND-sua-doi-co-cau-to-chuc-Chi-cuc-Quan-ly-thi-truong-Binh-Duong%e2%80%8b-659175.aspx
2025-07-11 08:58:11,054 - INFO - ➡️ Đang truy cập: https://thuvienphapluat.vn/page/searchlegal.aspx?keyword=&area=0&match=True&type=0&status=1&signer=0&sort=1&lan=1&scan=0&org=0&fields=15&chlbg=09/07/1945&chlend=09/07/2035&page=55
2025-07-11 08:58:11,734 - INFO - 🤖 CAPTCHA OCR: 423673
2025-07-11 08:58:14,847 - INFO - ⏳ Chờ 6.31s giả lập người dùng...
2025-07-11 08:58:24,610 - INFO - 🧭 Tiêu đề trang: Tra cứu Văn Bản Pháp Luật
2025-07-11 08:58:24,626 - INFO - ✅ Đã lấy link: https://thuvienphapluat.vn/van-ban/Bo-may-hanh-chinh/Quyet-dinh-39-2025-QD-UBND-chuc-nang-nhiem-vu-Chi-cuc-Lam-nghiep-Kiem-lam-Gia-Lai-659149.aspx
2025-07-11 08:58:24,630 - INFO - ✅ Đã lấy link: https://thuvienphapluat.vn/van-ban/Bo-may-hanh-chinh/Quyet-dinh-313-QD-BDTTG-2025-Ke-hoach-kiem-tra-xu-ly-van-ban-quy-pham-phap-luat-659275.aspx
2025-07-11 08:58:24,633 - INFO - ✅ Đã lấy link: https://thuvienphapluat.vn/van-ban/Bo-may-hanh-chinh/Quyet-dinh-1892-QD-BTC-2025-sua-doi-Quyet-dinh-co-cau-to-chuc-don-vi-thuoc-Bo-Tai-chinh-659579.aspx
2025-07-11 08:58:24,637 - INFO - ✅ Đã lấy link: https://thuvienphapluat.vn/van-ban/Bo-may-hanh-chinh/Quyet-dinh-43-2025-QD-UBND-sua-doi-Quy-che-tiep-cong-dan-tiep-nhan-xu-ly-don-thu-khieu-nai-Ha-Nam-659653.aspx
2025-07-11 08:58:24,641 - INFO - ✅ Đã lấy link: https://thuvienphapluat.vn/van-ban/Bo-may-hanh-chinh/Quyet-dinh-52-2025-QD-UBND-sua-doi-Quyet-dinh-32-2025-QD-UBND-Ninh-Thuan-659308.aspx
2025-07-11 08:58:24,645 - INFO - ✅ Đã lấy link: https://thuvienphapluat.vn/van-ban/Bo-may-hanh-chinh/Quyet-dinh-31-2025-QD-UBND-bai-bo-cac-Quyet-dinh-cua-Uy-ban-tinh-Ben-Tre-659955.aspx
2025-07-11 08:58:24,648 - INFO - ✅ Đã lấy link: https://thuvienphapluat.vn/van-ban/Bo-may-hanh-chinh/Quyet-dinh-1844-QD-UBND-2025-cong-bo-thu-tuc-hanh-chinh-Quan-ly-de-dieu-So-Nong-nghiep-Binh-Dinh-659565.aspx
2025-07-11 08:58:24,652 - INFO - ✅ Đã lấy link: https://thuvienphapluat.vn/van-ban/Bo-may-hanh-chinh/Quyet-dinh-1569-QD-UBND-2025-cong-bo-thu-tuc-hanh-chinh-dia-chat-khoang-san-So-Nong-nghiep-Nam-Dinh-659255.aspx
2025-07-11 08:58:24,656 - INFO - ✅ Đã lấy link: https://thuvienphapluat.vn/van-ban/Bat-dong-san/Quyet-dinh-1158-QD-UBND-2025-thu-tuc-hanh-chinh-Dang-ky-bien-phap-bao-dam-So-Nong-nghiep-Bac-Lieu-659373.aspx
2025-07-11 08:58:24,659 - INFO - ✅ Đã lấy link: https://thuvienphapluat.vn/van-ban/Bo-may-hanh-chinh/Quyet-dinh-1138-QD-UBND-2025-cong-bo-thu-tuc-hanh-chinh-Giao-duc-dao-tao-Uy-ban-xa-Bac-Lieu-659334.aspx
2025-07-11 08:58:24,663 - INFO - ✅ Đã lấy link: https://thuvienphapluat.vn/van-ban/Thue-Phi-Le-Phi/Quyet-dinh-1157-QD-UBND-2025-cong-bo-thu-tuc-hanh-chinh-Chinh-sach-thue-So-Nong-nghiep-Bac-Lieu-659333.aspx
2025-07-11 08:58:24,666 - INFO - ✅ Đã lấy link: https://thuvienphapluat.vn/van-ban/Bat-dong-san/Quyet-dinh-1142-QD-UBND-2025-cong-bo-thu-tuc-hanh-chinh-Tai-chinh-dat-dai-Uy-ban-huyen-Bac-Lieu-659330.aspx
2025-07-11 08:58:24,671 - INFO - ✅ Đã lấy link: https://thuvienphapluat.vn/van-ban/Dau-tu/Quyet-dinh-1123-QD-UBND-2025-cong-bo-thu-tuc-hanh-chinh-linh-vuc-Dau-thau-So-Tai-chinh-Bac-Lieu-659329.aspx
2025-07-11 08:58:24,675 - INFO - ✅ Đã lấy link: https://thuvienphapluat.vn/van-ban/Bo-may-hanh-chinh/Quyet-dinh-1010-QD-UBND-2025-cong-bo-thu-tuc-hanh-chinh-Bao-tro-xa-hoi-So-Y-te-Thai-Binh-659326.aspx
2025-07-11 08:58:24,680 - INFO - ✅ Đã lấy link: https://thuvienphapluat.vn/van-ban/Bo-may-hanh-chinh/Quyet-dinh-1546-QD-UBND-2025-quy-trinh-noi-bo-thu-tuc-hanh-chinh-So-Giao-duc-Nghe-An-659075.aspx
2025-07-11 08:58:24,684 - INFO - ✅ Đã lấy link: https://thuvienphapluat.vn/van-ban/Bo-may-hanh-chinh/Quyet-dinh-29-2025-QD-UBND-bai-bo-Quyet-dinh-trach-nhiem-quan-ly-cong-trinh-luoi-dien-Binh-Duong-659960.aspx
2025-07-11 08:58:24,690 - INFO - ✅ Đã lấy link: https://thuvienphapluat.vn/van-ban/Bo-may-hanh-chinh/Quyet-dinh-1814-QD-UBND-2025-thu-tuc-hanh-chinh-khong-phu-thuoc-vao-dia-gioi-hanh-chinh-Ben-Tre-660259.aspx
2025-07-11 08:58:24,694 - INFO - ✅ Đã lấy link: https://thuvienphapluat.vn/van-ban/Xuat-nhap-khau/Quyet-dinh-1819-QD-UBND-2025-cong-bo-thu-tuc-hanh-chinh-xuat-nhap-khau-So-Cong-Thuong-Ben-Tre-660255.aspx
2025-07-11 08:58:24,699 - INFO - ✅ Đã lấy link: https://thuvienphapluat.vn/van-ban/Bo-may-hanh-chinh/Quyet-dinh-44-2025-QD-UBND-bai-bo-Quyet-dinh-11-2015-QD-UBND-Ha-Nam-659654.aspx
2025-07-11 08:58:24,704 - INFO - ✅ Đã lấy link: https://thuvienphapluat.vn/van-ban/Cong-nghe-thong-tin/Quyet-dinh-45-2025-QD-UBND-bai-bo-Quyet-dinh-12-2023-QD-UBND-Ha-Nam-659652.aspx
2025-07-11 08:58:24,705 - INFO - ➡️ Đang truy cập: https://thuvienphapluat.vn/page/searchlegal.aspx?keyword=&area=0&match=True&type=0&status=1&signer=0&sort=1&lan=1&scan=0&org=0&fields=15&chlbg=09/07/1945&chlend=09/07/2035&page=56
2025-07-11 08:58:25,397 - INFO - 🤖 CAPTCHA OCR: 616844
2025-07-11 08:58:28,501 - INFO - ⏳ Chờ 5.06s giả lập người dùng...
2025-07-11 08:58:36,293 - INFO - 🧭 Tiêu đề trang: Tra cứu Văn Bản Pháp Luật
2025-07-11 08:58:36,311 - INFO - ✅ Đã lấy link: https://thuvienphapluat.vn/van-ban/Bo-may-hanh-chinh/Quyet-dinh-826-QD-UBND-2025-cong-bo-thu-tuc-hanh-chinh-linh-vuc-khen-thuong-So-Noi-vu-Quang-Ngai-659198.aspx
2025-07-11 08:58:36,316 - INFO - ✅ Đã lấy link: https://thuvienphapluat.vn/van-ban/Bo-may-hanh-chinh/Quyet-dinh-1818-QD-UBND-2025-cong-bo-thu-tuc-hanh-chinh-linh-vuc-khoang-san-So-Tai-nguyen-Ben-Tre-660257.aspx
2025-07-11 08:58:36,320 - INFO - ✅ Đã lấy link: https://thuvienphapluat.vn/van-ban/Bo-may-hanh-chinh/Quyet-dinh-1850-QD-UBND-2025-Dieu-le-to-chuc-Quy-Bao-ve-Phat-trien-rung-Binh-Dinh-660076.aspx
2025-07-11 08:58:36,325 - INFO - ✅ Đã lấy link: https://thuvienphapluat.vn/van-ban/Bo-may-hanh-chinh/Quyet-dinh-1846-QD-UBND-2025-doi-moi-cong-tac-xay-dung-va-thi-hanh-phap-luat-Binh-Dinh-659706.aspx
2025-07-11 08:58:36,330 - INFO - ✅ Đã lấy link: https://thuvienphapluat.vn/van-ban/Bo-may-hanh-chinh/Quyet-dinh-1830-QD-UBND-2025-quy-trinh-thu-tuc-hanh-chinh-kinh-te-hop-tac-So-Nong-nghiep-Ben-Tre-660254.aspx
2025-07-11 08:58:36,334 - INFO - ✅ Đã lấy link: https://thuvienphapluat.vn/van-ban/Bo-may-hanh-chinh/Quyet-dinh-1831-QD-UBND-2025-thu-tuc-hanh-chinh-chat-luong-nong-lam-san-So-Nong-nghiep-Ben-Tre-660247.aspx
2025-07-11 08:58:36,339 - INFO - ✅ Đã lấy link: https://thuvienphapluat.vn/van-ban/Bat-dong-san/Quyet-dinh-1832-QD-UBND-2025-quy-trinh-thu-tuc-hanh-chinh-linh-vuc-dat-dai-Uy-ban-xa-Ben-Tre-660249.aspx
2025-07-11 08:58:36,344 - INFO - ✅ Đã lấy link: https://thuvienphapluat.vn/van-ban/Bo-may-hanh-chinh/Quyet-dinh-1590-Q%c3%90-UBND-2025-cong-bo-thu-tuc-hanh-chinh-nong-nghiep-So-Nong-nghiep-Hue-661517.aspx
2025-07-11 08:58:36,347 - INFO - ✅ Đã lấy link: https://thuvienphapluat.vn/van-ban/Bo-may-hanh-chinh/Quyet-dinh-712-QD-UBND-2025-Quy-trinh-thu-tuc-hanh-chinh-Bao-tro-xa-hoi-So-Y-te-Ninh-Thuan-661453.aspx
2025-07-11 08:58:36,351 - INFO - ✅ Đã lấy link: https://thuvienphapluat.vn/van-ban/Bo-may-hanh-chinh/Quyet-dinh-1577-Q%c3%90-UBND-2025-cong-bo-thu-tuc-hanh-chinh-linh-vuc-Khoa-hoc-So-Nong-nghiep-Hue-661516.aspx
2025-07-11 08:58:36,355 - INFO - ✅ Đã lấy link: https://thuvienphapluat.vn/van-ban/Bo-may-hanh-chinh/Quyet-dinh-1191-QD-UBND-2025-cong-bo-thu-tuc-hanh-chinh-chinh-sach-nha-giao-cac-cap-chinh-quyen-Phu-Tho-660708.aspx
2025-07-11 08:58:36,358 - INFO - ✅ Đã lấy link: https://thuvienphapluat.vn/van-ban/Bo-may-hanh-chinh/Quyet-dinh-1043-QD-UBND-2025-cong-bo-cat-giam-thoi-gian-thu-tuc-hanh-chinh-Nha-o-Uy-ban-tinh-Ca-Mau-661172.aspx
2025-07-11 08:58:36,362 - INFO - ✅ Đã lấy link: https://thuvienphapluat.vn/van-ban/Bo-may-hanh-chinh/Quyet-dinh-1834-QD-UBND-2025-quy-trinh-thu-tuc-hanh-chinh-bien-va-hai-dao-So-Nong-nghiep-Ben-Tre-660252.aspx
2025-07-11 08:58:36,365 - INFO - ✅ Đã lấy link: https://thuvienphapluat.vn/van-ban/Xuat-nhap-khau/Quyet-dinh-1913-QD-BTC-2025-cong-bo-thu-tuc-hanh-chinh-linh-vuc-quan-ly-Thue-Hai-quan-660316.aspx
2025-07-11 08:58:36,369 - INFO - ✅ Đã lấy link: https://thuvienphapluat.vn/van-ban/Bo-may-hanh-chinh/Quyet-dinh-928-QD-UBND-2025-cong-bo-thu-tuc-hanh-chinh-khoa-hoc-cong-nghiep-So-Nong-nghiep-Bac-Ninh-660304.aspx
2025-07-11 08:58:36,372 - INFO - ✅ Đã lấy link: https://thuvienphapluat.vn/van-ban/Bo-may-hanh-chinh/Quyet-dinh-1406-QD-UBND-2025-cong-bo-thu-tuc-hanh-chinh-dau-gia-tai-san-nganh-Tu-phap-Tien-Giang-660449.aspx
2025-07-11 08:58:36,376 - INFO - ✅ Đã lấy link: https://thuvienphapluat.vn/van-ban/Bo-may-hanh-chinh/Quy-dinh-296-QD-TW-2025-cong-tac-kiem-tra-giam-sat-va-ky-luat-cua-Dang-659272.aspx
2025-07-11 08:58:36,379 - INFO - ✅ Đã lấy link: https://thuvienphapluat.vn/van-ban/Lao-dong-Tien-luong/Quyet-dinh-1567-QD-UBND-2025-thu-tuc-hanh-chinh-giao-duc-nghe-nghiep-So-Giao-duc-Nam-Dinh-659254.aspx
2025-07-11 08:58:36,383 - INFO - ✅ Đã lấy link: https://thuvienphapluat.vn/van-ban/Bo-may-hanh-chinh/Quyet-dinh-40-2025-QD-UBND-chuc-nang-nhiem-vu-quyen-han-So-Cong-Thuong-Bac-Ninh-661086.aspx
2025-07-11 08:58:36,387 - INFO - ✅ Đã lấy link: https://thuvienphapluat.vn/van-ban/Bo-may-hanh-chinh/Quyet-dinh-1760-QD-BNNMT-2025-Quy-trinh-noi-bo-thuc-hien-thu-tuc-hanh-chinh-khi-tuong-thuy-van-660594.aspx
2025-07-11 08:58:36,387 - INFO - ➡️ Đang truy cập: https://thuvienphapluat.vn/page/searchlegal.aspx?keyword=&area=0&match=True&type=0&status=1&signer=0&sort=1&lan=1&scan=0&org=0&fields=15&chlbg=09/07/1945&chlend=09/07/2035&page=57
2025-07-11 08:58:37,010 - INFO - 🤖 CAPTCHA OCR: 822573
2025-07-11 08:58:40,116 - INFO - ⏳ Chờ 4.08s giả lập người dùng...
2025-07-11 08:58:46,576 - INFO - 🧭 Tiêu đề trang: Tra cứu Văn Bản Pháp Luật
2025-07-11 08:58:46,593 - INFO - ✅ Đã lấy link: https://thuvienphapluat.vn/van-ban/Bo-may-hanh-chinh/Quyet-dinh-1760-QD-BNNMT-2025-Quy-trinh-noi-bo-thuc-hien-thu-tuc-hanh-chinh-khi-tuong-thuy-van-660594.aspx
2025-07-11 08:58:46,597 - INFO - ✅ Đã lấy link: https://thuvienphapluat.vn/van-ban/Bo-may-hanh-chinh/Quyet-dinh-1402-QD-UBND-2025-thu-tuc-hanh-chinh-khong-phu-thuoc-dia-gioi-hanh-chinh-Tien-Giang-660448.aspx
2025-07-11 08:58:46,601 - INFO - ✅ Đã lấy link: https://thuvienphapluat.vn/van-ban/Lao-dong-Tien-luong/Quyet-dinh-738-QD-UBND-2025-cong-bo-thu-tuc-hanh-chinh-giao-duc-nghe-nghiep-So-Giao-duc-Cao-Bang-662941.aspx
2025-07-11 08:58:46,605 - INFO - ✅ Đã lấy link: https://thuvienphapluat.vn/van-ban/Bo-may-hanh-chinh/Quyet-dinh-53-2025-QD-UBND-chuc-nang-nhiem-vu-Cang-vu-Duong-thuy-noi-dia-An-Giang-662112.aspx
2025-07-11 08:58:46,609 - INFO - ✅ Đã lấy link: https://thuvienphapluat.vn/van-ban/Bat-dong-san/Quyet-dinh-52-2025-QD-UBND-chuc-nang-nhiem-vu-Van-phong-Dang-ky-dat-dai-An-Giang-662111.aspx
2025-07-11 08:58:46,612 - INFO - ✅ Đã lấy link: https://thuvienphapluat.vn/van-ban/Bo-may-hanh-chinh/Quyet-dinh-49-2025-QD-UBND-chuc-nang-nhiem-vu-Trung-tam-Tu-van-Kiem-dinh-xay-dung-An-Giang-662108.aspx
2025-07-11 08:58:46,616 - INFO - ✅ Đã lấy link: https://thuvienphapluat.vn/van-ban/Bo-may-hanh-chinh/Quyet-dinh-48-2025-QD-UBND-chuc-nang-Trung-tam-Giao-duc-nghe-nghiep-Giao-thong-van-tai-An-Giang-662107.aspx
2025-07-11 08:58:46,619 - INFO - ✅ Đã lấy link: https://thuvienphapluat.vn/van-ban/Bo-may-hanh-chinh/Quyet-dinh-50-2025-QD-UBND-chuc-nang-nhiem-vu-Trung-tam-Dang-kiem-phuong-tien-thuy-bo-An-Giang-662109.aspx
2025-07-11 08:58:46,623 - INFO - ✅ Đã lấy link: https://thuvienphapluat.vn/van-ban/Bo-may-hanh-chinh/Quyet-dinh-51-2025-QD-UBND-chuc-nang-nhiem-vu-Ban-Quan-ly-bao-tri-duong-bo-An-Giang-662110.aspx
2025-07-11 08:58:46,626 - INFO - ✅ Đã lấy link: https://thuvienphapluat.vn/van-ban/Bo-may-hanh-chinh/Quyet-dinh-737-QD-UBND-2025-cong-bo-thu-tuc-hanh-chinh-linh-vuc-Thuy-san-So-Nong-nghiep-Cao-Bang-662938.aspx
2025-07-11 08:58:46,630 - INFO - ✅ Đã lấy link: https://thuvienphapluat.vn/van-ban/Bo-may-hanh-chinh/Quyet-dinh-1089-QD-UBND-2025-quy-trinh-thu-tuc-hanh-chinh-linh-vuc-tre-em-So-Y-te-Dien-Bien-661390.aspx
2025-07-11 08:58:46,634 - INFO - ✅ Đã lấy link: https://thuvienphapluat.vn/van-ban/Bo-may-hanh-chinh/Quyet-dinh-1438-QD-UBND-2025-Quy-trinh-thu-tuc-hanh-chinh-khen-thuong-Uy-ban-xa-Khanh-Hoa-660116.aspx
2025-07-11 08:58:46,637 - INFO - ✅ Đã lấy link: https://thuvienphapluat.vn/van-ban/Bo-may-hanh-chinh/Quyet-dinh-1439-QD-UBND-2025-cong-bo-thu-tuc-hanh-chinh-linh-vuc-tai-chinh-Uy-ban-Khanh-Hoa-660141.aspx
2025-07-11 08:58:46,641 - INFO - ✅ Đã lấy link: https://thuvienphapluat.vn/van-ban/Bo-may-hanh-chinh/Quyet-dinh-1646-QD-UBND-2025-cong-bo-thu-tuc-hanh-chinh-khoa-hoc-cong-nghe-So-Nong-nghiep-Hai-Phong-658973.aspx
2025-07-11 08:58:46,645 - INFO - ✅ Đã lấy link: https://thuvienphapluat.vn/van-ban/Bo-may-hanh-chinh/Quyet-dinh-1530-QD-UBND-2025-cong-bo-thu-tuc-hanh-chinh-quan-ly-cong-san-So-Tai-chinh-Nam-Dinh-658812.aspx
2025-07-11 08:58:46,648 - INFO - ✅ Đã lấy link: https://thuvienphapluat.vn/van-ban/Lao-dong-Tien-luong/Quyet-dinh-810-QD-UBND-2025-cong-bo-thu-tuc-hanh-chinh-giao-duc-nghe-nghiep-So-Giao-duc-Quang-Ngai-659230.aspx
2025-07-11 08:58:46,652 - INFO - ✅ Đã lấy link: https://thuvienphapluat.vn/van-ban/Thuong-mai/Quyet-dinh-902-QD-UBND-2025-nhiem-vu-quyen-han-Chi-cuc-Quan-ly-thi-truong-Lai-Chau-659098.aspx
2025-07-11 08:58:46,656 - INFO - ✅ Đã lấy link: https://thuvienphapluat.vn/van-ban/Bo-may-hanh-chinh/Quyet-dinh-1543-QD-UBND-2025-cong-bo-thu-tuc-hanh-chinh-khoang-san-So-Nong-nghiep-Nghe-An-659095.aspx
2025-07-11 08:58:46,659 - INFO - ✅ Đã lấy link: https://thuvienphapluat.vn/van-ban/Bo-may-hanh-chinh/Quyet-dinh-1421-QD-UBND-2025-cong-bo-thu-tuc-hanh-chinh-giao-duc-dao-tao-So-Giao-duc-Khanh-Hoa-659529.aspx
2025-07-11 08:58:46,663 - INFO - ✅ Đã lấy link: https://thuvienphapluat.vn/van-ban/Lao-dong-Tien-luong/Quyet-dinh-1420-QD-UBND-2025-cong-bo-thu-tuc-hanh-chinh-giao-duc-nghe-nghiep-So-Giao-duc-Khanh-Hoa-659528.aspx
2025-07-11 08:58:46,663 - INFO - ➡️ Đang truy cập: https://thuvienphapluat.vn/page/searchlegal.aspx?keyword=&area=0&match=True&type=0&status=1&signer=0&sort=1&lan=1&scan=0&org=0&fields=15&chlbg=09/07/1945&chlend=09/07/2035&page=58
2025-07-11 08:58:47,297 - INFO - 🤖 CAPTCHA OCR: 
2025-07-11 08:58:50,397 - INFO - ⏳ Chờ 6.56s giả lập người dùng...
2025-07-11 08:59:00,547 - INFO - 🧭 Tiêu đề trang: THƯ VIỆN PHÁP LUẬT _ Tra cứu, Nắm bắt Pháp Luật Việt Nam
2025-07-11 08:59:17,332 - ERROR - ❌ Lỗi tại trang 58: Message: 
Stacktrace:
#0 0x5ff20ac9823a <unknown>
#1 0x5ff20a742ab0 <unknown>
#2 0x5ff20a7946f0 <unknown>
#3 0x5ff20a7948e1 <unknown>
#4 0x5ff20a7e2b94 <unknown>
#5 0x5ff20a7ba1cd <unknown>
#6 0x5ff20a7dffee <unknown>
#7 0x5ff20a7b9f73 <unknown>
#8 0x5ff20a786aeb <unknown>
#9 0x5ff20a787751 <unknown>
#10 0x5ff20ac5cb4b <unknown>
#11 0x5ff20ac60929 <unknown>
#12 0x5ff20ac43929 <unknown>
#13 0x5ff20ac614e8 <unknown>
#14 0x5ff20ac280df <unknown>
#15 0x5ff20ac858e8 <unknown>
#16 0x5ff20ac85ac6 <unknown>
#17 0x5ff20ac97556 <unknown>
#18 0x7f88cdde6609 start_thread

2025-07-11 08:59:17,344 - INFO - ➡️ Đang truy cập: https://thuvienphapluat.vn/page/searchlegal.aspx?keyword=&area=0&match=True&type=0&status=1&signer=0&sort=1&lan=1&scan=0&org=0&fields=15&chlbg=09/07/1945&chlend=09/07/2035&page=59
2025-07-11 08:59:17,999 - INFO - 🤖 CAPTCHA OCR: 516475
2025-07-11 08:59:21,102 - INFO - ⏳ Chờ 4.61s giả lập người dùng...
2025-07-11 08:59:27,872 - INFO - 🧭 Tiêu đề trang: Tra cứu Văn Bản Pháp Luật
2025-07-11 08:59:27,888 - INFO - ✅ Đã lấy link: https://thuvienphapluat.vn/van-ban/Bo-may-hanh-chinh/Quyet-dinh-5898-QD-UBND-2025-cong-bo-thu-tuc-hanh-chinh-cong-tac-dan-toc-Uy-ban-huyen-Long-An-658934.aspx
2025-07-11 08:59:27,892 - INFO - ✅ Đã lấy link: https://thuvienphapluat.vn/van-ban/Bo-may-hanh-chinh/Quyet-dinh-1029-QD-UBND-2025-phe-duyet-Phuong-an-don-gian-hoa-thu-tuc-hanh-chinh-Ca-Mau-660763.aspx
2025-07-11 08:59:27,895 - INFO - ✅ Đã lấy link: https://thuvienphapluat.vn/van-ban/Dau-tu/Quyet-dinh-1176-QD-UBND-2025-cong-bo-thu-tuc-hanh-chinh-Dau-tu-Ban-Quan-ly-Khu-cong-nghiep-Phu-Tho-660303.aspx
2025-07-11 08:59:27,899 - INFO - ✅ Đã lấy link: https://thuvienphapluat.vn/van-ban/Bo-may-hanh-chinh/Quyet-dinh-1143-QD-UBND-2025-cong-bo-thu-tuc-hanh-chinh-linh-vuc-Tai-chinh-cap-tinh-Lam-Dong-661614.aspx
2025-07-11 08:59:27,903 - INFO - ✅ Đã lấy link: https://thuvienphapluat.vn/van-ban/Lao-dong-Tien-luong/Nghi-quyet-15-2025-NQ-HDND-chinh-sach-ho-tro-dao-tao-boi-duong-can-bo-Ben-Tre-2025-2030-662197.aspx
2025-07-11 08:59:27,907 - INFO - ✅ Đã lấy link: https://thuvienphapluat.vn/van-ban/Bo-may-hanh-chinh/Quyet-dinh-1178-QD-UBND-2025-cong-bo-thu-tuc-hanh-chinh-sua-doi-So-Y-te-Lang-Son-662055.aspx
2025-07-11 08:59:27,910 - INFO - ✅ Đã lấy link: https://thuvienphapluat.vn/van-ban/Bo-may-hanh-chinh/Quyet-dinh-1144-QD-UBND-2025-cong-bo-thu-tuc-hanh-chinh-giao-duc-dao-tao-cap-tinh-Lam-Dong-661615.aspx
2025-07-11 08:59:27,914 - INFO - ✅ Đã lấy link: https://thuvienphapluat.vn/van-ban/Bo-may-hanh-chinh/Quyet-dinh-1749-QD-UBND-2025-quy-trinh-thu-tuc-hanh-chinh-sua-doi-nganh-Noi-Vu-Dong-Nai-661688.aspx
2025-07-11 08:59:27,918 - INFO - ✅ Đã lấy link: https://thuvienphapluat.vn/van-ban/Bo-may-hanh-chinh/Quyet-dinh-1748-QD-UBND-2025-cong-bo-thu-tuc-hanh-chinh-Y-te-du-phong-So-Y-te-Dong-Nai-661679.aspx
2025-07-11 08:59:27,921 - INFO - ✅ Đã lấy link: https://thuvienphapluat.vn/van-ban/Bo-may-hanh-chinh/Nghi-quyet-11-2025-NQ-HDND-bai-bo-Nghi-quyet-04-2018-NQ-HDND-Ben-Tre-662202.aspx
2025-07-11 08:59:27,925 - INFO - ✅ Đã lấy link: https://thuvienphapluat.vn/van-ban/Bo-may-hanh-chinh/Quyet-dinh-227-QD-VP-2025-quy-trinh-thu-tuc-hanh-chinh-linh-vuc-y-te-du-phong-So-Y-te-Tuyen-Quang-660866.aspx
2025-07-11 08:59:27,928 - INFO - ✅ Đã lấy link: https://thuvienphapluat.vn/van-ban/Bat-dong-san/Nghi-quyet-14-2025-NQ-HDND-bai-bo-Nghi-quyet-27-2023-NQ-HDND-Ben-Tre-662198.aspx
2025-07-11 08:59:27,932 - INFO - ✅ Đã lấy link: https://thuvienphapluat.vn/van-ban/Bo-may-hanh-chinh/Nghi-quyet-17-2025-NQ-HDND-bai-bo-cac-Nghi-quyet-quy-dinh-muc-thu-hoc-phi-Ben-Tre-662194.aspx
2025-07-11 08:59:27,936 - INFO - ✅ Đã lấy link: https://thuvienphapluat.vn/van-ban/Bo-may-hanh-chinh/Nghi-quyet-18-2025-NQ-HDND-bai-bo-Nghi-quyet-27-2021-NQ-HDND-Ben-Tre-662193.aspx
2025-07-11 08:59:27,939 - INFO - ✅ Đã lấy link: https://thuvienphapluat.vn/van-ban/Bo-may-hanh-chinh/Quyet-dinh-703-QD-UBND-2025-cong-bo-thu-tuc-hanh-chinh-quan-ly-de-dieu-So-Nong-nghiep-Ninh-Thuan-658844.aspx
2025-07-11 08:59:27,943 - INFO - ✅ Đã lấy link: https://thuvienphapluat.vn/van-ban/Bo-may-hanh-chinh/Quyet-dinh-1473-QD-BCT-2025-cong-bo-thu-tuc-hanh-chinh-moi-linh-vuc-khoang-san-658966.aspx
2025-07-11 08:59:27,947 - INFO - ✅ Đã lấy link: https://thuvienphapluat.vn/van-ban/Bo-may-hanh-chinh/Quyet-dinh-706-QD-BXD-2025-Quy-che-soan-thao-to-chuc-thi-hanh-van-ban-quy-pham-phap-luat-658819.aspx
2025-07-11 08:59:27,951 - INFO - ✅ Đã lấy link: https://thuvienphapluat.vn/van-ban/Bo-may-hanh-chinh/Quyet-dinh-1268-QD-UBND-2025-cong-bo-thu-tuc-hanh-chinh-khoa-hoc-cong-nghe-So-Nong-nghiep-Tra-Vinh-658659.aspx
2025-07-11 08:59:27,954 - INFO - ✅ Đã lấy link: https://thuvienphapluat.vn/van-ban/Bo-may-hanh-chinh/Quyet-dinh-14-2025-QD-UBND-bai-bo-Quyet-dinh-11-2021-QD-UBND-Dak-Nong-658684.aspx
2025-07-11 08:59:27,958 - INFO - ✅ Đã lấy link: https://thuvienphapluat.vn/van-ban/Bo-may-hanh-chinh/Quyet-dinh-1630-QD-UBND-2025-cong-bo-thu-tuc-hanh-chinh-linh-vuc-Giam-ngheo-Uy-ban-xa-Thanh-Hoa-658705.aspx
2025-07-11 08:59:27,958 - INFO - ➡️ Đang truy cập: https://thuvienphapluat.vn/page/searchlegal.aspx?keyword=&area=0&match=True&type=0&status=1&signer=0&sort=1&lan=1&scan=0&org=0&fields=15&chlbg=09/07/1945&chlend=09/07/2035&page=60
2025-07-11 08:59:28,615 - INFO - 🤖 CAPTCHA OCR: 271113
2025-07-11 08:59:31,836 - INFO - ⏳ Chờ 6.78s giả lập người dùng...
2025-07-11 08:59:40,929 - INFO - 🧭 Tiêu đề trang: THƯ VIỆN PHÁP LUẬT _ Tra cứu, Nắm bắt Pháp Luật Việt Nam
2025-07-11 08:59:57,752 - ERROR - ❌ Lỗi tại trang 60: Message: 
Stacktrace:
#0 0x5ff20ac9823a <unknown>
#1 0x5ff20a742ab0 <unknown>
#2 0x5ff20a7946f0 <unknown>
#3 0x5ff20a7948e1 <unknown>
#4 0x5ff20a7e2b94 <unknown>
#5 0x5ff20a7ba1cd <unknown>
#6 0x5ff20a7dffee <unknown>
#7 0x5ff20a7b9f73 <unknown>
#8 0x5ff20a786aeb <unknown>
#9 0x5ff20a787751 <unknown>
#10 0x5ff20ac5cb4b <unknown>
#11 0x5ff20ac60929 <unknown>
#12 0x5ff20ac43929 <unknown>
#13 0x5ff20ac614e8 <unknown>
#14 0x5ff20ac280df <unknown>
#15 0x5ff20ac858e8 <unknown>
#16 0x5ff20ac85ac6 <unknown>
#17 0x5ff20ac97556 <unknown>
#18 0x7f88cdde6609 start_thread

2025-07-11 08:59:57,763 - INFO - ➡️ Đang truy cập: https://thuvienphapluat.vn/page/searchlegal.aspx?keyword=&area=0&match=True&type=0&status=1&signer=0&sort=1&lan=1&scan=0&org=0&fields=15&chlbg=09/07/1945&chlend=09/07/2035&page=61
2025-07-11 08:59:58,404 - INFO - 🤖 CAPTCHA OCR: 785437
2025-07-11 09:00:01,511 - INFO - ⏳ Chờ 4.09s giả lập người dùng...
2025-07-11 09:00:08,396 - INFO - 🧭 Tiêu đề trang: Tra cứu Văn Bản Pháp Luật
2025-07-11 09:00:08,412 - INFO - ✅ Đã lấy link: https://thuvienphapluat.vn/van-ban/Dau-tu/Quyet-dinh-30-2025-QD-UBND-bai-bo-cac-Quyet-dinh-cua-Uy-ban-nhan-dan-tinh-Ha-Tinh-658710.aspx
2025-07-11 09:00:08,415 - INFO - ✅ Đã lấy link: https://thuvienphapluat.vn/van-ban/Bo-may-hanh-chinh/Quyet-dinh-731-QD-UBND-2025-cong-bo-thu-tuc-hanh-chinh-khi-tuong-thuy-van-So-Nong-nghiep-Dak-Nong-658888.aspx
2025-07-11 09:00:08,419 - INFO - ✅ Đã lấy link: https://thuvienphapluat.vn/van-ban/Bo-may-hanh-chinh/Quyet-dinh-734-QD-UBND-2025-cong-bo-thu-tuc-hanh-chinh-trong-trot-So-Nong-nghiep-Dak-Nong-658938.aspx
2025-07-11 09:00:08,423 - INFO - ✅ Đã lấy link: https://thuvienphapluat.vn/van-ban/Bo-may-hanh-chinh/Quyet-dinh-725-QD-UBND-2025-cong-bo-thu-tuc-hanh-chinh-linh-vuc-lam-nghiep-So-Nong-nghiep-Dak-Nong-659419.aspx
2025-07-11 09:00:08,427 - INFO - ✅ Đã lấy link: https://thuvienphapluat.vn/van-ban/Bo-may-hanh-chinh/Quyet-dinh-1721-QD-UBND-2025-quy-trinh-thu-tuc-hanh-chinh-moi-truong-So-Nong-nghiep-Ben-Tre-660523.aspx
2025-07-11 09:00:08,430 - INFO - ✅ Đã lấy link: https://thuvienphapluat.vn/van-ban/Bo-may-hanh-chinh/Quyet-dinh-1720-QD-UBND-2025-quy-trinh-thu-tuc-hanh-chinh-moi-truong-Uy-ban-huyen-Ben-Tre-660521.aspx
2025-07-11 09:00:08,434 - INFO - ✅ Đã lấy link: https://thuvienphapluat.vn/van-ban/Bo-may-hanh-chinh/Quyet-dinh-1409-QD-UBND-2025-Quy-trinh-thu-tuc-hanh-chinh-Bao-tro-xa-hoi-So-Y-te-Khanh-Hoa-659748.aspx
2025-07-11 09:00:08,437 - INFO - ✅ Đã lấy link: https://thuvienphapluat.vn/van-ban/Bo-may-hanh-chinh/Quyet-dinh-724-QD-UBND-2025-cong-bo-thu-tuc-hanh-chinh-chan-nuoi-So-Nong-nghiep-Dak-Nong-659538.aspx
2025-07-11 09:00:08,441 - INFO - ✅ Đã lấy link: https://thuvienphapluat.vn/van-ban/Bo-may-hanh-chinh/Quyet-dinh-5825-QD-UBND-2025-cong-bo-thu-tuc-hanh-chinh-giao-duc-dao-tao-So-Giao-duc-Long-An-659303.aspx
2025-07-11 09:00:08,445 - INFO - ✅ Đã lấy link: https://thuvienphapluat.vn/van-ban/Bo-may-hanh-chinh/Quyet-dinh-773-QD-UBND-2025-cong-bo-thu-tuc-hanh-chinh-sua-doi-nganh-Y-te-Ha-Giang-659267.aspx
2025-07-11 09:00:08,448 - INFO - ✅ Đã lấy link: https://thuvienphapluat.vn/van-ban/Dau-tu/Quyet-dinh-783-QD-UBND-2025-cong-bo-thu-tuc-hanh-chinh-linh-vuc-dau-thau-So-Tai-chinh-Bac-Giang-659312.aspx
2025-07-11 09:00:08,452 - INFO - ✅ Đã lấy link: https://thuvienphapluat.vn/van-ban/Bao-hiem/Quyet-dinh-704-QD-UBND-2025-cong-bo-thu-tuc-hanh-chinh-linh-vuc-lao-dong-So-Noi-vu-Ninh-Thuan-661451.aspx
2025-07-11 09:00:08,456 - INFO - ✅ Đã lấy link: https://thuvienphapluat.vn/van-ban/Bo-may-hanh-chinh/Nghi-quyet-16-NQ-HDND-2025-to-chuc-lai-Co-quan-thanh-tra-Binh-Phuoc-661430.aspx
2025-07-11 09:00:08,459 - INFO - ✅ Đã lấy link: https://thuvienphapluat.vn/van-ban/Thuong-mai/Quyet-dinh-729-QD-UBND-2025-cong-bo-thu-tuc-hanh-chinh-luu-thong-hang-hoa-So-Cong-Thuong-Dak-Nong-658889.aspx
2025-07-11 09:00:08,463 - INFO - ✅ Đã lấy link: https://thuvienphapluat.vn/van-ban/Bo-may-hanh-chinh/Quyet-dinh-1128-QD-UBND-2025-quy-trinh-thu-tuc-hanh-chinh-hoat-dong-khoa-hoc-cap-tinh-Lam-Dong-661613.aspx
2025-07-11 09:00:08,467 - INFO - ✅ Đã lấy link: https://thuvienphapluat.vn/van-ban/Bo-may-hanh-chinh/Quyet-dinh-1495-QD-UBND-2025-cong-bo-thu-tuc-hanh-chinh-Quan-ly-tai-san-cong-So-Xay-dung-Vung-Tau-662054.aspx
2025-07-11 09:00:08,470 - INFO - ✅ Đã lấy link: https://thuvienphapluat.vn/van-ban/Bo-may-hanh-chinh/Quyet-dinh-732-QD-UBND-2025-cong-bo-thu-tuc-hanh-chinh-di-san-van-hoa-So-Van-hoa-Dak-Nong-658887.aspx
2025-07-11 09:00:08,474 - INFO - ✅ Đã lấy link: https://thuvienphapluat.vn/van-ban/Bo-may-hanh-chinh/Quyet-dinh-1645-QD-UBND-2025-cong-bo-thu-tuc-hanh-chinh-kinh-te-hop-tac-So-Nong-nghiep-Da-Nang-663543.aspx
2025-07-11 09:00:08,478 - INFO - ✅ Đã lấy link: https://thuvienphapluat.vn/van-ban/Bo-may-hanh-chinh/Quyet-dinh-23-2025-QD-UBND-chuc-nang-nhiem-vu-quyen-han-So-Y-te-Can-Tho-658649.aspx
2025-07-11 09:00:08,481 - INFO - ✅ Đã lấy link: https://thuvienphapluat.vn/van-ban/Bo-may-hanh-chinh/Quyet-dinh-25-2025-QD-UBND-chuc-nang-nhiem-vu-So-Van-hoa-The-thao-Du-lich-Can-Tho-658647.aspx
2025-07-11 09:00:08,481 - INFO - ➡️ Đang truy cập: https://thuvienphapluat.vn/page/searchlegal.aspx?keyword=&area=0&match=True&type=0&status=1&signer=0&sort=1&lan=1&scan=0&org=0&fields=15&chlbg=09/07/1945&chlend=09/07/2035&page=62
2025-07-11 09:00:09,108 - INFO - 🤖 CAPTCHA OCR: 861574
2025-07-11 09:00:12,218 - INFO - ⏳ Chờ 4.98s giả lập người dùng...
2025-07-11 09:00:20,615 - INFO - 🧭 Tiêu đề trang: Tra cứu Văn Bản Pháp Luật
2025-07-11 09:00:20,631 - INFO - ✅ Đã lấy link: https://thuvienphapluat.vn/van-ban/Bo-may-hanh-chinh/Quyet-dinh-24-2025-QD-UBND-chuc-nang-nhiem-vu-So-Giao-duc-va-Dao-tao-Can-Tho-658646.aspx
2025-07-11 09:00:20,634 - INFO - ✅ Đã lấy link: https://thuvienphapluat.vn/van-ban/Cong-nghe-thong-tin/Quyet-dinh-1463-QD-BCT-2025-Quy-che-hoat-dong-Ban-Chi-dao-phat-trien-khoa-hoc-cong-nghe-659001.aspx
2025-07-11 09:00:20,638 - INFO - ✅ Đã lấy link: https://thuvienphapluat.vn/van-ban/Thuong-mai/Quyet-dinh-43-2025-QD-UBND-chuc-nang-nhiem-vu-quyen-han-Chi-cuc-Quan-ly-thi-truong-Quang-Ngai-658751.aspx
2025-07-11 09:00:20,642 - INFO - ✅ Đã lấy link: https://thuvienphapluat.vn/van-ban/Bo-may-hanh-chinh/Quyet-dinh-1121-QD-UBND-2025-cong-bo-thu-tuc-hanh-chinh-khu-kinh-te-Ban-Quan-ly-khu-cong-nghiep-Lam-Dong-658642.aspx
2025-07-11 09:00:20,646 - INFO - ✅ Đã lấy link: https://thuvienphapluat.vn/van-ban/Bo-may-hanh-chinh/Quyet-dinh-1171-QD-UBND-2025-Quy-trinh-thu-tuc-hanh-chinh-Bao-chi-nganh-Van-hoa-Ha-Tinh-659316.aspx
2025-07-11 09:00:20,649 - INFO - ✅ Đã lấy link: https://thuvienphapluat.vn/van-ban/Dich-vu-phap-ly/Quyet-dinh-1396-QD-UBND-2025-cong-bo-thu-tuc-hanh-chinh-thua-phat-lai-So-Tu-phap-Khanh-Hoa-659008.aspx
2025-07-11 09:00:20,653 - INFO - ✅ Đã lấy link: https://thuvienphapluat.vn/van-ban/Bo-may-hanh-chinh/Quyet-dinh-965-QD-UBND-2025-cong-bo-thu-tuc-hanh-chinh-chuan-hoa-So-Khoa-hoc-Thai-Binh-659327.aspx
2025-07-11 09:00:20,656 - INFO - ✅ Đã lấy link: https://thuvienphapluat.vn/van-ban/Bo-may-hanh-chinh/Quyet-dinh-1671-QD-UBND-2025-cong-bo-thu-tuc-hanh-chinh-phong-chong-thien-tai-So-Nong-nghiep-Lao-Cai-659323.aspx
2025-07-11 09:00:20,660 - INFO - ✅ Đã lấy link: https://thuvienphapluat.vn/van-ban/Bo-may-hanh-chinh/Quyet-dinh-1592-QD-UBND-2025-cong-bo-thu-tuc-hanh-chinh-quan-ly-de-dieu-So-Nong-nghiep-Thai-Nguyen-658643.aspx
2025-07-11 09:00:20,664 - INFO - ✅ Đã lấy link: https://thuvienphapluat.vn/van-ban/Thuong-mai/Quyet-dinh-38-2025-QD-UBND-chuc-nang-nhiem-vu-quyen-han-Chi-cuc-Quan-ly-thi-truong-Quang-Tri-658957.aspx
2025-07-11 09:00:20,667 - INFO - ✅ Đã lấy link: https://thuvienphapluat.vn/van-ban/Bo-may-hanh-chinh/Quyet-dinh-15-2025-QD-UBND-bai-bo-Quyet-dinh-cua-Uy-ban-Vinh-Phuc-659378.aspx
2025-07-11 09:00:20,671 - INFO - ✅ Đã lấy link: https://thuvienphapluat.vn/van-ban/Bo-may-hanh-chinh/Quyet-dinh-32-2025-QD-UBND-bai-bo-cac-quyet-dinh-cua-Uy-ban-Dien-Bien-659143.aspx
2025-07-11 09:00:20,675 - INFO - ✅ Đã lấy link: https://thuvienphapluat.vn/van-ban/Bo-may-hanh-chinh/Quyet-dinh-26-2025-QD-UBND-bai-bo-cac-Quyet-dinh-cua-Uy-ban-nhan-dan-Binh-Phuoc-659007.aspx
2025-07-11 09:00:20,679 - INFO - ✅ Đã lấy link: https://thuvienphapluat.vn/van-ban/Bo-may-hanh-chinh/Quyet-dinh-46-2025-QD-UBND-phan-cap-So-Xay-dung-giai-quyet-thu-tuc-hanh-chinh-Xay-dung-Hoa-Binh-659003.aspx
2025-07-11 09:00:20,682 - INFO - ✅ Đã lấy link: https://thuvienphapluat.vn/van-ban/Bo-may-hanh-chinh/Quyet-dinh-1355-QD-UBND-2025-cong-bo-thu-tuc-hanh-chinh-y-te-du-phong-nganh-Y-te-Tien-Giang-658540.aspx
2025-07-11 09:00:20,686 - INFO - ✅ Đã lấy link: https://thuvienphapluat.vn/van-ban/Bao-hiem/Quyet-dinh-1071-QD-UBND-2025-cong-bo-thu-tuc-hanh-chinh-lao-dong-tien-luong-So-Noi-vu-Dien-Bien-659712.aspx
2025-07-11 09:00:20,690 - INFO - ✅ Đã lấy link: https://thuvienphapluat.vn/van-ban/Bo-may-hanh-chinh/Quyet-dinh-1165-QD-UBND-2025-cong-bo-thu-tuc-hanh-chinh-chuan-hoa-Khoa-hoc-Cong-nghe-Phu-Tho-658861.aspx
2025-07-11 09:00:20,693 - INFO - ✅ Đã lấy link: https://thuvienphapluat.vn/van-ban/Bo-may-hanh-chinh/Quyet-dinh-37-2025-QD-UBND-bai-bo-Quyet-dinh-04-2014-QD-UBND-phan-cap-quan-ly-hoi-Quang-Tri-658952.aspx
2025-07-11 09:00:20,697 - INFO - ✅ Đã lấy link: https://thuvienphapluat.vn/van-ban/Bo-may-hanh-chinh/Quyet-dinh-1606-QD-UBND-2025-cong-bo-thu-tuc-hanh-chinh-Thuy-san-So-Nong-nghiep-Thanh-Hoa-658640.aspx
2025-07-11 09:00:20,701 - INFO - ✅ Đã lấy link: https://thuvienphapluat.vn/van-ban/Bo-may-hanh-chinh/Quyet-dinh-272-QD-QLD-2025-Ke-hoach-trien-khai-giai-phap-thuc-hien-sap-xep-to-chuc-bo-may-Nha-nuoc-660344.aspx
2025-07-11 09:00:20,701 - INFO - ➡️ Đang truy cập: https://thuvienphapluat.vn/page/searchlegal.aspx?keyword=&area=0&match=True&type=0&status=1&signer=0&sort=1&lan=1&scan=0&org=0&fields=15&chlbg=09/07/1945&chlend=09/07/2035&page=63
2025-07-11 09:00:21,342 - INFO - 🤖 CAPTCHA OCR: 442523
2025-07-11 09:00:24,459 - INFO - ⏳ Chờ 5.85s giả lập người dùng...
2025-07-11 09:00:33,716 - INFO - 🧭 Tiêu đề trang: Tra cứu Văn Bản Pháp Luật
2025-07-11 09:00:33,732 - INFO - ✅ Đã lấy link: https://thuvienphapluat.vn/van-ban/Bao-hiem/Quyet-dinh-1674-QD-BHXH-2025-Quy-trinh-giai-quyet-huong-che-do-om-dau-tren-Cong-Dich-vu-cong-658589.aspx
2025-07-11 09:00:33,735 - INFO - ✅ Đã lấy link: https://thuvienphapluat.vn/van-ban/Bo-may-hanh-chinh/Quyet-dinh-1510-Q%c3%90-UBND-2025-cong-bo-thu-tuc-hanh-chinh-dia-chat-khoang-san-So-Nong-nghiep-Hue-661511.aspx
2025-07-11 09:00:33,739 - INFO - ✅ Đã lấy link: https://thuvienphapluat.vn/van-ban/Dau-tu/Quyet-dinh-1116-QD-UBND-2025-cham-dut-hieu-luc-toan-bo-Quyet-dinh-1917-QD-UBND-Lam-Dong-660935.aspx
2025-07-11 09:00:33,742 - INFO - ✅ Đã lấy link: https://thuvienphapluat.vn/van-ban/Bao-hiem/Quyet-dinh-1395-QD-UBND-2025-cong-bo-thu-tuc-hanh-chinh-lao-dong-tien-luong-So-Noi-vu-Khanh-Hoa-659695.aspx
2025-07-11 09:00:33,746 - INFO - ✅ Đã lấy link: https://thuvienphapluat.vn/van-ban/Bo-may-hanh-chinh/Quyet-dinh-1122-QD-UBND-2025-cong-bo-thu-tuc-hanh-chinh-chuan-hoa-So-Khoa-hoc-Cong-nghe-Lam-Dong-661610.aspx
2025-07-11 09:00:33,750 - INFO - ✅ Đã lấy link: https://thuvienphapluat.vn/van-ban/Bo-may-hanh-chinh/Quyet-dinh-1313-QD-UBND-2025-cong-bo-thu-tuc-hanh-chinh-noi-bo-Uy-ban-nhan-dan-Can-Tho-659371.aspx
2025-07-11 09:00:33,754 - INFO - ✅ Đã lấy link: https://thuvienphapluat.vn/van-ban/Bao-hiem/Quyet-dinh-1706-QD-UBND-2025-cong-bo-thu-tuc-hanh-chinh-linh-vuc-lao-dong-So-Noi-vu-Dong-Nai-661678.aspx
2025-07-11 09:00:33,757 - INFO - ✅ Đã lấy link: https://thuvienphapluat.vn/van-ban/Bo-may-hanh-chinh/Quyet-dinh-1073-QD-UBND-2025-quy-trinh-thu-tuc-hanh-chinh-Dau-gia-tai-san-So-Tu-phap-Dien-Bien-661384.aspx
2025-07-11 09:00:33,761 - INFO - ✅ Đã lấy link: https://thuvienphapluat.vn/van-ban/Bo-may-hanh-chinh/Quyet-dinh-1072-QD-UBND-2025-cong-bo-thu-tuc-hanh-chinh-giao-duc-nghe-nghiep-So-Giao-duc-Dien-Bien-661385.aspx
2025-07-11 09:00:33,764 - INFO - ✅ Đã lấy link: https://thuvienphapluat.vn/van-ban/Bao-hiem/Quyet-dinh-5306-QD-SNV-2025-cong-bo-thu-tuc-hanh-chinh-linh-vuc-lao-dong-So-Noi-vu-Quang-Nam-658697.aspx
2025-07-11 09:00:33,768 - INFO - ✅ Đã lấy link: https://thuvienphapluat.vn/van-ban/Bo-may-hanh-chinh/Quyet-dinh-1667-QD-BNNMT-2025-cong-bo-thu-tuc-hanh-chinh-linh-vuc-Trong-trot-va-Bao-ve-thuc-vat-658679.aspx
2025-07-11 09:00:33,772 - INFO - ✅ Đã lấy link: https://thuvienphapluat.vn/van-ban/Bo-may-hanh-chinh/Quyet-dinh-1746-QD-BYT-2025-Quy-che-lam-viec-cua-Bo-Y-te-658627.aspx
2025-07-11 09:00:33,777 - INFO - ✅ Đã lấy link: https://thuvienphapluat.vn/van-ban/Dau-tu/Quyet-dinh-455-QD-UBND-2025-quy-trinh-thu-tuc-hanh-chinh-dau-thau-Ban-Quan-ly-kinh-te-Kon-Tum-659108.aspx
2025-07-11 09:00:33,781 - INFO - ✅ Đã lấy link: https://thuvienphapluat.vn/van-ban/Bo-may-hanh-chinh/Quyet-dinh-692-QD-BXD-2025-Danh-muc-thu-tuc-hanh-chinh-cung-cap-dich-vu-cong-truc-tuyen-toan-trinh-659286.aspx
2025-07-11 09:00:33,785 - INFO - ✅ Đã lấy link: https://thuvienphapluat.vn/van-ban/Bo-may-hanh-chinh/Quy-dinh-294-QD-TW-2025-thi-hanh-Dieu-le-Dang-658850.aspx
2025-07-11 09:00:33,789 - INFO - ✅ Đã lấy link: https://thuvienphapluat.vn/van-ban/Bo-may-hanh-chinh/Quyet-dinh-453-QD-UBND-2025-cong-bo-thu-tuc-hanh-chinh-dau-gia-tai-san-Kon-Tum-659107.aspx
2025-07-11 09:00:33,792 - INFO - ✅ Đã lấy link: https://thuvienphapluat.vn/van-ban/Bat-dong-san/Quyet-dinh-15-2025-QD-UBND-quy-che-kiem-tra-dich-vu-cong-linh-vuc-quan-ly-dat-dai-Cao-Bang-658584.aspx
2025-07-11 09:00:33,796 - INFO - ✅ Đã lấy link: https://thuvienphapluat.vn/van-ban/Bo-may-hanh-chinh/Quyet-dinh-1696-QD-UBND-2025-cong-bo-thu-tuc-hanh-chinh-Van-thu-luu-tru-So-Nong-nghiep-Ben-Tre-660129.aspx
2025-07-11 09:00:33,800 - INFO - ✅ Đã lấy link: https://thuvienphapluat.vn/van-ban/Bo-may-hanh-chinh/Quyet-dinh-54-2025-QD-UBND-chuc-nang-nhiem-vu-Ban-Quan-ly-cac-khu-cong-nghiep-Vung-Tau-659011.aspx
2025-07-11 09:00:33,803 - INFO - ✅ Đã lấy link: https://thuvienphapluat.vn/van-ban/Bo-may-hanh-chinh/Quyet-dinh-49-2025-QD-UBND-chuc-nang-nhiem-vu-Ban-Thi-dua-Khen-thuong-Long-An-658681.aspx
2025-07-11 09:00:33,804 - INFO - ➡️ Đang truy cập: https://thuvienphapluat.vn/page/searchlegal.aspx?keyword=&area=0&match=True&type=0&status=1&signer=0&sort=1&lan=1&scan=0&org=0&fields=15&chlbg=09/07/1945&chlend=09/07/2035&page=64
2025-07-11 09:00:34,414 - INFO - 🤖 CAPTCHA OCR: 117154
2025-07-11 09:00:38,100 - INFO - ⏳ Chờ 4.15s giả lập người dùng...
2025-07-11 09:00:44,873 - INFO - 🧭 Tiêu đề trang: Tra cứu Văn Bản Pháp Luật
2025-07-11 09:00:44,889 - INFO - ✅ Đã lấy link: https://thuvienphapluat.vn/van-ban/Bo-may-hanh-chinh/Quyet-dinh-38-2025-QD-UBND-bai-bo-mot-so-Quyet-dinh-do-Uy-ban-nhan-dan-tinh-Kon-Tum-659106.aspx
2025-07-11 09:00:44,893 - INFO - ✅ Đã lấy link: https://thuvienphapluat.vn/van-ban/Bo-may-hanh-chinh/Quyet-dinh-1370-QD-UBND-2025-cong-bo-thu-tuc-hanh-chinh-hanh-nghe-thanh-ly-tai-san-So-Tu-phap-Khanh-Hoa-659479.aspx
2025-07-11 09:00:44,897 - INFO - ✅ Đã lấy link: https://thuvienphapluat.vn/van-ban/Bo-may-hanh-chinh/Quyet-dinh-454-QD-UBND-2025-cong-bo-thu-tuc-hanh-chinh-quan-ly-cong-san-Kon-Tum-659109.aspx
2025-07-11 09:00:44,901 - INFO - ✅ Đã lấy link: https://thuvienphapluat.vn/van-ban/Cong-nghe-thong-tin/Quyet-dinh-891-QD-UBND-2025-chuc-nang-nhiem-vu-quyen-han-Cong-Thong-tin-dien-tu-Bac-Ninh-658716.aspx
2025-07-11 09:00:44,906 - INFO - ✅ Đã lấy link: https://thuvienphapluat.vn/van-ban/Bo-may-hanh-chinh/Nghi-quyet-563-NQ-HDND-2025-bai-bo-Nghi-quyet-Quy-hoach-khu-vuc-khai-thac-cat-soi-long-song-Bac-Ninh-660112.aspx
2025-07-11 09:00:44,909 - INFO - ✅ Đã lấy link: https://thuvienphapluat.vn/van-ban/Lao-dong-Tien-luong/Quyet-dinh-1093-QD-UBND-2025-cong-bo-thu-tuc-hanh-chinh-chinh-sach-nha-giao-So-Giao-duc-Yen-Bai-658652.aspx
2025-07-11 09:00:44,913 - INFO - ✅ Đã lấy link: https://thuvienphapluat.vn/van-ban/Bo-may-hanh-chinh/Quyet-dinh-1239-QD-UBND-2025-cong-bo-thu-tuc-hanh-chinh-Khoa-hoc-cong-nghe-So-Nong-nghiep-Hoa-Binh-659317.aspx
2025-07-11 09:00:44,917 - INFO - ✅ Đã lấy link: https://thuvienphapluat.vn/van-ban/Bo-may-hanh-chinh/Quyet-dinh-1688-QD-BNNMT-2025-Quy-che-phan-cong-quan-ly-cong-tac-to-chuc-can-bo-661379.aspx
2025-07-11 09:00:44,921 - INFO - ✅ Đã lấy link: https://thuvienphapluat.vn/van-ban/Bo-may-hanh-chinh/Quyet-dinh-5679-QD-UBND-2025-cong-bo-thu-tuc-hanh-chinh-duong-bo-So-Xay-dung-Long-An-660796.aspx
2025-07-11 09:00:44,924 - INFO - ✅ Đã lấy link: https://thuvienphapluat.vn/van-ban/Bo-may-hanh-chinh/Quyet-dinh-1011-QD-UBND-2025-cong-bo-thu-tuc-hanh-chinh-khoa-hoc-cong-nghe-So-Nong-nghiep-Ca-Mau-661171.aspx
2025-07-11 09:00:44,928 - INFO - ✅ Đã lấy link: https://thuvienphapluat.vn/van-ban/Bo-may-hanh-chinh/Thong-bao-3236-BNG-LPQT-2025-hieu-luc-Hiep-dinh-hop-tac-ve-khoa-hoc-cong-nghe-giua-Viet-Nam-Phap-660656.aspx
2025-07-11 09:00:44,932 - INFO - ✅ Đã lấy link: https://thuvienphapluat.vn/van-ban/Bao-hiem/Quyet-dinh-1693-QD-UBND-2025-cong-bo-thu-tuc-hanh-chinh-lao-dong-tien-luong-So-Noi-vu-Ben-Tre-660518.aspx
2025-07-11 09:00:44,936 - INFO - ✅ Đã lấy link: https://thuvienphapluat.vn/van-ban/Lao-dong-Tien-luong/Quyet-dinh-1373-QD-UBND-2025-Quy-trinh-giai-quyet-thu-tuc-hanh-chinh-viec-lam-So-Noi-vu-Khanh-Hoa-660382.aspx
2025-07-11 09:00:44,939 - INFO - ✅ Đã lấy link: https://thuvienphapluat.vn/van-ban/Bo-may-hanh-chinh/Quyet-dinh-5680-QD-UBND-2025-cong-bo-thu-tuc-hanh-chinh-So-Giao-duc-Long-An-660794.aspx
2025-07-11 09:00:44,943 - INFO - ✅ Đã lấy link: https://thuvienphapluat.vn/van-ban/Bat-dong-san/Quyet-dinh-5650-QD-UBND-2025-cong-bo-thu-tuc-hanh-chinh-linh-vuc-dat-dai-So-Nong-nghiep-Long-An-660791.aspx
2025-07-11 09:00:44,947 - INFO - ✅ Đã lấy link: https://thuvienphapluat.vn/van-ban/Lao-dong-Tien-luong/Quyet-dinh-1411-QD-UBND-2025-cong-bo-thu-tuc-hanh-chinh-giao-duc-nghe-nghiep-So-Giao-duc-Binh-Duong-661000.aspx
2025-07-11 09:00:44,952 - INFO - ✅ Đã lấy link: https://thuvienphapluat.vn/van-ban/Cong-nghe-thong-tin/Quyet-dinh-1694-QD-UBND-2025-cong-bo-thu-tuc-hanh-chinh-An-toan-thong-tin-Cong-an-tinh-Ben-Tre-660519.aspx
2025-07-11 09:00:44,955 - INFO - ✅ Đã lấy link: https://thuvienphapluat.vn/van-ban/Bo-may-hanh-chinh/Quyet-dinh-1245-QD-CT-2025-Ke-hoach-cai-cach-hanh-chinh-662549.aspx
2025-07-11 09:00:44,960 - INFO - ✅ Đã lấy link: https://thuvienphapluat.vn/van-ban/Bo-may-hanh-chinh/Quyet-dinh-1626-QD-UBND-2025-cong-bo-thu-tuc-hanh-chinh-dau-gia-tai-san-So-Tu-phap-Da-Nang-663140.aspx
2025-07-11 09:00:44,964 - INFO - ✅ Đã lấy link: https://thuvienphapluat.vn/van-ban/Lao-dong-Tien-luong/Quyet-dinh-1372-QD-UBND-2025-quy-trinh-thu-tuc-hanh-chinh-linh-vuc-Lao-dong-So-Noi-vu-Khanh-Hoa-659480.aspx
2025-07-11 09:00:44,964 - INFO - ➡️ Đang truy cập: https://thuvienphapluat.vn/page/searchlegal.aspx?keyword=&area=0&match=True&type=0&status=1&signer=0&sort=1&lan=1&scan=0&org=0&fields=15&chlbg=09/07/1945&chlend=09/07/2035&page=65
2025-07-11 09:00:45,610 - INFO - 🤖 CAPTCHA OCR: 234143
2025-07-11 09:00:48,717 - INFO - ⏳ Chờ 4.42s giả lập người dùng...
2025-07-11 09:00:56,947 - INFO - 🧭 Tiêu đề trang: Tra cứu Văn Bản Pháp Luật
2025-07-11 09:00:56,966 - INFO - ✅ Đã lấy link: https://thuvienphapluat.vn/van-ban/Lao-dong-Tien-luong/Quyet-dinh-775-QD-TTPVHCC-2025-cong-bo-thu-tuc-hanh-chinh-viec-lam-So-Noi-vu-Ha-Noi-661931.aspx
2025-07-11 09:00:56,970 - INFO - ✅ Đã lấy link: https://thuvienphapluat.vn/van-ban/Bo-may-hanh-chinh/Quyet-dinh-776-QD-TTPVHCC-2025-cong-bo-thu-tuc-hanh-chinh-Khoa-hoc-Cong-nghe-So-Khoa-hoc-Ha-Noi-661930.aspx
2025-07-11 09:00:56,975 - INFO - ✅ Đã lấy link: https://thuvienphapluat.vn/van-ban/Bo-may-hanh-chinh/Quyet-dinh-220-QD-VP-2025-quy-trinh-thu-tuc-hanh-chinh-Giao-duc-Dao-tao-So-Giao-duc-Tuyen-Quang-660865.aspx
2025-07-11 09:00:56,980 - INFO - ✅ Đã lấy link: https://thuvienphapluat.vn/van-ban/Cong-nghe-thong-tin/Quyet-dinh-29-2025-QD-UBND-bai-bo-Quyet-dinh-06-2015-QD-UBND-Lam-Dong-658353.aspx
2025-07-11 09:00:56,985 - INFO - ✅ Đã lấy link: https://thuvienphapluat.vn/van-ban/Thue-Phi-Le-Phi/Quyet-dinh-1695-QD-UBND-2025-cong-bo-thu-tuc-hanh-chinh-linh-vuc-thue-So-Xay-dung-Ben-Tre-658321.aspx
2025-07-11 09:00:56,990 - INFO - ✅ Đã lấy link: https://thuvienphapluat.vn/van-ban/Bo-may-hanh-chinh/Quyet-dinh-492-QD-UBND-2025-cong-bo-thu-tuc-hanh-chinh-giao-duc-dao-tao-So-Giao-duc-Gia-Lai-658334.aspx
2025-07-11 09:00:56,994 - INFO - ✅ Đã lấy link: https://thuvienphapluat.vn/van-ban/Bo-may-hanh-chinh/Quyet-dinh-491-QD-UBND-2025-cong-bo-thu-tuc-hanh-chinh-dau-gia-tai-san-So-Tu-phap-Gia-Lai-658331.aspx
2025-07-11 09:00:56,998 - INFO - ✅ Đã lấy link: https://thuvienphapluat.vn/van-ban/Bao-hiem/Quyet-dinh-490-QD-UBND-2025-cong-bo-thu-tuc-hanh-chinh-lao-dong-tien-luong-Uy-ban-huyen-Gia-Lai-658332.aspx
2025-07-11 09:00:57,003 - INFO - ✅ Đã lấy link: https://thuvienphapluat.vn/van-ban/Bo-may-hanh-chinh/Nghi-quyet-151-NQ-CP-2025-du-an-Luat-Quoc-phong-Luat-Si-quan-Quan-doi-nhan-dan-Viet-Nam-sua-doi-658464.aspx
2025-07-11 09:00:57,007 - INFO - ✅ Đã lấy link: https://thuvienphapluat.vn/van-ban/Bo-may-hanh-chinh/Quyet-dinh-1490-QD-UBND-2025-cong-bo-thu-tuc-hanh-chinh-Giao-duc-nghe-nghiep-So-Giao-duc-Nghe-An-658428.aspx
2025-07-11 09:00:57,011 - INFO - ✅ Đã lấy link: https://thuvienphapluat.vn/van-ban/Lao-dong-Tien-luong/Quyet-dinh-1491-QD-UBND-2025-cong-bo-thu-tuc-hanh-chinh-Viec-lam-So-Noi-vu-Nghe-An-658429.aspx
2025-07-11 09:00:57,014 - INFO - ✅ Đã lấy link: https://thuvienphapluat.vn/van-ban/Bo-may-hanh-chinh/Quyet-dinh-1489-QD-UBND-2025-cong-bo-thu-tuc-hanh-chinh-noi-bo-So-Van-hoa-Nghe-An-658430.aspx
2025-07-11 09:00:57,018 - INFO - ✅ Đã lấy link: https://thuvienphapluat.vn/van-ban/Bo-may-hanh-chinh/Quyet-dinh-1682-QD-UBND-2025-cong-bo-thu-tuc-hanh-chinh-Trong-trot-So-Nong-nghiep-Quang-Binh-658400.aspx
2025-07-11 09:00:57,022 - INFO - ✅ Đã lấy link: https://thuvienphapluat.vn/van-ban/Bo-may-hanh-chinh/Quyet-dinh-1674-QD-UBND-2025-cong-bo-thu-tuc-hanh-chinh-Lam-nghiep-Uy-ban-tinh-Quang-Binh-658433.aspx
2025-07-11 09:00:57,026 - INFO - ✅ Đã lấy link: https://thuvienphapluat.vn/van-ban/Bo-may-hanh-chinh/Quyet-dinh-1058-QD-UBND-2025-cong-bo-thu-tuc-hanh-chinh-Nong-nghiep-Moi-truong-Uy-ban-xa-Bac-Lieu-658282.aspx
2025-07-11 09:00:57,029 - INFO - ✅ Đã lấy link: https://thuvienphapluat.vn/van-ban/Bo-may-hanh-chinh/Quyet-dinh-954-QD-UBND-2025-cong-bo-thu-tuc-hanh-chinh-linh-vuc-giao-duc-dao-tao-Thai-Binh-658330.aspx
2025-07-11 09:00:57,033 - INFO - ✅ Đã lấy link: https://thuvienphapluat.vn/van-ban/Bo-may-hanh-chinh/Quyet-dinh-1060-QD-UBND-2025-cong-bo-thu-tuc-hanh-chinh-chuan-hoa-So-Nong-nghiep-Bac-Lieu-658283.aspx
2025-07-11 09:00:57,036 - INFO - ✅ Đã lấy link: https://thuvienphapluat.vn/van-ban/Bo-may-hanh-chinh/Quyet-dinh-1059-QD-UBND-2025-cong-bo-thu-tuc-hanh-chinh-Nong-nghiep-Moi-truong-Uy-ban-huyen-Bac-Lieu-658319.aspx
2025-07-11 09:00:57,040 - INFO - ✅ Đã lấy link: https://thuvienphapluat.vn/van-ban/Thuong-mai/Quyet-dinh-50-2025-QD-UBND-bo-sung-Quyet-dinh-37-2025-QD-UBND-Son-La-658333.aspx
2025-07-11 09:00:57,044 - INFO - ✅ Đã lấy link: https://thuvienphapluat.vn/van-ban/Bo-may-hanh-chinh/Quyet-dinh-754-QD-UBND-2025-cong-bo-thu-tuc-hanh-chinh-moi-nganh-Tu-phap-Ha-Giang-658340.aspx
2025-07-11 09:00:57,044 - INFO - ➡️ Đang truy cập: https://thuvienphapluat.vn/page/searchlegal.aspx?keyword=&area=0&match=True&type=0&status=1&signer=0&sort=1&lan=1&scan=0&org=0&fields=15&chlbg=09/07/1945&chlend=09/07/2035&page=66
2025-07-11 09:00:57,670 - INFO - 🤖 CAPTCHA OCR: 623553
2025-07-11 09:01:00,774 - INFO - ⏳ Chờ 6.88s giả lập người dùng...
2025-07-11 09:01:10,829 - INFO - 🧭 Tiêu đề trang: Tra cứu Văn Bản Pháp Luật
2025-07-11 09:01:10,849 - INFO - ✅ Đã lấy link: https://thuvienphapluat.vn/van-ban/Bao-hiem/Quyet-dinh-1587-QD-UBND-2025-cong-bo-thu-tuc-hanh-chinh-Lao-dong-tien-luong-So-Noi-vu-Thanh-Hoa-658320.aspx
2025-07-11 09:01:10,853 - INFO - ✅ Đã lấy link: https://thuvienphapluat.vn/van-ban/Bo-may-hanh-chinh/Quyet-dinh-1126-QD-UBND-2025-cong-bo-thu-tuc-hanh-chinh-quan-ly-de-dieu-So-Nong-nghiep-Dak-Lak-658354.aspx
2025-07-11 09:01:10,857 - INFO - ✅ Đã lấy link: https://thuvienphapluat.vn/van-ban/Bo-may-hanh-chinh/Cong-dien-22-CD-BXD-2025-thuc-hien-phan-cap-tham-quyen-thuc-hien-mo-hinh-chinh-quyen-02-cap-658241.aspx
2025-07-11 09:01:10,860 - INFO - ✅ Đã lấy link: https://thuvienphapluat.vn/van-ban/Bo-may-hanh-chinh/Quyet-dinh-772-QD-TTPVHCC-2025-cong-bo-thu-tuc-hanh-chinh-dau-gia-tai-san-So-Tu-phap-Ha-Noi-658335.aspx
2025-07-11 09:01:10,864 - INFO - ✅ Đã lấy link: https://thuvienphapluat.vn/van-ban/Bo-may-hanh-chinh/Quyet-dinh-688-QD-UBND-2025-quy-trinh-thu-tuc-hanh-chinh-linh-vuc-Kham-benh-So-Y-te-Ninh-Thuan-658842.aspx
2025-07-11 09:01:10,868 - INFO - ✅ Đã lấy link: https://thuvienphapluat.vn/van-ban/Bo-may-hanh-chinh/Quyet-dinh-689-QD-UBND-2025-cong-bo-thu-tuc-hanh-chinh-Dau-gia-tai-san-So-Tu-phap-Ninh-Thuan-658843.aspx
2025-07-11 09:01:10,872 - INFO - ✅ Đã lấy link: https://thuvienphapluat.vn/van-ban/Bo-may-hanh-chinh/Quyet-dinh-1243-QD-UBND-2025-cong-bo-thu-tuc-hanh-chinh-noi-bo-So-Khoa-hoc-Cong-nghe-Tra-Vinh-658546.aspx
2025-07-11 09:01:10,875 - INFO - ✅ Đã lấy link: https://thuvienphapluat.vn/van-ban/Bo-may-hanh-chinh/Quyet-dinh-1244-QD-UBND-2025-thu-tuc-hanh-chinh-dich-vu-cong-truc-tuyen-toan-trinh-So-Y-te-Tra-Vinh-658544.aspx
2025-07-11 09:01:10,879 - INFO - ✅ Đã lấy link: https://thuvienphapluat.vn/van-ban/Bo-may-hanh-chinh/Quyet-dinh-1241-QD-UBND-2025-cong-bo-thu-tuc-hanh-chinh-quan-ly-de-dieu-So-Nong-nghiep-Tra-Vinh-658374.aspx
2025-07-11 09:01:10,882 - INFO - ✅ Đã lấy link: https://thuvienphapluat.vn/van-ban/Bo-may-hanh-chinh/Quyet-dinh-664-QD-BXD-2025-Ke-hoach-cai-cach-hanh-chinh-658493.aspx
2025-07-11 09:01:10,886 - INFO - ✅ Đã lấy link: https://thuvienphapluat.vn/van-ban/Bo-may-hanh-chinh/Quyet-dinh-1597-QD-BNNMT-2025-cong-bo-chuan-hoa-thu-tuc-hanh-chinh-khoa-hoc-va-cong-nghe-658072.aspx
2025-07-11 09:01:10,889 - INFO - ✅ Đã lấy link: https://thuvienphapluat.vn/van-ban/Bo-may-hanh-chinh/Quyet-dinh-866-QD-UBND-2025-cong-bo-thu-tuc-hanh-chinh-Quan-ly-de-dieu-So-Nong-nghiep-Bac-Ninh-659478.aspx
2025-07-11 09:01:10,893 - INFO - ✅ Đã lấy link: https://thuvienphapluat.vn/van-ban/Bao-hiem/Quyet-dinh-865-QD-UBND-2025-cong-bo-thu-tuc-hanh-chinh-lao-dong-tien-luong-So-Noi-vu-Bac-Ninh-659259.aspx
2025-07-11 09:01:10,897 - INFO - ✅ Đã lấy link: https://thuvienphapluat.vn/van-ban/Lao-dong-Tien-luong/Quyet-dinh-686-QD-UBND-2025-quy-trinh-thu-tuc-hanh-chinh-quan-ly-lao-dong-So-Noi-vu-Cao-Bang-659549.aspx
2025-07-11 09:01:10,900 - INFO - ✅ Đã lấy link: https://thuvienphapluat.vn/van-ban/Lao-dong-Tien-luong/Nghi-quyet-52-NQ-HDND-2025-dieu-chinh-giam-so-nguoi-lam-viec-don-vi-su-nghiep-Binh-Dinh-659709.aspx
2025-07-11 09:01:10,904 - INFO - ✅ Đã lấy link: https://thuvienphapluat.vn/van-ban/Lao-dong-Tien-luong/Quyet-dinh-683-QD-UBND-2025-quy-trinh-thu-tuc-hanh-chinh-an-toan-ve-sinh-lao-dong-So-Noi-vu-Cao-Bang-659560.aspx
2025-07-11 09:01:10,908 - INFO - ✅ Đã lấy link: https://thuvienphapluat.vn/van-ban/Bo-may-hanh-chinh/Nghi-quyet-53-NQ-HDND-2025-chu-truong-dung-thuc-hien-Chuong-trinh-giam-sat-chuyen-de-Binh-Dinh-659708.aspx
2025-07-11 09:01:10,911 - INFO - ✅ Đã lấy link: https://thuvienphapluat.vn/van-ban/Bo-may-hanh-chinh/Quyet-dinh-1128-QD-UBND-2025-cong-bo-thu-tuc-hanh-chinh-linh-vuc-Giao-duc-va-Dao-tao-Phu-Tho-658728.aspx
2025-07-11 09:01:10,915 - INFO - ✅ Đã lấy link: https://thuvienphapluat.vn/van-ban/Bo-may-hanh-chinh/Quyet-dinh-1753-QD-UBND-2025-cong-bo-thu-tuc-hanh-chinh-toan-trinh-So-Y-te-Binh-Dinh-659568.aspx
2025-07-11 09:01:10,918 - INFO - ✅ Đã lấy link: https://thuvienphapluat.vn/van-ban/Bo-may-hanh-chinh/Quyet-dinh-684-QD-UBND-2025-cong-bo-thu-tuc-hanh-chinh-y-te-du-phong-So-Y-te-Cao-Bang-659558.aspx
2025-07-11 09:01:10,918 - INFO - ➡️ Đang truy cập: https://thuvienphapluat.vn/page/searchlegal.aspx?keyword=&area=0&match=True&type=0&status=1&signer=0&sort=1&lan=1&scan=0&org=0&fields=15&chlbg=09/07/1945&chlend=09/07/2035&page=67
2025-07-11 09:01:11,634 - INFO - 🤖 CAPTCHA OCR: 
2025-07-11 09:01:14,733 - INFO - ⏳ Chờ 5.23s giả lập người dùng...
2025-07-11 09:01:22,765 - INFO - 🧭 Tiêu đề trang: THƯ VIỆN PHÁP LUẬT _ Tra cứu, Nắm bắt Pháp Luật Việt Nam
2025-07-11 09:01:39,542 - ERROR - ❌ Lỗi tại trang 67: Message: 
Stacktrace:
#0 0x5ff20ac9823a <unknown>
#1 0x5ff20a742ab0 <unknown>
#2 0x5ff20a7946f0 <unknown>
#3 0x5ff20a7948e1 <unknown>
#4 0x5ff20a7e2b94 <unknown>
#5 0x5ff20a7ba1cd <unknown>
#6 0x5ff20a7dffee <unknown>
#7 0x5ff20a7b9f73 <unknown>
#8 0x5ff20a786aeb <unknown>
#9 0x5ff20a787751 <unknown>
#10 0x5ff20ac5cb4b <unknown>
#11 0x5ff20ac60929 <unknown>
#12 0x5ff20ac43929 <unknown>
#13 0x5ff20ac614e8 <unknown>
#14 0x5ff20ac280df <unknown>
#15 0x5ff20ac858e8 <unknown>
#16 0x5ff20ac85ac6 <unknown>
#17 0x5ff20ac97556 <unknown>
#18 0x7f88cdde6609 start_thread

2025-07-11 09:01:39,558 - INFO - ➡️ Đang truy cập: https://thuvienphapluat.vn/page/searchlegal.aspx?keyword=&area=0&match=True&type=0&status=1&signer=0&sort=1&lan=1&scan=0&org=0&fields=15&chlbg=09/07/1945&chlend=09/07/2035&page=68
2025-07-11 09:01:40,186 - INFO - 🤖 CAPTCHA OCR: 466545
2025-07-11 09:01:43,743 - INFO - ⏳ Chờ 5.97s giả lập người dùng...
2025-07-11 09:01:52,355 - INFO - 🧭 Tiêu đề trang: Tra cứu Văn Bản Pháp Luật
2025-07-11 09:01:52,374 - INFO - ✅ Đã lấy link: https://thuvienphapluat.vn/van-ban/Bo-may-hanh-chinh/Quyet-dinh-1055-QD-UBND-2025-cong-bo-thu-tuc-hanh-chinh-Y-te-du-phong-nganh-Y-te-Binh-Phuoc-662716.aspx
2025-07-11 09:01:52,377 - INFO - ✅ Đã lấy link: https://thuvienphapluat.vn/van-ban/Bo-may-hanh-chinh/Quyet-dinh-1056-QD-UBND-2025-cong-bo-thu-tuc-hanh-chinh-Y-te-du-phong-So-Y-te-Dien-Bien-661383.aspx
2025-07-11 09:01:52,381 - INFO - ✅ Đã lấy link: https://thuvienphapluat.vn/van-ban/Bo-may-hanh-chinh/Quyet-dinh-1056-QD-UBND-2025-cong-bo-thu-tuc-hanh-chinh-noi-bo-nganh-Giao-duc-Binh-Phuoc-662715.aspx
2025-07-11 09:01:52,387 - INFO - ✅ Đã lấy link: https://thuvienphapluat.vn/van-ban/Lao-dong-Tien-luong/Quyet-dinh-1390-QD-UBND-2025-co-cau-ngach-cong-chuc-to-chuc-hanh-chinh-So-Xay-dung-Quang-Nam-664162.aspx
2025-07-11 09:01:52,392 - INFO - ✅ Đã lấy link: https://thuvienphapluat.vn/van-ban/Bo-may-hanh-chinh/Quyet-dinh-1047-QD-UBND-2025-cong-bo-thu-tuc-hanh-chinh-giao-duc-dao-tao-So-Giao-duc-Vinh-Phuc-658336.aspx
2025-07-11 09:01:52,396 - INFO - ✅ Đã lấy link: https://thuvienphapluat.vn/van-ban/Bo-may-hanh-chinh/Quyet-dinh-868-QD-UBND-2025-cong-bo-thu-tuc-hanh-chinh-Giao-duc-nghe-nghiep-So-Giao-duc-Lai-Chau-658323.aspx
2025-07-11 09:01:52,400 - INFO - ✅ Đã lấy link: https://thuvienphapluat.vn/van-ban/Bo-may-hanh-chinh/Quyet-dinh-1666-QD-UBND-2025-cong-bo-thu-tuc-hanh-chinh-dau-gia-tai-san-So-Tu-phap-Ben-Tre-659314.aspx
2025-07-11 09:01:52,404 - INFO - ✅ Đã lấy link: https://thuvienphapluat.vn/van-ban/Bo-may-hanh-chinh/Quyet-dinh-1652-QD-UBND-2025-cong-bo-thu-tuc-hanh-chinh-bien-phap-bao-dam-So-Nong-nghiep-Ben-Tre-659176.aspx
2025-07-11 09:01:52,407 - INFO - ✅ Đã lấy link: https://thuvienphapluat.vn/van-ban/Lao-dong-Tien-luong/Quyet-dinh-1651-QD-UBND-2025-cong-bo-thu-tuc-hanh-chinh-chinh-sach-nha-giao-Uy-ban-tinh-Ben-Tre-659177.aspx
2025-07-11 09:01:52,411 - INFO - ✅ Đã lấy link: https://thuvienphapluat.vn/van-ban/Bo-may-hanh-chinh/Quyet-dinh-1644-QD-UBND-2025-quy-trinh-thu-tuc-hanh-chinh-bien-va-hai-dao-So-Nong-nghiep-Ben-Tre-659184.aspx
2025-07-11 09:01:52,414 - INFO - ✅ Đã lấy link: https://thuvienphapluat.vn/van-ban/Bo-may-hanh-chinh/Quyet-dinh-1575-QD-UBND-2025-cong-bo-thu-tuc-hanh-chinh-Bien-va-hai-dao-So-Nong-nghiep-Thanh-Hoa-658172.aspx
2025-07-11 09:01:52,418 - INFO - ✅ Đã lấy link: https://thuvienphapluat.vn/van-ban/Bat-dong-san/Quyet-dinh-11-2025-QD-UBND-quy-che-kiem-tra-dich-vu-cong-linh-vuc-quan-ly-dat-dai-Thai-Nguyen-658496.aspx
2025-07-11 09:01:52,422 - INFO - ✅ Đã lấy link: https://thuvienphapluat.vn/van-ban/Bo-may-hanh-chinh/Quyet-dinh-1286-QD-UBND-2025-dinh-chinh-Quyet-dinh-20-2025-QD-UBND-Can-Tho-658129.aspx
2025-07-11 09:01:52,425 - INFO - ✅ Đã lấy link: https://thuvienphapluat.vn/van-ban/Bo-may-hanh-chinh/Quyet-dinh-1285-QD-UBND-2025-quy-trinh-thu-tuc-hanh-chinh-Ban-Quan-ly-khu-che-xuat-Can-Tho-658162.aspx
2025-07-11 09:01:52,429 - INFO - ✅ Đã lấy link: https://thuvienphapluat.vn/van-ban/Bo-may-hanh-chinh/Quyet-dinh-1057-QD-UBND-2025-quy-trinh-thu-tuc-hanh-chinh-Giao-duc-Dao-tao-So-Giao-duc-Dien-Bien-661382.aspx
2025-07-11 09:01:52,433 - INFO - ✅ Đã lấy link: https://thuvienphapluat.vn/van-ban/Bo-may-hanh-chinh/Quyet-dinh-699-QD-UBND-2025-cong-bo-thu-tuc-hanh-chinh-tai-nguyen-nuoc-So-Nong-nghiep-Dak-Nong-658437.aspx
2025-07-11 09:01:52,436 - INFO - ✅ Đã lấy link: https://thuvienphapluat.vn/van-ban/Bo-may-hanh-chinh/Quyet-dinh-700-QD-UBND-2025-cong-bo-thu-tuc-hanh-chinh-linh-vuc-duong-bo-So-Xay-dung-Dak-Nong-658439.aspx
2025-07-11 09:01:52,440 - INFO - ✅ Đã lấy link: https://thuvienphapluat.vn/van-ban/Bo-may-hanh-chinh/Quyet-dinh-701-QD-UBND-2025-Quy-trinh-thu-tuc-hanh-chinh-linh-vuc-moi-So-Van-hoa-Dak-Nong-658438.aspx
2025-07-11 09:01:52,444 - INFO - ✅ Đã lấy link: https://thuvienphapluat.vn/van-ban/Bao-hiem/Quyet-dinh-1109-QD-UBND-2025-cong-bo-thu-tuc-hanh-chinh-lao-dong-tien-luong-So-Noi-vu-Phu-Tho-658372.aspx
2025-07-11 09:01:52,447 - INFO - ✅ Đã lấy link: https://thuvienphapluat.vn/van-ban/Bo-may-hanh-chinh/Quyet-dinh-679-QD-UBND-2025-Danh-muc-dich-vu-cong-truc-tuyen-toan-trinh-So-Y-te-Ninh-Thuan-659041.aspx
2025-07-11 09:01:52,448 - INFO - ➡️ Đang truy cập: https://thuvienphapluat.vn/page/searchlegal.aspx?keyword=&area=0&match=True&type=0&status=1&signer=0&sort=1&lan=1&scan=0&org=0&fields=15&chlbg=09/07/1945&chlend=09/07/2035&page=69
2025-07-11 09:01:53,179 - INFO - 🤖 CAPTCHA OCR: 
2025-07-11 09:01:56,281 - INFO - ⏳ Chờ 5.40s giả lập người dùng...
2025-07-11 09:02:04,543 - INFO - 🧭 Tiêu đề trang: THƯ VIỆN PHÁP LUẬT _ Tra cứu, Nắm bắt Pháp Luật Việt Nam
2025-07-11 09:02:21,335 - ERROR - ❌ Lỗi tại trang 69: Message: 
Stacktrace:
#0 0x5ff20ac9823a <unknown>
#1 0x5ff20a742ab0 <unknown>
#2 0x5ff20a7946f0 <unknown>
#3 0x5ff20a7948e1 <unknown>
#4 0x5ff20a7e2b94 <unknown>
#5 0x5ff20a7ba1cd <unknown>
#6 0x5ff20a7dffee <unknown>
#7 0x5ff20a7b9f73 <unknown>
#8 0x5ff20a786aeb <unknown>
#9 0x5ff20a787751 <unknown>
#10 0x5ff20ac5cb4b <unknown>
#11 0x5ff20ac60929 <unknown>
#12 0x5ff20ac43929 <unknown>
#13 0x5ff20ac614e8 <unknown>
#14 0x5ff20ac280df <unknown>
#15 0x5ff20ac858e8 <unknown>
#16 0x5ff20ac85ac6 <unknown>
#17 0x5ff20ac97556 <unknown>
#18 0x7f88cdde6609 start_thread

2025-07-11 09:02:21,351 - INFO - ➡️ Đang truy cập: https://thuvienphapluat.vn/page/searchlegal.aspx?keyword=&area=0&match=True&type=0&status=1&signer=0&sort=1&lan=1&scan=0&org=0&fields=15&chlbg=09/07/1945&chlend=09/07/2035&page=70
2025-07-11 09:02:22,003 - INFO - 🤖 CAPTCHA OCR: 661363
2025-07-11 09:02:25,106 - INFO - ⏳ Chờ 5.92s giả lập người dùng...
2025-07-11 09:02:33,961 - INFO - 🧭 Tiêu đề trang: Tra cứu Văn Bản Pháp Luật
2025-07-11 09:02:33,979 - INFO - ✅ Đã lấy link: https://thuvienphapluat.vn/van-ban/Bo-may-hanh-chinh/Quyet-dinh-861-QD-UBND-2025-quy-trinh-thu-tuc-hanh-chinh-So-Giao-duc-Dao-tao-Lai-Chau-657953.aspx
2025-07-11 09:02:33,983 - INFO - ✅ Đã lấy link: https://thuvienphapluat.vn/van-ban/Bo-may-hanh-chinh/Quyet-dinh-939-QD-UBND-2025-cong-bo-thu-tuc-hanh-chinh-dau-gia-tai-san-So-Tu-phap-Binh-Thuan-657998.aspx
2025-07-11 09:02:33,987 - INFO - ✅ Đã lấy link: https://thuvienphapluat.vn/van-ban/Bo-may-hanh-chinh/Quyet-dinh-1113-QD-UBND-2025-cong-bo-thu-tuc-hanh-chinh-Y-te-du-phong-So-Y-te-Dak-Lak-657908.aspx
2025-07-11 09:02:33,990 - INFO - ✅ Đã lấy link: https://thuvienphapluat.vn/van-ban/Bao-hiem/Quyet-dinh-1114-QD-UBND-2025-cong-bo-thu-tuc-hanh-chinh-linh-vuc-Lao-dong-tien-luong-Dak-Lak-657826.aspx
2025-07-11 09:02:33,994 - INFO - ✅ Đã lấy link: https://thuvienphapluat.vn/van-ban/Lao-dong-Tien-luong/Quyet-dinh-860-QD-UBND-2025-cong-bo-thu-tuc-hanh-chinh-giao-duc-nghe-nghiep-So-Giao-duc-Lai-Chau-657951.aspx
2025-07-11 09:02:33,998 - INFO - ✅ Đã lấy link: https://thuvienphapluat.vn/van-ban/Bo-may-hanh-chinh/Quyet-dinh-771-QD-UBND-2025-cong-bo-thu-tuc-hanh-chinh-chuan-hoa-So-Khoa-hoc-Cong-nghe-Quang-Ngai-657893.aspx
2025-07-11 09:02:34,001 - INFO - ✅ Đã lấy link: https://thuvienphapluat.vn/van-ban/Bo-may-hanh-chinh/Quyet-dinh-1324-QD-UBND-2025-cong-bo-thu-tuc-hanh-chinh-dau-gia-tai-san-So-Tu-phap-Khanh-Hoa-661859.aspx
2025-07-11 09:02:34,005 - INFO - ✅ Đã lấy link: https://thuvienphapluat.vn/van-ban/Cong-nghe-thong-tin/Quyet-dinh-319-QD-VPCP-2025-chuc-nang-nhiem-vu-Cong-Thong-tin-dien-tu-Chinh-phu-657883.aspx
2025-07-11 09:02:34,009 - INFO - ✅ Đã lấy link: https://thuvienphapluat.vn/van-ban/Bao-hiem/Quyet-dinh-1729-QD-UBND-2025-cong-bo-thu-tuc-hanh-chinh-lao-dong-tien-luong-So-Noi-vu-Binh-Dinh-657995.aspx
2025-07-11 09:02:34,012 - INFO - ✅ Đã lấy link: https://thuvienphapluat.vn/van-ban/Bo-may-hanh-chinh/Quyet-dinh-22-2025-QD-UBND-chuc-nang-nhiem-vu-quyen-han-So-Cong-Thuong-Can-Tho-657779.aspx
2025-07-11 09:02:34,016 - INFO - ✅ Đã lấy link: https://thuvienphapluat.vn/van-ban/Bo-may-hanh-chinh/Quyet-dinh-1273-QD-UBND-2025-cong-bo-thu-tuc-hanh-chinh-Uy-ban-nhan-dan-cap-xa-Can-Tho-657954.aspx
2025-07-11 09:02:34,019 - INFO - ✅ Đã lấy link: https://thuvienphapluat.vn/van-ban/Bo-may-hanh-chinh/Quyet-dinh-772-QD-UBND-2025-cong-bo-thu-tuc-hanh-chinh-dau-gia-tai-san-So-Tu-phap-Quang-Ngai-657829.aspx
2025-07-11 09:02:34,023 - INFO - ✅ Đã lấy link: https://thuvienphapluat.vn/van-ban/Lao-dong-Tien-luong/Quyet-dinh-1199-QD-UBND-2025-cong-bo-thu-tuc-hanh-chinh-lao-dong-tien-luong-So-Noi-vu-Hoa-Binh-658002.aspx
2025-07-11 09:02:34,026 - INFO - ✅ Đã lấy link: https://thuvienphapluat.vn/van-ban/Bo-may-hanh-chinh/Quyet-dinh-1119-QD-UBND-2025-cong-bo-thu-tuc-hanh-chinh-Dau-gia-tai-san-So-Tu-phap-Dak-Lak-658076.aspx
2025-07-11 09:02:34,030 - INFO - ✅ Đã lấy link: https://thuvienphapluat.vn/van-ban/Bo-may-hanh-chinh/Quyet-dinh-53-2025-QD-UBND-chuc-nang-nhiem-vu-quyen-han-Chi-cuc-Quan-ly-thi-truong-Vung-Tau-658379.aspx
2025-07-11 09:02:34,034 - INFO - ✅ Đã lấy link: https://thuvienphapluat.vn/van-ban/Bo-may-hanh-chinh/Quyet-dinh-41-2025-QD-UBND-quy-dinh-tam-thoi-chuc-nang-nhiem-vu-Thanh-tra-tinh-Binh-Dinh-658351.aspx
2025-07-11 09:02:34,037 - INFO - ✅ Đã lấy link: https://thuvienphapluat.vn/van-ban/Bo-may-hanh-chinh/Quyet-dinh-555-QD-UBND-2025-quy-trinh-thu-tuc-hanh-chinh-So-Nong-nghiep-Moi-truong-Ninh-Binh-658399.aspx
2025-07-11 09:02:34,041 - INFO - ✅ Đã lấy link: https://thuvienphapluat.vn/van-ban/Bao-hiem/Quyet-dinh-553-QD-UBND-2025-cong-bo-thu-tuc-hanh-chinh-lao-dong-tien-luong-So-Noi-vu-Ninh-Binh-658398.aspx
2025-07-11 09:02:34,045 - INFO - ✅ Đã lấy link: https://thuvienphapluat.vn/van-ban/Bo-may-hanh-chinh/Quyet-dinh-552-QD-UBND-2025-quy-trinh-thu-tuc-hanh-chinh-So-Tu-phap-Ninh-Binh-658396.aspx
2025-07-11 09:02:34,049 - INFO - ✅ Đã lấy link: https://thuvienphapluat.vn/van-ban/Bao-hiem/Quyet-dinh-775-QD-UBND-2025-cong-bo-thu-tuc-hanh-chinh-lao-dong-tien-luong-So-Noi-vu-Quang-Ngai-658069.aspx
2025-07-11 09:02:34,049 - INFO - ➡️ Đang truy cập: https://thuvienphapluat.vn/page/searchlegal.aspx?keyword=&area=0&match=True&type=0&status=1&signer=0&sort=1&lan=1&scan=0&org=0&fields=15&chlbg=09/07/1945&chlend=09/07/2035&page=71
2025-07-11 09:02:34,674 - INFO - 🤖 CAPTCHA OCR: 454543
2025-07-11 09:02:38,152 - INFO - ⏳ Chờ 6.10s giả lập người dùng...
2025-07-11 09:02:48,166 - INFO - 🧭 Tiêu đề trang: Tra cứu Văn Bản Pháp Luật
2025-07-11 09:02:48,184 - INFO - ✅ Đã lấy link: https://thuvienphapluat.vn/van-ban/Bo-may-hanh-chinh/Quyet-dinh-762-QD-TTPVHCC-2025-Bo-tieu-chi-danh-gia-chat-luong-giai-quyet-thu-tuc-hanh-chinh-Ha-Noi-658123.aspx
2025-07-11 09:02:48,187 - INFO - ✅ Đã lấy link: https://thuvienphapluat.vn/van-ban/Lao-dong-Tien-luong/Quyet-dinh-992-QD-TTg-2025-kien-toan-Hoi-dong-tien-luong-quoc-gia-658031.aspx
2025-07-11 09:02:48,191 - INFO - ✅ Đã lấy link: https://thuvienphapluat.vn/van-ban/Bo-may-hanh-chinh/Quyet-dinh-1648-QD-UBND-2025-cong-bo-thu-tuc-hanh-chinh-Y-te-du-phong-So-Y-te-Quang-Binh-658404.aspx
2025-07-11 09:02:48,195 - INFO - ✅ Đã lấy link: https://thuvienphapluat.vn/van-ban/Bo-may-hanh-chinh/Quyet-dinh-1642-QD-UBND-2025-cong-bo-thu-tuc-hanh-chinh-Moi-truong-So-Nong-nghiep-Quang-Binh-658403.aspx
2025-07-11 09:02:48,199 - INFO - ✅ Đã lấy link: https://thuvienphapluat.vn/van-ban/Bo-may-hanh-chinh/Quyet-dinh-1641-QD-UBND-2025-cong-bo-thu-tuc-hanh-chinh-chat-luong-Thuy-san-So-Nong-nghiep-Quang-Binh-658447.aspx
2025-07-11 09:02:48,202 - INFO - ✅ Đã lấy link: https://thuvienphapluat.vn/van-ban/Bo-may-hanh-chinh/Quyet-dinh-1638-QD-UBND-2025-cong-bo-thu-tuc-hanh-chinh-linh-vuc-Thuy-san-Uy-ban-tinh-Quang-Binh-658436.aspx
2025-07-11 09:02:48,206 - INFO - ✅ Đã lấy link: https://thuvienphapluat.vn/van-ban/Bo-may-hanh-chinh/Quyet-dinh-1650-QD-UBND-2025-cong-bo-thu-tuc-hanh-chinh-Giao-duc-So-Giao-duc-Quang-Binh-658402.aspx
2025-07-11 09:02:48,210 - INFO - ✅ Đã lấy link: https://thuvienphapluat.vn/van-ban/Bo-may-hanh-chinh/Quyet-dinh-1649-QD-UBND-2025-cong-bo-thu-tuc-hanh-chinh-Giao-duc-Co-so-giao-duc-Quang-Binh-658440.aspx
2025-07-11 09:02:48,213 - INFO - ✅ Đã lấy link: https://thuvienphapluat.vn/van-ban/Cong-nghe-thong-tin/Quyet-dinh-1730-QD-UBND-2025-Ke-hoach-ket-noi-du-lieu-giua-Co-so-du-lieu-ho-tich-dien-tu-Binh-Dinh-658365.aspx
2025-07-11 09:02:48,217 - INFO - ✅ Đã lấy link: https://thuvienphapluat.vn/van-ban/Bo-may-hanh-chinh/Quyet-dinh-1639-QD-UBND-2025-cong-bo-thu-tuc-hanh-chinh-Van-thu-luu-tru-So-Noi-vu-Ben-Tre-659049.aspx
2025-07-11 09:02:48,221 - INFO - ✅ Đã lấy link: https://thuvienphapluat.vn/van-ban/Bo-may-hanh-chinh/Quyet-dinh-1638-QD-UBND-2025-cong-bo-thu-tuc-hanh-chinh-linh-vuc-kiem-lam-So-Nong-nghiep-Ben-Tre-659053.aspx
2025-07-11 09:02:48,224 - INFO - ✅ Đã lấy link: https://thuvienphapluat.vn/van-ban/Bo-may-hanh-chinh/Quyet-dinh-1636-QD-UBND-2025-quy-trinh-thu-tuc-hanh-chinh-moi-truong-Uy-ban-xa-Ben-Tre-659047.aspx
2025-07-11 09:02:48,228 - INFO - ✅ Đã lấy link: https://thuvienphapluat.vn/van-ban/Bo-may-hanh-chinh/Quyet-dinh-1635-QD-UBND-2025-cong-bo-thu-tuc-hanh-chinh-linh-vuc-thuy-loi-So-Nong-nghiep-Ben-Tre-659046.aspx
2025-07-11 09:02:48,231 - INFO - ✅ Đã lấy link: https://thuvienphapluat.vn/van-ban/Bo-may-hanh-chinh/Quyet-dinh-1634-QD-UBND-2025-cong-bo-thu-tuc-hanh-chinh-quan-ly-cong-san-So-Tai-chinh-Ben-Tre-659045.aspx
2025-07-11 09:02:48,235 - INFO - ✅ Đã lấy link: https://thuvienphapluat.vn/van-ban/Bo-may-hanh-chinh/Quyet-dinh-1637-QD-UBND-2025-cong-bo-thu-tuc-hanh-chinh-lam-nghiep-Uy-ban-huyen-Ben-Tre-659048.aspx
2025-07-11 09:02:48,239 - INFO - ✅ Đã lấy link: https://thuvienphapluat.vn/van-ban/Dich-vu-phap-ly/Quyet-dinh-1645-QD-UBND-2025-quy-trinh-dich-vu-cong-truc-tuyen-Luat-su-So-Tu-phap-Quang-Binh-658341.aspx
2025-07-11 09:02:48,243 - INFO - ✅ Đã lấy link: https://thuvienphapluat.vn/van-ban/Chung-khoan/Quyet-dinh-1815-QD-BTC-2025-cong-bo-thu-tuc-hanh-chinh-sua-doi-linh-vuc-chung-khoan-658324.aspx
2025-07-11 09:02:48,246 - INFO - ✅ Đã lấy link: https://thuvienphapluat.vn/van-ban/Bo-may-hanh-chinh/Quyet-dinh-1106-QD-UBND-2025-cong-bo-thu-tuc-hanh-chinh-linh-vuc-Nguoi-co-cong-Phu-Tho-658370.aspx
2025-07-11 09:02:48,250 - INFO - ✅ Đã lấy link: https://thuvienphapluat.vn/van-ban/Bo-may-hanh-chinh/Quyet-dinh-673-QD-UBND-2025-quy-trinh-thu-tuc-hanh-chinh-giao-duc-dao-tao-So-Giao-duc-Ninh-Thuan-658838.aspx
2025-07-11 09:02:48,253 - INFO - ✅ Đã lấy link: https://thuvienphapluat.vn/van-ban/Bo-may-hanh-chinh/Quyet-dinh-671-QD-UBND-2025-cong-bo-thu-tuc-hanh-chinh-noi-bo-So-Giao-duc-Dao-tao-Ninh-Thuan-658808.aspx
2025-07-11 09:02:48,253 - INFO - ➡️ Đang truy cập: https://thuvienphapluat.vn/page/searchlegal.aspx?keyword=&area=0&match=True&type=0&status=1&signer=0&sort=1&lan=1&scan=0&org=0&fields=15&chlbg=09/07/1945&chlend=09/07/2035&page=72
2025-07-11 09:02:48,919 - INFO - 🤖 CAPTCHA OCR: 
2025-07-11 09:02:52,020 - INFO - ⏳ Chờ 5.08s giả lập người dùng...
2025-07-11 09:03:00,357 - INFO - 🧭 Tiêu đề trang: THƯ VIỆN PHÁP LUẬT _ Tra cứu, Nắm bắt Pháp Luật Việt Nam
2025-07-11 09:03:17,139 - ERROR - ❌ Lỗi tại trang 72: Message: 
Stacktrace:
#0 0x5ff20ac9823a <unknown>
#1 0x5ff20a742ab0 <unknown>
#2 0x5ff20a7946f0 <unknown>
#3 0x5ff20a7948e1 <unknown>
#4 0x5ff20a7e2b94 <unknown>
#5 0x5ff20a7ba1cd <unknown>
#6 0x5ff20a7dffee <unknown>
#7 0x5ff20a7b9f73 <unknown>
#8 0x5ff20a786aeb <unknown>
#9 0x5ff20a787751 <unknown>
#10 0x5ff20ac5cb4b <unknown>
#11 0x5ff20ac60929 <unknown>
#12 0x5ff20ac43929 <unknown>
#13 0x5ff20ac614e8 <unknown>
#14 0x5ff20ac280df <unknown>
#15 0x5ff20ac858e8 <unknown>
#16 0x5ff20ac85ac6 <unknown>
#17 0x5ff20ac97556 <unknown>
#18 0x7f88cdde6609 start_thread

2025-07-11 09:03:17,162 - INFO - ➡️ Đang truy cập: https://thuvienphapluat.vn/page/searchlegal.aspx?keyword=&area=0&match=True&type=0&status=1&signer=0&sort=1&lan=1&scan=0&org=0&fields=15&chlbg=09/07/1945&chlend=09/07/2035&page=73
2025-07-11 09:03:17,831 - INFO - 🤖 CAPTCHA OCR: 
2025-07-11 09:03:21,041 - INFO - ⏳ Chờ 4.55s giả lập người dùng...
2025-07-11 09:03:28,150 - INFO - 🧭 Tiêu đề trang: THƯ VIỆN PHÁP LUẬT _ Tra cứu, Nắm bắt Pháp Luật Việt Nam
2025-07-11 09:03:44,979 - ERROR - ❌ Lỗi tại trang 73: Message: 
Stacktrace:
#0 0x5ff20ac9823a <unknown>
#1 0x5ff20a742ab0 <unknown>
#2 0x5ff20a7946f0 <unknown>
#3 0x5ff20a7948e1 <unknown>
#4 0x5ff20a7e2b94 <unknown>
#5 0x5ff20a7ba1cd <unknown>
#6 0x5ff20a7dffee <unknown>
#7 0x5ff20a7b9f73 <unknown>
#8 0x5ff20a786aeb <unknown>
#9 0x5ff20a787751 <unknown>
#10 0x5ff20ac5cb4b <unknown>
#11 0x5ff20ac60929 <unknown>
#12 0x5ff20ac43929 <unknown>
#13 0x5ff20ac614e8 <unknown>
#14 0x5ff20ac280df <unknown>
#15 0x5ff20ac858e8 <unknown>
#16 0x5ff20ac85ac6 <unknown>
#17 0x5ff20ac97556 <unknown>
#18 0x7f88cdde6609 start_thread

2025-07-11 09:03:44,991 - INFO - ➡️ Đang truy cập: https://thuvienphapluat.vn/page/searchlegal.aspx?keyword=&area=0&match=True&type=0&status=1&signer=0&sort=1&lan=1&scan=0&org=0&fields=15&chlbg=09/07/1945&chlend=09/07/2035&page=74
2025-07-11 09:03:45,616 - INFO - 🤖 CAPTCHA OCR: 616386
2025-07-11 09:03:48,725 - INFO - ⏳ Chờ 5.37s giả lập người dùng...
2025-07-11 09:03:57,588 - INFO - 🧭 Tiêu đề trang: Tra cứu Văn Bản Pháp Luật
2025-07-11 09:03:57,604 - INFO - ✅ Đã lấy link: https://thuvienphapluat.vn/van-ban/Bo-may-hanh-chinh/Quyet-dinh-48-2025-QD-UBND-bai-bo-quyet-dinh-chi-thi-Uy-ban-nhan-dan-Hai-Duong-658086.aspx
2025-07-11 09:03:57,608 - INFO - ✅ Đã lấy link: https://thuvienphapluat.vn/van-ban/Bo-may-hanh-chinh/Quyet-dinh-1027-QD-UBND-2025-thu-tuc-hanh-chinh-Quan-ly-chat-luong-thuy-san-So-Nong-nghiep-Dien-Bien-658410.aspx
2025-07-11 09:03:57,612 - INFO - ✅ Đã lấy link: https://thuvienphapluat.vn/van-ban/Bo-may-hanh-chinh/Quyet-dinh-1028-QD-UBND-2025-Quy-trinh-thu-tuc-hanh-chinh-Bao-ton-thien-nhien-So-Nong-nghiep-Dien-Bien-658087.aspx
2025-07-11 09:03:57,615 - INFO - ✅ Đã lấy link: https://thuvienphapluat.vn/van-ban/Bo-may-hanh-chinh/Quyet-dinh-1043-QD-UBND-2025-cong-bo-thu-tuc-hanh-chinh-Dau-gia-tai-san-nganh-Tu-phap-Binh-Phuoc-662714.aspx
2025-07-11 09:03:57,619 - INFO - ✅ Đã lấy link: https://thuvienphapluat.vn/van-ban/Bo-may-hanh-chinh/Quyet-dinh-38-2025-QD-UBND-bai-bo-Quyet-dinh-28-2017-QD-UBND-Bac-Ninh-658355.aspx
2025-07-11 09:03:57,622 - INFO - ✅ Đã lấy link: https://thuvienphapluat.vn/van-ban/Bo-may-hanh-chinh/Cong-dien-68-CD-TTg-2025-sap-xep-tru-so-co-so-vat-chat-khi-sap-xep-don-vi-hanh-chinh-cac-cap-657641.aspx
2025-07-11 09:03:57,626 - INFO - ✅ Đã lấy link: https://thuvienphapluat.vn/van-ban/Bo-may-hanh-chinh/Quyet-dinh-1092-QD-UBND-2025-cong-bo-thu-tuc-hanh-chinh-sua-doi-nganh-xay-dung-Phu-Tho-658369.aspx
2025-07-11 09:03:57,630 - INFO - ✅ Đã lấy link: https://thuvienphapluat.vn/van-ban/Bo-may-hanh-chinh/Quyet-dinh-1094-QD-UBND-2025-cong-bo-thu-tuc-hanh-chinh-linh-vuc-Trong-trot-Phu-Tho-658368.aspx
2025-07-11 09:03:57,634 - INFO - ✅ Đã lấy link: https://thuvienphapluat.vn/van-ban/Bo-may-hanh-chinh/Quyet-dinh-661-QD-UBND-2025-cong-bo-thu-tuc-hanh-chinh-Y-te-du-phong-So-Y-te-Ninh-Thuan-658805.aspx
2025-07-11 09:03:57,638 - INFO - ✅ Đã lấy link: https://thuvienphapluat.vn/van-ban/Bo-may-hanh-chinh/Quyet-dinh-666-QD-UBND-2025-cong-bo-thu-tuc-hanh-chinh-linh-vuc-xay-dung-So-Xay-dung-Ninh-Thuan-658807.aspx
2025-07-11 09:03:57,642 - INFO - ✅ Đã lấy link: https://thuvienphapluat.vn/van-ban/Bo-may-hanh-chinh/Quyet-dinh-665-QD-UBND-2025-cong-bo-thu-tuc-hanh-chinh-su-co-tran-dau-Uy-ban-huyen-Ninh-Thuan-658806.aspx
2025-07-11 09:03:57,646 - INFO - ✅ Đã lấy link: https://thuvienphapluat.vn/van-ban/Bo-may-hanh-chinh/Nghi-dinh-109-2025-ND-CP-chuc-nang-nhiem-vu-quyen-han-co-cau-to-chuc-Thanh-tra-Chinh-phu-657631.aspx
2025-07-11 09:03:57,649 - INFO - ✅ Đã lấy link: https://thuvienphapluat.vn/van-ban/Bo-may-hanh-chinh/Quyet-dinh-1693-QD-UBND-2025-cong-bo-thu-tuc-hanh-chinh-Hoat-dong-xay-dung-Binh-Dinh-658291.aspx
2025-07-11 09:03:57,653 - INFO - ✅ Đã lấy link: https://thuvienphapluat.vn/van-ban/Bo-may-hanh-chinh/Quyet-dinh-1129-QD-UBND-2025-don-gia-dich-vu-cong-su-dung-he-thong-chuan-do-luong-Hung-Yen-657728.aspx
2025-07-11 09:03:57,657 - INFO - ✅ Đã lấy link: https://thuvienphapluat.vn/van-ban/Bo-may-hanh-chinh/Quyet-dinh-1177-QD-UBND-2025-cong-bo-sua-doi-thu-tuc-hanh-chinh-linh-vuc-duoc-So-Y-te-Tra-Vinh-657569.aspx
2025-07-11 09:03:57,660 - INFO - ✅ Đã lấy link: https://thuvienphapluat.vn/van-ban/Dau-tu/Quyet-dinh-1178-QD-UBND-2025-cong-bo-thu-tuc-hanh-chinh-dau-thau-Ban-Quan-ly-Khu-kinh-te-Tra-Vinh-657568.aspx
2025-07-11 09:03:57,664 - INFO - ✅ Đã lấy link: https://thuvienphapluat.vn/van-ban/Bo-may-hanh-chinh/Quyet-dinh-1091-QD-UBND-2025-cong-bo-thu-tuc-hanh-chinh-dau-gia-tai-san-So-Tu-phap-Phu-Tho-657567.aspx
2025-07-11 09:03:57,668 - INFO - ✅ Đã lấy link: https://thuvienphapluat.vn/van-ban/Bo-may-hanh-chinh/Quyet-dinh-1535-QD-BNNMT-2025-cong-bo-thu-tuc-hanh-chinh-noi-bo-dia-chat-va-khoang-san-657670.aspx
2025-07-11 09:03:57,671 - INFO - ✅ Đã lấy link: https://thuvienphapluat.vn/van-ban/Bo-may-hanh-chinh/Quyet-dinh-644-QD-UBND-2025-quy-trinh-thu-tuc-hanh-chinh-giao-duc-dao-tao-So-Giao-duc-Cao-Bang-659545.aspx
2025-07-11 09:03:57,675 - INFO - ✅ Đã lấy link: https://thuvienphapluat.vn/van-ban/Bo-may-hanh-chinh/Quyet-dinh-46-2025-QD-UBND-chuc-nang-nhiem-vu-quyen-han-Trung-tam-Khuyen-nong-An-Giang-659963.aspx
2025-07-11 09:03:57,675 - INFO - ➡️ Đang truy cập: https://thuvienphapluat.vn/page/searchlegal.aspx?keyword=&area=0&match=True&type=0&status=1&signer=0&sort=1&lan=1&scan=0&org=0&fields=15&chlbg=09/07/1945&chlend=09/07/2035&page=75
2025-07-11 09:03:58,302 - INFO - 🤖 CAPTCHA OCR: 364165
2025-07-11 09:04:01,427 - INFO - ⏳ Chờ 4.72s giả lập người dùng...
2025-07-11 09:04:10,321 - INFO - 🧭 Tiêu đề trang: Tra cứu Văn Bản Pháp Luật
2025-07-11 09:04:10,338 - INFO - ✅ Đã lấy link: https://thuvienphapluat.vn/van-ban/Bo-may-hanh-chinh/Quyet-dinh-1056-QD-UBND-2025-cong-bo-thu-tuc-hanh-chinh-y-te-du-phong-So-Y-te-Lam-Dong-661549.aspx
2025-07-11 09:04:10,341 - INFO - ✅ Đã lấy link: https://thuvienphapluat.vn/van-ban/Thuong-mai/Quyet-dinh-937-QD-UBND-2025-Phuong-an-don-gian-hoa-thu-tuc-hanh-chinh-hoat-dong-dau-tu-Ca-Mau-661232.aspx
2025-07-11 09:04:10,345 - INFO - ✅ Đã lấy link: https://thuvienphapluat.vn/van-ban/Bo-may-hanh-chinh/Quyet-dinh-587-QD-UBND-2025-Danh-muc-Quyet-dinh-huong-dan-Nghi-dinh-66-2025-ND-CP-Tuyen-Quang-660913.aspx
2025-07-11 09:04:10,349 - INFO - ✅ Đã lấy link: https://thuvienphapluat.vn/van-ban/Bat-dong-san/Quyet-dinh-44-2025-QD-UBND-chuc-nang-nhiem-vu-Trung-tam-Phat-trien-Quy-dat-Bac-Lieu-660221.aspx
2025-07-11 09:04:10,353 - INFO - ✅ Đã lấy link: https://thuvienphapluat.vn/van-ban/Bo-may-hanh-chinh/Quyet-dinh-1054-QD-UBND-2025-cong-bo-sua-doi-co-quan-thu-tuc-hanh-chinh-So-Xay-dung-Lam-Dong-661214.aspx
2025-07-11 09:04:10,356 - INFO - ✅ Đã lấy link: https://thuvienphapluat.vn/van-ban/Bo-may-hanh-chinh/Quyet-dinh-1440-QD-UBND-2025-quy-trinh-thu-tuc-hanh-chinh-linh-vuc-Duoc-So-Y-te-Hue-661503.aspx
2025-07-11 09:04:10,360 - INFO - ✅ Đã lấy link: https://thuvienphapluat.vn/van-ban/Cong-nghe-thong-tin/Quyet-dinh-5422-QD-UBND-2025-Quy-che-quan-ly-Cong-thong-tin-dien-tu-Long-An-660787.aspx
2025-07-11 09:04:10,364 - INFO - ✅ Đã lấy link: https://thuvienphapluat.vn/van-ban/Bo-may-hanh-chinh/Quyet-dinh-47-2025-QD-UBND-chuc-nang-nhiem-vu-quyen-han-Chi-cuc-Dan-so-Hau-Giang-657895.aspx
2025-07-11 09:04:10,367 - INFO - ✅ Đã lấy link: https://thuvienphapluat.vn/van-ban/Dich-vu-phap-ly/Quyet-dinh-21-2025-QD-UBND-bai-bo-Quyet-dinh-10-2015-QD-UBND-Can-Tho-657413.aspx
2025-07-11 09:04:10,371 - INFO - ✅ Đã lấy link: https://thuvienphapluat.vn/van-ban/Bo-may-hanh-chinh/Quyet-dinh-930-QD-UBND-2025-dinh-chinh-he-thong-hoa-van-ban-quy-pham-phap-luat-Binh-Thuan-657708.aspx
2025-07-11 09:04:10,378 - INFO - ✅ Đã lấy link: https://thuvienphapluat.vn/van-ban/Bo-may-hanh-chinh/Quyet-dinh-2516-QD-UBND-2025-cong-bo-thu-tuc-hanh-chinh-giao-thong-van-tai-Uy-ban-huyen-Ha-Noi-657752.aspx
2025-07-11 09:04:10,381 - INFO - ✅ Đã lấy link: https://thuvienphapluat.vn/van-ban/Bo-may-hanh-chinh/Quyet-dinh-681-QD-UBND-2025-cong-bo-thu-tuc-hanh-chinh-cong-tac-Dan-toc-So-Dan-toc-Dak-Nong-657784.aspx
2025-07-11 09:04:10,385 - INFO - ✅ Đã lấy link: https://thuvienphapluat.vn/van-ban/Bo-may-hanh-chinh/Quyet-dinh-680-QD-UBND-2025-cong-bo-thu-tuc-hanh-chinh-do-dac-ban-do-So-Nong-nghiep-Dak-Nong-657785.aspx
2025-07-11 09:04:10,388 - INFO - ✅ Đã lấy link: https://thuvienphapluat.vn/van-ban/Bo-may-hanh-chinh/Quyet-dinh-440-QD-UBND-2025-Quy-trinh-giai-quyet-thu-tuc-hanh-chinh-Moi-truong-Kon-Tum-657842.aspx
2025-07-11 09:04:10,392 - INFO - ✅ Đã lấy link: https://thuvienphapluat.vn/van-ban/Bo-may-hanh-chinh/Quyet-dinh-479-QD-UBND-2025-cong-bo-thu-tuc-hanh-chinh-Y-te-du-phong-So-Y-te-Gia-Lai-657672.aspx
2025-07-11 09:04:10,396 - INFO - ✅ Đã lấy link: https://thuvienphapluat.vn/van-ban/Bo-may-hanh-chinh/Quyet-dinh-1020-QD-UBND-2025-cong-bo-thu-tuc-hanh-chinh-Giao-duc-Dao-tao-So-Giao-duc-Bac-Kan-657877.aspx
2025-07-11 09:04:10,399 - INFO - ✅ Đã lấy link: https://thuvienphapluat.vn/van-ban/Bo-may-hanh-chinh/Quyet-dinh-1008-QD-UBND-2025-cong-bo-thu-tuc-hanh-chinh-Cong-tac-Dan-toc-So-Dan-toc-Bac-Lieu-657674.aspx
2025-07-11 09:04:10,403 - INFO - ✅ Đã lấy link: https://thuvienphapluat.vn/van-ban/Bao-hiem/Quyet-dinh-1040-QD-UBND-2025-cong-bo-thu-tuc-hanh-chinh-lao-dong-tien-luong-So-Noi-vu-Yen-Bai-657525.aspx
2025-07-11 09:04:10,407 - INFO - ✅ Đã lấy link: https://thuvienphapluat.vn/van-ban/Lao-dong-Tien-luong/Quyet-dinh-1038-QD-UBND-2025-cong-bo-thu-tuc-hanh-chinh-giao-duc-nghe-nghiep-So-Giao-duc-Yen-Bai-657597.aspx
2025-07-11 09:04:10,410 - INFO - ✅ Đã lấy link: https://thuvienphapluat.vn/van-ban/Bo-may-hanh-chinh/Quyet-dinh-663-QD-UBND-2025-danh-muc-thu-tuc-hanh-chinh-truc-tuyen-toan-trinh-So-Y-te-Cao-Bang-658004.aspx
2025-07-11 09:04:10,410 - INFO - ➡️ Đang truy cập: https://thuvienphapluat.vn/page/searchlegal.aspx?keyword=&area=0&match=True&type=0&status=1&signer=0&sort=1&lan=1&scan=0&org=0&fields=15&chlbg=09/07/1945&chlend=09/07/2035&page=76
2025-07-11 09:04:11,101 - INFO - 🤖 CAPTCHA OCR: 848432
2025-07-11 09:04:14,630 - INFO - ⏳ Chờ 6.62s giả lập người dùng...
2025-07-11 09:04:25,486 - INFO - 🧭 Tiêu đề trang: Tra cứu Văn Bản Pháp Luật
2025-07-11 09:04:25,501 - INFO - ✅ Đã lấy link: https://thuvienphapluat.vn/van-ban/Bo-may-hanh-chinh/Quyet-dinh-1409-QD-UBND-2025-phe-duyet-De-an-sap-xep-Thanh-tra-tinh-tinh-gon-hieu-qua-Nghe-An-657476.aspx
2025-07-11 09:04:25,505 - INFO - ✅ Đã lấy link: https://thuvienphapluat.vn/van-ban/Bo-may-hanh-chinh/Quyet-dinh-1524-QD-BNNMT-2025-cong-bo-chuan-hoa-thu-tuc-hanh-chinh-linh-vuc-quan-ly-de-dieu-657671.aspx
2025-07-11 09:04:25,509 - INFO - ✅ Đã lấy link: https://thuvienphapluat.vn/van-ban/Bo-may-hanh-chinh/Quyet-dinh-764-QD-UBND-2025-cong-bo-thu-tuc-hanh-chinh-y-te-du-phong-So-Y-te-Quang-Ngai-657698.aspx
2025-07-11 09:04:25,512 - INFO - ✅ Đã lấy link: https://thuvienphapluat.vn/van-ban/Bo-may-hanh-chinh/Quyet-dinh-759-QD-UBND-2025-cong-bo-thu-tuc-hanh-chinh-hoat-dong-khoa-hoc-So-Noi-vu-Quang-Ngai-657541.aspx
2025-07-11 09:04:25,516 - INFO - ✅ Đã lấy link: https://thuvienphapluat.vn/van-ban/Bo-may-hanh-chinh/Quyet-dinh-758-QD-UBND-2025-cong-bo-thu-tuc-hanh-chinh-giao-duc-dao-tao-So-Giao-duc-Quang-Ngai-657526.aspx
2025-07-11 09:04:25,520 - INFO - ✅ Đã lấy link: https://thuvienphapluat.vn/van-ban/Bo-may-hanh-chinh/Quyet-dinh-5438-QD-UBND-2025-cong-bo-thu-tuc-hanh-chinh-Tin-nguong-ton-giao-So-Noi-vu-Long-An-657875.aspx
2025-07-11 09:04:25,524 - INFO - ✅ Đã lấy link: https://thuvienphapluat.vn/van-ban/Bo-may-hanh-chinh/Quyet-dinh-28-2025-QD-UBND-chuc-nang-nhiem-vu-quyen-han-Thanh-tra-tinh-Hung-Yen-657794.aspx
2025-07-11 09:04:25,527 - INFO - ✅ Đã lấy link: https://thuvienphapluat.vn/van-ban/Bo-may-hanh-chinh/Quyet-dinh-1252-QD-UBND-2025-cong-bo-thu-tuc-hanh-chinh-linh-vuc-cong-thuong-Uy-ban-Can-Tho-657609.aspx
2025-07-11 09:04:25,531 - INFO - ✅ Đã lấy link: https://thuvienphapluat.vn/van-ban/Bo-may-hanh-chinh/Quyet-dinh-765-QD-UBND-2025-cong-bo-thu-tuc-hanh-chinh-linh-vuc-thi-dua-So-Noi-vu-Quang-Ngai-657700.aspx
2025-07-11 09:04:25,535 - INFO - ✅ Đã lấy link: https://thuvienphapluat.vn/van-ban/Bo-may-hanh-chinh/Quyet-dinh-1523-QD-UBND-2025-Danh-muc-bo-sung-dich-vu-cong-truc-tuyen-toan-trinh-So-Y-te-Thanh-Hoa-657607.aspx
2025-07-11 09:04:25,538 - INFO - ✅ Đã lấy link: https://thuvienphapluat.vn/van-ban/Bo-may-hanh-chinh/Quyet-dinh-1418-QD-UBND-2025-cong-bo-thu-tuc-hanh-chinh-dau-gia-tai-san-So-Tu-phap-Nghe-An-657795.aspx
2025-07-11 09:04:25,542 - INFO - ✅ Đã lấy link: https://thuvienphapluat.vn/van-ban/Bat-dong-san/Quyet-dinh-1421-QD-UBND-2025-quy-trinh-thu-tuc-hanh-chinh-linh-vuc-Dat-dai-So-Nong-nghiep-Nghe-An-657803.aspx
2025-07-11 09:04:25,546 - INFO - ✅ Đã lấy link: https://thuvienphapluat.vn/van-ban/Thue-Phi-Le-Phi/Quyet-dinh-1595-QD-UBND-2025-cong-bo-thu-tuc-hanh-chinh-chinh-sach-thue-So-Tai-chinh-Lao-Cai-657673.aspx
2025-07-11 09:04:25,549 - INFO - ✅ Đã lấy link: https://thuvienphapluat.vn/van-ban/Bao-hiem/Quyet-dinh-1598-QD-UBND-2025-cong-bo-thu-tuc-hanh-chinh-lao-dong-tien-luong-So-Noi-vu-Lao-Cai-657876.aspx
2025-07-11 09:04:25,553 - INFO - ✅ Đã lấy link: https://thuvienphapluat.vn/van-ban/Bat-dong-san/Quyet-dinh-47-2025-QD-UBND-Quy-che-luan-chuyen-ho-so-thu-tuc-hanh-chinh-ve-dat-dai-Hai-Duong-658093.aspx
2025-07-11 09:04:25,556 - INFO - ✅ Đã lấy link: https://thuvienphapluat.vn/van-ban/Dau-tu/Quyet-dinh-1019-QD-UBND-2025-quy-trinh-thu-tuc-hanh-chinh-linh-vuc-dau-thau-So-Tai-chinh-Dien-Bien-658090.aspx
2025-07-11 09:04:25,560 - INFO - ✅ Đã lấy link: https://thuvienphapluat.vn/van-ban/Bao-hiem/Quyet-dinh-846-QD-UBND-2025-cong-bo-thu-tuc-hanh-chinh-Lao-dong-tien-luong-So-Noi-vu-Lai-Chau-658217.aspx
2025-07-11 09:04:25,564 - INFO - ✅ Đã lấy link: https://thuvienphapluat.vn/van-ban/Bo-may-hanh-chinh/Quyet-dinh-25-2025-QD-UBND-bai-bo-cac-Quyet-dinh-cua-Uy-ban-nhan-dan-tinh-Dong-Thap-658357.aspx
2025-07-11 09:04:25,568 - INFO - ✅ Đã lấy link: https://thuvienphapluat.vn/van-ban/Bat-dong-san/Quyet-dinh-46-2025-QD-UBND-Quy-che-phoi-hop-chuc-nang-Van-phong-Dang-ky-dat-dai-Quang-Ninh-658378.aspx
2025-07-11 09:04:25,571 - INFO - ✅ Đã lấy link: https://thuvienphapluat.vn/van-ban/Bo-may-hanh-chinh/Quyet-dinh-51-2025-QD-UBND-sua-doi-Dieu-14-Dieu-le-Quyet-dinh-47-2021-QD-UBND-Ninh-Thuan-658356.aspx
2025-07-11 09:04:25,571 - INFO - ➡️ Đang truy cập: https://thuvienphapluat.vn/page/searchlegal.aspx?keyword=&area=0&match=True&type=0&status=1&signer=0&sort=1&lan=1&scan=0&org=0&fields=15&chlbg=09/07/1945&chlend=09/07/2035&page=77
2025-07-11 09:04:26,193 - INFO - 🤖 CAPTCHA OCR: 736175
2025-07-11 09:04:29,302 - INFO - ⏳ Chờ 5.00s giả lập người dùng...
2025-07-11 09:04:37,345 - INFO - 🧭 Tiêu đề trang: Tra cứu Văn Bản Pháp Luật
2025-07-11 09:04:37,362 - INFO - ✅ Đã lấy link: https://thuvienphapluat.vn/van-ban/Bo-may-hanh-chinh/Quyet-dinh-49-2025-QD-UBND-tieu-chi-chat-luong-dich-vu-cong-ngan-sach-nha-nuoc-Hau-Giang-658212.aspx
2025-07-11 09:04:37,366 - INFO - ✅ Đã lấy link: https://thuvienphapluat.vn/van-ban/Dau-tu/Thong-tu-26-2025-TT-BTC-bai-bo-mot-so-Thong-tu-quan-ly-thanh-toan-quyet-toan-von-dau-tu-657913.aspx
2025-07-11 09:04:37,369 - INFO - ✅ Đã lấy link: https://thuvienphapluat.vn/van-ban/Cong-nghe-thong-tin/Quyet-dinh-2154-QD-BQP-2025-cong-bo-thu-tuc-hanh-chinh-moi-truong-dien-tu-658274.aspx
2025-07-11 09:04:37,373 - INFO - ✅ Đã lấy link: https://thuvienphapluat.vn/van-ban/Bo-may-hanh-chinh/Quyet-dinh-1693-QD-BYT-2025-chuc-nang-nhiem-vu-quyen-han-Vu-Hop-tac-quoc-te-658699.aspx
2025-07-11 09:04:37,377 - INFO - ✅ Đã lấy link: https://thuvienphapluat.vn/van-ban/Bo-may-hanh-chinh/Quyet-dinh-42-2025-QD-UBND-bai-bo-cac-Quyet-dinh-quan-ly-nhiem-vu-khoa-hoc-cong-nghe-Phu-Tho-657429.aspx
2025-07-11 09:04:37,381 - INFO - ✅ Đã lấy link: https://thuvienphapluat.vn/van-ban/Bo-may-hanh-chinh/Quyet-dinh-1087-QD-UBND-2025-cong-bo-thu-tuc-hanh-chinh-Lam-nghiep-cac-cap-chinh-quyen-Phu-Tho-657565.aspx
2025-07-11 09:04:37,384 - INFO - ✅ Đã lấy link: https://thuvienphapluat.vn/van-ban/Bo-may-hanh-chinh/Quyet-dinh-1274-QD-UBND-2025-cong-bo-thu-tuc-hanh-chinh-to-chuc-chinh-quyen-Khanh-Hoa-658733.aspx
2025-07-11 09:04:37,388 - INFO - ✅ Đã lấy link: https://thuvienphapluat.vn/van-ban/Bo-may-hanh-chinh/Quyet-dinh-2153-QD-BQP-2025-cong-bo-thu-tuc-hanh-chinh-linh-vuc-giao-duc-quoc-phong-an-ninh-658021.aspx
2025-07-11 09:04:37,392 - INFO - ✅ Đã lấy link: https://thuvienphapluat.vn/van-ban/Bo-may-hanh-chinh/Quyet-dinh-1007-QD-UBND-2025-cong-bo-thu-tuc-hanh-chinh-Nong-nghiep-Moi-truong-Uy-ban-xa-Bac-Lieu-658817.aspx
2025-07-11 09:04:37,395 - INFO - ✅ Đã lấy link: https://thuvienphapluat.vn/van-ban/Cong-nghe-thong-tin/Quyet-dinh-970-QD-TTg-2025-trach-nhiem-nguoi-dung-dau-chi-dao-nhiem-vu-phat-trien-khoa-hoc-657647.aspx
2025-07-11 09:04:37,399 - INFO - ✅ Đã lấy link: https://thuvienphapluat.vn/van-ban/Bo-may-hanh-chinh/Quyet-dinh-1005-QD-UBND-2025-cong-bo-thu-tuc-hanh-chinh-chuan-hoa-So-Nong-nghiep-Bac-Lieu-658824.aspx
2025-07-11 09:04:37,403 - INFO - ✅ Đã lấy link: https://thuvienphapluat.vn/van-ban/Bo-may-hanh-chinh/Quyet-dinh-1275-QD-UBND-2025-cong-bo-thu-tuc-hanh-chinh-linh-vuc-thi-dua-khen-thuong-Khanh-Hoa-659475.aspx
2025-07-11 09:04:37,406 - INFO - ✅ Đã lấy link: https://thuvienphapluat.vn/van-ban/Bo-may-hanh-chinh/Quyet-dinh-1426-QD-UBND-2025-quy-trinh-thu-tuc-hanh-chinh-linh-vuc-Giao-duc-So-Giao-duc-Hue-661506.aspx
2025-07-11 09:04:37,410 - INFO - ✅ Đã lấy link: https://thuvienphapluat.vn/van-ban/Bat-dong-san/Quyet-dinh-43-2025-QD-UBND-bai-bo-Quyet-dinh-16-2020-QD-UBND-Bac-Lieu-661361.aspx
2025-07-11 09:04:37,414 - INFO - ✅ Đã lấy link: https://thuvienphapluat.vn/van-ban/Bo-may-hanh-chinh/Quyet-dinh-1570-QD-UBND-2025-cong-bo-thu-tuc-hanh-chinh-chuan-hoa-So-Tai-chinh-Da-Nang-662834.aspx
2025-07-11 09:04:37,417 - INFO - ✅ Đã lấy link: https://thuvienphapluat.vn/van-ban/Bo-may-hanh-chinh/Quyet-dinh-1511-QD-UBND-2025-cong-bo-thu-tuc-hanh-chinh-linh-vuc-Dia-chat-So-Nong-nghiep-Thanh-Hoa-657425.aspx
2025-07-11 09:04:37,421 - INFO - ✅ Đã lấy link: https://thuvienphapluat.vn/van-ban/Bo-may-hanh-chinh/Quyet-dinh-1541-QD-UBND-2025-cong-bo-thu-tuc-hanh-chinh-linh-vuc-kiem-lam-cap-xa-Ben-Tre-657380.aspx
2025-07-11 09:04:37,425 - INFO - ✅ Đã lấy link: https://thuvienphapluat.vn/van-ban/Bat-dong-san/Quyet-dinh-1543-QD-UBND-2025-cong-bo-thu-tuc-hanh-chinh-linh-vuc-dat-dai-Uy-ban-xa-Ben-Tre-657381.aspx
2025-07-11 09:04:37,429 - INFO - ✅ Đã lấy link: https://thuvienphapluat.vn/van-ban/Bo-may-hanh-chinh/Quyet-dinh-1545-QD-UBND-2025-cong-bo-thu-tuc-hanh-chinh-cong-tac-dan-toc-Uy-ban-huyen-Ben-Tre-657382.aspx
2025-07-11 09:04:37,433 - INFO - ✅ Đã lấy link: https://thuvienphapluat.vn/van-ban/Bo-may-hanh-chinh/Quyet-dinh-1544-QD-UBND-2025-cong-bo-thu-tuc-hanh-chinh-van-thu-luu-tru-So-Tai-chinh-Ben-Tre-659540.aspx
2025-07-11 09:04:37,433 - INFO - ➡️ Đang truy cập: https://thuvienphapluat.vn/page/searchlegal.aspx?keyword=&area=0&match=True&type=0&status=1&signer=0&sort=1&lan=1&scan=0&org=0&fields=15&chlbg=09/07/1945&chlend=09/07/2035&page=78
2025-07-11 09:04:38,054 - INFO - 🤖 CAPTCHA OCR: 836622
2025-07-11 09:04:41,166 - INFO - ⏳ Chờ 5.82s giả lập người dùng...
2025-07-11 09:04:50,980 - INFO - 🧭 Tiêu đề trang: Tra cứu Văn Bản Pháp Luật
2025-07-11 09:04:50,996 - INFO - ✅ Đã lấy link: https://thuvienphapluat.vn/van-ban/Bo-may-hanh-chinh/Quyet-dinh-1538-QD-UBND-2025-cong-bo-thu-tuc-hanh-chinh-van-thu-luu-tru-Thanh-tra-tinh-Ben-Tre-659530.aspx
2025-07-11 09:04:50,999 - INFO - ✅ Đã lấy link: https://thuvienphapluat.vn/van-ban/Bo-may-hanh-chinh/Quyet-dinh-1552-QD-UBND-2025-cong-bo-thu-tuc-hanh-chinh-giao-duc-dao-tao-Uy-ban-huyen-Ben-Tre-658474.aspx
2025-07-11 09:04:51,003 - INFO - ✅ Đã lấy link: https://thuvienphapluat.vn/van-ban/Bo-may-hanh-chinh/Quyet-dinh-35-2025-QD-UBND-chuc-nang-nhiem-vu-Chi-cuc-Trong-trot-Bao-ve-thuc-vat-Ha-Giang-657613.aspx
2025-07-11 09:04:51,007 - INFO - ✅ Đã lấy link: https://thuvienphapluat.vn/van-ban/Bo-may-hanh-chinh/Quyet-dinh-1560-QD-UBND-2025-cong-bo-thu-tuc-hanh-chinh-giao-duc-dao-tao-So-Giao-duc-Da-Nang-663311.aspx
2025-07-11 09:04:51,011 - INFO - ✅ Đã lấy link: https://thuvienphapluat.vn/van-ban/Bo-may-hanh-chinh/Quyet-dinh-1013-QD-UBND-2025-cong-bo-thu-tuc-hanh-chinh-dau-gia-tai-san-So-Tu-phap-Dien-Bien-657677.aspx
2025-07-11 09:04:51,014 - INFO - ✅ Đã lấy link: https://thuvienphapluat.vn/van-ban/Bo-may-hanh-chinh/Quyet-dinh-842-QD-UBND-2025-cong-bo-thu-tuc-hanh-chinh-Y-te-du-phong-So-Y-te-Lai-Chau-657904.aspx
2025-07-11 09:04:51,018 - INFO - ✅ Đã lấy link: https://thuvienphapluat.vn/van-ban/Bat-dong-san/Quyet-dinh-1397-QD-UBND-2025-cong-bo-thu-tuc-hanh-chinh-linh-vuc-Dat-dai-So-Nong-nghiep-Nghe-An-657473.aspx
2025-07-11 09:04:51,021 - INFO - ✅ Đã lấy link: https://thuvienphapluat.vn/van-ban/Bo-may-hanh-chinh/Quyet-dinh-1394-QD-UBND-2025-cong-bo-thu-tuc-hanh-chinh-Kinh-te-hop-tac-So-Nong-nghiep-Nghe-An-657415.aspx
2025-07-11 09:04:51,025 - INFO - ✅ Đã lấy link: https://thuvienphapluat.vn/van-ban/Bo-may-hanh-chinh/Quyet-dinh-1035-QD-UBND-2025-cong-bo-thu-tuc-hanh-chinh-Y-te-du-phong-So-Y-te-Yen-Bai-657481.aspx
2025-07-11 09:04:51,029 - INFO - ✅ Đã lấy link: https://thuvienphapluat.vn/van-ban/Bo-may-hanh-chinh/Quyet-dinh-1164-QD-UBND-2025-cong-bo-thu-tuc-hanh-chinh-dau-gia-tai-san-So-Tu-phap-Hoa-Binh-657472.aspx
2025-07-11 09:04:51,033 - INFO - ✅ Đã lấy link: https://thuvienphapluat.vn/van-ban/Bo-may-hanh-chinh/Quyet-dinh-1162-QD-UBND-2025-cong-bo-thu-tuc-hanh-chinh-dau-gia-tai-san-So-Tu-phap-Son-La-657417.aspx
2025-07-11 09:04:51,036 - INFO - ✅ Đã lấy link: https://thuvienphapluat.vn/van-ban/Thuong-mai/Quyet-dinh-1153-QD-UBND-2025-chuc-nang-nhiem-vu-quyen-han-Trung-tam-Xuc-tien-Dau-tu-Son-La-657427.aspx
2025-07-11 09:04:51,040 - INFO - ✅ Đã lấy link: https://thuvienphapluat.vn/van-ban/Bo-may-hanh-chinh/Quyet-dinh-1241-QD-UBND-2025-quy-trinh-noi-bo-giai-quyet-thu-tuc-hanh-chinh-So-Xay-dung-Can-Tho-657416.aspx
2025-07-11 09:04:51,043 - INFO - ✅ Đã lấy link: https://thuvienphapluat.vn/van-ban/Bo-may-hanh-chinh/Quyet-dinh-1238-QD-UBND-2025-cong-bo-thu-tuc-hanh-chinh-bien-phap-bao-dam-So-Tu-phap-Can-Tho-657470.aspx
2025-07-11 09:04:51,047 - INFO - ✅ Đã lấy link: https://thuvienphapluat.vn/van-ban/Bo-may-hanh-chinh/Quyet-dinh-1485-QD-UBND-2025-cong-bo-thu-tuc-hanh-chinh-dau-gia-tai-san-So-Tu-phap-Thanh-Hoa-657424.aspx
2025-07-11 09:04:51,051 - INFO - ✅ Đã lấy link: https://thuvienphapluat.vn/van-ban/Bo-may-hanh-chinh/Quyet-dinh-1546-QD-UBND-2025-quy-trinh-thu-tuc-hanh-chinh-dau-gia-tai-san-So-Tu-phap-Ben-Tre-659157.aspx
2025-07-11 09:04:51,054 - INFO - ✅ Đã lấy link: https://thuvienphapluat.vn/van-ban/Bo-may-hanh-chinh/Quyet-dinh-34-2025-QD-UBND-chuc-nang-nhiem-vu-Chi-cuc-Chan-nuoi-Thu-y-va-Thuy-san-Ha-Giang-657610.aspx
2025-07-11 09:04:51,058 - INFO - ✅ Đã lấy link: https://thuvienphapluat.vn/van-ban/Bat-dong-san/Quyet-dinh-26-2025-QD-UBND-bai-bo-Quyet-dinh-dau-gia-quyen-su-dung-dat-de-giao-dat-Binh-Duong-657509.aspx
2025-07-11 09:04:51,062 - INFO - ✅ Đã lấy link: https://thuvienphapluat.vn/van-ban/Bo-may-hanh-chinh/Quyet-dinh-755-QD-TTPVHCC-2025-quy-trinh-thu-tuc-hanh-chinh-linh-vuc-dien-So-Cong-Thuong-Ha-Noi-657750.aspx
2025-07-11 09:04:51,066 - INFO - ✅ Đã lấy link: https://thuvienphapluat.vn/van-ban/Bo-may-hanh-chinh/Quyet-dinh-1410-QD-UBND-2025-cong-bo-thu-tuc-hanh-chinh-bien-hai-dao-So-Nong-nghiep-Nam-Dinh-657548.aspx
2025-07-11 09:04:51,066 - INFO - ➡️ Đang truy cập: https://thuvienphapluat.vn/page/searchlegal.aspx?keyword=&area=0&match=True&type=0&status=1&signer=0&sort=1&lan=1&scan=0&org=0&fields=15&chlbg=09/07/1945&chlend=09/07/2035&page=79
2025-07-11 09:04:51,695 - INFO - 🤖 CAPTCHA OCR: 748463
2025-07-11 09:04:54,798 - INFO - ⏳ Chờ 5.53s giả lập người dùng...
2025-07-11 09:05:03,313 - INFO - 🧭 Tiêu đề trang: Tra cứu Văn Bản Pháp Luật
2025-07-11 09:05:03,329 - INFO - ✅ Đã lấy link: https://thuvienphapluat.vn/van-ban/Bo-may-hanh-chinh/Quyet-dinh-1395-QD-UBND-2025-cong-bo-thu-tuc-hanh-chinh-linh-vuc-Kiem-lam-So-Nong-nghiep-Nghe-An-657596.aspx
2025-07-11 09:05:03,332 - INFO - ✅ Đã lấy link: https://thuvienphapluat.vn/van-ban/Bo-may-hanh-chinh/Quyet-dinh-1411-QD-UBND-2025-cong-bo-thu-tuc-hanh-chinh-nguoi-co-cong-So-Noi-vu-Nam-Dinh-657547.aspx
2025-07-11 09:05:03,336 - INFO - ✅ Đã lấy link: https://thuvienphapluat.vn/van-ban/Bo-may-hanh-chinh/Quyet-dinh-752-QD-TTPVHCC-2025-quy-trinh-thu-tuc-hanh-chinh-co-che-lan-xanh-So-Tu-phap-Ha-Noi-657751.aspx
2025-07-11 09:05:03,340 - INFO - ✅ Đã lấy link: https://thuvienphapluat.vn/van-ban/Lao-dong-Tien-luong/Quyet-dinh-1014-QD-UBND-2025-Quy-trinh-thu-tuc-hanh-chinh-linh-vuc-viec-lam-So-Noi-vu-Dien-Bien-658100.aspx
2025-07-11 09:05:03,343 - INFO - ✅ Đã lấy link: https://thuvienphapluat.vn/van-ban/Bo-may-hanh-chinh/Quyet-dinh-1182-QD-UBND-2025-danh-gia-su-hai-long-doi-voi-chat-luong-dich-vu-giao-duc-cong-Soc-Trang-658266.aspx
2025-07-11 09:05:03,347 - INFO - ✅ Đã lấy link: https://thuvienphapluat.vn/van-ban/Bo-may-hanh-chinh/Quyet-dinh-845-QD-UBND-2025-cong-bo-thu-tuc-hanh-chinh-noi-bo-So-Xay-dung-Lai-Chau-658135.aspx
2025-07-11 09:05:03,350 - INFO - ✅ Đã lấy link: https://thuvienphapluat.vn/van-ban/Bo-may-hanh-chinh/Quyet-dinh-1006-QD-UBND-2025-quy-trinh-thu-tuc-hanh-chinh-giam-ngheo-So-Nong-nghiep-Dien-Bien-658102.aspx
2025-07-11 09:05:03,354 - INFO - ✅ Đã lấy link: https://thuvienphapluat.vn/van-ban/Bo-may-hanh-chinh/Quyet-dinh-1011-QD-UBND-2025-quy-trinh-thu-tuc-hanh-chinh-hoat-dong-khoa-hoc-So-Khoa-hoc-Dien-Bien-658101.aspx
2025-07-11 09:05:03,358 - INFO - ✅ Đã lấy link: https://thuvienphapluat.vn/van-ban/Bo-may-hanh-chinh/Quyet-dinh-174-QD-TSKN-2025-chuc-nang-Trung-tam-Khao-nghiem-Kiem-dinh-thuy-san-Vung-II-658280.aspx
2025-07-11 09:05:03,361 - INFO - ✅ Đã lấy link: https://thuvienphapluat.vn/van-ban/Bo-may-hanh-chinh/Quyet-dinh-173-QD-TSKN-2025-chuc-nang-Trung-tam-Khao-nghiem-Kiem-nghiem-thuy-san-Vung-I-658278.aspx
2025-07-11 09:05:03,365 - INFO - ✅ Đã lấy link: https://thuvienphapluat.vn/van-ban/Bo-may-hanh-chinh/Quyet-dinh-172-QD-TSKN-2025-chuc-nang-nhiem-vu-Trung-tam-Dang-kiem-tau-ca-Nam-Bo-658279.aspx
2025-07-11 09:05:03,368 - INFO - ✅ Đã lấy link: https://thuvienphapluat.vn/van-ban/Bo-may-hanh-chinh/Quyet-dinh-1580-QD-UBND-2025-quy-trinh-truc-tuyen-Quan-ly-phuong-tien-So-Xay-dung-Quang-Binh-658113.aspx
2025-07-11 09:05:03,372 - INFO - ✅ Đã lấy link: https://thuvienphapluat.vn/van-ban/Bo-may-hanh-chinh/Quyet-dinh-653-QD-UBND-2025-cong-bo-thu-tuc-hanh-chinh-chuan-hoa-So-Khoa-hoc-Ninh-Thuan-658804.aspx
2025-07-11 09:05:03,375 - INFO - ✅ Đã lấy link: https://thuvienphapluat.vn/van-ban/Bo-may-hanh-chinh/Nghi-quyet-140-NQ-CP-2025-thuc-hien-Nghi-quyet-66-NQ-TW-thi-hanh-phap-luat-ky-nguyen-moi-657151.aspx
2025-07-11 09:05:03,379 - INFO - ✅ Đã lấy link: https://thuvienphapluat.vn/van-ban/Bo-may-hanh-chinh/Nghi-quyet-197-2025-QH15-chinh-sach-dac-biet-tao-dot-pha-trong-xay-dung-to-chuc-thi-hanh-phap-luat-657149.aspx
2025-07-11 09:05:03,383 - INFO - ✅ Đã lấy link: https://thuvienphapluat.vn/van-ban/Bao-hiem/Quyet-dinh-499-QD-BNV-2025-cong-bo-thu-tuc-hanh-chinh-linh-vuc-lao-dong-tien-luong-657171.aspx
2025-07-11 09:05:03,386 - INFO - ✅ Đã lấy link: https://thuvienphapluat.vn/van-ban/Bo-may-hanh-chinh/Quyet-dinh-433-QD-UBND-2025-cong-bo-thu-tuc-hanh-chinh-linh-vuc-Lam-nghiep-Kon-Tum-658818.aspx
2025-07-11 09:05:03,390 - INFO - ✅ Đã lấy link: https://thuvienphapluat.vn/van-ban/Bo-may-hanh-chinh/Quyet-dinh-1103-QD-UBND-2025-cong-bo-thu-tuc-hanh-chinh-Giam-ngheo-Uy-ban-xa-Lang-Son-658823.aspx
2025-07-11 09:05:03,394 - INFO - ✅ Đã lấy link: https://thuvienphapluat.vn/van-ban/Bo-may-hanh-chinh/Quyet-dinh-55-2025-QD-UBND-chuc-nang-nhiem-vu-quyen-han-Ban-Quan-ly-khu-kinh-te-Hue-661449.aspx
2025-07-11 09:05:03,397 - INFO - ✅ Đã lấy link: https://thuvienphapluat.vn/van-ban/Bo-may-hanh-chinh/Quyet-dinh-54-2025-QD-UBND-chuc-nang-nhiem-vu-quyen-han-Chi-cuc-Giam-dinh-xay-dung-Hue-661447.aspx
2025-07-11 09:05:03,397 - INFO - ➡️ Đang truy cập: https://thuvienphapluat.vn/page/searchlegal.aspx?keyword=&area=0&match=True&type=0&status=1&signer=0&sort=1&lan=1&scan=0&org=0&fields=15&chlbg=09/07/1945&chlend=09/07/2035&page=80
2025-07-11 09:05:04,034 - INFO - 🤖 CAPTCHA OCR: 573887
2025-07-11 09:05:07,141 - INFO - ⏳ Chờ 5.69s giả lập người dùng...
2025-07-11 09:05:16,175 - INFO - 🧭 Tiêu đề trang: Tra cứu Văn Bản Pháp Luật
2025-07-11 09:05:16,191 - INFO - ✅ Đã lấy link: https://thuvienphapluat.vn/van-ban/Bo-may-hanh-chinh/Quyet-dinh-431-QD-UBND-2025-cong-bo-sua-doi-thu-tuc-hanh-chinh-So-Cong-Thuong-Kon-Tum-657188.aspx
2025-07-11 09:05:16,195 - INFO - ✅ Đã lấy link: https://thuvienphapluat.vn/van-ban/Bo-may-hanh-chinh/Quyet-dinh-1664-QD-UBND-2025-De-an-sap-xep-he-thong-co-quan-thanh-tra-tinh-gon-Binh-Dinh-657487.aspx
2025-07-11 09:05:16,199 - INFO - ✅ Đã lấy link: https://thuvienphapluat.vn/van-ban/Bo-may-hanh-chinh/Quyet-dinh-1665-QD-UBND-2025-Phuong-an-sap-xep-he-thong-co-quan-Thanh-tra-tinh-gon-Binh-Dinh-657426.aspx
2025-07-11 09:05:16,203 - INFO - ✅ Đã lấy link: https://thuvienphapluat.vn/van-ban/Bo-may-hanh-chinh/Quyet-dinh-27-2025-QD-UBND-chuc-nang-Ban-Quan-ly-du-an-xay-dung-cong-trinh-nong-nghiep-Hung-Yen-657726.aspx
2025-07-11 09:05:16,206 - INFO - ✅ Đã lấy link: https://thuvienphapluat.vn/van-ban/Bo-may-hanh-chinh/Quyet-dinh-26-2025-QD-UBND-chuc-nang-nhiem-vu-Trung-tam-Nuoc-va-Ky-thuat-nong-nghiep-Hung-Yen-657727.aspx
2025-07-11 09:05:16,210 - INFO - ✅ Đã lấy link: https://thuvienphapluat.vn/van-ban/Bo-may-hanh-chinh/Quyet-dinh-25-2025-QD-UBND-chuc-nang-nhiem-vu-Chi-cuc-Chan-nuoi-Thu-y-Hung-Yen-657724.aspx
2025-07-11 09:05:16,214 - INFO - ✅ Đã lấy link: https://thuvienphapluat.vn/van-ban/Bo-may-hanh-chinh/Quyet-dinh-24-2025-QD-UBND-chuc-nang-nhiem-vu-Chi-cuc-Chat-luong-Phat-trien-thi-truong-Hung-Yen-657723.aspx
2025-07-11 09:05:16,217 - INFO - ✅ Đã lấy link: https://thuvienphapluat.vn/van-ban/Bo-may-hanh-chinh/Quyet-dinh-21-2025-QD-UBND-chuc-nang-nhiem-vu-Chi-cuc-Quan-ly-De-dieu-Phong-chong-thien-tai-Hung-Yen-657725.aspx
2025-07-11 09:05:16,221 - INFO - ✅ Đã lấy link: https://thuvienphapluat.vn/van-ban/Bo-may-hanh-chinh/Quyet-dinh-23-2025-QD-UBND-chuc-nang-nhiem-vu-Chi-cuc-Trong-trot-Bao-ve-thuc-vat-Hung-Yen-657722.aspx
2025-07-11 09:05:16,225 - INFO - ✅ Đã lấy link: https://thuvienphapluat.vn/van-ban/Bo-may-hanh-chinh/Quyet-dinh-22-2025-QD-UBND-chuc-nang-nhiem-vu-Chi-cuc-Phat-trien-nong-thon-Hung-Yen-657720.aspx
2025-07-11 09:05:16,228 - INFO - ✅ Đã lấy link: https://thuvienphapluat.vn/van-ban/Bo-may-hanh-chinh/Quyet-dinh-1634-QD-BYT-2025-quy-trinh-giai-quyet-thu-tuc-hanh-chinh-linh-vuc-y-hoc-co-truyen-657490.aspx
2025-07-11 09:05:16,232 - INFO - ✅ Đã lấy link: https://thuvienphapluat.vn/van-ban/Bo-may-hanh-chinh/Quyet-dinh-1053-QD-UBND-2025-cong-bo-thu-tuc-hanh-chinh-Nguoi-co-cong-Uy-ban-huyen-Phu-Tho-657564.aspx
2025-07-11 09:05:16,236 - INFO - ✅ Đã lấy link: https://thuvienphapluat.vn/van-ban/Bo-may-hanh-chinh/Quyet-dinh-1054-QD-UBND-2025-cong-bo-thu-tuc-hanh-chinh-Y-te-du-phong-cap-tinh-Phu-Tho-657563.aspx
2025-07-11 09:05:16,239 - INFO - ✅ Đã lấy link: https://thuvienphapluat.vn/van-ban/Bo-may-hanh-chinh/Quyet-dinh-1055-QD-UBND-2025-cong-bo-thu-tuc-hanh-chinh-nguoi-co-cong-Uy-ban-xa-Phu-Tho-657562.aspx
2025-07-11 09:05:16,243 - INFO - ✅ Đã lấy link: https://thuvienphapluat.vn/van-ban/Bo-may-hanh-chinh/Quyet-dinh-1660-QD-UBND-2025-cong-bo-thu-tuc-hanh-chinh-dau-gia-tai-san-So-Tu-phap-Binh-Dinh-658289.aspx
2025-07-11 09:05:16,247 - INFO - ✅ Đã lấy link: https://thuvienphapluat.vn/van-ban/Bo-may-hanh-chinh/Quyet-dinh-648-QD-UBND-2025-cong-bo-thu-tuc-hanh-chinh-bien-phap-bao-dam-So-Nong-nghiep-Ninh-Thuan-658803.aspx
2025-07-11 09:05:16,251 - INFO - ✅ Đã lấy link: https://thuvienphapluat.vn/van-ban/Bo-may-hanh-chinh/Quyet-dinh-1140-QD-UBND-2025-cong-bo-thu-tuc-hanh-chinh-duoc-chuan-hoa-So-Khoa-hoc-Tra-Vinh-657282.aspx
2025-07-11 09:05:16,255 - INFO - ✅ Đã lấy link: https://thuvienphapluat.vn/van-ban/Bo-may-hanh-chinh/Quyet-dinh-1391-QD-UBND-2025-cong-bo-chuan-hoa-thu-tuc-hanh-chinh-So-khoa-hoc-Kien-Giang-658822.aspx
2025-07-11 09:05:16,259 - INFO - ✅ Đã lấy link: https://thuvienphapluat.vn/van-ban/Bo-may-hanh-chinh/Chi-thi-46-CT-TW-2025-lanh-dao-cuoc-bau-cu-dai-bieu-Quoc-hoi-khoa-XVI-659287.aspx
2025-07-11 09:05:16,262 - INFO - ✅ Đã lấy link: https://thuvienphapluat.vn/van-ban/Bo-may-hanh-chinh/Quyet-dinh-29-2025-QD-UBND-tieu-chuan-ve-thanh-tich-doi-voi-cong-chuc-lanh-dao-Hai-Phong-658685.aspx
2025-07-11 09:05:16,262 - INFO - ➡️ Đang truy cập: https://thuvienphapluat.vn/page/searchlegal.aspx?keyword=&area=0&match=True&type=0&status=1&signer=0&sort=1&lan=1&scan=0&org=0&fields=15&chlbg=09/07/1945&chlend=09/07/2035&page=81
2025-07-11 09:05:16,914 - INFO - 🤖 CAPTCHA OCR: 836483
2025-07-11 09:05:20,024 - INFO - ⏳ Chờ 5.87s giả lập người dùng...
2025-07-11 09:05:29,198 - INFO - 🧭 Tiêu đề trang: Tra cứu Văn Bản Pháp Luật
2025-07-11 09:05:29,214 - INFO - ✅ Đã lấy link: https://thuvienphapluat.vn/van-ban/Bo-may-hanh-chinh/Quyet-dinh-1393-QD-UBND-2025-cong-bo-thu-tuc-hanh-chinh-Lam-nghiep-So-Nong-nghiep-Kien-Giang-658821.aspx
2025-07-11 09:05:29,218 - INFO - ✅ Đã lấy link: https://thuvienphapluat.vn/van-ban/Bo-may-hanh-chinh/Quyet-dinh-42-2025-QD-UBND-chuc-nang-nhiem-vu-quyen-han-Chi-cuc-Dan-so-Quang-Ninh-659707.aspx
2025-07-11 09:05:29,222 - INFO - ✅ Đã lấy link: https://thuvienphapluat.vn/van-ban/Dich-vu-phap-ly/Quyet-dinh-792-QD-UBND-2025-cong-bo-thu-tuc-hanh-chinh-dau-gia-tai-san-So-Tu-phap-Phu-Yen-658885.aspx
2025-07-11 09:05:29,226 - INFO - ✅ Đã lấy link: https://thuvienphapluat.vn/van-ban/Bo-may-hanh-chinh/Quyet-dinh-1407-QD-UBND-2025-cong-bo-thu-tuc-hanh-chinh-Giao-duc-Dao-tao-So-Giao-duc-Hue-662171.aspx
2025-07-11 09:05:29,229 - INFO - ✅ Đã lấy link: https://thuvienphapluat.vn/van-ban/Bo-may-hanh-chinh/Quyet-dinh-1394-QD-UBND-2025-cong-bo-thu-tuc-hanh-chinh-linh-vuc-Noi-vu-Nam-Dinh-656903.aspx
2025-07-11 09:05:29,233 - INFO - ✅ Đã lấy link: https://thuvienphapluat.vn/van-ban/Bat-dong-san/Quyet-dinh-1551-QD-UBND-2025-thu-tuc-hanh-chinh-bien-phap-bao-dam-Van-phong-dang-ky-dat-dai-Quang-Binh-657069.aspx
2025-07-11 09:05:29,237 - INFO - ✅ Đã lấy link: https://thuvienphapluat.vn/van-ban/Bo-may-hanh-chinh/Quyet-dinh-1078-QD-UBND-2025-cong-bo-thu-tuc-hanh-chinh-hoi-thao-quoc-te-Van-phong-Uy-ban-tinh-Dak-Lak-657229.aspx
2025-07-11 09:05:29,241 - INFO - ✅ Đã lấy link: https://thuvienphapluat.vn/van-ban/Bo-may-hanh-chinh/Quyet-dinh-1077-QD-UBND-2025-cong-bo-thu-tuc-hanh-chinh-So-Khoa-hoc-va-Cong-nghe-Dak-Lak-657228.aspx
2025-07-11 09:05:29,246 - INFO - ✅ Đã lấy link: https://thuvienphapluat.vn/van-ban/Bo-may-hanh-chinh/Quyet-dinh-898-QD-BKHCN-2025-chuc-nang-Trung-tam-Ho-tro-ky-thuat-thuoc-Cuc-An-toan-buc-xa-657177.aspx
2025-07-11 09:05:29,249 - INFO - ✅ Đã lấy link: https://thuvienphapluat.vn/van-ban/Bo-may-hanh-chinh/Quyet-dinh-745-QD-UBND-2025-cong-bo-thu-tuc-hanh-chinh-thi-dua-khen-thuong-So-Noi-vu-Quang-Ngai-657191.aspx
2025-07-11 09:05:29,253 - INFO - ✅ Đã lấy link: https://thuvienphapluat.vn/van-ban/Bo-may-hanh-chinh/Quyet-dinh-744-QD-UBND-2025-chuan-hoa-Danh-muc-thu-tuc-hanh-chinh-So-Tai-chinh-Quang-Ngai-657189.aspx
2025-07-11 09:05:29,257 - INFO - ✅ Đã lấy link: https://thuvienphapluat.vn/van-ban/Bo-may-hanh-chinh/Quyet-dinh-547-QD-UBND-HC-2025-cong-bo-thu-tuc-hanh-chinh-So-Cong-Thuong-Dong-Thap-661721.aspx
2025-07-11 09:05:29,261 - INFO - ✅ Đã lấy link: https://thuvienphapluat.vn/van-ban/Bo-may-hanh-chinh/Quyet-dinh-47-2025-QD-UBND-bai-bo-Quyet-dinh-22-2024-QD-UBND-quan-ly-nhiem-vu-khoa-hoc-Nam-Dinh-657306.aspx
2025-07-11 09:05:29,264 - INFO - ✅ Đã lấy link: https://thuvienphapluat.vn/van-ban/Dau-tu/Quyet-dinh-426-QD-UBND-2025-cong-bo-thu-tuc-hanh-chinh-dau-thau-lua-chon-nha-dau-tu-Kon-Tum-657016.aspx
2025-07-11 09:05:29,268 - INFO - ✅ Đã lấy link: https://thuvienphapluat.vn/van-ban/Bo-may-hanh-chinh/Quyet-dinh-425-QD-UBND-2025-cong-bo-thu-tuc-hanh-chinh-linh-vuc-Giao-duc-So-Giao-duc-Kon-Tum-657015.aspx
2025-07-11 09:05:29,271 - INFO - ✅ Đã lấy link: https://thuvienphapluat.vn/van-ban/Dich-vu-phap-ly/Quyet-dinh-1044-QD-UBND-2025-cong-bo-thu-tuc-hanh-chinh-dau-gia-tai-san-cap-tinh-Lam-Dong-657063.aspx
2025-07-11 09:05:29,275 - INFO - ✅ Đã lấy link: https://thuvienphapluat.vn/van-ban/Bo-may-hanh-chinh/Quyet-dinh-1406-QD-UBND-2025-cong-bo-thu-tuc-hanh-chinh-chuan-hoa-So-Khoa-hoc-Cong-nghe-Hue-662170.aspx
2025-07-11 09:05:29,278 - INFO - ✅ Đã lấy link: https://thuvienphapluat.vn/van-ban/Bo-may-hanh-chinh/Quyet-dinh-1408-QD-UBND-2025-quy-trinh-thu-tuc-hanh-chinh-nguoi-co-cong-co-quan-trung-uong-Hue-662236.aspx
2025-07-11 09:05:29,282 - INFO - ✅ Đã lấy link: https://thuvienphapluat.vn/van-ban/Dau-tu/Quyet-dinh-1514-QD-UBND-2025-quy-trinh-thu-tuc-hanh-chinh-dau-tu-doi-tac-cong-tu-So-Tai-chinh-Ben-Tre-658475.aspx
2025-07-11 09:05:29,285 - INFO - ✅ Đã lấy link: https://thuvienphapluat.vn/van-ban/Bo-may-hanh-chinh/Quyet-dinh-1469-QD-UBND-2025-cong-bo-thu-tuc-hanh-chinh-quan-ly-tai-san-cong-So-Tai-chinh-Thanh-Hoa-657017.aspx
2025-07-11 09:05:29,286 - INFO - ➡️ Đang truy cập: https://thuvienphapluat.vn/page/searchlegal.aspx?keyword=&area=0&match=True&type=0&status=1&signer=0&sort=1&lan=1&scan=0&org=0&fields=15&chlbg=09/07/1945&chlend=09/07/2035&page=82
2025-07-11 09:05:29,939 - INFO - 🤖 CAPTCHA OCR: 487656
2025-07-11 09:05:33,444 - INFO - ⏳ Chờ 6.57s giả lập người dùng...
2025-07-11 09:05:43,570 - INFO - 🧭 Tiêu đề trang: Tra cứu Văn Bản Pháp Luật
2025-07-11 09:05:43,586 - INFO - ✅ Đã lấy link: https://thuvienphapluat.vn/van-ban/Bo-may-hanh-chinh/Quyet-dinh-1544-QD-UBND-2025-cong-bo-thu-tuc-hanh-chinh-linh-vuc-Chan-nuoi-Uy-ban-tinh-Quang-Binh-657068.aspx
2025-07-11 09:05:43,589 - INFO - ✅ Đã lấy link: https://thuvienphapluat.vn/van-ban/Bo-may-hanh-chinh/Quyet-dinh-897-QD-BKHCN-2025-chuc-nang-Trung-tam-Thong-tin-Dao-tao-Cuc-An-toan-buc-xa-657082.aspx
2025-07-11 09:05:43,593 - INFO - ✅ Đã lấy link: https://thuvienphapluat.vn/van-ban/Bo-may-hanh-chinh/Quyet-dinh-791-QD-UBND-2025-cong-bo-thu-tuc-hanh-chinh-linh-vuc-giao-duc-So-Giao-duc-Phu-Yen-657062.aspx
2025-07-11 09:05:43,597 - INFO - ✅ Đã lấy link: https://thuvienphapluat.vn/van-ban/Bo-may-hanh-chinh/Quyet-dinh-36-2025-QD-UBND-chuc-nang-nhiem-vu-quyen-han-co-cau-to-chuc-So-Xay-dung-Bac-Ninh-657791.aspx
2025-07-11 09:05:43,601 - INFO - ✅ Đã lấy link: https://thuvienphapluat.vn/van-ban/Bo-may-hanh-chinh/Quyet-dinh-743-QD-TTPVHCC-2025-cong-bo-thu-tuc-hanh-chinh-Cong-chuc-Vien-chuc-So-Noi-vu-Ha-Noi-657577.aspx
2025-07-11 09:05:43,604 - INFO - ✅ Đã lấy link: https://thuvienphapluat.vn/van-ban/Bo-may-hanh-chinh/Quyet-dinh-589-QD-CHK-2025-Quy-che-phat-ngon-va-cung-cap-thong-tin-cho-bao-chi-657502.aspx
2025-07-11 09:05:43,608 - INFO - ✅ Đã lấy link: https://thuvienphapluat.vn/van-ban/Bo-may-hanh-chinh/Quyet-dinh-1025-QD-UBND-2025-thu-tuc-hanh-chinh-Trung-tam-hanh-chinh-cong-nganh-Khoa-hoc-Binh-Phuoc-657561.aspx
2025-07-11 09:05:43,611 - INFO - ✅ Đã lấy link: https://thuvienphapluat.vn/van-ban/Bo-may-hanh-chinh/Quyet-dinh-1049-QD-UBND-2025-cong-bo-thu-tuc-hanh-chinh-Giao-duc-Dao-tao-nganh-Giao-duc-Ha-Tinh-657332.aspx
2025-07-11 09:05:43,615 - INFO - ✅ Đã lấy link: https://thuvienphapluat.vn/van-ban/Bo-may-hanh-chinh/Quyet-dinh-1489-QD-BNNMT-2025-Quy-che-Bao-ve-bi-mat-nha-nuoc-cua-Bo-Nong-nghiep-657678.aspx
2025-07-11 09:05:43,619 - INFO - ✅ Đã lấy link: https://thuvienphapluat.vn/van-ban/Bo-may-hanh-chinh/Quyet-dinh-33-2025-QD-UBND-chuc-nang-nhiem-vu-So-Khoa-hoc-Cong-nghe-Bac-Ninh-657792.aspx
2025-07-11 09:05:43,622 - INFO - ✅ Đã lấy link: https://thuvienphapluat.vn/van-ban/Bo-may-hanh-chinh/Quyet-dinh-1217-QD-UBND-2025-cong-bo-Danh-muc-thu-tuc-hanh-chinh-So-Nong-nghiep-Can-Tho-657999.aspx
2025-07-11 09:05:43,626 - INFO - ✅ Đã lấy link: https://thuvienphapluat.vn/van-ban/Bo-may-hanh-chinh/Quyet-dinh-211-QD-VP-2025-cong-bo-thu-tuc-hanh-chinh-y-te-du-phong-So-Y-te-Tuyen-Quang-660871.aspx
2025-07-11 09:05:43,630 - INFO - ✅ Đã lấy link: https://thuvienphapluat.vn/van-ban/Bo-may-hanh-chinh/Quyet-dinh-50-2025-QD-UBND-chuc-nang-nhiem-vu-Chi-cuc-Bien-va-Thuy-san-Ninh-Thuan-658361.aspx
2025-07-11 09:05:43,633 - INFO - ✅ Đã lấy link: https://thuvienphapluat.vn/van-ban/Bo-may-hanh-chinh/Quyet-dinh-1000-QD-UBND-2025-cong-bo-thu-tuc-hanh-chinh-Giao-duc-dao-tao-So-Giao-duc-Dien-Bien-658099.aspx
2025-07-11 09:05:43,637 - INFO - ✅ Đã lấy link: https://thuvienphapluat.vn/van-ban/Bo-may-hanh-chinh/Quyet-dinh-14-2025-QD-UBND-phan-cap-So-Dan-toc-giai-quyet-thu-tuc-hanh-chinh-tin-nguong-Vinh-Phuc-657854.aspx
2025-07-11 09:05:43,640 - INFO - ✅ Đã lấy link: https://thuvienphapluat.vn/van-ban/Bo-may-hanh-chinh/Quyet-dinh-1650-QD-UBND-2025-cong-bo-thu-tuc-hanh-chinh-y-te-du-phong-So-Y-te-Binh-Dinh-658377.aspx
2025-07-11 09:05:43,644 - INFO - ✅ Đã lấy link: https://thuvienphapluat.vn/van-ban/Cong-nghe-thong-tin/Quyet-dinh-931-QD-TTg-2025-danh-sach-thanh-vien-To-Cong-tac-trien-khai-De-an-06-658756.aspx
2025-07-11 09:05:43,648 - INFO - ✅ Đã lấy link: https://thuvienphapluat.vn/van-ban/Bo-may-hanh-chinh/Quyet-dinh-932-QD-TTg-2025-phe-duyet-danh-sach-thanh-vien-To-Cong-tac-cai-cach-hanh-chinh-658760.aspx
2025-07-11 09:05:43,652 - INFO - ✅ Đã lấy link: https://thuvienphapluat.vn/van-ban/Bo-may-hanh-chinh/Quyet-dinh-930-QD-TTg-2025-danh-sach-thanh-vien-To-Cong-tac-phat-trien-khoa-hoc-cong-nghe-658755.aspx
2025-07-11 09:05:43,656 - INFO - ✅ Đã lấy link: https://thuvienphapluat.vn/van-ban/Bo-may-hanh-chinh/Quyet-dinh-1214-QD-UBND-2025-quy-trinh-thu-tuc-hanh-chinh-So-Cong-Thuong-Can-Tho-658891.aspx
2025-07-11 09:05:43,656 - INFO - ➡️ Đang truy cập: https://thuvienphapluat.vn/page/searchlegal.aspx?keyword=&area=0&match=True&type=0&status=1&signer=0&sort=1&lan=1&scan=0&org=0&fields=15&chlbg=09/07/1945&chlend=09/07/2035&page=83
2025-07-11 09:05:44,284 - INFO - 🤖 CAPTCHA OCR: 517444
2025-07-11 09:05:48,005 - INFO - ⏳ Chờ 4.77s giả lập người dùng...
2025-07-11 09:05:55,887 - INFO - 🧭 Tiêu đề trang: Tra cứu Văn Bản Pháp Luật
2025-07-11 09:05:55,903 - INFO - ✅ Đã lấy link: https://thuvienphapluat.vn/van-ban/Bo-may-hanh-chinh/Van-ban-hop-nhat-23-VBHN-BCA-2025-Thong-tu-mau-hien-vat-danh-hieu-thi-dua-trong-Cong-an-nhan-dan-659640.aspx
2025-07-11 09:05:55,906 - INFO - ✅ Đã lấy link: https://thuvienphapluat.vn/van-ban/Bo-may-hanh-chinh/Quyet-dinh-826-QD-UBND-2025-cong-bo-thu-tuc-hanh-chinh-dau-gia-tai-san-So-Tu-phap-Bac-Ninh-659260.aspx
2025-07-11 09:05:55,910 - INFO - ✅ Đã lấy link: https://thuvienphapluat.vn/van-ban/Lao-dong-Tien-luong/Nghi-dinh-103-2025-ND-CP-chinh-sach-co-so-cong-nghiep-quoc-phong-nong-cot-658022.aspx
2025-07-11 09:05:55,914 - INFO - ✅ Đã lấy link: https://thuvienphapluat.vn/van-ban/Bo-may-hanh-chinh/Quyet-dinh-45-2025-QD-UBND-sua-doi-Quy-dinh-kem-theo-Quyet-dinh-22-2025-QD-UBND-An-Giang-659962.aspx
2025-07-11 09:05:55,918 - INFO - ✅ Đã lấy link: https://thuvienphapluat.vn/van-ban/Bo-may-hanh-chinh/Quyet-dinh-725-QD-UBND-2025-cong-bo-thu-tuc-hanh-chinh-linh-vuc-kham-benh-So-Y-te-Bac-Giang-659307.aspx
2025-07-11 09:05:55,921 - INFO - ✅ Đã lấy link: https://thuvienphapluat.vn/van-ban/Bo-may-hanh-chinh/Quyet-dinh-723-QD-UBND-2025-cong-bo-thu-tuc-hanh-chinh-linh-vuc-Giao-duc-So-Giao-duc-Bac-Giang-659305.aspx
2025-07-11 09:05:55,925 - INFO - ✅ Đã lấy link: https://thuvienphapluat.vn/van-ban/Bo-may-hanh-chinh/Thong-tu-06-2025-TT-BNV-huong-dan-Luat-Luu-tru-656882.aspx
2025-07-11 09:05:55,929 - INFO - ✅ Đã lấy link: https://thuvienphapluat.vn/van-ban/Bo-may-hanh-chinh/Thong-tu-37-2025-TT-BCA-nhiem-vu-cong-tac-phong-chay-chua-chay-luc-luong-Cong-an-nhan-dan-658625.aspx
2025-07-11 09:05:55,933 - INFO - ✅ Đã lấy link: https://thuvienphapluat.vn/van-ban/Bo-may-hanh-chinh/Thong-tu-38-2025-TT-BCA-thuc-hien-dan-chu-trong-cong-tac-phong-chay-cua-luc-luong-Cong-an-658731.aspx
2025-07-11 09:05:55,936 - INFO - ✅ Đã lấy link: https://thuvienphapluat.vn/van-ban/Bo-may-hanh-chinh/Quyet-dinh-41-2025-QD-UBND-bai-bo-Quyet-dinh-06-2007-QD-UBND-gan-bien-so-nha-Bac-Lieu-661895.aspx
2025-07-11 09:05:55,940 - INFO - ✅ Đã lấy link: https://thuvienphapluat.vn/van-ban/Bo-may-hanh-chinh/Quyet-dinh-1398-QD-UBND-2025-cong-bo-thu-tuc-hanh-chinh-dau-gia-tai-san-So-Tu-phap-Hue-661543.aspx
2025-07-11 09:05:55,944 - INFO - ✅ Đã lấy link: https://thuvienphapluat.vn/van-ban/Bo-may-hanh-chinh/Quyet-dinh-40-2025-QD-UBND-sua-doi-co-cau-to-chuc-cua-So-Cong-Thuong-Quang-Ngai-656891.aspx
2025-07-11 09:05:55,947 - INFO - ✅ Đã lấy link: https://thuvienphapluat.vn/van-ban/Bo-may-hanh-chinh/Quyet-dinh-41-2025-QD-UBND-sua-doi-co-cau-to-chuc-Ban-Quan-ly-Khu-Kinh-te-Dung-Quat-Quang-Ngai-656892.aspx
2025-07-11 09:05:55,951 - INFO - ✅ Đã lấy link: https://thuvienphapluat.vn/van-ban/Bo-may-hanh-chinh/Quyet-dinh-1572-QD-UBND-2025-quy-trinh-thu-tuc-hanh-chinh-Khi-tuong-thuy-van-nganh-nong-nghiep-Dong-Nai-661671.aspx
2025-07-11 09:05:55,955 - INFO - ✅ Đã lấy link: https://thuvienphapluat.vn/van-ban/Bo-may-hanh-chinh/Quyet-dinh-1571-QD-UBND-2025-quy-trinh-giai-quyet-thu-tuc-hanh-chinh-dan-toc-So-Dan-toc-Dong-Nai-661640.aspx
2025-07-11 09:05:55,958 - INFO - ✅ Đã lấy link: https://thuvienphapluat.vn/van-ban/Cong-nghe-thong-tin/Quyet-dinh-908-QD-UBND-2025-cong-bo-thu-tuc-hanh-chinh-hoat-dong-khoa-hoc-So-Khoa-hoc-Ca-Mau-662155.aspx
2025-07-11 09:05:55,962 - INFO - ✅ Đã lấy link: https://thuvienphapluat.vn/van-ban/Bo-may-hanh-chinh/Quyet-dinh-532-QD-UBND-HC-2025-cong-bo-thu-tuc-hanh-chinh-noi-bo-So-Giao-duc-Dao-tao-Dong-Thap-657566.aspx
2025-07-11 09:05:55,966 - INFO - ✅ Đã lấy link: https://thuvienphapluat.vn/van-ban/Bo-may-hanh-chinh/Quyet-dinh-531-QD-UBND-HC-2025-thu-tuc-hanh-chinh-So-Nong-nghiep-Moi-truong-Dong-Thap-657451.aspx
2025-07-11 09:05:55,970 - INFO - ✅ Đã lấy link: https://thuvienphapluat.vn/van-ban/Bo-may-hanh-chinh/Quyet-dinh-530-QD-UBND-HC-2025-cong-bo-thu-tuc-hanh-chinh-sua-doi-So-Xay-dung-Dong-Thap-661477.aspx
2025-07-11 09:05:55,974 - INFO - ✅ Đã lấy link: https://thuvienphapluat.vn/van-ban/Dau-tu/Quyet-dinh-461-QD-UBND-2025-thu-tuc-hanh-chinh-dau-thau-lua-chon-nha-dau-tu-So-Tai-chinh-Gia-Lai-657072.aspx
2025-07-11 09:05:55,974 - INFO - ➡️ Đang truy cập: https://thuvienphapluat.vn/page/searchlegal.aspx?keyword=&area=0&match=True&type=0&status=1&signer=0&sort=1&lan=1&scan=0&org=0&fields=15&chlbg=09/07/1945&chlend=09/07/2035&page=84
2025-07-11 09:05:56,611 - INFO - 🤖 CAPTCHA OCR: 822331
2025-07-11 09:05:59,715 - INFO - ⏳ Chờ 6.06s giả lập người dùng...
2025-07-11 09:06:09,897 - INFO - 🧭 Tiêu đề trang: Tra cứu Văn Bản Pháp Luật
2025-07-11 09:06:09,914 - INFO - ✅ Đã lấy link: https://thuvienphapluat.vn/van-ban/Bo-may-hanh-chinh/Quyet-dinh-1648-QD-UBND-2025-chuc-nang-nhiem-vu-Chi-cuc-Thuy-loi-So-Nong-nghiep-Binh-Dinh-657140.aspx
2025-07-11 09:06:09,918 - INFO - ✅ Đã lấy link: https://thuvienphapluat.vn/van-ban/Bo-may-hanh-chinh/Quyet-dinh-631-QD-UBND-2025-Quy-trinh-thu-tuc-hanh-chinh-Thiet-bi-y-te-So-Y-te-Ninh-Thuan-657357.aspx
2025-07-11 09:06:09,922 - INFO - ✅ Đã lấy link: https://thuvienphapluat.vn/van-ban/Bo-may-hanh-chinh/Quyet-dinh-1400-QD-UBND-2025-quy-trinh-thu-tuc-hanh-chinh-Hoat-dong-xay-dung-So-Xay-dung-Hue-662169.aspx
2025-07-11 09:06:09,925 - INFO - ✅ Đã lấy link: https://thuvienphapluat.vn/van-ban/Bo-may-hanh-chinh/Quyet-dinh-908-QD-UBND-2025-cong-bo-thu-tuc-hanh-chinh-Lam-nghiep-So-Nong-nghiep-Binh-Thuan-656944.aspx
2025-07-11 09:06:09,930 - INFO - ✅ Đã lấy link: https://thuvienphapluat.vn/van-ban/Bo-may-hanh-chinh/Quyet-dinh-938-QD-TTg-2025-giai-the-Ban-Chi-dao-Chuong-trinh-quoc-gia-phong-chong-toi-pham-656887.aspx
2025-07-11 09:06:09,934 - INFO - ✅ Đã lấy link: https://thuvienphapluat.vn/van-ban/Bo-may-hanh-chinh/Quyet-dinh-929-QD-TTg-2025-thanh-lap-Ban-Chi-dao-phat-trien-khoa-hoc-doi-moi-sang-tao-656815.aspx
2025-07-11 09:06:09,940 - INFO - ✅ Đã lấy link: https://thuvienphapluat.vn/van-ban/Bo-may-hanh-chinh/Quyet-dinh-1399-QD-UBND-2025-quy-trinh-thu-tuc-hanh-chinh-nong-nghiep-moi-truong-So-Nong-nghiep-Hue-662168.aspx
2025-07-11 09:06:09,944 - INFO - ✅ Đã lấy link: https://thuvienphapluat.vn/van-ban/Bo-may-hanh-chinh/Quyet-dinh-1564-QD-UBND-2025-cong-bo-Danh-muc-thu-tuc-hanh-chinh-nganh-Tai-chinh-Dong-Nai-661666.aspx
2025-07-11 09:06:09,948 - INFO - ✅ Đã lấy link: https://thuvienphapluat.vn/van-ban/Bo-may-hanh-chinh/Thong-tu-07-2025-TT-BXD-thoi-han-luu-tru-ho-so-tai-lieu-thuoc-linh-vuc-quan-ly-cua-Bo-Xay-dung-658023.aspx
2025-07-11 09:06:09,952 - INFO - ✅ Đã lấy link: https://thuvienphapluat.vn/van-ban/Bat-dong-san/Quyet-dinh-47-2025-QD-UBND-quy-che-kiem-tra-dich-vu-cong-linh-vuc-quan-ly-dat-dai-Son-La-656893.aspx
2025-07-11 09:06:09,957 - INFO - ✅ Đã lấy link: https://thuvienphapluat.vn/van-ban/Bo-may-hanh-chinh/Quyet-dinh-702-QD-UBND-2025-cong-bo-thu-tuc-hanh-chinh-Lam-nghiep-nganh-Nong-nghiep-Ha-Giang-656906.aspx
2025-07-11 09:06:09,962 - INFO - ✅ Đã lấy link: https://thuvienphapluat.vn/van-ban/Bo-may-hanh-chinh/Quyet-dinh-738-QD-TTPVHCC-2025-quy-trinh-thu-tuc-hanh-chinh-Ban-Quan-ly-khu-cong-nghe-cao-Ha-Noi-656988.aspx
2025-07-11 09:06:09,966 - INFO - ✅ Đã lấy link: https://thuvienphapluat.vn/van-ban/Bo-may-hanh-chinh/Quyet-dinh-699-QD-UBND-2025-cong-bo-thu-tuc-hanh-chinh-bi-bai-bo-nganh-Giao-duc-Ha-Giang-656905.aspx
2025-07-11 09:06:09,970 - INFO - ✅ Đã lấy link: https://thuvienphapluat.vn/van-ban/Bo-may-hanh-chinh/Quyet-dinh-1131-QD-UBND-2025-Quy-trinh-thu-tuc-hanh-chinh-Giao-duc-dao-tao-So-Giao-duc-Son-La-657013.aspx
2025-07-11 09:06:09,974 - INFO - ✅ Đã lấy link: https://thuvienphapluat.vn/van-ban/Bo-may-hanh-chinh/Quyet-dinh-903-QD-UBND-2025-cong-bo-thu-tuc-hanh-chinh-hoat-dong-khoa-hoc-So-Khoa-hoc-Binh-Thuan-656943.aspx
2025-07-11 09:06:09,979 - INFO - ✅ Đã lấy link: https://thuvienphapluat.vn/van-ban/Bo-may-hanh-chinh/Quyet-dinh-818-QD-UBND-2025-cong-bo-thu-tuc-hanh-chinh-linh-vuc-giao-duc-So-Giao-duc-Lai-Chau-657026.aspx
2025-07-11 09:06:09,983 - INFO - ✅ Đã lấy link: https://thuvienphapluat.vn/van-ban/Bat-dong-san/Quyet-dinh-51-2025-QD-UBND-huong-dan-khoan-3-Dieu-83-Luat-Nha-o-Hue-662173.aspx
2025-07-11 09:06:09,986 - INFO - ✅ Đã lấy link: https://thuvienphapluat.vn/van-ban/Bo-may-hanh-chinh/Thong-tu-01-2025-TT-BNG-huong-dan-Luat-Luu-tru-thuoc-pham-vi-quan-ly-cua-Bo-Ngoai-giao-661805.aspx
2025-07-11 09:06:09,990 - INFO - ✅ Đã lấy link: https://thuvienphapluat.vn/van-ban/Bo-may-hanh-chinh/Quyet-dinh-540-QD-UBND-2025-cong-bo-thu-tuc-hanh-chinh-dau-gia-tai-san-So-Tu-phap-Ninh-Binh-657713.aspx
2025-07-11 09:06:09,993 - INFO - ✅ Đã lấy link: https://thuvienphapluat.vn/van-ban/Bo-may-hanh-chinh/Thong-tu-02-2025-TT-BNNMT-thoi-han-luu-tru-ho-so-linh-vuc-nong-nghiep-moi-truong-660317.aspx
2025-07-11 09:06:09,993 - INFO - ➡️ Đang truy cập: https://thuvienphapluat.vn/page/searchlegal.aspx?keyword=&area=0&match=True&type=0&status=1&signer=0&sort=1&lan=1&scan=0&org=0&fields=15&chlbg=09/07/1945&chlend=09/07/2035&page=85
2025-07-11 09:06:10,625 - INFO - 🤖 CAPTCHA OCR: 288874
2025-07-11 09:06:13,730 - INFO - ⏳ Chờ 4.69s giả lập người dùng...
2025-07-11 09:06:22,665 - INFO - 🧭 Tiêu đề trang: Tra cứu Văn Bản Pháp Luật
2025-07-11 09:06:22,682 - INFO - ✅ Đã lấy link: https://thuvienphapluat.vn/van-ban/Bo-may-hanh-chinh/Thong-tu-30-2025-TT-BQP-tieu-chi-bao-dam-an-toan-phong-khong-doi-voi-tung-loai-vu-khi-660520.aspx
2025-07-11 09:06:22,686 - INFO - ✅ Đã lấy link: https://thuvienphapluat.vn/van-ban/Bo-may-hanh-chinh/Quyet-dinh-460-QD-UBND-2025-quy-trinh-thu-tuc-hanh-chinh-linh-vuc-Trong-trot-So-Nong-nghiep-Gia-Lai-658012.aspx
2025-07-11 09:06:22,690 - INFO - ✅ Đã lấy link: https://thuvienphapluat.vn/van-ban/Bo-may-hanh-chinh/Quyet-dinh-20-2025-QD-UBND-bai-bo-06-Quyet-dinh-cua-Uy-ban-nhan-dan-Hung-Yen-657729.aspx
2025-07-11 09:06:22,693 - INFO - ✅ Đã lấy link: https://thuvienphapluat.vn/van-ban/Bo-may-hanh-chinh/Quyet-dinh-1257-QD-UBND-2025-cong-bo-thu-tuc-hanh-chinh-lam-nghiep-So-Nong-nghiep-Khanh-Hoa-657847.aspx
2025-07-11 09:06:22,697 - INFO - ✅ Đã lấy link: https://thuvienphapluat.vn/van-ban/Lao-dong-Tien-luong/Quyet-dinh-1256-QD-UBND-2025-cong-bo-thu-tuc-hanh-chinh-to-chuc-bien-che-Khanh-Hoa-657846.aspx
2025-07-11 09:06:22,701 - INFO - ✅ Đã lấy link: https://thuvienphapluat.vn/van-ban/Bo-may-hanh-chinh/Thong-tu-03-2025-TT-BKHCN-thoi-han-luu-tru-tai-lieu-nganh-Khoa-hoc-va-Cong-nghe-663197.aspx
2025-07-11 09:06:22,705 - INFO - ✅ Đã lấy link: https://thuvienphapluat.vn/van-ban/Bo-may-hanh-chinh/Quyet-dinh-1453-QD-UBND-2025-cong-bo-thu-tuc-hanh-chinh-dau-gia-tai-san-So-Tu-phap-Thai-Nguyen-657549.aspx
2025-07-11 09:06:22,708 - INFO - ✅ Đã lấy link: https://thuvienphapluat.vn/van-ban/Bo-may-hanh-chinh/Quyet-dinh-1262-QD-UBND-2025-cong-bo-thu-tuc-hanh-chinh-linh-vuc-trong-trot-So-Nong-nghiep-Khanh-Hoa-659474.aspx
2025-07-11 09:06:22,712 - INFO - ✅ Đã lấy link: https://thuvienphapluat.vn/van-ban/Dau-tu/Quyet-dinh-210-QD-VP-2025-thu-tuc-hanh-chinh-dau-thau-lua-chon-nha-dau-tu-So-Tai-chinh-Tuyen-Quang-660870.aspx
2025-07-11 09:06:22,715 - INFO - ✅ Đã lấy link: https://thuvienphapluat.vn/van-ban/Bo-may-hanh-chinh/Quyet-dinh-1287-QD-UBND-2025-Phuong-an-don-gian-hoa-thu-tuc-hanh-chinh-So-Tu-phap-Quang-Nam-664107.aspx
2025-07-11 09:06:22,719 - INFO - ✅ Đã lấy link: https://thuvienphapluat.vn/van-ban/Thuong-mai/Quyet-dinh-21-2025-QD-UBND-chuc-nang-nhiem-vu-Chi-cuc-Quan-ly-thi-truong-Ca-Mau-658360.aspx
2025-07-11 09:06:22,722 - INFO - ✅ Đã lấy link: https://thuvienphapluat.vn/van-ban/Bo-may-hanh-chinh/Quyet-dinh-1632-QD-UBND-2025-chuc-nang-nhiem-vu-Chi-cuc-Quan-ly-chat-luong-Nong-lam-san-Binh-Dinh-657651.aspx
2025-07-11 09:06:22,726 - INFO - ✅ Đã lấy link: https://thuvienphapluat.vn/van-ban/Bo-may-hanh-chinh/Thong-tu-04-2025-TT-BTP-linh-vuc-nguoi-co-chuc-vu-khong-duoc-thanh-lap-sau-khi-thoi-giu-chuc-vu-657302.aspx
2025-07-11 09:06:22,730 - INFO - ✅ Đã lấy link: https://thuvienphapluat.vn/van-ban/Bo-may-hanh-chinh/Quyet-dinh-982-QD-UBND-2025-cong-bo-thu-tuc-hanh-chinh-Lam-nghiep-So-Nong-nghiep-Dien-Bien-658096.aspx
2025-07-11 09:06:22,733 - INFO - ✅ Đã lấy link: https://thuvienphapluat.vn/van-ban/Bo-may-hanh-chinh/Quyet-dinh-1620-QD-UBND-2025-cong-bo-thu-tuc-hanh-chinh-Lam-nghiep-So-Nong-nghiep-Binh-Dinh-658287.aspx
2025-07-11 09:06:22,737 - INFO - ✅ Đã lấy link: https://thuvienphapluat.vn/van-ban/Bo-may-hanh-chinh/Quyet-dinh-1765-QD-BTC-2025-phe-duyet-Chuong-trinh-xay-dung-Thong-tu-656884.aspx
2025-07-11 09:06:22,741 - INFO - ✅ Đã lấy link: https://thuvienphapluat.vn/van-ban/Bo-may-hanh-chinh/Quyet-dinh-1586-QD-BYT-2025-cong-bo-thu-tuc-hanh-chinh-bi-bai-bo-linh-vuc-y-te-du-phong-656668.aspx
2025-07-11 09:06:22,744 - INFO - ✅ Đã lấy link: https://thuvienphapluat.vn/van-ban/Bo-may-hanh-chinh/Quyet-dinh-1036-QD-UBND-2025-thu-tuc-hanh-chinh-Giao-duc-dao-tao-cac-cap-chinh-quyen-Phu-Tho-657130.aspx
2025-07-11 09:06:22,748 - INFO - ✅ Đã lấy link: https://thuvienphapluat.vn/van-ban/Cong-nghe-thong-tin/Thong-tu-05-2025-TT-BNV-nghiep-vu-luu-tru-tai-lieu-luu-tru-so-656696.aspx
2025-07-11 09:06:22,752 - INFO - ✅ Đã lấy link: https://thuvienphapluat.vn/van-ban/Thuong-mai/Quyet-dinh-904-QD-UBND-2025-thu-tuc-hanh-chinh-cat-giam-thoi-gian-dau-tu-So-Nong-nghiep-Ca-Mau-661177.aspx
2025-07-11 09:06:22,752 - INFO - ➡️ Đang truy cập: https://thuvienphapluat.vn/page/searchlegal.aspx?keyword=&area=0&match=True&type=0&status=1&signer=0&sort=1&lan=1&scan=0&org=0&fields=15&chlbg=09/07/1945&chlend=09/07/2035&page=86
2025-07-11 09:06:23,380 - INFO - 🤖 CAPTCHA OCR: 162832
2025-07-11 09:06:26,485 - INFO - ⏳ Chờ 4.61s giả lập người dùng...
2025-07-11 09:06:34,427 - INFO - 🧭 Tiêu đề trang: Tra cứu Văn Bản Pháp Luật
2025-07-11 09:06:34,444 - INFO - ✅ Đã lấy link: https://thuvienphapluat.vn/van-ban/Lao-dong-Tien-luong/Quyet-dinh-1383-QD-UBND-2025-quy-trinh-thu-tuc-hanh-chinh-nguoi-co-cong-So-Noi-vu-Hue-662230.aspx
2025-07-11 09:06:34,448 - INFO - ✅ Đã lấy link: https://thuvienphapluat.vn/van-ban/Lao-dong-Tien-luong/Quyet-dinh-1003-QD-UBND-2025-quy-trinh-thu-tuc-hanh-chinh-linh-vuc-viec-lam-cap-tinh-Lam-Dong-661548.aspx
2025-07-11 09:06:34,451 - INFO - ✅ Đã lấy link: https://thuvienphapluat.vn/van-ban/Bo-may-hanh-chinh/Quyet-dinh-997-QD-UBND-2025-cong-bo-thu-tuc-hanh-chinh-noi-bo-nganh-Y-te-Binh-Phuoc-656940.aspx
2025-07-11 09:06:34,455 - INFO - ✅ Đã lấy link: https://thuvienphapluat.vn/van-ban/Bo-may-hanh-chinh/Quyet-dinh-1006-QD-UBND-2025-cong-bo-thu-tuc-hanh-chinh-quan-ly-cong-san-cap-tinh-Lam-Dong-656677.aspx
2025-07-11 09:06:34,459 - INFO - ✅ Đã lấy link: https://thuvienphapluat.vn/van-ban/Bo-may-hanh-chinh/Quyet-dinh-1001-QD-UBND-2025-cong-bo-thu-tuc-hanh-chinh-giao-duc-dao-tao-cap-tinh-Lam-Dong-656678.aspx
2025-07-11 09:06:34,462 - INFO - ✅ Đã lấy link: https://thuvienphapluat.vn/van-ban/Bo-may-hanh-chinh/Quyet-dinh-1002-QD-UBND-2025-cong-bo-thu-tuc-hanh-chinh-giao-duc-nganh-Giao-duc-Binh-Phuoc-656937.aspx
2025-07-11 09:06:34,466 - INFO - ✅ Đã lấy link: https://thuvienphapluat.vn/van-ban/Bo-may-hanh-chinh/Quyet-dinh-1433-QD-UBND-2025-cong-bo-thu-tuc-hanh-chinh-Chan-nuoi-So-Nong-nghiep-Thanh-Hoa-656659.aspx
2025-07-11 09:06:34,470 - INFO - ✅ Đã lấy link: https://thuvienphapluat.vn/van-ban/Bo-may-hanh-chinh/Quyet-dinh-46-2025-QD-UBND-chuc-nang-nhiem-vu-So-Van-hoa-The-thao-va-Du-lich-Long-An-656672.aspx
2025-07-11 09:06:34,474 - INFO - ✅ Đã lấy link: https://thuvienphapluat.vn/van-ban/Bat-dong-san/Quyet-dinh-630-QD-UBND-2025-cong-bo-thu-tuc-hanh-chinh-dat-dai-tai-Bo-phan-mot-cua-cap-xa-Ninh-Thuan-657356.aspx
2025-07-11 09:06:34,477 - INFO - ✅ Đã lấy link: https://thuvienphapluat.vn/van-ban/Bat-dong-san/Quyet-dinh-628-QD-UBND-2025-cong-bo-thu-tuc-hanh-chinh-dat-dai-tai-Trung-tam-hanh-chinh-cong-Ninh-Thuan-657355.aspx
2025-07-11 09:06:34,481 - INFO - ✅ Đã lấy link: https://thuvienphapluat.vn/van-ban/Bo-may-hanh-chinh/Quyet-dinh-1382-QD-UBND-2025-quy-trinh-thu-tuc-hanh-chinh-cong-tac-dan-toc-So-Noi-vu-Hue-662167.aspx
2025-07-11 09:06:34,484 - INFO - ✅ Đã lấy link: https://thuvienphapluat.vn/van-ban/Bo-may-hanh-chinh/Quyet-dinh-1354-QD-UBND-2025-cong-bo-thu-tuc-hanh-chinh-quan-ly-cong-san-So-Tai-chinh-Nghe-An-656912.aspx
2025-07-11 09:06:34,488 - INFO - ✅ Đã lấy link: https://thuvienphapluat.vn/van-ban/Bo-may-hanh-chinh/Quyet-dinh-1369-QD-UBND-2025-cong-bo-thu-tuc-hanh-chinh-Bao-ve-thuc-vat-So-Nong-nghiep-Nghe-An-656919.aspx
2025-07-11 09:06:34,491 - INFO - ✅ Đã lấy link: https://thuvienphapluat.vn/van-ban/Dau-tu/Quyet-dinh-1368-QD-UBND-2025-thu-tuc-hanh-chinh-dau-thau-lua-chon-nha-dau-tu-So-Tai-chinh-Nghe-An-656934.aspx
2025-07-11 09:06:34,495 - INFO - ✅ Đã lấy link: https://thuvienphapluat.vn/van-ban/Bo-may-hanh-chinh/Quyet-dinh-1383-QD-UBND-2025-cong-bo-thu-tuc-hanh-chinh-thuy-san-So-Nong-nghiep-Nam-Dinh-656935.aspx
2025-07-11 09:06:34,499 - INFO - ✅ Đã lấy link: https://thuvienphapluat.vn/van-ban/Bo-may-hanh-chinh/Quyet-dinh-1370-QD-UBND-2025-thu-tuc-hanh-chinh-chat-luong-nong-lam-san-So-Nong-nghiep-Nghe-An-656911.aspx
2025-07-11 09:06:34,502 - INFO - ✅ Đã lấy link: https://thuvienphapluat.vn/van-ban/Bo-may-hanh-chinh/Quyet-dinh-563-QD-CHK-2025-Ke-hoach-thuc-hien-nhiem-vu-thong-tin-truyen-thong-656816.aspx
2025-07-11 09:06:34,506 - INFO - ✅ Đã lấy link: https://thuvienphapluat.vn/van-ban/Bo-may-hanh-chinh/Quyet-dinh-1061-QD-UBND-2025-cong-bo-thu-tuc-hanh-chinh-giao-duc-dao-tao-So-Giao-duc-Dak-Lak-656932.aspx
2025-07-11 09:06:34,510 - INFO - ✅ Đã lấy link: https://thuvienphapluat.vn/van-ban/Bo-may-hanh-chinh/Quyet-dinh-1193-QD-UBND-2025-cong-bo-thu-tuc-hanh-chinh-noi-bo-Uy-ban-thanh-pho-Can-Tho-656941.aspx
2025-07-11 09:06:34,514 - INFO - ✅ Đã lấy link: https://thuvienphapluat.vn/van-ban/Bo-may-hanh-chinh/Quyet-dinh-1192-QD-UBND-2025-quy-trinh-thu-tuc-hanh-chinh-So-Xay-dung-Can-Tho-657032.aspx
2025-07-11 09:06:34,514 - INFO - ➡️ Đang truy cập: https://thuvienphapluat.vn/page/searchlegal.aspx?keyword=&area=0&match=True&type=0&status=1&signer=0&sort=1&lan=1&scan=0&org=0&fields=15&chlbg=09/07/1945&chlend=09/07/2035&page=87
2025-07-11 09:06:35,169 - INFO - 🤖 CAPTCHA OCR: 766287
2025-07-11 09:06:38,656 - INFO - ⏳ Chờ 6.23s giả lập người dùng...
2025-07-11 09:06:47,934 - INFO - 🧭 Tiêu đề trang: Tra cứu Văn Bản Pháp Luật
2025-07-11 09:06:47,949 - INFO - ✅ Đã lấy link: https://thuvienphapluat.vn/van-ban/Dich-vu-phap-ly/Quyet-dinh-1482-QD-UBND-2025-quy-trinh-thu-tuc-hanh-chinh-tu-van-phap-luat-So-Tu-phap-Ben-Tre-658477.aspx
2025-07-11 09:06:47,953 - INFO - ✅ Đã lấy link: https://thuvienphapluat.vn/van-ban/Thuong-mai/Quyet-dinh-1481-QD-UBND-2025-quy-trinh-thu-tuc-hanh-chinh-trong-tai-thuong-mai-So-Tu-phap-Ben-Tre-658478.aspx
2025-07-11 09:06:47,957 - INFO - ✅ Đã lấy link: https://thuvienphapluat.vn/van-ban/Thuong-mai/Quyet-dinh-1480-QD-UBND-2025-quy-trinh-thu-tuc-hanh-chinh-hoa-giai-thuong-mai-So-Tu-phap-Ben-Tre-658482.aspx
2025-07-11 09:06:47,960 - INFO - ✅ Đã lấy link: https://thuvienphapluat.vn/van-ban/Bat-dong-san/Quyet-dinh-736-QD-TTPVHCC-2025-cong-bo-Danh-muc-thu-tuc-hanh-chinh-linh-vuc-Dat-dai-Ha-Noi-657006.aspx
2025-07-11 09:06:47,964 - INFO - ✅ Đã lấy link: https://thuvienphapluat.vn/van-ban/Bo-may-hanh-chinh/Quyet-dinh-729-QD-UBND-2025-cong-bo-thu-tuc-hanh-chinh-lam-nghiep-So-Nong-nghiep-Quang-Ngai-656939.aspx
2025-07-11 09:06:47,967 - INFO - ✅ Đã lấy link: https://thuvienphapluat.vn/van-ban/Bo-may-hanh-chinh/Quyet-dinh-1109-QD-UBND-2025-cong-bo-thu-tuc-hanh-chinh-Thuy-san-So-Nong-nghiep-Son-La-656664.aspx
2025-07-11 09:06:47,971 - INFO - ✅ Đã lấy link: https://thuvienphapluat.vn/van-ban/Bat-dong-san/Quyet-dinh-1111-QD-UBND-2025-cong-bo-thu-tuc-hanh-chinh-linh-vuc-Dat-dai-So-Nong-nghiep-Son-La-656663.aspx
2025-07-11 09:06:47,975 - INFO - ✅ Đã lấy link: https://thuvienphapluat.vn/van-ban/Bo-may-hanh-chinh/Quyet-dinh-1527-QD-UBND-2025-cong-bo-thu-tuc-hanh-chinh-Thuy-loi-Uy-ban-tinh-Quang-Binh-656920.aspx
2025-07-11 09:06:47,979 - INFO - ✅ Đã lấy link: https://thuvienphapluat.vn/van-ban/Bo-may-hanh-chinh/Quyet-dinh-1525-QD-UBND-2025-cong-bo-thu-tuc-hanh-chinh-Phat-trien-nong-thon-Uy-ban-tinh-Quang-Binh-656921.aspx
2025-07-11 09:06:47,982 - INFO - ✅ Đã lấy link: https://thuvienphapluat.vn/van-ban/Bo-may-hanh-chinh/Quyet-dinh-1435-QD-UBND-2025-cong-bo-thu-tuc-hanh-chinh-Phat-trien-nong-thon-So-Nong-nghiep-Thanh-Hoa-656658.aspx
2025-07-11 09:06:47,986 - INFO - ✅ Đã lấy link: https://thuvienphapluat.vn/van-ban/Bo-may-hanh-chinh/Quyet-dinh-1437-QD-UBND-2025-cong-bo-thu-tuc-hanh-chinh-linh-vuc-Tong-hop-So-Nong-nghiep-Thanh-Hoa-656656.aspx
2025-07-11 09:06:47,989 - INFO - ✅ Đã lấy link: https://thuvienphapluat.vn/van-ban/Bo-may-hanh-chinh/Quyet-dinh-1434-QD-UBND-2025-cong-bo-thu-tuc-hanh-chinh-linh-vuc-Thuy-loi-So-Nong-nghiep-Thanh-Hoa-656657.aspx
2025-07-11 09:06:47,993 - INFO - ✅ Đã lấy link: https://thuvienphapluat.vn/van-ban/Bo-may-hanh-chinh/Quyet-dinh-47-2025-QD-UBND-chuc-nang-nhiem-vu-quyen-han-So-Y-te-Long-An-656673.aspx
2025-07-11 09:06:47,997 - INFO - ✅ Đã lấy link: https://thuvienphapluat.vn/van-ban/Bo-may-hanh-chinh/Quyet-dinh-533-QD-UBND-2025-Quy-trinh-thu-tuc-hanh-chinh-bien-phap-bao-dam-So-Tu-phap-Ninh-Binh-657639.aspx
2025-07-11 09:06:48,000 - INFO - ✅ Đã lấy link: https://thuvienphapluat.vn/van-ban/Bo-may-hanh-chinh/Quyet-dinh-71-2025-QD-UBND-bai-bo-cac-Quyet-dinh-cua-Uy-ban-nhan-dan-tinh-Ninh-Binh-657615.aspx
2025-07-11 09:06:48,004 - INFO - ✅ Đã lấy link: https://thuvienphapluat.vn/van-ban/Bo-may-hanh-chinh/Quyet-dinh-41-2025-QD-UBND-phan-cap-quan-ly-nhiem-vu-khoa-hoc-ngan-sach-nha-nuoc-Quang-Ninh-657614.aspx
2025-07-11 09:06:48,007 - INFO - ✅ Đã lấy link: https://thuvienphapluat.vn/van-ban/Bo-may-hanh-chinh/Quyet-dinh-817-QD-UBND-2025-cong-bo-thu-tuc-hanh-chinh-dich-vu-cong-truc-tuyen-So-Y-te-Bac-Ninh-658134.aspx
2025-07-11 09:06:48,011 - INFO - ✅ Đã lấy link: https://thuvienphapluat.vn/van-ban/Bat-dong-san/Quyet-dinh-981-QD-UBND-2025-cong-bo-thu-tuc-hanh-chinh-dang-ky-bao-dam-So-Tu-phap-Dien-Bien-658097.aspx
2025-07-11 09:06:48,015 - INFO - ✅ Đã lấy link: https://thuvienphapluat.vn/van-ban/Bo-may-hanh-chinh/Quyet-dinh-818-QD-UBND-2025-cong-bo-thu-tuc-hanh-chinh-giao-duc-dao-tao-So-Giao-duc-Bac-Ninh-658133.aspx
2025-07-11 09:06:48,018 - INFO - ✅ Đã lấy link: https://thuvienphapluat.vn/van-ban/Bo-may-hanh-chinh/Quyet-dinh-32-2025-QD-UBND-chuc-nang-nhiem-vu-So-Nong-nghiep-va-Moi-truong-Bac-Ninh-658359.aspx
2025-07-11 09:06:48,018 - INFO - ➡️ Đang truy cập: https://thuvienphapluat.vn/page/searchlegal.aspx?keyword=&area=0&match=True&type=0&status=1&signer=0&sort=1&lan=1&scan=0&org=0&fields=15&chlbg=09/07/1945&chlend=09/07/2035&page=88
2025-07-11 09:06:48,705 - INFO - 🤖 CAPTCHA OCR: 425112
2025-07-11 09:06:51,809 - INFO - ⏳ Chờ 6.93s giả lập người dùng...
2025-07-11 09:07:02,232 - INFO - 🧭 Tiêu đề trang: Tra cứu Văn Bản Pháp Luật
2025-07-11 09:07:02,251 - INFO - ✅ Đã lấy link: https://thuvienphapluat.vn/van-ban/Dich-vu-phap-ly/Quyet-dinh-1246-QD-UBND-2025-Phuong-an-cat-giam-thoi-gian-thu-tuc-So-Tu-phap-Khanh-Hoa-658391.aspx
2025-07-11 09:07:02,256 - INFO - ✅ Đã lấy link: https://thuvienphapluat.vn/van-ban/Dau-tu/Quyet-dinh-1617-QD-UBND-2025-cong-bo-thu-tuc-hanh-chinh-dau-tu-Ban-Quan-ly-Khu-kinh-te-Binh-Dinh-657560.aspx
2025-07-11 09:07:02,260 - INFO - ✅ Đã lấy link: https://thuvienphapluat.vn/van-ban/Bo-may-hanh-chinh/Quyet-dinh-1313-QD-BGDDT-2025-cong-bo-thu-tuc-hanh-chinh-noi-bo-linh-vuc-Noi-vu-656821.aspx
2025-07-11 09:07:02,263 - INFO - ✅ Đã lấy link: https://thuvienphapluat.vn/van-ban/Lao-dong-Tien-luong/Quyet-dinh-1284-QD-BGDDT-2025-cong-bo-thu-tuc-hanh-chinh-linh-vuc-giao-duc-nghe-nghiep-656820.aspx
2025-07-11 09:07:02,267 - INFO - ✅ Đã lấy link: https://thuvienphapluat.vn/van-ban/Lao-dong-Tien-luong/Quyet-dinh-1619-QD-UBND-2025-cong-bo-thu-tuc-hanh-chinh-Lao-dong-Ban-Quan-ly-Khu-kinh-te-Binh-Dinh-658286.aspx
2025-07-11 09:07:02,271 - INFO - ✅ Đã lấy link: https://thuvienphapluat.vn/van-ban/Lao-dong-Tien-luong/Quyet-dinh-1102-QD-UBND-2025-cong-bo-thu-tuc-hanh-chinh-to-chuc-bien-che-So-Noi-vu-Tra-Vinh-657128.aspx
2025-07-11 09:07:02,274 - INFO - ✅ Đã lấy link: https://thuvienphapluat.vn/van-ban/Bo-may-hanh-chinh/Quyet-dinh-1311-QD-BGDDT-2025-Chuong-trinh-boi-duong-theo-tieu-chuan-vien-chuc-tu-van-hoc-sinh-656825.aspx
2025-07-11 09:07:02,278 - INFO - ✅ Đã lấy link: https://thuvienphapluat.vn/van-ban/Bat-dong-san/Quyet-dinh-1227-QD-UBND-2025-cong-bo-thu-tuc-hanh-chinh-bien-phap-bao-dam-So-Nong-nghiep-Khanh-Hoa-658735.aspx
2025-07-11 09:07:02,282 - INFO - ✅ Đã lấy link: https://thuvienphapluat.vn/van-ban/Thuong-mai/Quyet-dinh-901-QD-UBND-2025-cong-bo-thu-tuc-hanh-chinh-hoat-dong-dau-tu-So-Tu-phap-Ca-Mau-661176.aspx
2025-07-11 09:07:02,285 - INFO - ✅ Đã lấy link: https://thuvienphapluat.vn/van-ban/Dau-tu/Quyet-dinh-902-QD-UBND-2025-cong-bo-thu-tuc-hanh-chinh-cat-giam-hoat-dong-dau-tu-So-Khoa-hoc-Ca-Mau-660686.aspx
2025-07-11 09:07:02,289 - INFO - ✅ Đã lấy link: https://thuvienphapluat.vn/van-ban/Thuong-mai/Quyet-dinh-899-QD-UBND-2025-thu-tuc-hanh-chinh-cat-giam-thoi-gian-dau-tu-So-Cong-Thuong-Ca-Mau-660685.aspx
2025-07-11 09:07:02,292 - INFO - ✅ Đã lấy link: https://thuvienphapluat.vn/van-ban/Bo-may-hanh-chinh/Quyet-dinh-5115-QD-UBND-2025-cong-bo-thu-tuc-hanh-chinh-bao-chi-So-Van-hoa-Long-An-660779.aspx
2025-07-11 09:07:02,296 - INFO - ✅ Đã lấy link: https://thuvienphapluat.vn/van-ban/Bo-may-hanh-chinh/Quyet-dinh-26-2025-QD-UBND-bai-bo-van-ban-quy-pham-phap-luat-Lam-Dong-656851.aspx
2025-07-11 09:07:02,300 - INFO - ✅ Đã lấy link: https://thuvienphapluat.vn/van-ban/Bo-may-hanh-chinh/Quyet-dinh-24-2025-QD-UBND-chuc-nang-nhiem-vu-quyen-han-So-Tai-chinh-Binh-Thuan-656582.aspx
2025-07-11 09:07:02,303 - INFO - ✅ Đã lấy link: https://thuvienphapluat.vn/van-ban/Bo-may-hanh-chinh/Quyet-dinh-23-2025-QD-UBND-chuc-nang-nhiem-vu-So-Nong-nghiep-va-Moi-truong-Binh-Thuan-656557.aspx
2025-07-11 09:07:02,307 - INFO - ✅ Đã lấy link: https://thuvienphapluat.vn/van-ban/Bo-may-hanh-chinh/Quyet-dinh-22-2025-QD-UBND-chuc-nang-nhiem-vu-So-Khoa-hoc-va-Cong-nghe-Binh-Thuan-656555.aspx
2025-07-11 09:07:02,311 - INFO - ✅ Đã lấy link: https://thuvienphapluat.vn/van-ban/Bo-may-hanh-chinh/Quyet-dinh-21-2025-QD-UBND-chuc-nang-nhiem-vu-So-Giao-duc-Dao-tao-Binh-Thuan-656554.aspx
2025-07-11 09:07:02,314 - INFO - ✅ Đã lấy link: https://thuvienphapluat.vn/van-ban/Bo-may-hanh-chinh/Quyet-dinh-20-2025-QD-UBND-chuc-nang-nhiem-vu-So-Van-hoa-The-thao-va-Du-lich-Binh-Thuan-656553.aspx
2025-07-11 09:07:02,318 - INFO - ✅ Đã lấy link: https://thuvienphapluat.vn/van-ban/Bo-may-hanh-chinh/Quyet-dinh-19-2025-QD-UBND-chuc-nang-nhiem-vu-quyen-han-So-Dan-toc-va-Ton-giao-Binh-Thuan-656552.aspx
2025-07-11 09:07:02,322 - INFO - ✅ Đã lấy link: https://thuvienphapluat.vn/van-ban/Bo-may-hanh-chinh/Quyet-dinh-43-2025-QD-UBND-phan-cap-So-Xay-dung-cap-giay-phep-xay-dung-Thanh-Hoa-656840.aspx
2025-07-11 09:07:02,322 - INFO - ➡️ Đang truy cập: https://thuvienphapluat.vn/page/searchlegal.aspx?keyword=&area=0&match=True&type=0&status=1&signer=0&sort=1&lan=1&scan=0&org=0&fields=15&chlbg=09/07/1945&chlend=09/07/2035&page=89
2025-07-11 09:07:02,921 - INFO - 🤖 CAPTCHA OCR: 683841
2025-07-11 09:07:06,037 - INFO - ⏳ Chờ 6.24s giả lập người dùng...
2025-07-11 09:07:15,671 - INFO - 🧭 Tiêu đề trang: Tra cứu Văn Bản Pháp Luật
2025-07-11 09:07:15,687 - INFO - ✅ Đã lấy link: https://thuvienphapluat.vn/van-ban/Bo-may-hanh-chinh/Quyet-dinh-992-QD-UBND-2025-Quy-trinh-giai-quyet-thu-tuc-hanh-chinh-Ban-Quan-ly-Khu-kinh-te-Binh-Phuoc-656946.aspx
2025-07-11 09:07:15,691 - INFO - ✅ Đã lấy link: https://thuvienphapluat.vn/van-ban/Bo-may-hanh-chinh/Quyet-dinh-991-QD-UBND-2025-cong-bo-thu-tuc-hanh-chinh-Lam-nghiep-nganh-Nong-nghiep-Binh-Phuoc-656495.aspx
2025-07-11 09:07:15,694 - INFO - ✅ Đã lấy link: https://thuvienphapluat.vn/van-ban/Lao-dong-Tien-luong/Quyet-dinh-518-QD-UBND-HC-2025-cong-bo-thu-tuc-hanh-chinh-linh-vuc-noi-vu-Uy-ban-tinh-Dong-Thap-657812.aspx
2025-07-11 09:07:15,698 - INFO - ✅ Đã lấy link: https://thuvienphapluat.vn/van-ban/Bo-may-hanh-chinh/Quyet-dinh-517-QD-UBND-HC-2025-cong-bo-thu-tuc-hanh-chinh-Cong-Thuong-cap-tinh-Dong-Thap-657811.aspx
2025-07-11 09:07:15,702 - INFO - ✅ Đã lấy link: https://thuvienphapluat.vn/van-ban/Bo-may-hanh-chinh/Quyet-dinh-397-QD-UBND-2025-cong-bo-thu-tuc-hanh-chinh-dang-ky-bien-phap-bao-dam-Kon-Tum-657184.aspx
2025-07-11 09:07:15,705 - INFO - ✅ Đã lấy link: https://thuvienphapluat.vn/van-ban/Bo-may-hanh-chinh/Quyet-dinh-394-QD-UBND-2025-quy-trinh-thu-tuc-hanh-chinh-Giao-duc-thuong-xuyen-So-Giao-duc-Kon-Tum-657186.aspx
2025-07-11 09:07:15,709 - INFO - ✅ Đã lấy link: https://thuvienphapluat.vn/van-ban/Bo-may-hanh-chinh/Quyet-dinh-49-2025-QD-UBND-chuc-nang-nhiem-vu-Chi-cuc-Trong-trot-Bao-ve-thuc-vat-Ninh-Thuan-657393.aspx
2025-07-11 09:07:15,712 - INFO - ✅ Đã lấy link: https://thuvienphapluat.vn/van-ban/Bo-may-hanh-chinh/Quyet-dinh-48-2025-QD-UBND-chuc-nang-nhiem-vu-Chi-cuc-Chan-nuoi-va-Thu-y-Ninh-Thuan-657392.aspx
2025-07-11 09:07:15,716 - INFO - ✅ Đã lấy link: https://thuvienphapluat.vn/van-ban/Bo-may-hanh-chinh/Quyet-dinh-620-QD-UBND-2025-cong-bo-thu-tuc-hanh-chinh-giao-duc-dao-tao-So-Giao-duc-Ninh-Thuan-657354.aspx
2025-07-11 09:07:15,720 - INFO - ✅ Đã lấy link: https://thuvienphapluat.vn/van-ban/Bo-may-hanh-chinh/Quyet-dinh-1336-QD-UBND-2025-quy-trinh-thu-tuc-hanh-chinh-linh-vuc-Khen-thuong-Nghe-An-656559.aspx
2025-07-11 09:07:15,724 - INFO - ✅ Đã lấy link: https://thuvienphapluat.vn/van-ban/Bat-dong-san/Quyet-dinh-1350-QD-UBND-2025-cong-bo-thu-tuc-hanh-chinh-dang-ky-bao-dam-So-Tu-phap-Nghe-An-656662.aspx
2025-07-11 09:07:15,727 - INFO - ✅ Đã lấy link: https://thuvienphapluat.vn/van-ban/Thuong-mai/Quyet-dinh-1345-QD-UBND-2025-cong-bo-thu-tuc-hanh-chinh-luu-thong-hang-hoa-So-Cong-Thuong-Nghe-An-656608.aspx
2025-07-11 09:07:15,731 - INFO - ✅ Đã lấy link: https://thuvienphapluat.vn/van-ban/Bo-may-hanh-chinh/Quyet-dinh-1337-QD-UBND-2025-Bo-chi-so-phuc-vu-chi-dao-dieu-hanh-tren-moi-truong-dien-tu-Nghe-An-656586.aspx
2025-07-11 09:07:15,734 - INFO - ✅ Đã lấy link: https://thuvienphapluat.vn/van-ban/Lao-dong-Tien-luong/Quyet-dinh-1375-QD-UBND-2025-cong-bo-thu-tuc-hanh-chinh-linh-vuc-viec-lam-So-Noi-vu-Nam-Dinh-656661.aspx
2025-07-11 09:07:15,738 - INFO - ✅ Đã lấy link: https://thuvienphapluat.vn/van-ban/Bo-may-hanh-chinh/Quyet-dinh-1368-QD-UBND-2025-giai-quyet-thu-tuc-hanh-chinh-linh-vuc-tin-nguong-So-Noi-vu-Hue-657664.aspx
2025-07-11 09:07:15,741 - INFO - ✅ Đã lấy link: https://thuvienphapluat.vn/van-ban/Bo-may-hanh-chinh/Quyet-dinh-1367-QD-UBND-2025-giai-quyet-thu-tuc-hanh-chinh-linh-vuc-Ho-tich-So-Tu-phap-Hue-657662.aspx
2025-07-11 09:07:15,745 - INFO - ✅ Đã lấy link: https://thuvienphapluat.vn/van-ban/Bo-may-hanh-chinh/Quyet-dinh-1366-QD-UBND-2025-quy-trinh-noi-bo-giai-quyet-thu-tuc-hanh-chinh-So-Giao-duc-Hue-657657.aspx
2025-07-11 09:07:15,749 - INFO - ✅ Đã lấy link: https://thuvienphapluat.vn/van-ban/Bo-may-hanh-chinh/Quyet-dinh-1187-QD-UBND-2025-quy-trinh-noi-bo-giai-quyet-thu-tuc-hanh-chinh-So-Y-te-Can-Tho-656558.aspx
2025-07-11 09:07:15,753 - INFO - ✅ Đã lấy link: https://thuvienphapluat.vn/van-ban/Bo-may-hanh-chinh/Quyet-dinh-1186-QD-UBND-2025-cong-bo-Danh-muc-thu-tuc-hanh-chinh-So-Giao-duc-Can-Tho-656523.aspx
2025-07-11 09:07:15,756 - INFO - ✅ Đã lấy link: https://thuvienphapluat.vn/van-ban/Bo-may-hanh-chinh/Quyet-dinh-606-QD-UBND-2025-Quy-trinh-thu-tuc-hanh-chinh-cong-tac-dan-toc-Uy-ban-huyen-Cao-Bang-662936.aspx
2025-07-11 09:07:15,756 - INFO - ➡️ Đang truy cập: https://thuvienphapluat.vn/page/searchlegal.aspx?keyword=&area=0&match=True&type=0&status=1&signer=0&sort=1&lan=1&scan=0&org=0&fields=15&chlbg=09/07/1945&chlend=09/07/2035&page=90
2025-07-11 09:07:16,388 - INFO - 🤖 CAPTCHA OCR: 457455
2025-07-11 09:07:19,494 - INFO - ⏳ Chờ 5.54s giả lập người dùng...
2025-07-11 09:07:28,585 - INFO - 🧭 Tiêu đề trang: Tra cứu Văn Bản Pháp Luật
2025-07-11 09:07:28,600 - INFO - ✅ Đã lấy link: https://thuvienphapluat.vn/van-ban/Bo-may-hanh-chinh/Quyet-dinh-1547-QD-UBND-2025-cong-bo-thu-tuc-hanh-chinh-bien-phap-bao-dam-nganh-Nong-nghiep-Dong-Nai-661662.aspx
2025-07-11 09:07:28,605 - INFO - ✅ Đã lấy link: https://thuvienphapluat.vn/van-ban/Bo-may-hanh-chinh/Quyet-dinh-34-2025-QD-UBND-bai-bo-mot-phan-cac-quyet-dinh-Uy-ban-nhan-dan-Gia-Lai-656841.aspx
2025-07-11 09:07:28,609 - INFO - ✅ Đã lấy link: https://thuvienphapluat.vn/van-ban/Bo-may-hanh-chinh/Quyet-dinh-1054-QD-UBND-2025-cong-bo-thu-tuc-hanh-chinh-linh-vuc-Lam-nghiep-So-Nong-nghiep-Dak-Lak-656660.aspx
2025-07-11 09:07:28,614 - INFO - ✅ Đã lấy link: https://thuvienphapluat.vn/van-ban/Thuong-mai/Quyet-dinh-1464-QD-UBND-2025-thu-tuc-hanh-chinh-luu-thong-hang-hoa-So-Cong-Thuong-Ben-Tre-658452.aspx
2025-07-11 09:07:28,620 - INFO - ✅ Đã lấy link: https://thuvienphapluat.vn/van-ban/Bo-may-hanh-chinh/Quyet-dinh-752-QD-UBND-2025-cong-bo-thu-tuc-hanh-chinh-linh-vuc-giao-duc-So-Giao-duc-An-Giang-656607.aspx
2025-07-11 09:07:28,624 - INFO - ✅ Đã lấy link: https://thuvienphapluat.vn/van-ban/Bat-dong-san/Quyet-dinh-726-QD-UBND-2025-Quy-trinh-thu-tuc-hanh-chinh-dat-dai-So-Nong-nghiep-Quang-Ngai-657042.aspx
2025-07-11 09:07:28,629 - INFO - ✅ Đã lấy link: https://thuvienphapluat.vn/van-ban/Bo-may-hanh-chinh/Quyet-dinh-725-QD-UBND-2025-cong-bo-thu-tuc-hanh-chinh-bien-phap-bao-dam-So-Tu-phap-Quang-Ngai-656947.aspx
2025-07-11 09:07:28,633 - INFO - ✅ Đã lấy link: https://thuvienphapluat.vn/van-ban/Bo-may-hanh-chinh/Quyet-dinh-735-QD-TTPVHCC-2025-cong-bo-thu-tuc-hanh-chinh-giao-duc-dao-tao-So-Giao-duc-Ha-Noi-657059.aspx
2025-07-11 09:07:28,637 - INFO - ✅ Đã lấy link: https://thuvienphapluat.vn/van-ban/Bo-may-hanh-chinh/Quyet-dinh-734-QD-TTPVHCC-2025-cong-bo-thu-tuc-hanh-chinh-linh-vuc-giao-duc-So-Giao-duc-Ha-Noi-656585.aspx
2025-07-11 09:07:28,642 - INFO - ✅ Đã lấy link: https://thuvienphapluat.vn/van-ban/Bat-dong-san/Quyet-dinh-863-QD-UBND-2025-cong-bo-thu-tuc-hanh-chinh-dang-ky-bao-dam-So-Tu-phap-Binh-Thuan-656518.aspx
2025-07-11 09:07:28,648 - INFO - ✅ Đã lấy link: https://thuvienphapluat.vn/van-ban/Bo-may-hanh-chinh/Quyet-dinh-839-QD-UBND-2025-cong-bo-thu-tuc-hanh-chinh-linh-vuc-Xay-dung-So-Xay-dung-Thai-Binh-656945.aspx
2025-07-11 09:07:28,652 - INFO - ✅ Đã lấy link: https://thuvienphapluat.vn/van-ban/Bo-may-hanh-chinh/Quyet-dinh-838-QD-UBND-2025-cong-bo-bo-sung-thu-tuc-hanh-chinh-tai-chinh-cap-tinh-Thai-Binh-656618.aspx
2025-07-11 09:07:28,656 - INFO - ✅ Đã lấy link: https://thuvienphapluat.vn/van-ban/Bo-may-hanh-chinh/Quyet-dinh-1319-QD-UBND-2025-cong-bo-thu-tuc-hanh-chinh-bien-hai-dao-So-Nong-nghiep-Vung-Tau-656950.aspx
2025-07-11 09:07:28,659 - INFO - ✅ Đã lấy link: https://thuvienphapluat.vn/van-ban/Bo-may-hanh-chinh/Quyet-dinh-1318-QD-UBND-2025-cong-bo-thu-tuc-hanh-chinh-linh-vuc-thuy-san-Uy-ban-huyen-Vung-Tau-656952.aspx
2025-07-11 09:07:28,663 - INFO - ✅ Đã lấy link: https://thuvienphapluat.vn/van-ban/Bo-may-hanh-chinh/Quyet-dinh-1317-QD-UBND-2025-cong-bo-thu-tuc-hanh-chinh-linh-vuc-thuy-loi-Uy-ban-xa-Vung-Tau-656954.aspx
2025-07-11 09:07:28,666 - INFO - ✅ Đã lấy link: https://thuvienphapluat.vn/van-ban/Bo-may-hanh-chinh/Quyet-dinh-1548-QD-UBND-2025-cong-bo-thu-tuc-hanh-chinh-chuan-hoa-So-Khoa-hoc-Cong-nghe-Dong-Nai-661664.aspx
2025-07-11 09:07:28,670 - INFO - ✅ Đã lấy link: https://thuvienphapluat.vn/van-ban/Bo-may-hanh-chinh/Quyet-dinh-806-QD-UBND-2025-cong-bo-thu-tuc-hanh-chinh-duoc-chuan-hoa-So-Khoa-hoc-Lai-Chau-657928.aspx
2025-07-11 09:07:28,673 - INFO - ✅ Đã lấy link: https://thuvienphapluat.vn/van-ban/Bo-may-hanh-chinh/Quyet-dinh-1411-QD-BNNMT-2025-cong-bo-thu-tuc-hanh-chinh-noi-bo-linh-vuc-giam-ngheo-656819.aspx
2025-07-11 09:07:28,677 - INFO - ✅ Đã lấy link: https://thuvienphapluat.vn/van-ban/Bo-may-hanh-chinh/Quyet-dinh-1487-QD-UBND-2025-cong-bo-thu-tuc-hanh-chinh-chinh-quyen-dia-phuong-Hai-Phong-657336.aspx
2025-07-11 09:07:28,680 - INFO - ✅ Đã lấy link: https://thuvienphapluat.vn/van-ban/Bat-dong-san/Quyet-dinh-32-2025-QD-UBND-Quy-che-phoi-hop-thuc-hien-chuc-nang-Trung-tam-Phat-trien-quy-dat-Khanh-Hoa-657511.aspx
2025-07-11 09:07:28,680 - INFO - ➡️ Đang truy cập: https://thuvienphapluat.vn/page/searchlegal.aspx?keyword=&area=0&match=True&type=0&status=1&signer=0&sort=1&lan=1&scan=0&org=0&fields=15&chlbg=09/07/1945&chlend=09/07/2035&page=91
2025-07-11 09:07:29,321 - INFO - 🤖 CAPTCHA OCR: 684341
2025-07-11 09:07:32,426 - INFO - ⏳ Chờ 6.12s giả lập người dùng...
2025-07-11 09:07:41,831 - INFO - 🧭 Tiêu đề trang: Tra cứu Văn Bản Pháp Luật
2025-07-11 09:07:41,848 - INFO - ✅ Đã lấy link: https://thuvienphapluat.vn/van-ban/Cong-nghe-thong-tin/Quyet-dinh-1221-QD-UBND-2025-thu-tuc-hanh-chinh-linh-vuc-ho-tich-du-lieu-dien-tu-Khanh-Hoa-657645.aspx
2025-07-11 09:07:41,851 - INFO - ✅ Đã lấy link: https://thuvienphapluat.vn/van-ban/Bo-may-hanh-chinh/Quyet-dinh-36-2025-QD-UBND-chuc-nang-nhiem-vu-Chi-cuc-Trong-trot-va-Bao-ve-thuc-vat-Tay-Ninh-658117.aspx
2025-07-11 09:07:41,855 - INFO - ✅ Đã lấy link: https://thuvienphapluat.vn/van-ban/Bo-may-hanh-chinh/Quyet-dinh-35-2025-QD-UBND-chuc-nang-nhiem-vu-Chi-cuc-Kiem-lam-Tay-Ninh-658118.aspx
2025-07-11 09:07:41,859 - INFO - ✅ Đã lấy link: https://thuvienphapluat.vn/van-ban/Bo-may-hanh-chinh/Quyet-dinh-34-2025-QD-UBND-chuc-nang-nhiem-vu-Chi-cuc-Chan-nuoi-Thu-y-Tay-Ninh-658119.aspx
2025-07-11 09:07:41,862 - INFO - ✅ Đã lấy link: https://thuvienphapluat.vn/van-ban/Bo-may-hanh-chinh/Quyet-dinh-37-2025-QD-UBND-chuc-nang-nhiem-vu-quyen-han-Chi-cuc-Thuy-loi-Tay-Ninh-658116.aspx
2025-07-11 09:07:41,866 - INFO - ✅ Đã lấy link: https://thuvienphapluat.vn/van-ban/Bo-may-hanh-chinh/Quyet-dinh-966-QD-UBND-2025-quy-trinh-thu-tuc-hanh-chinh-cong-tac-dan-toc-So-Dan-toc-Dien-Bien-658094.aspx
2025-07-11 09:07:41,870 - INFO - ✅ Đã lấy link: https://thuvienphapluat.vn/van-ban/Lao-dong-Tien-luong/Quyet-dinh-965-QD-UBND-2025-cong-bo-thu-tuc-hanh-chinh-che-do-nha-giao-So-Giao-duc-Dien-Bien-658095.aspx
2025-07-11 09:07:41,873 - INFO - ✅ Đã lấy link: https://thuvienphapluat.vn/van-ban/Bo-may-hanh-chinh/Quyet-dinh-1235-QD-UBND-2025-quy-trinh-thu-tuc-hanh-chinh-dien-luc-So-Cong-Thuong-Khanh-Hoa-660617.aspx
2025-07-11 09:07:41,877 - INFO - ✅ Đã lấy link: https://thuvienphapluat.vn/van-ban/Cong-nghe-thong-tin/Quyet-dinh-41-2025-QD-UBND-chuc-nang-Trung-tam-Khoa-hoc-cong-nghe-doi-moi-sang-tao-Phu-Tho-657124.aspx
2025-07-11 09:07:41,880 - INFO - ✅ Đã lấy link: https://thuvienphapluat.vn/van-ban/Lao-dong-Tien-luong/Cong-dien-62-CD-TTg-2025-thuc-hien-chinh-sach-can-bo-sap-xep-to-chuc-bo-may-chinh-tri-656526.aspx
2025-07-11 09:07:41,884 - INFO - ✅ Đã lấy link: https://thuvienphapluat.vn/van-ban/Bo-may-hanh-chinh/Quyet-dinh-1589-QD-UBND-2025-phe-duyet-Dieu-le-Lien-doan-Co-Binh-Dinh-657653.aspx
2025-07-11 09:07:41,890 - INFO - ✅ Đã lấy link: https://thuvienphapluat.vn/van-ban/Doanh-nghiep/Quyet-dinh-1598-QD-UBND-2025-cong-bo-thu-tuc-hanh-chinh-Dau-tu-tai-Viet-Nam-So-Tai-chinh-Binh-Dinh-658285.aspx
2025-07-11 09:07:41,894 - INFO - ✅ Đã lấy link: https://thuvienphapluat.vn/van-ban/Cong-nghe-thong-tin/Quyet-dinh-1590-QD-UBND-2025-cong-bo-thu-tuc-hanh-chinh-Buu-chinh-So-Khoa-hoc-Binh-Dinh-657559.aspx
2025-07-11 09:07:41,898 - INFO - ✅ Đã lấy link: https://thuvienphapluat.vn/van-ban/Bo-may-hanh-chinh/Quyet-dinh-73-2025-QD-UBND-sua-doi-khoan-4-Dieu-3-Quyet-dinh-10-2025-QD-UBND-Vinh-Long-658686.aspx
2025-07-11 09:07:41,902 - INFO - ✅ Đã lấy link: https://thuvienphapluat.vn/van-ban/Bo-may-hanh-chinh/Quyet-dinh-1003-QD-UBND-2025-cong-bo-thu-tuc-hanh-chinh-linh-vuc-Dia-chat-cap-tinh-Phu-Tho-656425.aspx
2025-07-11 09:07:41,906 - INFO - ✅ Đã lấy link: https://thuvienphapluat.vn/van-ban/Lao-dong-Tien-luong/Quyet-dinh-1280-QD-BGDDT-2025-cong-bo-thu-tuc-hanh-chinh-che-do-chinh-sach-nha-giao-656822.aspx
2025-07-11 09:07:41,910 - INFO - ✅ Đã lấy link: https://thuvienphapluat.vn/van-ban/Bo-may-hanh-chinh/Quyet-dinh-1004-QD-UBND-2025-cong-bo-thu-tuc-hanh-chinh-linh-vuc-Tai-nguyen-nuoc-Phu-Tho-657122.aspx
2025-07-11 09:07:41,913 - INFO - ✅ Đã lấy link: https://thuvienphapluat.vn/van-ban/Bo-may-hanh-chinh/Quyet-dinh-1005-QD-UBND-2025-thu-tuc-hanh-chinh-Bao-ton-thien-nhien-cac-cap-chinh-quyen-Phu-Tho-657123.aspx
2025-07-11 09:07:41,917 - INFO - ✅ Đã lấy link: https://thuvienphapluat.vn/van-ban/Bo-may-hanh-chinh/Quyet-dinh-1010-QD-UBND-2025-cong-bo-thu-tuc-hanh-chinh-Khoa-hoc-Cong-nghe-cap-tinh-Phu-Tho-657121.aspx
2025-07-11 09:07:41,921 - INFO - ✅ Đã lấy link: https://thuvienphapluat.vn/van-ban/Bo-may-hanh-chinh/Quyet-dinh-1015-QD-UBND-2025-cong-bo-thu-tuc-hanh-chinh-Khi-tuong-thuy-van-cap-tinh-Phu-Tho-657119.aspx
2025-07-11 09:07:41,921 - INFO - ➡️ Đang truy cập: https://thuvienphapluat.vn/page/searchlegal.aspx?keyword=&area=0&match=True&type=0&status=1&signer=0&sort=1&lan=1&scan=0&org=0&fields=15&chlbg=09/07/1945&chlend=09/07/2035&page=92
2025-07-11 09:07:42,531 - INFO - 🤖 CAPTCHA OCR: 735738
2025-07-11 09:07:45,641 - INFO - ⏳ Chờ 5.46s giả lập người dùng...
2025-07-11 09:07:55,396 - INFO - 🧭 Tiêu đề trang: Tra cứu Văn Bản Pháp Luật
2025-07-11 09:07:55,412 - INFO - ✅ Đã lấy link: https://thuvienphapluat.vn/van-ban/Bao-hiem/Quyet-dinh-1456-QD-BH%ce%a7%ce%97-2025-chuc-nang-nhiem-vu-quyen-han-Bao-hiem-xa-hoi-khu-vuc-659578.aspx
2025-07-11 09:07:55,416 - INFO - ✅ Đã lấy link: https://thuvienphapluat.vn/van-ban/Bo-may-hanh-chinh/Thong-tu-08-2025-TT-BGDDT-thoi-han-luu-tru-ho-so-tai-lieu-thuoc-linh-vuc-giao-duc-dao-tao-656813.aspx
2025-07-11 09:07:55,419 - INFO - ✅ Đã lấy link: https://thuvienphapluat.vn/van-ban/Bo-may-hanh-chinh/Quyet-dinh-890-QD-UBND-2025-cong-bo-thu-tuc-hanh-chinh-linh-vuc-duong-bo-So-Xay-dung-Ca-Mau-660582.aspx
2025-07-11 09:07:55,423 - INFO - ✅ Đã lấy link: https://thuvienphapluat.vn/van-ban/Bo-may-hanh-chinh/Chi-thi-04-CT-UBND-2025-quan-ly-cong-tac-van-thu-luu-tru-sap-xep-to-chuc-bo-may-Ninh-Thuan-657370.aspx
2025-07-11 09:07:55,428 - INFO - ✅ Đã lấy link: https://thuvienphapluat.vn/van-ban/Bo-may-hanh-chinh/Quyet-dinh-1594-QD-UBND-2025-quy-trinh-thu-tuc-hanh-chinh-Nguoi-co-cong-So-Noi-vu-Binh-Dinh-656671.aspx
2025-07-11 09:07:55,432 - INFO - ✅ Đã lấy link: https://thuvienphapluat.vn/van-ban/Bo-may-hanh-chinh/Quyet-dinh-1592-QD-UBND-2025-Khung-danh-muc-nhiem-vu-co-quan-chi-so-SIPAS-Binh-Dinh-656719.aspx
2025-07-11 09:07:55,437 - INFO - ✅ Đã lấy link: https://thuvienphapluat.vn/van-ban/Bo-may-hanh-chinh/Quyet-dinh-1602-QD-UBND-2025-chuc-nang-nhiem-vu-Chi-cuc-Chan-nuoi-Thu-y-Binh-Dinh-656715.aspx
2025-07-11 09:07:55,440 - INFO - ✅ Đã lấy link: https://thuvienphapluat.vn/van-ban/Bo-may-hanh-chinh/Quyet-dinh-1601-QD-UBND-2025-chuc-nang-nhiem-vu-Chi-cuc-Kiem-lam-So-Nong-nghiep-Binh-Dinh-656718.aspx
2025-07-11 09:07:55,444 - INFO - ✅ Đã lấy link: https://thuvienphapluat.vn/van-ban/Bo-may-hanh-chinh/Quyet-dinh-1597-QD-UBND-2025-cong-bo-thu-tuc-hanh-chinh-linh-vuc-Giao-duc-So-Giao-duc-Binh-Dinh-656676.aspx
2025-07-11 09:07:55,448 - INFO - ✅ Đã lấy link: https://thuvienphapluat.vn/van-ban/Bo-may-hanh-chinh/Quyet-dinh-1596-QD-UBND-2025-quy-trinh-thu-tuc-hanh-chinh-Tai-nguyen-nuoc-So-Nong-nghiep-Binh-Dinh-656674.aspx
2025-07-11 09:07:55,452 - INFO - ✅ Đã lấy link: https://thuvienphapluat.vn/van-ban/Bo-may-hanh-chinh/Quyet-dinh-1595-QD-UBND-2025-quy-trinh-thu-tuc-hanh-chinh-linh-vuc-Duoc-So-Y-te-Binh-Dinh-656670.aspx
2025-07-11 09:07:55,455 - INFO - ✅ Đã lấy link: https://thuvienphapluat.vn/van-ban/Bo-may-hanh-chinh/Quyet-dinh-1733-QD-BTC-2025-sua-doi-Quyet-dinh-391-QD-BTC-co-cau-to-chuc-Bao-hiem-xa-hoi-Viet-Nam-656377.aspx
2025-07-11 09:07:55,459 - INFO - ✅ Đã lấy link: https://thuvienphapluat.vn/van-ban/Dau-tu/Quyet-dinh-604-QD-UBND-2025-cong-bo-thu-tuc-hanh-chinh-linh-vuc-dau-thau-So-Tai-chinh-Cao-Bang-657126.aspx
2025-07-11 09:07:55,462 - INFO - ✅ Đã lấy link: https://thuvienphapluat.vn/van-ban/Bo-may-hanh-chinh/Quyet-dinh-1321-QD-UBND-2025-cong-bo-thu-tuc-hanh-chinh-Chan-nuoi-So-Nong-nghiep-Nghe-An-656486.aspx
2025-07-11 09:07:55,466 - INFO - ✅ Đã lấy link: https://thuvienphapluat.vn/van-ban/Bo-may-hanh-chinh/Quyet-dinh-1358-QD-UBND-2025-cong-bo-Danh-muc-thu-tuc-hanh-chinh-So-Tai-chinh-Hue-657648.aspx
2025-07-11 09:07:55,470 - INFO - ✅ Đã lấy link: https://thuvienphapluat.vn/van-ban/Bo-may-hanh-chinh/Quyet-dinh-1346-QD-UBND-2025-cong-bo-thu-tuc-hanh-chinh-Ung-pho-su-co-tran-dau-Uy-ban-huyen-Hue-657654.aspx
2025-07-11 09:07:55,473 - INFO - ✅ Đã lấy link: https://thuvienphapluat.vn/van-ban/Dau-tu/Quyet-dinh-1343-QD-UBND-2025-cong-bo-thu-tuc-hanh-chinh-Dau-thau-Ban-Quan-ly-Khu-kinh-te-Hue-657652.aspx
2025-07-11 09:07:55,477 - INFO - ✅ Đã lấy link: https://thuvienphapluat.vn/van-ban/Bo-may-hanh-chinh/Quyet-dinh-1340-QD-UBND-2025-van-ban-quy-pham-phap-luat-con-hieu-luc-theo-doi-trong-tam-Hue-657650.aspx
2025-07-11 09:07:55,481 - INFO - ✅ Đã lấy link: https://thuvienphapluat.vn/van-ban/Thuong-mai/Quyet-dinh-33-2025-QD-UBND-chuc-nang-nhiem-vu-Chi-cuc-Quan-ly-thi-truong-Gia-Lai-656494.aspx
2025-07-11 09:07:55,484 - INFO - ✅ Đã lấy link: https://thuvienphapluat.vn/van-ban/Bo-may-hanh-chinh/Quyet-dinh-1048-QD-UBND-2025-cong-bo-thu-tuc-hanh-chinh-linh-vuc-moi-truong-So-Nong-nghiep-Dak-Lak-656561.aspx
2025-07-11 09:07:55,484 - INFO - ➡️ Đang truy cập: https://thuvienphapluat.vn/page/searchlegal.aspx?keyword=&area=0&match=True&type=0&status=1&signer=0&sort=1&lan=1&scan=0&org=0&fields=15&chlbg=09/07/1945&chlend=09/07/2035&page=93
2025-07-11 09:07:56,147 - INFO - 🤖 CAPTCHA OCR: 121111
2025-07-11 09:07:59,260 - INFO - ⏳ Chờ 5.77s giả lập người dùng...
2025-07-11 09:08:08,345 - INFO - 🧭 Tiêu đề trang: Tra cứu Văn Bản Pháp Luật
2025-07-11 09:08:08,362 - INFO - ✅ Đã lấy link: https://thuvienphapluat.vn/van-ban/Bo-may-hanh-chinh/Quyet-dinh-1047-QD-UBND-2025-cong-bo-thu-tuc-hanh-chinh-Kham-chua-benh-So-Y-te-Dak-Lak-656419.aspx
2025-07-11 09:08:08,365 - INFO - ✅ Đã lấy link: https://thuvienphapluat.vn/van-ban/Bo-may-hanh-chinh/Quyet-dinh-1214-QD-UBND-2025-cong-bo-thu-tuc-hanh-chinh-giao-duc-dao-tao-So-Giao-duc-Khanh-Hoa-657117.aspx
2025-07-11 09:08:08,369 - INFO - ✅ Đã lấy link: https://thuvienphapluat.vn/van-ban/Bo-may-hanh-chinh/Quyet-dinh-1457-QD-UBND-2025-cong-bo-thu-tuc-hanh-chinh-nong-nghiep-So-Nong-nghiep-Ben-Tre-659043.aspx
2025-07-11 09:08:08,373 - INFO - ✅ Đã lấy link: https://thuvienphapluat.vn/van-ban/Bo-may-hanh-chinh/Quyet-dinh-1452-QD-UBND-2025-cong-bo-thu-tuc-hanh-chinh-Thong-tin-truyen-thong-So-Khoa-hoc-Ben-Tre-658451.aspx
2025-07-11 09:08:08,377 - INFO - ✅ Đã lấy link: https://thuvienphapluat.vn/van-ban/Bo-may-hanh-chinh/Quyet-dinh-1451-QD-UBND-2025-cong-bo-thu-tuc-hanh-chinh-van-thu-luu-tru-So-Giao-duc-Ben-Tre-659052.aspx
2025-07-11 09:08:08,380 - INFO - ✅ Đã lấy link: https://thuvienphapluat.vn/van-ban/Bo-may-hanh-chinh/Quyet-dinh-1450-QD-UBND-2025-cong-bo-thu-tuc-hanh-chinh-giao-duc-dao-tao-So-Giao-duc-Ben-Tre-658450.aspx
2025-07-11 09:08:08,384 - INFO - ✅ Đã lấy link: https://thuvienphapluat.vn/van-ban/Bo-may-hanh-chinh/Quyet-dinh-1456-QD-UBND-2025-cong-bo-thu-tuc-hanh-chinh-linh-vuc-trong-trot-So-Nong-nghiep-Ben-Tre-658911.aspx
2025-07-11 09:08:08,388 - INFO - ✅ Đã lấy link: https://thuvienphapluat.vn/van-ban/Bo-may-hanh-chinh/Quyet-dinh-1455-QD-UBND-2025-cong-bo-thu-tuc-hanh-chinh-chat-luong-nong-san-So-Nong-nghiep-Ben-Tre-660258.aspx
2025-07-11 09:08:08,391 - INFO - ✅ Đã lấy link: https://thuvienphapluat.vn/van-ban/Bo-may-hanh-chinh/Quyet-dinh-1459-QD-UBND-2025-cong-bo-thu-tuc-hanh-chinh-linh-vuc-trong-trot-Uy-ban-huyen-Ben-Tre-660058.aspx
2025-07-11 09:08:08,395 - INFO - ✅ Đã lấy link: https://thuvienphapluat.vn/van-ban/Bo-may-hanh-chinh/Quyet-dinh-1458-QD-UBND-2025-cong-bo-thu-tuc-hanh-chinh-bao-ve-thuc-vat-So-Nong-nghiep-Ben-Tre-661959.aspx
2025-07-11 09:08:08,398 - INFO - ✅ Đã lấy link: https://thuvienphapluat.vn/van-ban/Bo-may-hanh-chinh/Quyet-dinh-1461-QD-UBND-2025-cong-bo-thu-tuc-hanh-chinh-Van-phong-Van-phong-Uy-ban-tinh-Ben-Tre-659042.aspx
2025-07-11 09:08:08,402 - INFO - ✅ Đã lấy link: https://thuvienphapluat.vn/van-ban/Bat-dong-san/Quyet-dinh-731-QD-TTPVHCC-2025-quy-trinh-thu-tuc-hanh-chinh-dang-ky-bien-phap-bao-dam-Ha-Noi-656989.aspx
2025-07-11 09:08:08,406 - INFO - ✅ Đã lấy link: https://thuvienphapluat.vn/van-ban/Bo-may-hanh-chinh/Quyet-dinh-1476-QD-UBND-2025-cong-bo-thu-tuc-hanh-chinh-To-chuc-Bien-che-So-Noi-vu-Quang-Binh-656948.aspx
2025-07-11 09:08:08,409 - INFO - ✅ Đã lấy link: https://thuvienphapluat.vn/van-ban/Bo-may-hanh-chinh/Quyet-dinh-1474-QD-UBND-2025-cong-bo-thu-tuc-hanh-chinh-noi-bo-linh-vuc-nong-nghiep-Hai-Phong-656956.aspx
2025-07-11 09:08:08,413 - INFO - ✅ Đã lấy link: https://thuvienphapluat.vn/van-ban/Bo-may-hanh-chinh/Quyet-dinh-1460-QD-UBND-2025-cong-bo-thu-tuc-hanh-chinh-giao-duc-dao-tao-Uy-ban-xa-Ben-Tre-656517.aspx
2025-07-11 09:08:08,416 - INFO - ✅ Đã lấy link: https://thuvienphapluat.vn/van-ban/Bo-may-hanh-chinh/Quyet-dinh-1453-QD-UBND-2025-cong-bo-thu-tuc-hanh-chinh-linh-vuc-trong-trot-Uy-ban-xa-Ben-Tre-656522.aspx
2025-07-11 09:08:08,420 - INFO - ✅ Đã lấy link: https://thuvienphapluat.vn/van-ban/Bo-may-hanh-chinh/Quyet-dinh-797-QD-UBND-2025-cong-bo-thu-tuc-hanh-chinh-So-Cong-Thuong-Lai-Chau-656949.aspx
2025-07-11 09:08:08,424 - INFO - ✅ Đã lấy link: https://thuvienphapluat.vn/van-ban/Bo-may-hanh-chinh/Quyet-dinh-605-QD-UBND-2025-cong-bo-thu-tuc-hanh-chinh-linh-vuc-Trong-trot-So-Nong-nghiep-Cao-Bang-662935.aspx
2025-07-11 09:08:08,428 - INFO - ✅ Đã lấy link: https://thuvienphapluat.vn/van-ban/Bo-may-hanh-chinh/Quyet-dinh-521-QD-UBND-2025-cong-bo-thu-tuc-hanh-chinh-giao-duc-dao-tao-So-Giao-duc-Ninh-Binh-657550.aspx
2025-07-11 09:08:08,431 - INFO - ✅ Đã lấy link: https://thuvienphapluat.vn/van-ban/Bo-may-hanh-chinh/Quyet-dinh-1388-QD-BNNMT-2025-chuc-nang-nhiem-vu-Trung-tam-Quan-trac-moi-truong-Tay-Nguyen-657452.aspx
2025-07-11 09:08:08,431 - INFO - ➡️ Đang truy cập: https://thuvienphapluat.vn/page/searchlegal.aspx?keyword=&area=0&match=True&type=0&status=1&signer=0&sort=1&lan=1&scan=0&org=0&fields=15&chlbg=09/07/1945&chlend=09/07/2035&page=94
2025-07-11 09:08:09,028 - INFO - 🤖 CAPTCHA OCR: 563586
2025-07-11 09:08:12,467 - INFO - ⏳ Chờ 6.78s giả lập người dùng...
2025-07-11 09:08:21,829 - INFO - 🧭 Tiêu đề trang: Tra cứu Văn Bản Pháp Luật
2025-07-11 09:08:21,845 - INFO - ✅ Đã lấy link: https://thuvienphapluat.vn/van-ban/Bo-may-hanh-chinh/Quyet-dinh-1369-QD-BNNMT-2025-chuc-nang-nhiem-vu-Chi-cuc-Bao-ve-moi-truong-mien-Nam-657453.aspx
2025-07-11 09:08:21,849 - INFO - ✅ Đã lấy link: https://thuvienphapluat.vn/van-ban/Bo-may-hanh-chinh/Quyet-dinh-1368-QD-BNNMT-2025-chuc-nang-nhiem-vu-Chi-cuc-Bao-ve-moi-truong-mien-Bac-657455.aspx
2025-07-11 09:08:21,853 - INFO - ✅ Đã lấy link: https://thuvienphapluat.vn/van-ban/Bo-may-hanh-chinh/Quyet-dinh-1366-QD-BNNMT-2025-chuc-nang-nhiem-vu-Trung-tam-Quan-trac-moi-truong-mien-Nam-657454.aspx
2025-07-11 09:08:21,856 - INFO - ✅ Đã lấy link: https://thuvienphapluat.vn/van-ban/Bo-may-hanh-chinh/Quyet-dinh-1389-QD-BNNMT-2025-chuc-nang-nhiem-vu-Chi-cuc-Bao-ve-moi-truong-mien-Trung-657329.aspx
2025-07-11 09:08:21,860 - INFO - ✅ Đã lấy link: https://thuvienphapluat.vn/van-ban/Bo-may-hanh-chinh/Quyet-dinh-1529-QD-UBND-2025-cong-bo-thu-tuc-hanh-chinh-sua-doi-So-Xay-dung-Dong-Nai-661700.aspx
2025-07-11 09:08:21,863 - INFO - ✅ Đã lấy link: https://thuvienphapluat.vn/van-ban/Bo-may-hanh-chinh/Quyet-dinh-1175-QD-UBND-2025-cong-bo-Danh-muc-thu-tuc-hanh-chinh-So-Y-te-Can-Tho-664106.aspx
2025-07-11 09:08:21,867 - INFO - ✅ Đã lấy link: https://thuvienphapluat.vn/van-ban/Bo-may-hanh-chinh/Quyet-dinh-1174-QD-UBND-2025-cong-bo-Danh-muc-thu-tuc-hanh-chinh-Uy-ban-xa-phuong-Can-Tho-664105.aspx
2025-07-11 09:08:21,871 - INFO - ✅ Đã lấy link: https://thuvienphapluat.vn/van-ban/Bo-may-hanh-chinh/Quyet-dinh-1173-QD-UBND-2025-cong-bo-thu-tuc-hanh-chinh-So-Nong-nghiep-va-Moi-truong-Can-Tho-664104.aspx
2025-07-11 09:08:21,875 - INFO - ✅ Đã lấy link: https://thuvienphapluat.vn/van-ban/Thue-Phi-Le-Phi/Quyet-dinh-1583-QD-UBND-2025-cong-bo-thu-tuc-hanh-chinh-linh-vuc-Thue-So-Xay-dung-Binh-Dinh-657556.aspx
2025-07-11 09:08:21,878 - INFO - ✅ Đã lấy link: https://thuvienphapluat.vn/van-ban/Bo-may-hanh-chinh/Quyet-dinh-1585-QD-UBND-2025-cong-bo-thu-tuc-hanh-chinh-sua-doi-Thi-dua-So-Noi-vu-Binh-Dinh-656961.aspx
2025-07-11 09:08:21,882 - INFO - ✅ Đã lấy link: https://thuvienphapluat.vn/van-ban/Lao-dong-Tien-luong/Quyet-dinh-1584-QD-UBND-2025-quy-trinh-thu-tuc-hanh-chinh-ve-sinh-lao-dong-So-Noi-vu-Binh-Dinh-656667.aspx
2025-07-11 09:08:21,885 - INFO - ✅ Đã lấy link: https://thuvienphapluat.vn/van-ban/Bo-may-hanh-chinh/Quyet-dinh-1586-QD-UBND-2025-Quy-trinh-thu-tuc-hanh-chinh-lien-thong-cap-tinh-So-Van-hoa-Binh-Dinh-657115.aspx
2025-07-11 09:08:21,889 - INFO - ✅ Đã lấy link: https://thuvienphapluat.vn/van-ban/Cong-nghe-thong-tin/Quyet-dinh-1587-QD-UBND-2025-quy-trinh-thu-tuc-hanh-chinh-khoa-hoc-cong-nghe-So-Khoa-hoc-Binh-Dinh-657116.aspx
2025-07-11 09:08:21,892 - INFO - ✅ Đã lấy link: https://thuvienphapluat.vn/van-ban/Bo-may-hanh-chinh/Quyet-dinh-1047-QD-UBND-2025-cat-giam-thoi-han-giai-quyet-thu-tuc-hanh-chinh-Kham-benh-So-Y-te-Lang-Son-660157.aspx
2025-07-11 09:08:21,896 - INFO - ✅ Đã lấy link: https://thuvienphapluat.vn/van-ban/Dau-tu/Quyet-dinh-881-QD-UBND-2025-cong-bo-thu-tuc-hanh-chinh-cat-giam-thoi-gian-dau-tu-Uy-ban-tinh-Ca-Mau-660581.aspx
2025-07-11 09:08:21,900 - INFO - ✅ Đã lấy link: https://thuvienphapluat.vn/van-ban/Bo-may-hanh-chinh/Quyet-dinh-987-QD-UBND-2025-cong-bo-thu-tuc-hanh-chinh-Thi-dua-khen-thuong-nganh-Noi-vu-Binh-Phuoc-656959.aspx
2025-07-11 09:08:21,903 - INFO - ✅ Đã lấy link: https://thuvienphapluat.vn/van-ban/Bo-may-hanh-chinh/Quyet-dinh-986-QD-UBND-2025-cong-bo-thu-tuc-hanh-chinh-dich-vu-cong-truc-tuyen-nganh-Y-te-Binh-Phuoc-656958.aspx
2025-07-11 09:08:21,907 - INFO - ✅ Đã lấy link: https://thuvienphapluat.vn/van-ban/Bo-may-hanh-chinh/Quyet-dinh-1095-QD-UBND-2025-cong-bo-thu-tuc-hanh-chinh-bien-phap-bao-dam-So-Tu-phap-Son-La-656369.aspx
2025-07-11 09:08:21,911 - INFO - ✅ Đã lấy link: https://thuvienphapluat.vn/van-ban/Bo-may-hanh-chinh/Quyet-dinh-1094-QD-UBND-2025-cong-bo-thu-tuc-hanh-chinh-Moi-truong-So-Nong-nghiep-Son-La-656416.aspx
2025-07-11 09:08:21,914 - INFO - ✅ Đã lấy link: https://thuvienphapluat.vn/van-ban/Bo-may-hanh-chinh/Quyet-dinh-202-QD-VP-2025-cong-bo-thu-tuc-hanh-chinh-quan-ly-cong-san-So-Tai-chinh-Tuyen-Quang-660901.aspx
2025-07-11 09:08:21,914 - INFO - ➡️ Đang truy cập: https://thuvienphapluat.vn/page/searchlegal.aspx?keyword=&area=0&match=True&type=0&status=1&signer=0&sort=1&lan=1&scan=0&org=0&fields=15&chlbg=09/07/1945&chlend=09/07/2035&page=95
2025-07-11 09:08:22,565 - INFO - 🤖 CAPTCHA OCR: 543578
2025-07-11 09:08:25,692 - INFO - ⏳ Chờ 4.73s giả lập người dùng...
2025-07-11 09:08:34,315 - INFO - 🧭 Tiêu đề trang: Tra cứu Văn Bản Pháp Luật
2025-07-11 09:08:34,332 - INFO - ✅ Đã lấy link: https://thuvienphapluat.vn/van-ban/Thuong-mai/Quyet-dinh-1048-QD-UBND-2025-cong-bo-thu-tuc-hanh-chinh-Luu-thong-hang-hoa-So-Cong-Thuong-Lang-Son-656417.aspx
2025-07-11 09:08:34,336 - INFO - ✅ Đã lấy link: https://thuvienphapluat.vn/van-ban/Bo-may-hanh-chinh/Quyet-dinh-419-QD-UBND-2025-sua-doi-Quyet-dinh-23-QD-UBND-174-QD-UBND-Ninh-Binh-657635.aspx
2025-07-11 09:08:34,340 - INFO - ✅ Đã lấy link: https://thuvienphapluat.vn/van-ban/Bo-may-hanh-chinh/Quyet-dinh-1312-QD-UBND-2025-cong-bo-thu-tuc-hanh-chinh-chinh-sach-nha-giao-So-Giao-duc-Nghe-An-658460.aspx
2025-07-11 09:08:34,343 - INFO - ✅ Đã lấy link: https://thuvienphapluat.vn/van-ban/Bo-may-hanh-chinh/Nghi-quyet-125-NQ-CP-2025-ho-so-De-an-sap-xep-don-vi-hanh-chinh-cap-tinh-656296.aspx
2025-07-11 09:08:34,347 - INFO - ✅ Đã lấy link: https://thuvienphapluat.vn/van-ban/Bo-may-hanh-chinh/Nghi-quyet-126-NQ-CP-2025-ho-so-De-an-sap-xep-don-vi-hanh-chinh-cap-xa-656297.aspx
2025-07-11 09:08:34,351 - INFO - ✅ Đã lấy link: https://thuvienphapluat.vn/van-ban/Bo-may-hanh-chinh/Thong-tu-10-2025-TT-BYT-bai-bo-van-ban-quy-pham-phap-luat-ve-phong-chong-HIV-AIDS-656089.aspx
2025-07-11 09:08:34,355 - INFO - ✅ Đã lấy link: https://thuvienphapluat.vn/van-ban/Bat-dong-san/Quyet-dinh-992-QD-UBND-2025-cong-bo-thu-tuc-hanh-chinh-linh-vuc-Dat-dai-Phu-Tho-656424.aspx
2025-07-11 09:08:34,358 - INFO - ✅ Đã lấy link: https://thuvienphapluat.vn/van-ban/Bo-may-hanh-chinh/Quyet-dinh-1309-Q%c3%90-BVHTTDL-2025-quy-trinh-noi-bo-giai-quyet-thu-tuc-hanh-chinh-656059.aspx
2025-07-11 09:08:34,362 - INFO - ✅ Đã lấy link: https://thuvienphapluat.vn/van-ban/Bo-may-hanh-chinh/Quyet-dinh-871-QD-UBND-2025-cong-bo-thu-tuc-hanh-chinh-giao-duc-dao-tao-So-Giao-duc-Ca-Mau-661175.aspx
2025-07-11 09:08:34,365 - INFO - ✅ Đã lấy link: https://thuvienphapluat.vn/van-ban/Giao-thong-Van-tai/Nghi-dinh-101-2025-ND-CP-sua-doi-32-2016-ND-CP-quan-ly-do-cao-chuong-ngai-vat-hang-khong-656265.aspx
2025-07-11 09:08:34,369 - INFO - ✅ Đã lấy link: https://thuvienphapluat.vn/van-ban/Bo-may-hanh-chinh/Quyet-dinh-843-QD-UBND-2025-cong-bo-thu-tuc-hanh-chinh-trong-trot-So-Nong-nghiep-Binh-Thuan-656157.aspx
2025-07-11 09:08:34,373 - INFO - ✅ Đã lấy link: https://thuvienphapluat.vn/van-ban/Bo-may-hanh-chinh/Quyet-dinh-844-QD-UBND-2025-cong-bo-thu-tuc-hanh-chinh-bien-va-hai-dao-So-Nong-nghiep-Binh-Thuan-656156.aspx
2025-07-11 09:08:34,376 - INFO - ✅ Đã lấy link: https://thuvienphapluat.vn/van-ban/Cong-nghe-thong-tin/Quyet-dinh-970-QD-UBND-2025-cong-bo-thu-tuc-hanh-chinh-linh-vuc-buu-chinh-So-Khoa-hoc-Yen-Bai-656129.aspx
2025-07-11 09:08:34,380 - INFO - ✅ Đã lấy link: https://thuvienphapluat.vn/van-ban/Bo-may-hanh-chinh/Quyet-dinh-1032-QD-UBND-2025-quy-trinh-thu-tuc-hanh-chinh-Van-hoa-So-Van-hoa-Dak-Lak-656005.aspx
2025-07-11 09:08:34,384 - INFO - ✅ Đã lấy link: https://thuvienphapluat.vn/van-ban/Bo-may-hanh-chinh/Quyet-dinh-1031-QD-UBND-2025-cong-bo-thu-tuc-hanh-chinh-Khi-tuong-thuy-van-So-Nong-nghiep-Dak-Lak-656004.aspx
2025-07-11 09:08:34,388 - INFO - ✅ Đã lấy link: https://thuvienphapluat.vn/van-ban/Bo-may-hanh-chinh/Quyet-dinh-5028-QD-UBND-2025-cong-bo-thu-tuc-hanh-chinh-bao-ton-thien-nhien-So-Nong-nghiep-Long-An-660778.aspx
2025-07-11 09:08:34,391 - INFO - ✅ Đã lấy link: https://thuvienphapluat.vn/van-ban/Bo-may-hanh-chinh/Quyet-dinh-5026-QD-UBND-2025-cong-bo-thu-tuc-hanh-chinh-Kinh-te-hop-tac-So-Nong-nghiep-Long-An-660768.aspx
2025-07-11 09:08:34,395 - INFO - ✅ Đã lấy link: https://thuvienphapluat.vn/van-ban/Bo-may-hanh-chinh/Quyet-dinh-26-2025-QD-UBND-chuc-nang-nhiem-vu-quyen-han-So-Cong-Thuong-Lai-Chau-656611.aspx
2025-07-11 09:08:34,400 - INFO - ✅ Đã lấy link: https://thuvienphapluat.vn/van-ban/Bo-may-hanh-chinh/Quyet-dinh-1405-QD-UBND-2025-cong-bo-thu-tuc-hanh-chinh-linh-vuc-thuy-san-Uy-ban-huyen-Ben-Tre-656137.aspx
2025-07-11 09:08:34,404 - INFO - ✅ Đã lấy link: https://thuvienphapluat.vn/van-ban/Bo-may-hanh-chinh/Quyet-dinh-1407-QD-UBND-2025-cong-bo-thu-tuc-hanh-chinh-linh-vuc-moi-truong-Uy-ban-xa-Ben-Tre-656135.aspx
2025-07-11 09:08:34,404 - INFO - ➡️ Đang truy cập: https://thuvienphapluat.vn/page/searchlegal.aspx?keyword=&area=0&match=True&type=0&status=1&signer=0&sort=1&lan=1&scan=0&org=0&fields=15&chlbg=09/07/1945&chlend=09/07/2035&page=96
2025-07-11 09:08:35,045 - INFO - 🤖 CAPTCHA OCR: 114613
2025-07-11 09:08:38,156 - INFO - ⏳ Chờ 6.50s giả lập người dùng...
2025-07-11 09:08:47,674 - INFO - 🧭 Tiêu đề trang: Tra cứu Văn Bản Pháp Luật
2025-07-11 09:08:47,689 - INFO - ✅ Đã lấy link: https://thuvienphapluat.vn/van-ban/Bo-may-hanh-chinh/Quyet-dinh-1413-QD-UBND-2025-thu-tuc-hanh-chinh-linh-vuc-moi-truong-So-Nong-nghiep-Ben-Tre-656134.aspx
2025-07-11 09:08:47,693 - INFO - ✅ Đã lấy link: https://thuvienphapluat.vn/van-ban/Lao-dong-Tien-luong/Quyet-dinh-1397-QD-UBND-2025-cong-bo-thu-tuc-hanh-chinh-Quan-ly-lao-dong-ngoai-nuoc-So-Noi-vu-Thanh-Hoa-656366.aspx
2025-07-11 09:08:47,697 - INFO - ✅ Đã lấy link: https://thuvienphapluat.vn/van-ban/Bo-may-hanh-chinh/Quyet-dinh-480-QD-UBND-HC-2025-cong-bo-thu-tuc-hanh-chinh-So-Khoa-hoc-Cong-nghe-Dong-Thap-657802.aspx
2025-07-11 09:08:47,700 - INFO - ✅ Đã lấy link: https://thuvienphapluat.vn/van-ban/Bo-may-hanh-chinh/Quyet-dinh-386-QD-UBND-2025-cong-bo-thu-tuc-hanh-chinh-Quan-ly-chat-luong-nong-lam-san-Kon-Tum-656226.aspx
2025-07-11 09:08:47,704 - INFO - ✅ Đã lấy link: https://thuvienphapluat.vn/van-ban/Lao-dong-Tien-luong/Quyet-dinh-780-QD-UBND-2025-thu-tuc-hanh-chinh-chinh-sach-nha-giao-So-Giao-duc-Lai-Chau-656713.aspx
2025-07-11 09:08:47,708 - INFO - ✅ Đã lấy link: https://thuvienphapluat.vn/van-ban/Bo-may-hanh-chinh/Quyet-dinh-1729-QD-BTC-2025-sua-doi-Quyet-dinh-668-QD-BTC-quyen-han-Vu-Tai-chinh-Kinh-te-nganh-656376.aspx
2025-07-11 09:08:47,711 - INFO - ✅ Đã lấy link: https://thuvienphapluat.vn/van-ban/Bo-may-hanh-chinh/Quyet-dinh-605-QD-UBND-2025-Quy-trinh-thu-tuc-hanh-chinh-bien-va-hai-dao-So-Nong-nghiep-Ninh-Thuan-657408.aspx
2025-07-11 09:08:47,715 - INFO - ✅ Đã lấy link: https://thuvienphapluat.vn/van-ban/Bo-may-hanh-chinh/Quyet-dinh-623-QD-UBND-2025-cong-bo-thu-tuc-hanh-chinh-linh-vuc-moi-truong-So-Nong-nghiep-Dak-Nong-656478.aspx
2025-07-11 09:08:47,719 - INFO - ✅ Đã lấy link: https://thuvienphapluat.vn/van-ban/Bo-may-hanh-chinh/Quyet-dinh-622-QD-UBND-2025-cong-bo-thu-tuc-hanh-chinh-khoa-hoc-cong-nghe-So-Khoa-hoc-Dak-Nong-656508.aspx
2025-07-11 09:08:47,722 - INFO - ✅ Đã lấy link: https://thuvienphapluat.vn/van-ban/Bat-dong-san/Quyet-dinh-1038-QD-UBND-2025-thu-tuc-hanh-chinh-Dang-ky-bien-phap-bao-dam-So-Nong-nghiep-Dak-Lak-656368.aspx
2025-07-11 09:08:47,726 - INFO - ✅ Đã lấy link: https://thuvienphapluat.vn/van-ban/Bo-may-hanh-chinh/Quyet-dinh-1336-QD-UBND-2025-cong-bo-thu-tuc-hanh-chinh-linh-vuc-Van-hoa-So-Van-hoa-Hue-657634.aspx
2025-07-11 09:08:47,729 - INFO - ✅ Đã lấy link: https://thuvienphapluat.vn/van-ban/Cong-nghe-thong-tin/Quyet-dinh-1335-QD-UBND-2025-cong-bo-thu-tuc-hanh-chinh-cong-nghe-thong-tin-So-Khoa-hoc-Hue-657632.aspx
2025-07-11 09:08:47,732 - INFO - ✅ Đã lấy link: https://thuvienphapluat.vn/van-ban/Bo-may-hanh-chinh/Quyet-dinh-1334-QD-UBND-2025-cong-bo-thu-tuc-hanh-chinh-linh-vuc-Tu-phap-So-Tu-phap-Hue-657623.aspx
2025-07-11 09:08:47,736 - INFO - ✅ Đã lấy link: https://thuvienphapluat.vn/van-ban/Bo-may-hanh-chinh/Quyet-dinh-54-QD-BCD-2025-Chuong-trinh-cong-tac-Ban-Chi-dao-Trung-uong-trien-khai-xoa-nha-tam-656540.aspx
2025-07-11 09:08:47,740 - INFO - ✅ Đã lấy link: https://thuvienphapluat.vn/van-ban/Bo-may-hanh-chinh/Quyet-dinh-976-QD-UBND-2025-cong-bo-thu-tuc-hanh-chinh-Lam-nghiep-So-Nong-nghiep-Yen-Bai-656415.aspx
2025-07-11 09:08:47,743 - INFO - ✅ Đã lấy link: https://thuvienphapluat.vn/van-ban/Thuong-mai/Quyet-dinh-45-2025-QD-UBND-chuc-nang-nhiem-vu-quyen-han-So-Cong-Thuong-Long-An-656258.aspx
2025-07-11 09:08:47,747 - INFO - ✅ Đã lấy link: https://thuvienphapluat.vn/van-ban/Bo-may-hanh-chinh/Quyet-dinh-1400-QD-UBND-2025-cong-bo-thu-tuc-hanh-chinh-linh-vuc-moi-truong-Uy-ban-huyen-Ben-Tre-656132.aspx
2025-07-11 09:08:47,750 - INFO - ✅ Đã lấy link: https://thuvienphapluat.vn/van-ban/Bo-may-hanh-chinh/Quyet-dinh-1398-QD-UBND-2025-cong-bo-thu-tuc-hanh-chinh-linh-vuc-thuy-loi-So-Nong-nghiep-Ben-Tre-656136.aspx
2025-07-11 09:08:47,754 - INFO - ✅ Đã lấy link: https://thuvienphapluat.vn/van-ban/Bat-dong-san/Quyet-dinh-1394-QD-UBND-2025-cong-bo-thu-tuc-hanh-chinh-dang-ky-bao-dam-So-Tu-phap-Thanh-Hoa-656130.aspx
2025-07-11 09:08:47,758 - INFO - ✅ Đã lấy link: https://thuvienphapluat.vn/van-ban/Bo-may-hanh-chinh/Quyet-dinh-1513-QD-UBND-2025-cong-bo-thu-tuc-hanh-chinh-lam-nghiep-nganh-Nong-nghiep-Dong-Nai-661999.aspx
2025-07-11 09:08:47,758 - INFO - ➡️ Đang truy cập: https://thuvienphapluat.vn/page/searchlegal.aspx?keyword=&area=0&match=True&type=0&status=1&signer=0&sort=1&lan=1&scan=0&org=0&fields=15&chlbg=09/07/1945&chlend=09/07/2035&page=97
2025-07-11 09:08:48,419 - INFO - 🤖 CAPTCHA OCR: 721668
2025-07-11 09:08:51,525 - INFO - ⏳ Chờ 4.62s giả lập người dùng...
2025-07-11 09:08:59,124 - INFO - 🧭 Tiêu đề trang: Tra cứu Văn Bản Pháp Luật
2025-07-11 09:08:59,140 - INFO - ✅ Đã lấy link: https://thuvienphapluat.vn/van-ban/Bo-may-hanh-chinh/Quyet-dinh-38-2025-QD-UBND-bai-bo-Quyet-dinh-cua-Uy-ban-nhan-dan-Ha-Nam-656322.aspx
2025-07-11 09:08:59,144 - INFO - ✅ Đã lấy link: https://thuvienphapluat.vn/van-ban/Bo-may-hanh-chinh/Quyet-dinh-34-2025-QD-UBND-Quy-che-quan-ly-vat-lieu-no-cong-nghiep-Quang-Tri-656610.aspx
2025-07-11 09:08:59,147 - INFO - ✅ Đã lấy link: https://thuvienphapluat.vn/van-ban/Bo-may-hanh-chinh/Quyet-dinh-1388-QD-UBND-2025-cong-bo-thu-tuc-hanh-chinh-linh-vuc-Tre-em-Uy-ban-xa-Ben-Tre-656131.aspx
2025-07-11 09:08:59,151 - INFO - ✅ Đã lấy link: https://thuvienphapluat.vn/van-ban/Bat-dong-san/Quyet-dinh-290-QD-UBND-2025-chuc-nang-nhiem-vu-Van-phong-Dang-ky-dat-dai-Ninh-Thuan-657395.aspx
2025-07-11 09:08:59,155 - INFO - ✅ Đã lấy link: https://thuvienphapluat.vn/van-ban/Bo-may-hanh-chinh/Quyet-dinh-1401-QD-UBND-2025-Quy-trinh-thu-tuc-hanh-chinh-Nuoi-con-nuoi-Uy-ban-huyen-Ben-Tre-658879.aspx
2025-07-11 09:08:59,158 - INFO - ✅ Đã lấy link: https://thuvienphapluat.vn/van-ban/Bo-may-hanh-chinh/Quyet-dinh-1397-QD-UBND-2025-quy-trinh-thu-tuc-hanh-chinh-tai-nguyen-nuoc-Uy-ban-huyen-Ben-Tre-658912.aspx
2025-07-11 09:08:59,162 - INFO - ✅ Đã lấy link: https://thuvienphapluat.vn/van-ban/Bo-may-hanh-chinh/Quyet-dinh-1399-QD-UBND-2025-quy-trinh-thu-tuc-hanh-chinh-linh-vuc-ho-tich-Uy-ban-xa-Ben-Tre-659370.aspx
2025-07-11 09:08:59,166 - INFO - ✅ Đã lấy link: https://thuvienphapluat.vn/van-ban/Bo-may-hanh-chinh/Quyet-dinh-713-QD-UBND-2025-quy-trinh-thu-tuc-hanh-chinh-So-Tai-chinh-Quang-Ngai-656516.aspx
2025-07-11 09:08:59,170 - INFO - ✅ Đã lấy link: https://thuvienphapluat.vn/van-ban/Bo-may-hanh-chinh/Quyet-dinh-711-QD-UBND-2025-cong-bo-thu-tuc-hanh-chinh-quan-ly-cong-san-So-Tai-chinh-Quang-Ngai-656367.aspx
2025-07-11 09:08:59,174 - INFO - ✅ Đã lấy link: https://thuvienphapluat.vn/van-ban/Bo-may-hanh-chinh/Quyet-dinh-1454-QD-UBND-2025-cong-bo-thu-tuc-hanh-chinh-Giao-duc-dao-tao-So-Giao-duc-Quang-Binh-656364.aspx
2025-07-11 09:08:59,178 - INFO - ✅ Đã lấy link: https://thuvienphapluat.vn/van-ban/Lao-dong-Tien-luong/Quyet-dinh-1453-QD-UBND-2025-cong-bo-thu-tuc-hanh-chinh-An-toan-ve-sinh-lao-dong-So-Noi-vu-Quang-Binh-656363.aspx
2025-07-11 09:08:59,181 - INFO - ✅ Đã lấy link: https://thuvienphapluat.vn/van-ban/Bo-may-hanh-chinh/Quyet-dinh-889-QD-TTg-2025-giai-the-To-cong-tac-Thu-tuong-ra-soat-van-ban-quy-pham-phap-luat-656398.aspx
2025-07-11 09:08:59,185 - INFO - ✅ Đã lấy link: https://thuvienphapluat.vn/van-ban/Bo-may-hanh-chinh/Quyet-dinh-781-QD-UBND-2025-quy-trinh-thu-tuc-hanh-chinh-giao-duc-nghe-nghiep-So-Giao-duc-Lai-Chau-656714.aspx
2025-07-11 09:08:59,189 - INFO - ✅ Đã lấy link: https://thuvienphapluat.vn/van-ban/Bo-may-hanh-chinh/Quyet-dinh-1309-QD-UBND-2025-cong-bo-thu-tuc-hanh-chinh-quan-ly-cong-san-So-Tai-chinh-Nghe-An-656477.aspx
2025-07-11 09:08:59,192 - INFO - ✅ Đã lấy link: https://thuvienphapluat.vn/van-ban/Bat-dong-san/Quyet-dinh-935-QD-UBND-2025-quy-trinh-thu-tuc-hanh-chinh-linh-vuc-dat-dai-So-Nong-nghiep-Dien-Bien-657658.aspx
2025-07-11 09:08:59,196 - INFO - ✅ Đã lấy link: https://thuvienphapluat.vn/van-ban/Bo-may-hanh-chinh/Quyet-dinh-934-QD-UBND-2025-cong-bo-thu-tuc-hanh-chinh-giao-duc-dao-tao-So-Giao-duc-Dien-Bien-657553.aspx
2025-07-11 09:08:59,200 - INFO - ✅ Đã lấy link: https://thuvienphapluat.vn/van-ban/Bo-may-hanh-chinh/Quyet-dinh-1390-QD-UBND-2025-quy-trinh-thu-tuc-hanh-chinh-quan-ly-cong-san-So-Tai-chinh-Ben-Tre-658910.aspx
2025-07-11 09:08:59,204 - INFO - ✅ Đã lấy link: https://thuvienphapluat.vn/van-ban/Cong-nghe-thong-tin/Quyet-dinh-44-2025-QD-UBND-Quy-che-hoat-dong-He-thong-thong-tin-thu-tuc-hanh-chinh-Hau-Giang-657434.aspx
2025-07-11 09:08:59,207 - INFO - ✅ Đã lấy link: https://thuvienphapluat.vn/van-ban/Doanh-nghiep/Quyet-dinh-1210-QD-UBND-2025-cong-bo-thu-tuc-hanh-chinh-kinh-te-tap-the-So-Tai-chinh-Khanh-Hoa-657850.aspx
2025-07-11 09:08:59,211 - INFO - ✅ Đã lấy link: https://thuvienphapluat.vn/van-ban/Thuong-mai/Quyet-dinh-29-2025-QD-UBND-chuc-nang-nhiem-vu-Chi-cuc-Quan-ly-thi-truong-Ben-Tre-659051.aspx
2025-07-11 09:08:59,211 - INFO - ➡️ Đang truy cập: https://thuvienphapluat.vn/page/searchlegal.aspx?keyword=&area=0&match=True&type=0&status=1&signer=0&sort=1&lan=1&scan=0&org=0&fields=15&chlbg=09/07/1945&chlend=09/07/2035&page=98
2025-07-11 09:08:59,886 - INFO - 🤖 CAPTCHA OCR: 465171
2025-07-11 09:09:02,999 - INFO - ⏳ Chờ 6.92s giả lập người dùng...
2025-07-11 09:09:12,895 - INFO - 🧭 Tiêu đề trang: Tra cứu Văn Bản Pháp Luật
2025-07-11 09:09:12,911 - INFO - ✅ Đã lấy link: https://thuvienphapluat.vn/van-ban/Bo-may-hanh-chinh/Quyet-dinh-28-2025-QD-UBND-sua-doi-Quyet-dinh-33-2022-QD-UBND-13-2025-QD-UBND-Ben-Tre-659050.aspx
2025-07-11 09:09:12,915 - INFO - ✅ Đã lấy link: https://thuvienphapluat.vn/van-ban/Bo-may-hanh-chinh/Quyet-dinh-1155-QD-UBND-2025-cong-bo-thu-tuc-hanh-chinh-So-Nong-nghiep-Moi-truong-Can-Tho-664101.aspx
2025-07-11 09:09:12,919 - INFO - ✅ Đã lấy link: https://thuvienphapluat.vn/van-ban/Bo-may-hanh-chinh/Quyet-dinh-1156-QD-UBND-2025-cong-bo-thu-tuc-hanh-chinh-So-Nong-nghiep-va-Moi-truong-Can-Tho-664102.aspx
2025-07-11 09:09:12,922 - INFO - ✅ Đã lấy link: https://thuvienphapluat.vn/van-ban/Bo-may-hanh-chinh/Quyet-dinh-801-QD-UBND-2025-cong-bo-thu-tuc-hanh-chinh-duoc-chuan-hoa-So-Khoa-hoc-Bac-Ninh-658132.aspx
2025-07-11 09:09:12,926 - INFO - ✅ Đã lấy link: https://thuvienphapluat.vn/van-ban/Bo-may-hanh-chinh/Quyet-dinh-1154-QD-UBND-2025-cong-bo-Danh-muc-thu-tuc-hanh-chinh-So-Tai-chinh-Can-Tho-664100.aspx
2025-07-11 09:09:12,930 - INFO - ✅ Đã lấy link: https://thuvienphapluat.vn/van-ban/Bo-may-hanh-chinh/Quyet-dinh-1157-QD-UBND-2025-cong-bo-thu-tuc-hanh-chinh-So-Nong-nghiep-Moi-truong-Can-Tho-664103.aspx
2025-07-11 09:09:12,934 - INFO - ✅ Đã lấy link: https://thuvienphapluat.vn/van-ban/Bo-may-hanh-chinh/Quyet-dinh-556-QD-BXD-2025-Ke-hoach-thong-tin-tuyen-truyen-cai-cach-hanh-chinh-655908.aspx
2025-07-11 09:09:12,937 - INFO - ✅ Đã lấy link: https://thuvienphapluat.vn/van-ban/Ke-toan-Kiem-toan/Quyet-dinh-676-QD-KTNN-2025-chuc-nang-nhiem-vu-cac-phong-thuoc-Van-phong-Kiem-toan-Nha-nuoc-656057.aspx
2025-07-11 09:09:12,941 - INFO - ✅ Đã lấy link: https://thuvienphapluat.vn/van-ban/Dich-vu-phap-ly/Quyet-dinh-1417-QD-BTP-2025-cong-bo-thu-tuc-hanh-chinh-sua-doi-linh-vuc-dau-gia-tai-san-656972.aspx
2025-07-11 09:09:12,945 - INFO - ✅ Đã lấy link: https://thuvienphapluat.vn/van-ban/Bo-may-hanh-chinh/Quyet-dinh-879-QD-UBND-2025-dinh-chinh-Quyet-dinh-44-2023-QD-UBND-Vinh-Phuc-656710.aspx
2025-07-11 09:09:12,948 - INFO - ✅ Đã lấy link: https://thuvienphapluat.vn/van-ban/Bo-may-hanh-chinh/Quyet-dinh-1026-QD-UBND-2025-cong-bo-thu-tuc-hanh-chinh-linh-vuc-lam-nghiep-So-Nong-nghiep-Tra-Vinh-656192.aspx
2025-07-11 09:09:12,952 - INFO - ✅ Đã lấy link: https://thuvienphapluat.vn/van-ban/Bo-may-hanh-chinh/Quyet-dinh-988-QD-UBND-2025-cong-bo-thu-tuc-hanh-chinh-linh-vuc-Thuy-san-cac-cap-chinh-quyen-Phu-Tho-656423.aspx
2025-07-11 09:09:12,956 - INFO - ✅ Đã lấy link: https://thuvienphapluat.vn/van-ban/Bo-may-hanh-chinh/Quyet-dinh-1659-QD-BTC-2025-trien-khai-nhiem-vu-phan-cap-theo-Luat-To-chuc-Chinh-phu-656472.aspx
2025-07-11 09:09:12,960 - INFO - ✅ Đã lấy link: https://thuvienphapluat.vn/van-ban/Bo-may-hanh-chinh/Quyet-dinh-1655-QD-BTC-2025-cong-bo-thu-tuc-hanh-chinh-tiep-nhan-tai-Bo-phan-Mot-cua-656056.aspx
2025-07-11 09:09:12,964 - INFO - ✅ Đã lấy link: https://thuvienphapluat.vn/van-ban/Bo-may-hanh-chinh/Nghi-quyet-124-NQ-CP-2025-Phien-hop-Chinh-phu-thuong-ky-thang-4-656385.aspx
2025-07-11 09:09:12,969 - INFO - ✅ Đã lấy link: https://thuvienphapluat.vn/van-ban/Bo-may-hanh-chinh/Quyet-dinh-776-QD-UBND-2025-cong-bo-thu-tuc-hanh-chinh-linh-vuc-giao-duc-So-Giao-duc-Lai-Chau-658574.aspx
2025-07-11 09:09:12,973 - INFO - ✅ Đã lấy link: https://thuvienphapluat.vn/van-ban/Bo-may-hanh-chinh/Quyet-dinh-936-QD-UBND-2025-cong-bo-thu-tuc-hanh-chinh-bien-phap-bao-dam-cap-tinh-Lam-Dong-661285.aspx
2025-07-11 09:09:12,977 - INFO - ✅ Đã lấy link: https://thuvienphapluat.vn/van-ban/Bo-may-hanh-chinh/Quyet-dinh-935-QD-UBND-2025-cong-bo-thu-tuc-hanh-chinh-linh-vuc-Lam-nghiep-cap-tinh-Lam-Dong-661284.aspx
2025-07-11 09:09:12,981 - INFO - ✅ Đã lấy link: https://thuvienphapluat.vn/van-ban/Bo-may-hanh-chinh/Quyet-dinh-934-QD-UBND-2025-cong-bo-thu-tuc-hanh-chinh-cong-tac-dan-toc-cap-huyen-Lam-Dong-661283.aspx
2025-07-11 09:09:12,985 - INFO - ✅ Đã lấy link: https://thuvienphapluat.vn/van-ban/Bo-may-hanh-chinh/Quyet-dinh-1292-QD-UBND-2025-quy-trinh-thu-tuc-hanh-chinh-quan-ly-cong-san-So-Tai-chinh-Nghe-An-656186.aspx
2025-07-11 09:09:12,986 - INFO - 🎉 Hoàn tất! Tổng cộng 860 link đã lưu vào link_downloads/file_link_download_bomayhanhchinh48-99.txt
