2025-06-23 08:56:43,093 - INFO - ➡️ Đang truy cập: https://thuvienphapluat.vn/page/tim-van-ban.aspx?keyword=&area=0&match=True&type=1&status=1&signer=0&sort=1&lan=1&scan=0&org=0&fields=&chlbg=23/06/1945&chlend=23/06/2035&page=1
2025-06-23 08:56:43,545 - INFO - ⏳ Chờ 4.28s giả lập người dùng...
2025-06-23 08:56:49,837 - INFO - 🧭 Tiêu đề trang: Tra cứu Văn Bản Pháp Luật
2025-06-23 08:56:49,860 - INFO - ✅ Đã lấy link: https://thuvienphapluat.vn/van-ban/Tai-nguyen-Moi-truong/Chi-thi-19-CT-TTg-2025-tang-cuong-phong-chong-khac-phuc-thiet-hai-do-thien-tai-truoc-mua-mua-bao-662006.aspx
2025-06-23 08:56:49,863 - INFO - ✅ Đã lấy link: https://thuvienphapluat.vn/van-ban/Thuong-mai/Chi-thi-18-CT-TTg-2025-giai-phap-xuc-tien-thuong-mai-trong-va-ngoai-nuoc-661573.aspx
2025-06-23 08:56:49,867 - INFO - ✅ Đã lấy link: https://thuvienphapluat.vn/van-ban/Thuong-mai/Chi-thi-04-CT-UBND-2025-xay-dung-Ke-hoach-phat-trien-kinh-te-xa-hoi-Quang-Binh-660669.aspx
2025-06-23 08:56:49,871 - INFO - ✅ Đã lấy link: https://thuvienphapluat.vn/van-ban/Thuong-mai/Chi-thi-04-CT-UBND-2025-xay-dung-Ke-hoach-phat-trien-kinh-te-xa-hoi-Tra-Vinh-660237.aspx
2025-06-23 08:56:49,875 - INFO - ✅ Đã lấy link: https://thuvienphapluat.vn/van-ban/Thuong-mai/Chi-thi-04-CT-UBND-2025-xay-dung-Ke-hoach-phat-trien-kinh-te-xa-hoi-Bac-Kan-660369.aspx
2025-06-23 08:56:49,878 - INFO - ✅ Đã lấy link: https://thuvienphapluat.vn/van-ban/Giao-duc/Chi-thi-17-CT-TTg-2025-to-chuc-day-hoc-2-buoi-ngay-va-to-chuc-sinh-hoat-he-cho-tre-em-hoc-sinh-659995.aspx
2025-06-23 08:56:49,882 - INFO - ✅ Đã lấy link: https://thuvienphapluat.vn/van-ban/Xay-dung-Do-thi/Chi-thi-03-CT-BXD-2025-tang-cuong-cong-tac-quan-ly-chat-luong-cong-trinh-xay-dung-660183.aspx
2025-06-23 08:56:49,886 - INFO - ✅ Đã lấy link: https://thuvienphapluat.vn/van-ban/Doanh-nghiep/Chi-thi-16-CT-TTg-2025-thuc-day-quyet-toan-co-phan-hoa-ve-Quy-Ho-tro-sap-xep-va-Phat-trien-doanh-nghiep-659896.aspx
2025-06-23 08:56:49,889 - INFO - ✅ Đã lấy link: https://thuvienphapluat.vn/van-ban/Thuong-mai/Chi-thi-11-CT-UBND-2025-nhiem-vu-trong-tam-thuc-day-tang-truong-kinh-te-Soc-Trang-659809.aspx
2025-06-23 08:56:49,893 - INFO - ✅ Đã lấy link: https://thuvienphapluat.vn/van-ban/Doanh-nghiep/Chi-thi-11-CT-CTUBND-2025-tao-lap-moi-truong-dau-tu-kinh-doanh-thuan-loi-cho-doanh-nghiep-Vinh-Phuc-661089.aspx
2025-06-23 08:56:49,898 - INFO - ✅ Đã lấy link: https://thuvienphapluat.vn/van-ban/Bo-may-hanh-chinh/Chi-thi-09-CT-UBND-2025-trien-khai-nhiem-vu-thuc-hien-sap-xep-don-vi-hanh-chinh-cap-xa-Ha-Noi-659907.aspx
2025-06-23 08:56:49,901 - INFO - ✅ Đã lấy link: https://thuvienphapluat.vn/van-ban/Bo-may-hanh-chinh/Chi-thi-15-CT-TTg-2025-tang-cuong-chap-hanh-quy-dinh-phap-luat-ve-gia-658928.aspx
2025-06-23 08:56:49,905 - INFO - ✅ Đã lấy link: https://thuvienphapluat.vn/van-ban/Thuong-mai/Chi-thi-14-CT-TTg-2025-xay-dung-ke-hoach-phat-trien-kinh-te-xa-hoi-658809.aspx
2025-06-23 08:56:49,909 - INFO - ✅ Đã lấy link: https://thuvienphapluat.vn/van-ban/Giao-duc/Chi-thi-05-CT-UBND-2025-to-chuc-ky-thi-tot-nghiep-trung-hoc-pho-thong-Hung-Yen-660675.aspx
2025-06-23 08:56:49,912 - INFO - ✅ Đã lấy link: https://thuvienphapluat.vn/van-ban/Tai-nguyen-Moi-truong/Chi-thi-12-CT-UBND-2025-tang-cuong-cong-tac-dam-bao-an-toan-cong-trinh-de-dieu-Nam-Dinh-658497.aspx
2025-06-23 08:56:49,918 - INFO - ✅ Đã lấy link: https://thuvienphapluat.vn/van-ban/Tai-nguyen-Moi-truong/Chi-thi-04-CT-UBND-2025-tang-cuong-cong-tac-bao-dam-an-toan-cong-trinh-de-dieu-thuy-loi-Hung-Yen-660674.aspx
2025-06-23 08:56:49,922 - INFO - ✅ Đã lấy link: https://thuvienphapluat.vn/van-ban/Giao-duc/Chi-thi-15-CT-UBND-2025-phoi-hop-to-chuc-Ky-thi-tot-nghiep-trung-hoc-pho-thong-Nghe-An-658352.aspx
2025-06-23 08:56:49,925 - INFO - ✅ Đã lấy link: https://thuvienphapluat.vn/van-ban/Giao-duc/Chi-thi-03-CT-UBND-2025-phoi-hop-to-chuc-ky-thi-tot-nghiep-trung-hoc-pho-thong-Phu-Tho-658373.aspx
2025-06-23 08:56:49,929 - INFO - ✅ Đã lấy link: https://thuvienphapluat.vn/van-ban/Doanh-nghiep/Chi-thi-12-CT-UBND-2025-thuc-day-phat-trien-doanh-nghiep-nho-va-vua-Can-Tho-658114.aspx
2025-06-23 08:56:49,933 - INFO - ✅ Đã lấy link: https://thuvienphapluat.vn/van-ban/Doanh-nghiep/Chi-thi-10-CT-UBND-2025-trien-khai-hoa-don-dien-tu-khoi-tao-tu-may-tinh-tien-Binh-Dinh-658590.aspx
2025-06-23 08:56:49,933 - INFO - ➡️ Đang truy cập: https://thuvienphapluat.vn/page/tim-van-ban.aspx?keyword=&area=0&match=True&type=1&status=1&signer=0&sort=1&lan=1&scan=0&org=0&fields=&chlbg=23/06/1945&chlend=23/06/2035&page=2
2025-06-23 08:56:50,422 - INFO - ⏳ Chờ 4.19s giả lập người dùng...
2025-06-23 08:56:56,622 - INFO - 🧭 Tiêu đề trang: Tra cứu Văn Bản Pháp Luật
2025-06-23 08:56:56,637 - INFO - ✅ Đã lấy link: https://thuvienphapluat.vn/van-ban/Giao-duc/Chi-thi-03-CT-UBND-2025-tang-cuong-chi-dao-to-chuc-Ky-thi-tot-nghiep-trung-hoc-pho-thong-Bac-Kan-658062.aspx
2025-06-23 08:56:56,641 - INFO - ✅ Đã lấy link: https://thuvienphapluat.vn/van-ban/Tai-nguyen-Moi-truong/Chi-thi-06-CT-UBND-2025-tang-cuong-cong-tac-quan-ly-bao-ton-cac-loai-chim-hoang-da-Ninh-Binh-658448.aspx
2025-06-23 08:56:56,645 - INFO - ✅ Đã lấy link: https://thuvienphapluat.vn/van-ban/Tai-nguyen-Moi-truong/Chi-thi-7-CT-UBND-2025-tang-cuong-quan-ly-bao-dam-an-toan-cong-trinh-de-dieu-thuy-loi-Thai-Binh-657605.aspx
2025-06-23 08:56:56,649 - INFO - ✅ Đã lấy link: https://thuvienphapluat.vn/van-ban/Tai-nguyen-Moi-truong/Chi-thi-5-CT-UBND-2025-tang-cuong-bao-dam-an-toan-cong-trinh-de-dieu-mua-mua-lu-Yen-Bai-657482.aspx
2025-06-23 08:56:56,653 - INFO - ✅ Đã lấy link: https://thuvienphapluat.vn/van-ban/Thuong-mai/Chi-thi-13-CT-TTg-2025-tang-cuong-cong-tac-chong-buon-lau-gian-lan-thuong-mai-hang-gia-657152.aspx
2025-06-23 08:56:56,657 - INFO - ✅ Đã lấy link: https://thuvienphapluat.vn/van-ban/Linh-vuc-khac/Chi-thi-04-CT-UBND-2025-trien-khai-giai-phap-phong-chong-benh-Dich-ta-lon-Chau-Phi-Ninh-Binh-657757.aspx
2025-06-23 08:56:56,660 - INFO - ✅ Đã lấy link: https://thuvienphapluat.vn/van-ban/Bo-may-hanh-chinh/Chi-thi-46-CT-TW-2025-lanh-dao-cuoc-bau-cu-dai-bieu-Quoc-hoi-khoa-XVI-659287.aspx
2025-06-23 08:56:56,664 - INFO - ✅ Đã lấy link: https://thuvienphapluat.vn/van-ban/Bo-may-hanh-chinh/Chi-thi-04-CT-UBND-2025-quan-ly-cong-tac-van-thu-luu-tru-sap-xep-to-chuc-bo-may-Ninh-Thuan-657370.aspx
2025-06-23 08:56:56,668 - INFO - ✅ Đã lấy link: https://thuvienphapluat.vn/van-ban/Tai-nguyen-Moi-truong/Chi-thi-2-CT-BNNMT-2025-tang-cuong-dam-bao-an-toan-cong-trinh-de-dieu-thuy-loi-mua-mua-lu-656269.aspx
2025-06-23 08:56:56,672 - INFO - ✅ Đã lấy link: https://thuvienphapluat.vn/van-ban/Bo-may-hanh-chinh/Chi-thi-06-CT-BCA-V05-2025-nang-cao-chat-luong-phong-trao-toan-dan-bao-ve-an-ninh-To-quoc-657889.aspx
2025-06-23 08:56:56,675 - INFO - ✅ Đã lấy link: https://thuvienphapluat.vn/van-ban/Linh-vuc-khac/Chi-thi-12-CT-UBND-2025-to-chuc-thuc-hien-Tong-dieu-tra-nong-thon-nong-nghiep-Son-La-655961.aspx
2025-06-23 08:56:56,679 - INFO - ✅ Đã lấy link: https://thuvienphapluat.vn/van-ban/Bat-dong-san/Chi-thi-6-CT-UBND-2025-tang-cuong-quan-ly-Nha-nuoc-ve-dat-dai-khi-sap-xep-don-vi-hanh-chinh-Thai-Binh-655441.aspx
2025-06-23 08:56:56,683 - INFO - ✅ Đã lấy link: https://thuvienphapluat.vn/van-ban/Thuong-mai/Chi-thi-11-CT-UBND-2025-tang-cuong-dau-tranh-chong-buon-lau-gian-lan-thuong-mai-Can-Tho-655558.aspx
2025-06-23 08:56:56,687 - INFO - ✅ Đã lấy link: https://thuvienphapluat.vn/van-ban/Linh-vuc-khac/Chi-thi-13-CT-UBND-2025-tang-cuong-cong-tac-chi-dao-san-xuat-trong-trot-vu-He-Thu-Nghe-An-655442.aspx
2025-06-23 08:56:56,691 - INFO - ✅ Đã lấy link: https://thuvienphapluat.vn/van-ban/Thue-Phi-Le-Phi/Chi-thi-07-CT-UBND-2025-tang-cuong-cong-tac-quan-ly-thue-doi-voi-ho-ca-nhan-kinh-doanh-Lai-Chau-655084.aspx
2025-06-23 08:56:56,695 - INFO - ✅ Đã lấy link: https://thuvienphapluat.vn/van-ban/Cong-nghe-thong-tin/Chi-thi-08-CT-UBND-2025-su-dung-ho-so-dien-tu-Ha-Noi-655087.aspx
2025-06-23 08:56:56,698 - INFO - ✅ Đã lấy link: https://thuvienphapluat.vn/van-ban/Tai-nguyen-Moi-truong/Chi-thi-05-CT-UBND-2025-tang-cuong-cong-tac-phong-chong-thien-tai-va-tim-kiem-cuu-nan-Ho-Chi-Minh-655876.aspx
2025-06-23 08:56:56,702 - INFO - ✅ Đã lấy link: https://thuvienphapluat.vn/van-ban/Giao-duc/Chi-thi-10-CT-UBND-2025-tang-cuong-phoi-hop-to-chuc-Ky-thi-tot-nghiep-trung-hoc-pho-thong-Can-Tho-655520.aspx
2025-06-23 08:56:56,707 - INFO - ✅ Đã lấy link: https://thuvienphapluat.vn/van-ban/Cong-nghe-thong-tin/Chi-thi-06-CT-UBND-2025-phong-ngua-toi-pham-lua-dao-chiem-doat-tren-khong-gian-mang-Hue-657958.aspx
2025-06-23 08:56:56,711 - INFO - ✅ Đã lấy link: https://thuvienphapluat.vn/van-ban/Cong-nghe-thong-tin/Chi-thi-03-CT-UBND-2025-phat-huy-tinh-than-sang-tao-doi-ngu-can-bo-phat-trien-khoa-hoc-Hung-Yen-655613.aspx
2025-06-23 08:56:56,711 - INFO - ➡️ Đang truy cập: https://thuvienphapluat.vn/page/tim-van-ban.aspx?keyword=&area=0&match=True&type=1&status=1&signer=0&sort=1&lan=1&scan=0&org=0&fields=&chlbg=23/06/1945&chlend=23/06/2035&page=3
2025-06-23 08:56:57,240 - INFO - ⏳ Chờ 3.73s giả lập người dùng...
2025-06-23 08:57:02,974 - INFO - 🧭 Tiêu đề trang: Tra cứu Văn Bản Pháp Luật
2025-06-23 08:57:02,988 - INFO - ✅ Đã lấy link: https://thuvienphapluat.vn/van-ban/Giao-duc/Chi-thi-06-CT-UBND-2025-to-chuc-Ky-thi-tuyen-sinh-lop-10-trung-hoc-pho-thong-cong-lap-Quang-Nam-654587.aspx
2025-06-23 08:57:02,992 - INFO - ✅ Đã lấy link: https://thuvienphapluat.vn/van-ban/Dau-tu/Chi-thi-01-CT-BNNMT-2025-day-nhanh-tien-do-thuc-hien-giai-ngan-von-dau-tu-cong-656380.aspx
2025-06-23 08:57:02,996 - INFO - ✅ Đã lấy link: https://thuvienphapluat.vn/van-ban/Giao-duc/Chi-thi-09-CT-UBND-2025-to-chuc-cac-ky-thi-Binh-Dinh-655602.aspx
2025-06-23 08:57:02,999 - INFO - ✅ Đã lấy link: https://thuvienphapluat.vn/van-ban/Giao-duc/Chi-thi-06-CT-UBND-2025-to-chuc-Ky-thi-tot-nghiep-trung-hoc-pho-thong-Binh-Thuan-653927.aspx
2025-06-23 08:57:03,003 - INFO - ✅ Đã lấy link: https://thuvienphapluat.vn/van-ban/Thue-Phi-Le-Phi/Chi-thi-03-CT-UBND-2025-tang-cuong-quan-ly-thue-doi-voi-ho-ca-nhan-kinh-doanh-Quang-Binh-653957.aspx
2025-06-23 08:57:03,007 - INFO - ✅ Đã lấy link: https://thuvienphapluat.vn/van-ban/Giao-duc/Chi-thi-06-CT-UBND-2025-to-chuc-Ky-thi-tot-nghiep-trung-hoc-pho-thong-tuyen-sinh-dai-hoc-Bac-Ninh-654415.aspx
2025-06-23 08:57:03,011 - INFO - ✅ Đã lấy link: https://thuvienphapluat.vn/van-ban/Doanh-nghiep/Chi-thi-12-CT-TTg-2025-giam-sat-dau-tu-von-Nha-nuoc-vao-doanh-nghiep-653784.aspx
2025-06-23 08:57:03,017 - INFO - ✅ Đã lấy link: https://thuvienphapluat.vn/van-ban/Bo-may-hanh-chinh/Chi-thi-11-CT-TTg-2025-tang-cuong-trien-khai-Luat-Trat-tu-an-toan-giao-thong-duong-bo-653731.aspx
2025-06-23 08:57:03,022 - INFO - ✅ Đã lấy link: https://thuvienphapluat.vn/van-ban/Giao-duc/Chi-thi-06-CT-UBND-2025-phoi-hop-to-chuc-Ky-thi-tot-nghiep-trung-hoc-pho-thong-Vinh-Long-655519.aspx
2025-06-23 08:57:03,027 - INFO - ✅ Đã lấy link: https://thuvienphapluat.vn/van-ban/Bo-may-hanh-chinh/Chi-thi-04-CT-UBND-2025-tang-cuong-quan-ly-cong-tac-van-thu-luu-tru-theo-Ket-luan-127-KL-TW-Ho-Chi-Minh-654453.aspx
2025-06-23 08:57:03,033 - INFO - ✅ Đã lấy link: https://thuvienphapluat.vn/van-ban/Bo-may-hanh-chinh/Chi-thi-09-CT-UBND-2025-tang-cuong-quan-ly-cong-tac-van-thu-luu-tru-trong-sap-xep-bo-may-Kon-Tum-654495.aspx
2025-06-23 08:57:03,038 - INFO - ✅ Đã lấy link: https://thuvienphapluat.vn/van-ban/Bo-may-hanh-chinh/Chi-thi-05-CT-UBND-2025-tang-cuong-quan-ly-cong-tac-van-thu-luu-tru-sap-xep-bo-may-Thanh-Hoa-654201.aspx
2025-06-23 08:57:03,043 - INFO - ✅ Đã lấy link: https://thuvienphapluat.vn/van-ban/Dau-tu/Chi-thi-05-CT-UBND-2025-day-manh-thuc-hien-giai-ngan-von-dau-tu-cong-Bac-Ninh-653818.aspx
2025-06-23 08:57:03,047 - INFO - ✅ Đã lấy link: https://thuvienphapluat.vn/van-ban/Tai-nguyen-Moi-truong/Chi-thi-09-CT-UBND-2025-tang-cuong-cong-tac-bao-ve-an-toan-cong-trinh-luoi-dien-cao-ap-Can-Tho-652194.aspx
2025-06-23 08:57:03,051 - INFO - ✅ Đã lấy link: https://thuvienphapluat.vn/van-ban/Bo-may-hanh-chinh/Chi-thi-03-CT-UBND-2025-quan-ly-cong-tac-van-thu-luu-tru-sap-xep-to-chuc-bo-may-Tuyen-Quang-652228.aspx
2025-06-23 08:57:03,055 - INFO - ✅ Đã lấy link: https://thuvienphapluat.vn/van-ban/Tien-te-Ngan-hang/Chi-thi-10-CT-UBND-2025-tang-cuong-cong-tac-quan-ly-thue-doi-voi-ho-ca-nhan-kinh-doanh-Son-La-652233.aspx
2025-06-23 08:57:03,059 - INFO - ✅ Đã lấy link: https://thuvienphapluat.vn/van-ban/Bo-may-hanh-chinh/Chi-thi-08-CT-UBND-2025-tang-cuong-cong-tac-van-thu-luu-tru-sap-xep-to-chuc-bo-may-Cao-Bang-652197.aspx
2025-06-23 08:57:03,063 - INFO - ✅ Đã lấy link: https://thuvienphapluat.vn/van-ban/Bo-may-hanh-chinh/Chi-thi-07-CT-UBND-2025-tang-cuong-quan-ly-cong-tac-van-thu-luu-tru-sap-xep-bo-may-Dak-Lak-652363.aspx
2025-06-23 08:57:03,068 - INFO - ✅ Đã lấy link: https://thuvienphapluat.vn/van-ban/Bo-may-hanh-chinh/Chi-thi-02-CT-UBND-2025-quan-ly-cong-tac-van-thu-luu-tru-trong-qua-trinh-sap-xep-bo-may-Bac-Kan-652232.aspx
2025-06-23 08:57:03,072 - INFO - ✅ Đã lấy link: https://thuvienphapluat.vn/van-ban/Bo-may-hanh-chinh/Chi-thi-02-CT-UBND-2025-tang-cuong-quan-ly-cong-tac-van-thu-luu-tru-sap-xep-bo-may-Hung-Yen-652364.aspx
2025-06-23 08:57:03,072 - INFO - ➡️ Đang truy cập: https://thuvienphapluat.vn/page/tim-van-ban.aspx?keyword=&area=0&match=True&type=1&status=1&signer=0&sort=1&lan=1&scan=0&org=0&fields=&chlbg=23/06/1945&chlend=23/06/2035&page=4
2025-06-23 08:57:03,625 - INFO - ⏳ Chờ 5.68s giả lập người dùng...
2025-06-23 08:57:11,319 - INFO - 🧭 Tiêu đề trang: Tra cứu Văn Bản Pháp Luật
2025-06-23 08:57:11,340 - INFO - ✅ Đã lấy link: https://thuvienphapluat.vn/van-ban/Thuong-mai/Chi-thi-09-CT-BCT-2025-tang-cuong-quan-ly-hoat-dong-kiem-tra-giam-sat-xuat-xu-hang-hoa-653767.aspx
2025-06-23 08:57:11,346 - INFO - ✅ Đã lấy link: https://thuvienphapluat.vn/van-ban/Bo-may-hanh-chinh/Chi-thi-04-CT-UBND-2025-tang-cuong-quan-ly-cong-tac-van-thu-luu-tru-trong-sap-xep-bo-may-Lam-Dong-660963.aspx
2025-06-23 08:57:11,351 - INFO - ✅ Đã lấy link: https://thuvienphapluat.vn/van-ban/Tai-nguyen-Moi-truong/Chi-thi-02-CT-UBND-2025-tang-cuong-cong-tac-phong-chong-thien-tai-va-tim-kiem-cuu-nan-Phu-Tho-654220.aspx
2025-06-23 08:57:11,355 - INFO - ✅ Đã lấy link: https://thuvienphapluat.vn/van-ban/Bo-may-hanh-chinh/Chi-thi-05-CT-UBND-2025-tang-cuong-quan-ly-cong-tac-van-thu-luu-tru-sap-xep-bo-may-Vinh-Long-650811.aspx
2025-06-23 08:57:11,359 - INFO - ✅ Đã lấy link: https://thuvienphapluat.vn/van-ban/Giao-thong-Van-tai/Chi-thi-08-CT-CTUBND-2025-tang-cuong-bao-dam-trat-tu-an-toan-giao-thong-duong-thuy-Vinh-Phuc-654218.aspx
2025-06-23 08:57:11,364 - INFO - ✅ Đã lấy link: https://thuvienphapluat.vn/van-ban/Tai-chinh-nha-nuoc/Chi-thi-09-CT-UBND-2025-day-manh-phong-chong-lang-phi-thuc-day-tang-truong-kinh-te-Soc-Trang-651874.aspx
2025-06-23 08:57:11,368 - INFO - ✅ Đã lấy link: https://thuvienphapluat.vn/van-ban/The-thao-Y-te/Chi-thi-08-CT-UBND-2025-phong-ngua-toi-pham-nguoi-mac-benh-tam-than-gay-ra-Can-Tho-652075.aspx
2025-06-23 08:57:11,373 - INFO - ✅ Đã lấy link: https://thuvienphapluat.vn/van-ban/Bo-may-hanh-chinh/Chi-thi-07-CT-UBND-2025-quan-ly-cong-tac-van-thu-luu-tru-sap-xep-to-chuc-bo-may-Can-Tho-652074.aspx
2025-06-23 08:57:11,376 - INFO - ✅ Đã lấy link: https://thuvienphapluat.vn/van-ban/Bo-may-hanh-chinh/Chi-thi-06-CT-UBND-2025-tang-cuong-quan-ly-cong-tac-van-thu-luu-tru-to-chuc-bo-may-Ha-Noi-651350.aspx
2025-06-23 08:57:11,382 - INFO - ✅ Đã lấy link: https://thuvienphapluat.vn/van-ban/Bo-may-hanh-chinh/Chi-thi-43-CT-TW-2025-the-che-hoa-phong-chong-tham-nhung-lang-phi-thanh-phap-luat-cua-Nha-nuoc-654721.aspx
2025-06-23 08:57:11,386 - INFO - ✅ Đã lấy link: https://thuvienphapluat.vn/van-ban/Bo-may-hanh-chinh/Chi-thi-04-CT-UBND-2025-quan-ly-cong-tac-van-thu-luu-tru-trong-qua-trinh-sap-xep-bo-may-Khanh-Hoa-654742.aspx
2025-06-23 08:57:11,390 - INFO - ✅ Đã lấy link: https://thuvienphapluat.vn/van-ban/Dau-tu/Chi-thi-04-CT-UBND-2025-giai-phap-trong-tam-day-manh-tien-do-giai-ngan-von-dau-tu-cong-Dak-Nong-651220.aspx
2025-06-23 08:57:11,394 - INFO - ✅ Đã lấy link: https://thuvienphapluat.vn/van-ban/Bo-may-hanh-chinh/Chi-thi-08-CT-UBND-2025-quan-ly-cong-tac-van-thu-luu-tru-sap-xep-to-chuc-bo-may-Binh-Dinh-651873.aspx
2025-06-23 08:57:11,398 - INFO - ✅ Đã lấy link: https://thuvienphapluat.vn/van-ban/Bo-may-hanh-chinh/Chi-thi-08-CT-UBND-2025-tang-cuong-quan-ly-cong-tac-van-thu-luu-tru-sap-xep-bo-may-Nghe-An-651121.aspx
2025-06-23 08:57:11,401 - INFO - ✅ Đã lấy link: https://thuvienphapluat.vn/van-ban/Giao-duc/Chi-thi-03-CT-UBND-2025-tang-cuong-chi-dao-to-chuc-ky-thi-tot-nghiep-trung-hoc-pho-thong-Ninh-Binh-651435.aspx
2025-06-23 08:57:11,405 - INFO - ✅ Đã lấy link: https://thuvienphapluat.vn/van-ban/Bo-may-hanh-chinh/Chi-thi-05-CT-UBND-2025-quan-ly-cong-tac-van-thu-luu-tru-trong-qua-trinh-sap-xep-bo-may-Quang-Ngai-652321.aspx
2025-06-23 08:57:11,409 - INFO - ✅ Đã lấy link: https://thuvienphapluat.vn/van-ban/Thuong-mai/Chi-thi-08-CT-BCT-2025-thuc-hien-giai-phap-tiep-tuc-day-manh-phat-trien-thi-truong-trong-nuoc-651755.aspx
2025-06-23 08:57:11,413 - INFO - ✅ Đã lấy link: https://thuvienphapluat.vn/van-ban/Bo-may-hanh-chinh/Chi-thi-05-CT-UBND-2025-giai-phap-nang-cao-hieu-qua-quan-ly-su-dung-vu-khi-vat-lieu-no-Ha-Noi-652223.aspx
2025-06-23 08:57:11,417 - INFO - ✅ Đã lấy link: https://thuvienphapluat.vn/van-ban/Bo-may-hanh-chinh/Chi-thi-05-CT-UBND-2025-quan-ly-cong-tac-van-thu-luu-tru-trong-sap-xep-to-chuc-bo-may-Binh-Thuan-650493.aspx
2025-06-23 08:57:11,421 - INFO - ✅ Đã lấy link: https://thuvienphapluat.vn/van-ban/Bo-may-hanh-chinh/Chi-thi-3-CT-UBND-2025-tang-cuong-quan-ly-cong-tac-van-thu-luu-tru-sap-xep-bo-may-Yen-Bai-650550.aspx
2025-06-23 08:57:11,421 - INFO - ➡️ Đang truy cập: https://thuvienphapluat.vn/page/tim-van-ban.aspx?keyword=&area=0&match=True&type=1&status=1&signer=0&sort=1&lan=1&scan=0&org=0&fields=&chlbg=23/06/1945&chlend=23/06/2035&page=5
2025-06-23 08:57:11,990 - INFO - ⏳ Chờ 3.25s giả lập người dùng...
2025-06-23 08:57:17,246 - INFO - 🧭 Tiêu đề trang: Tra cứu Văn Bản Pháp Luật
2025-06-23 08:57:17,260 - INFO - ✅ Đã lấy link: https://thuvienphapluat.vn/van-ban/Bo-may-hanh-chinh/Chi-thi-02-CT-UBND-2025-quan-ly-cong-tac-van-thu-luu-tru-trong-qua-trinh-sap-xep-bo-may-Quang-Binh-650579.aspx
2025-06-23 08:57:17,264 - INFO - ✅ Đã lấy link: https://thuvienphapluat.vn/van-ban/Bo-may-hanh-chinh/Chi-thi-05-CT-UBND-2025-tang-cuong-quan-ly-cong-tac-van-thu-luu-tru-Quang-Nam-650513.aspx
2025-06-23 08:57:17,268 - INFO - ✅ Đã lấy link: https://thuvienphapluat.vn/van-ban/Bo-may-hanh-chinh/Chi-thi-03-CT-UBND-2025-quan-ly-cong-tac-van-thu-luu-tru-trong-qua-trinh-sap-xep-bo-may-Dak-Nong-650810.aspx
2025-06-23 08:57:17,271 - INFO - ✅ Đã lấy link: https://thuvienphapluat.vn/van-ban/Xay-dung-Do-thi/Chi-thi-03-CT-UBND-2025-xay-dung-trai-phep-tren-dat-khong-duoc-phep-xay-dung-Bac-Ninh-650231.aspx
2025-06-23 08:57:17,275 - INFO - ✅ Đã lấy link: https://thuvienphapluat.vn/van-ban/Bo-may-hanh-chinh/Chi-thi-05-CT-UBND-2025-tang-cuong-quan-ly-cong-tac-van-thu-luu-tru-sap-xep-to-chuc-bo-may-Hue-654862.aspx
2025-06-23 08:57:17,278 - INFO - ✅ Đã lấy link: https://thuvienphapluat.vn/van-ban/Thuong-mai/Chi-thi-07-CT-CTUBND-2025-thuc-hien-nhiem-vu-thuc-day-tang-truong-hai-con-so-Vinh-Phuc-650536.aspx
2025-06-23 08:57:17,282 - INFO - ✅ Đã lấy link: https://thuvienphapluat.vn/van-ban/Bo-may-hanh-chinh/Chi-thi-06-CT-UBND-2025-quan-ly-cong-tac-van-thu-luu-tru-trong-sap-xep-to-chuc-bo-may-Vinh-Phuc-650537.aspx
2025-06-23 08:57:17,285 - INFO - ✅ Đã lấy link: https://thuvienphapluat.vn/van-ban/Dau-tu/Chi-thi-05-CT-UBND-2025-tang-cuong-cong-tac-quan-ly-nha-nuoc-ve-dat-dai-Vinh-Phuc-650534.aspx
2025-06-23 08:57:17,289 - INFO - ✅ Đã lấy link: https://thuvienphapluat.vn/van-ban/Thuong-mai/Chi-thi-04-CT-UBND-2025-giao-chi-tieu-quyet-tam-dat-muc-tieu-tang-truong-GRDP-dat-8-tro-len-Ha-Noi-649440.aspx
2025-06-23 08:57:17,293 - INFO - ✅ Đã lấy link: https://thuvienphapluat.vn/van-ban/Bo-may-hanh-chinh/Chi-thi-438-CT-UBND-2025-thuc-hien-cong-tac-van-thu-luu-tru-trong-qua-trinh-sap-xep-bo-may-Ha-Giang-652466.aspx
2025-06-23 08:57:17,297 - INFO - ✅ Đã lấy link: https://thuvienphapluat.vn/van-ban/Quyen-dan-su/Chi-thi-02-CT-UBND-2025-tuyen-chon-goi-cong-dan-nhap-ngu-thuc-hien-nghia-vu-Cong-an-Vung-Tau-657089.aspx
2025-06-23 08:57:17,300 - INFO - ✅ Đã lấy link: https://thuvienphapluat.vn/van-ban/Doanh-nghiep/Chi-thi-10-CT-TTg-2025-thuc-day-phat-trien-doanh-nghiep-nho-va-vua-648955.aspx
2025-06-23 08:57:17,304 - INFO - ✅ Đã lấy link: https://thuvienphapluat.vn/van-ban/Dau-tu/Chi-thi-07-CT-UBND-2025-nhiem-vu-giai-phap-trong-tam-thuc-day-tang-truong-kinh-te-Binh-Dinh-650374.aspx
2025-06-23 08:57:17,307 - INFO - ✅ Đã lấy link: https://thuvienphapluat.vn/van-ban/Tai-nguyen-Moi-truong/Chi-thi-05-CT-UBND-2025-tang-cuong-cong-tac-phong-chong-thien-tai-va-tim-kiem-cuu-nan-Tien-Giang-649267.aspx
2025-06-23 08:57:17,311 - INFO - ✅ Đã lấy link: https://thuvienphapluat.vn/van-ban/Doanh-nghiep/Chi-thi-09-CT-TTg-2025-giai-phap-doanh-nghiep-nha-nuoc-tang-truong-kinh-te-hai-con-so-648598.aspx
2025-06-23 08:57:17,315 - INFO - ✅ Đã lấy link: https://thuvienphapluat.vn/van-ban/Bo-may-hanh-chinh/Chi-thi-04-CT-UBND-2025-trach-nhiem-nguoi-dung-dau-giai-quyet-thu-tuc-hanh-chinh-Hue-652302.aspx
2025-06-23 08:57:17,319 - INFO - ✅ Đã lấy link: https://thuvienphapluat.vn/van-ban/Tai-nguyen-Moi-truong/Chi-thi-06-CT-UBND-2025-tang-cuong-quan-ly-bao-ve-rung-phong-chay-chua-chay-rung-Nghe-An-648506.aspx
2025-06-23 08:57:17,322 - INFO - ✅ Đã lấy link: https://thuvienphapluat.vn/van-ban/Tai-nguyen-Moi-truong/Chi-thi-07-CT-BCT-2025-tang-cuong-cong-tac-phong-chong-thien-tai-va-tim-kiem-cuu-nan-648782.aspx
2025-06-23 08:57:17,326 - INFO - ✅ Đã lấy link: https://thuvienphapluat.vn/van-ban/Tai-chinh-nha-nuoc/Chi-thi-01-CT-UBND-2025-tang-cuong-cong-tac-chong-that-thu-ngan-sach-nha-nuoc-Bac-Kan-649391.aspx
2025-06-23 08:57:17,331 - INFO - ✅ Đã lấy link: https://thuvienphapluat.vn/van-ban/Van-hoa-Xa-hoi/Chi-thi-03-CT-UBND-2025-tang-cuong-ra-soat-phat-hien-quan-ly-nguoi-nghien-ma-tuy-Khanh-Hoa-648825.aspx
2025-06-23 08:57:17,331 - INFO - ➡️ Đang truy cập: https://thuvienphapluat.vn/page/tim-van-ban.aspx?keyword=&area=0&match=True&type=1&status=1&signer=0&sort=1&lan=1&scan=0&org=0&fields=&chlbg=23/06/1945&chlend=23/06/2035&page=6
2025-06-23 08:57:18,403 - INFO - ⏳ Chờ 4.45s giả lập người dùng...
2025-06-23 08:57:24,857 - INFO - 🧭 Tiêu đề trang: Tra cứu Văn Bản Pháp Luật
2025-06-23 08:57:24,874 - INFO - ✅ Đã lấy link: https://thuvienphapluat.vn/van-ban/Thuong-mai/Chi-thi-03-CT-UBND-2025-tang-cuong-quan-ly-nha-nuoc-doi-voi-hoat-dong-kinh-doanh-Pub-Hue-650325.aspx
2025-06-23 08:57:24,879 - INFO - ✅ Đã lấy link: https://thuvienphapluat.vn/van-ban/Bo-may-hanh-chinh/Chi-thi-03-CT-VKSTC-2025-thi-hanh-Luat-Tu-phap-nguoi-chua-thanh-nien-trong-nganh-Kiem-sat-648479.aspx
2025-06-23 08:57:24,884 - INFO - ✅ Đã lấy link: https://thuvienphapluat.vn/van-ban/Tai-chinh-nha-nuoc/Chi-thi-08-CT-TTg-2025-day-manh-phong-chong-lang-phi-thuc-day-tang-truong-kinh-te-647944.aspx
2025-06-23 08:57:24,889 - INFO - ✅ Đã lấy link: https://thuvienphapluat.vn/van-ban/Tai-nguyen-Moi-truong/Chi-thi-05-CT-UBND-2025-tang-cuong-cong-tac-phong-chong-thien-tai-tim-kiem-cuu-nan-Hoa-Binh-655196.aspx
2025-06-23 08:57:24,896 - INFO - ✅ Đã lấy link: https://thuvienphapluat.vn/van-ban/Tai-nguyen-Moi-truong/Chi-thi-02-CT-UBND-2025-tang-cuong-cong-tac-phong-chong-thien-tai-tim-kiem-cuu-nan-Ha-Noi-648251.aspx
2025-06-23 08:57:24,900 - INFO - ✅ Đã lấy link: https://thuvienphapluat.vn/van-ban/Dau-tu/Chi-thi-03-CT-UBND-2025-day-manh-thuc-hien-giai-ngan-von-dau-tu-cong-Ha-Noi-648252.aspx
2025-06-23 08:57:24,904 - INFO - ✅ Đã lấy link: https://thuvienphapluat.vn/van-ban/Cong-nghe-thong-tin/Chi-thi-07-CT-TTg-2025-day-manh-trien-khai-De-an-phat-trien-ung-dung-du-lieu-ve-dan-cu-647341.aspx
2025-06-23 08:57:24,908 - INFO - ✅ Đã lấy link: https://thuvienphapluat.vn/van-ban/Tai-nguyen-Moi-truong/Chi-thi-05-CT-UBND-2025-cong-tac-phong-chong-thien-tai-tim-kiem-cuu-nan-Lai-Chau-647165.aspx
2025-06-23 08:57:24,913 - INFO - ✅ Đã lấy link: https://thuvienphapluat.vn/van-ban/Tai-nguyen-Moi-truong/Chi-thi-06-CT-UBND-2025-tang-cuong-quan-ly-bao-ve-rung-phong-chay-chua-chay-rung-Son-La-648254.aspx
2025-06-23 08:57:24,918 - INFO - ✅ Đã lấy link: https://thuvienphapluat.vn/van-ban/Thuong-mai/Chi-thi-04-CT-UBND-2025-thuc-hien-ke-hoach-phat-trien-kinh-te-xa-hoi-Vinh-Long-655518.aspx
2025-06-23 08:57:24,922 - INFO - ✅ Đã lấy link: https://thuvienphapluat.vn/van-ban/Giao-duc/Chi-thi-04-CT-UBND-2025-tang-cuong-cong-tac-to-chuc-Ky-thi-tot-nghiep-trung-hoc-pho-thong-Lao-Cai-659006.aspx
2025-06-23 08:57:24,925 - INFO - ✅ Đã lấy link: https://thuvienphapluat.vn/van-ban/Tai-chinh-nha-nuoc/Chi-thi-06-CT-TTg-2025-giai-phap-trong-tam-thich-ung-linh-hoat-hieu-qua-voi-tinh-hinh-the-gioi-646771.aspx
2025-06-23 08:57:24,929 - INFO - ✅ Đã lấy link: https://thuvienphapluat.vn/van-ban/Bo-may-hanh-chinh/Chi-thi-01-CT-UBND-2025-ca-the-hoa-trach-nhiem-can-bo-cham-tre-giai-quyet-thu-tuc-hanh-chinh-Ha-Noi-646688.aspx
2025-06-23 08:57:24,933 - INFO - ✅ Đã lấy link: https://thuvienphapluat.vn/van-ban/Thuong-mai/Chi-thi-02-CT-UBND-2025-thi-dua-thuc-hien-thang-loi-nhiem-vu-phat-trien-kinh-te-xa-hoi-Gia-Lai-646591.aspx
2025-06-23 08:57:24,937 - INFO - ✅ Đã lấy link: https://thuvienphapluat.vn/van-ban/Bo-may-hanh-chinh/Chi-thi-04-CT-UBND-2025-nang-cao-chat-luong-cong-tac-ra-soat-van-ban-quy-pham-phap-luat-Hoa-Binh-655195.aspx
2025-06-23 08:57:24,940 - INFO - ✅ Đã lấy link: https://thuvienphapluat.vn/van-ban/Bo-may-hanh-chinh/Chi-thi-04-CT-UBND-2025-nang-cao-tinh-than-trach-nhiem-cong-tac-tham-muu-tham-quyen-Uy-ban-tinh-An-Giang-656634.aspx
2025-06-23 08:57:24,944 - INFO - ✅ Đã lấy link: https://thuvienphapluat.vn/van-ban/Xuat-nhap-khau/Chi-thi-06-CT-BCT-2025-giai-phap-phat-trien-thi-truong-thuc-day-xuat-khau-quan-ly-nhap-khau-646935.aspx
2025-06-23 08:57:24,948 - INFO - ✅ Đã lấy link: https://thuvienphapluat.vn/van-ban/Tai-nguyen-Moi-truong/Chi-thi-06-CT-UBND-2025-tang-cuong-tiet-kiem-su-dung-hop-ly-tai-nguyen-nuoc-Soc-Trang-646089.aspx
2025-06-23 08:57:24,952 - INFO - ✅ Đã lấy link: https://thuvienphapluat.vn/van-ban/Dau-tu/Chi-thi-05-CT-TTg-2025-nhiem-vu-trong-tam-thuc-day-tang-tuong-kinh-te-dat-8-tro-len-645049.aspx
2025-06-23 08:57:24,955 - INFO - ✅ Đã lấy link: https://thuvienphapluat.vn/van-ban/Giao-thong-Van-tai/Chi-thi-1027-CT-CHK-2025-tang-cuong-bien-phap-bao-dam-an-toan-hang-khong-644593.aspx
2025-06-23 08:57:24,955 - INFO - ➡️ Đang truy cập: https://thuvienphapluat.vn/page/tim-van-ban.aspx?keyword=&area=0&match=True&type=1&status=1&signer=0&sort=1&lan=1&scan=0&org=0&fields=&chlbg=23/06/1945&chlend=23/06/2035&page=7
2025-06-23 08:57:25,478 - INFO - ⏳ Chờ 3.48s giả lập người dùng...
2025-06-23 08:57:30,962 - INFO - 🧭 Tiêu đề trang: Tra cứu Văn Bản Pháp Luật
2025-06-23 08:57:30,977 - INFO - ✅ Đã lấy link: https://thuvienphapluat.vn/van-ban/Giao-thong-Van-tai/Chi-thi-1010-CT-CHK-2025-phat-trien-va-nang-cao-hieu-qua-hoat-dong-van-tai-hang-khong-644582.aspx
2025-06-23 08:57:30,980 - INFO - ✅ Đã lấy link: https://thuvienphapluat.vn/van-ban/Dau-tu/Chi-thi-06-CT-UBND-2025-tang-cuong-giai-ngan-ke-hoach-dau-tu-cong-Dak-Lak-645811.aspx
2025-06-23 08:57:30,984 - INFO - ✅ Đã lấy link: https://thuvienphapluat.vn/van-ban/Bo-may-hanh-chinh/Chi-thi-04-CT-TTg-2025-trinh-Chinh-phu-du-an-luat-phap-lenh-nghi-quyet-644427.aspx
2025-06-23 08:57:30,987 - INFO - ✅ Đã lấy link: https://thuvienphapluat.vn/van-ban/Tai-chinh-nha-nuoc/Chi-thi-03-CT-UBND-2025-tang-cuong-thuc-hanh-tiet-kiem-trong-quan-ly-su-dung-tai-san-cong-Ho-Chi-Minh-647164.aspx
2025-06-23 08:57:30,991 - INFO - ✅ Đã lấy link: https://thuvienphapluat.vn/van-ban/Tai-nguyen-Moi-truong/Chi-thi-08-CT-UBND-2025-giai-phap-bao-dam-cung-ung-du-dien-phuc-vu-san-xuat-kinh-doanh-Kon-Tum-645845.aspx
2025-06-23 08:57:30,995 - INFO - ✅ Đã lấy link: https://thuvienphapluat.vn/van-ban/Tai-chinh-nha-nuoc/Chi-thi-04-CT-UBND-2025-tang-cuong-quan-ly-Quy-Tai-chinh-Nha-nuoc-ngoai-ngan-sach-Ha-Tinh-652545.aspx
2025-06-23 08:57:30,999 - INFO - ✅ Đã lấy link: https://thuvienphapluat.vn/van-ban/Tai-nguyen-Moi-truong/Chi-thi-02-CT-UBND-2025-tang-cuong-hieu-qua-quan-ly-tai-nguyen-nuoc-Dong-Nai-647604.aspx
2025-06-23 08:57:31,002 - INFO - ✅ Đã lấy link: https://thuvienphapluat.vn/van-ban/Linh-vuc-khac/Chi-thi-01-CT-UBND-2025-to-chuc-thuc-hien-Tong-dieu-tra-nong-thon-nong-nghiep-Hung-Yen-646430.aspx
2025-06-23 08:57:31,006 - INFO - ✅ Đã lấy link: https://thuvienphapluat.vn/van-ban/Bo-may-hanh-chinh/Chi-thi-04-CT-UBND-2025-thuc-hien-cong-tac-tuyen-sinh-quan-su-Tien-Giang-644052.aspx
2025-06-23 08:57:31,009 - INFO - ✅ Đã lấy link: https://thuvienphapluat.vn/van-ban/Bo-may-hanh-chinh/Chi-thi-01-2025-CT-CA-trien-khai-thi-hanh-Luat-Tu-phap-nguoi-chua-thanh-nien-643531.aspx
2025-06-23 08:57:31,013 - INFO - ✅ Đã lấy link: https://thuvienphapluat.vn/van-ban/Dau-tu/Chi-thi-05-CT-UBND-2025-giai-phap-day-manh-thuc-hien-giai-ngan-von-dau-tu-cong-Son-La-645908.aspx
2025-06-23 08:57:31,017 - INFO - ✅ Đã lấy link: https://thuvienphapluat.vn/van-ban/Linh-vuc-khac/Chi-thi-04-CT-UBND-2025-quan-ly-tau-ca-dam-bao-an-toan-nguoi-hoat-dong-thuy-san-Thanh-Hoa-644050.aspx
2025-06-23 08:57:31,020 - INFO - ✅ Đã lấy link: https://thuvienphapluat.vn/van-ban/Linh-vuc-khac/Chi-thi-07-CT-UBND-2025-quan-ly-chat-luong-vat-tu-nong-nghiep-linh-vuc-trong-trot-Kon-Tum-643585.aspx
2025-06-23 08:57:31,024 - INFO - ✅ Đã lấy link: https://thuvienphapluat.vn/van-ban/Linh-vuc-khac/Chi-thi-06-CT-UBND-2025-tang-cuong-cong-tac-phong-tru-sinh-vat-hai-cay-trong-Kon-Tum-643581.aspx
2025-06-23 08:57:31,028 - INFO - ✅ Đã lấy link: https://thuvienphapluat.vn/van-ban/Tai-nguyen-Moi-truong/Chi-thi-05-CT-UBND-2025-tang-cuong-cong-tac-quan-ly-bao-ve-phat-trien-rung-Kon-Tum-645960.aspx
2025-06-23 08:57:31,031 - INFO - ✅ Đã lấy link: https://thuvienphapluat.vn/van-ban/Cong-nghe-thong-tin/Chi-thi-03-CT-UBND-2025-tang-cuong-xu-ly-lua-dao-chiem-doat-tai-san-su-dung-cong-nghe-cao-Tien-Giang-643266.aspx
2025-06-23 08:57:31,036 - INFO - ✅ Đã lấy link: https://thuvienphapluat.vn/van-ban/Thuong-mai/Chi-thi-03-CT-UBND-2025-don-doc-thuc-hien-nhiem-vu-trong-tam-sau-ky-nghi-Tet-Nguyen-dan-Thanh-Hoa-643314.aspx
2025-06-23 08:57:31,040 - INFO - ✅ Đã lấy link: https://thuvienphapluat.vn/van-ban/Giao-duc/Chi-thi-02-CT-UBND-2025-tang-cuong-phoi-hop-to-chuc-Ki-thi-tot-nghiep-trung-hoc-pho-thong-Da-Nang-643281.aspx
2025-06-23 08:57:31,045 - INFO - ✅ Đã lấy link: https://thuvienphapluat.vn/van-ban/Bo-may-hanh-chinh/Chi-thi-03-CT-UBND-2025-don-doc-thuc-hien-nhiem-vu-trong-tam-sau-ky-nghi-Tet-Cao-Bang-642821.aspx
2025-06-23 08:57:31,049 - INFO - ✅ Đã lấy link: https://thuvienphapluat.vn/van-ban/Thuong-mai/Chi-thi-01-CT-UBND-2025-don-doc-thuc-hien-nhiem-vu-trong-tam-sau-ky-nghi-Tet-Nguyen-d%e2%80%8ban-Gia-Lai-642589.aspx
2025-06-23 08:57:31,049 - INFO - ➡️ Đang truy cập: https://thuvienphapluat.vn/page/tim-van-ban.aspx?keyword=&area=0&match=True&type=1&status=1&signer=0&sort=1&lan=1&scan=0&org=0&fields=&chlbg=23/06/1945&chlend=23/06/2035&page=8
2025-06-23 08:57:31,595 - INFO - ⏳ Chờ 3.29s giả lập người dùng...
2025-06-23 08:57:36,891 - INFO - 🧭 Tiêu đề trang: Tra cứu Văn Bản Pháp Luật
2025-06-23 08:57:36,906 - INFO - ✅ Đã lấy link: https://thuvienphapluat.vn/van-ban/Bo-may-hanh-chinh/Chi-thi-04-CT-BYT-2025-don-gian-hoa-thu-tuc-hanh-chinh-cung-cap-dich-vu-cong-642277.aspx
2025-06-23 08:57:36,910 - INFO - ✅ Đã lấy link: https://thuvienphapluat.vn/van-ban/Giao-duc/Chi-thi-02-CT-UBND-2025-tang-cuong-chi-dao-to-chuc-Ky-thi-tot-nghiep-trung-hoc-pho-thong-Tien-Giang-642320.aspx
2025-06-23 08:57:36,914 - INFO - ✅ Đã lấy link: https://thuvienphapluat.vn/van-ban/Bo-may-hanh-chinh/Chi-thi-03-CT-UBND-2025-don-doc-thuc-hien-cac-nhiem-vu-trong-tam-sau-ky-nghi-Tet-Lao-Cai-644289.aspx
2025-06-23 08:57:36,917 - INFO - ✅ Đã lấy link: https://thuvienphapluat.vn/van-ban/Bo-may-hanh-chinh/Chi-thi-03-CT-UBND-2025-don-doc-thuc-hien-nhiem-vu-trong-tam-sau-ky-nghi-Tet-Lai-Chau-642592.aspx
2025-06-23 08:57:36,921 - INFO - ✅ Đã lấy link: https://thuvienphapluat.vn/van-ban/Giao-duc/Chi-thi-03-CT-UBND-2025-tang-cuong-phoi-hop-to-chuc-Ky-thi-tot-nghiep-trung-hoc-pho-thong-Son-La-642422.aspx
2025-06-23 08:57:36,925 - INFO - ✅ Đã lấy link: https://thuvienphapluat.vn/van-ban/Bo-may-hanh-chinh/Chi-thi-01-CT-UBND-2025-don-doc-thuc-hien-nhiem-vu-sau-ky-nghi-Tet-Nguyen-dan-At-Ty-Quang-Binh-643921.aspx
2025-06-23 08:57:36,928 - INFO - ✅ Đã lấy link: https://thuvienphapluat.vn/van-ban/Thuong-mai/Chi-thi-03-CT-TTg-2025-don-doc-thuc-hien-nhiem-vu-trong-tam-sau-ky-nghi-Tet-nguyen-dan-At-Ty-641988.aspx
2025-06-23 08:57:36,932 - INFO - ✅ Đã lấy link: https://thuvienphapluat.vn/van-ban/Dau-tu/Chi-thi-04-CT-UBND-2025-thuc-hien-nhiem-vu-giai-phap-day-manh-giai-ngan-von-dau-tu-cong-Quang-Nam-641932.aspx
2025-06-23 08:57:36,935 - INFO - ✅ Đã lấy link: https://thuvienphapluat.vn/van-ban/Tai-nguyen-Moi-truong/Chi-thi-02-CT-TTg-2025-tang-cuong-cong-tac-kiem-soat-va-xu-ly-o-nhiem-moi-truong-nuoc-luu-vuc-song-641566.aspx
2025-06-23 08:57:36,939 - INFO - ✅ Đã lấy link: https://thuvienphapluat.vn/van-ban/The-thao-Y-te/Chi-thi-04-CT-UBND-2025-tang-cuong-cong-tac-quan-ly-nha-nuoc-ve-an-toan-thuc-pham-Vinh-Phuc-656298.aspx
2025-06-23 08:57:36,943 - INFO - ✅ Đã lấy link: https://thuvienphapluat.vn/van-ban/Tai-chinh-nha-nuoc/Chi-thi-01-CT-UBND-2025-to-chuc-thuc-hien-du-toan-ngan-sach-Nha-nuoc-Khanh-Hoa-641633.aspx
2025-06-23 08:57:36,946 - INFO - ✅ Đã lấy link: https://thuvienphapluat.vn/van-ban/Tai-chinh-nha-nuoc/Chi-thi-03-CT-UBND-2025-tang-cuong-bien-phap-thu-ngan-sach-Nha-nuoc-Quang-Ngai-642420.aspx
2025-06-23 08:57:36,950 - INFO - ✅ Đã lấy link: https://thuvienphapluat.vn/van-ban/Dau-tu/Chi-thi-04-CT-UBND-2025-giai-phap-trong-tam-day-manh-phan-bo-giai-ngan-von-dau-tu-cong-Soc-Trang-641948.aspx
2025-06-23 08:57:36,953 - INFO - ✅ Đã lấy link: https://thuvienphapluat.vn/van-ban/Tai-chinh-nha-nuoc/Chi-thi-04-CT-UBND-2025-tang-cuong-cong-tac-thu-ngan-sach-nha-nuoc-Binh-Dinh-642421.aspx
2025-06-23 08:57:36,957 - INFO - ✅ Đã lấy link: https://thuvienphapluat.vn/van-ban/Dau-tu/Chi-thi-02-CT-UBND-2025-giai-phap-thuc-hien-hieu-qua-03-Chuong-trinh-muc-tieu-quoc-gia-Quang-Ngai-641370.aspx
2025-06-23 08:57:36,960 - INFO - ✅ Đã lấy link: https://thuvienphapluat.vn/van-ban/Doanh-nghiep/Chi-thi-02-CT-UBND-2025-thuc-hien-nhiem-vu-chu-yeu-cai-thien-moi-truong-kinh-doanh-Bac-Ninh-641004.aspx
2025-06-23 08:57:36,964 - INFO - ✅ Đã lấy link: https://thuvienphapluat.vn/van-ban/Thuong-mai/Chi-thi-01-CT-UBND-2025-nhiem-vu-trong-tam-thuc-hien-Ke-hoach-phat-trien-kinh-te-xa-hoi-Bac-Ninh-641005.aspx
2025-06-23 08:57:36,968 - INFO - ✅ Đã lấy link: https://thuvienphapluat.vn/van-ban/Thuong-mai/Chi-thi-01-CT-UBND-2025-nang-cao-chat-luong-cong-tac-quan-ly-phat-trien-cum-cong-nghiep-Vinh-Phuc-656301.aspx
2025-06-23 08:57:36,972 - INFO - ✅ Đã lấy link: https://thuvienphapluat.vn/van-ban/Tien-te-Ngan-hang/Chi-thi-01-CT-NHNN-2025-to-chuc-thuc-hien-cac-nhiem-vu-trong-tam-cua-nganh-Ngan-hang-642013.aspx
2025-06-23 08:57:36,975 - INFO - ✅ Đã lấy link: https://thuvienphapluat.vn/van-ban/Thuong-mai/Chi-thi-02-CT-UBND-2025-giai-phap-chi-dao-thuc-hien-ke-hoach-phat-trien-kinh-te-xa-hoi-Tuyen-Quang-642419.aspx
2025-06-23 08:57:36,975 - INFO - ➡️ Đang truy cập: https://thuvienphapluat.vn/page/tim-van-ban.aspx?keyword=&area=0&match=True&type=1&status=1&signer=0&sort=1&lan=1&scan=0&org=0&fields=&chlbg=23/06/1945&chlend=23/06/2035&page=9
2025-06-23 08:57:37,526 - INFO - ⏳ Chờ 5.88s giả lập người dùng...
2025-06-23 08:57:45,419 - INFO - 🧭 Tiêu đề trang: Tra cứu Văn Bản Pháp Luật
2025-06-23 08:57:45,434 - INFO - ✅ Đã lấy link: https://thuvienphapluat.vn/van-ban/Thuong-mai/Chi-thi-03-CT-UBND-2025-giai-phap-chu-yeu-chi-dao-thuc-hien-ke-hoach-phat-trien-kinh-te-Hai-Phong-643881.aspx
2025-06-23 08:57:45,437 - INFO - ✅ Đã lấy link: https://thuvienphapluat.vn/van-ban/Xuat-nhap-khau/Chi-thi-03-CT-UBND-2025-tao-thuan-loi-trong-hoat-dong-xuat-khau-nhap-khau-Can-Tho-640887.aspx
2025-06-23 08:57:45,441 - INFO - ✅ Đã lấy link: https://thuvienphapluat.vn/van-ban/Xay-dung-Do-thi/Chi-thi-03-CT-UBND-2025-quan-ly-chong-lan-chiem-xay-dung-cong-trinh-trai-phep-Binh-Dinh-642418.aspx
2025-06-23 08:57:45,445 - INFO - ✅ Đã lấy link: https://thuvienphapluat.vn/van-ban/Dau-tu/Chi-thi-02-CT-UBND-2025-day-nhanh-tien-do-thuc-hien-giai-ngan-von-dau-tu-cong-Thanh-Hoa-642064.aspx
2025-06-23 08:57:45,449 - INFO - ✅ Đã lấy link: https://thuvienphapluat.vn/van-ban/Van-hoa-Xa-hoi/Chi-thi-01-CT-UBND-2025-tang-cuong-thuc-hien-bien-phap-bao-dam-don-Tet-vui-tuoi-lanh-manh-Ho-Chi-Minh-642677.aspx
2025-06-23 08:57:45,452 - INFO - ✅ Đã lấy link: https://thuvienphapluat.vn/van-ban/Bo-may-hanh-chinh/Chi-thi-42-CT-TW-2025-tang-cuong-cong-tac-giao-duc-can-kiem-liem-chinh-chi-cong-vo-tu-642989.aspx
2025-06-23 08:57:45,456 - INFO - ✅ Đã lấy link: https://thuvienphapluat.vn/van-ban/Bo-may-hanh-chinh/Chi-thi-02-CT-UBND-2025-phat-dong-phong-trao-thi-dua-Hanh-dong-doi-moi-Vuot-kho-nhiem-vu-Ho-Chi-Minh-642737.aspx
2025-06-23 08:57:45,459 - INFO - ✅ Đã lấy link: https://thuvienphapluat.vn/van-ban/Van-hoa-Xa-hoi/Chi-thi-01-CT-UBND-2025-giai-phap-cap-bach-trong-phong-chay-chua-chay-cuu-nan-cuu-ho-Thanh-Hoa-642063.aspx
2025-06-23 08:57:45,463 - INFO - ✅ Đã lấy link: https://thuvienphapluat.vn/van-ban/Thuong-mai/Chi-thi-02-CT-UBND-2025-nang-cao-hieu-qua-quan-ly-thu-thue-kinh-doanh-thuong-mai-dien-tu-Ha-Tinh-652548.aspx
2025-06-23 08:57:45,467 - INFO - ✅ Đã lấy link: https://thuvienphapluat.vn/van-ban/Dau-tu/Chi-thi-02-CT-UBND-2025-tap-trung-day-manh-thuc-hien-nhiem-vu-phat-trien-kinh-te-xa-hoi-Can-Tho-640182.aspx
2025-06-23 08:57:45,471 - INFO - ✅ Đã lấy link: https://thuvienphapluat.vn/van-ban/Thuong-mai/Chi-thi-01-CT-BCT-2025-thuc-hien-giai-phap-kich-cau-tieu-dung-dip-Tet-Nguyen-dan-At-Ty-640019.aspx
2025-06-23 08:57:45,474 - INFO - ✅ Đã lấy link: https://thuvienphapluat.vn/van-ban/Tai-nguyen-Moi-truong/Chi-thi-03-CT-UBND-2025-tang-cuong-cong-tac-quan-ly-nha-nuoc-ve-khoang-san-An-Giang-642744.aspx
2025-06-23 08:57:45,478 - INFO - ✅ Đã lấy link: https://thuvienphapluat.vn/van-ban/Van-hoa-Xa-hoi/Chi-thi-02-CT-BTTTT-2025-to-chuc-don-Tet-Nguyen-dan-At-Ty-640408.aspx
2025-06-23 08:57:45,482 - INFO - ✅ Đã lấy link: https://thuvienphapluat.vn/van-ban/Cong-nghe-thong-tin/Chi-thi-01-CT-BTTTT-2025-dinh-huong-phat-trien-nganh-Thong-tin-va-Truyen-thong-652481.aspx
2025-06-23 08:57:45,485 - INFO - ✅ Đã lấy link: https://thuvienphapluat.vn/van-ban/Van-hoa-Xa-hoi/Chi-thi-01-CT-BXD-2025-to-chuc-Tet-tang-cuong-bien-phap-dam-bao-Tet-Nguyen-dan-At-Ty-vui-tuoi-639944.aspx
2025-06-23 08:57:45,489 - INFO - ✅ Đã lấy link: https://thuvienphapluat.vn/van-ban/Tai-chinh-nha-nuoc/Chi-thi-01-CT-UBND-2025-tang-cuong-cac-bien-phap-quan-ly-thu-ngan-sach-Ninh-Thuan-644739.aspx
2025-06-23 08:57:45,492 - INFO - ✅ Đã lấy link: https://thuvienphapluat.vn/van-ban/Xay-dung-Do-thi/Chi-thi-03-CT-UBND-2025-tang-cuong-vai-tro-thuc-hien-Chuong-trinh-xay-dung-nong-thon-moi-Kon-Tum-641094.aspx
2025-06-23 08:57:45,496 - INFO - ✅ Đã lấy link: https://thuvienphapluat.vn/van-ban/Tai-nguyen-Moi-truong/Chi-thi-02-CT-BYT-2025-trien-khai-cong-tac-phong-chong-thien-tai-tim-kiem-cuu-nan-640407.aspx
2025-06-23 08:57:45,500 - INFO - ✅ Đã lấy link: https://thuvienphapluat.vn/van-ban/Dau-tu/Chi-thi-03-CT-UBND-2025-tang-cuong-cong-tac-giam-sat-danh-gia-dau-tu-Dak-Lak-641077.aspx
2025-06-23 08:57:45,504 - INFO - ✅ Đã lấy link: https://thuvienphapluat.vn/van-ban/Dau-tu/Chi-thi-02-CT-UBND-2025-day-nhanh-tien-do-thuc-hien-Chuong-trinh-muc-tieu-quoc-gia-Dak-Nong-640074.aspx
2025-06-23 08:57:45,504 - INFO - ➡️ Đang truy cập: https://thuvienphapluat.vn/page/tim-van-ban.aspx?keyword=&area=0&match=True&type=1&status=1&signer=0&sort=1&lan=1&scan=0&org=0&fields=&chlbg=23/06/1945&chlend=23/06/2035&page=10
2025-06-23 08:57:46,275 - INFO - ⏳ Chờ 5.70s giả lập người dùng...
2025-06-23 08:57:53,987 - INFO - 🧭 Tiêu đề trang: Tra cứu Văn Bản Pháp Luật
2025-06-23 08:57:54,003 - INFO - ✅ Đã lấy link: https://thuvienphapluat.vn/van-ban/Tai-nguyen-Moi-truong/Chi-thi-02-CT-UBND-2025-tang-cuong-bien-phap-cap-bach-phong-chay-chua-chay-rung-Cao-Bang-647281.aspx
2025-06-23 08:57:54,006 - INFO - ✅ Đã lấy link: https://thuvienphapluat.vn/van-ban/Linh-vuc-khac/Chi-thi-02-CT-UBND-2025-tang-cuong-cong-tac-quan-ly-giong-vat-nuoi-giong-thuy-san-Kon-Tum-641105.aspx
2025-06-23 08:57:54,010 - INFO - ✅ Đã lấy link: https://thuvienphapluat.vn/van-ban/Linh-vuc-khac/Chi-thi-01-CT-UBND-2025-trien-khai-bien-phap-phat-trien-chan-nuoi-Kon-Tum-641104.aspx
2025-06-23 08:57:54,014 - INFO - ✅ Đã lấy link: https://thuvienphapluat.vn/van-ban/Van-hoa-Xa-hoi/Chi-thi-01-CT-UBND-2025-tang-cuong-cong-tac-phoi-hop-quan-ly-nguoi-nghien-ma-tuy-Binh-Duong-644655.aspx
2025-06-23 08:57:54,017 - INFO - ✅ Đã lấy link: https://thuvienphapluat.vn/van-ban/Van-hoa-Xa-hoi/Chi-thi-01-CT-UBND-2025-tang-cuong-bien-phap-bao-dam-don-Tet-vui-tuoi-lanh-manh-Binh-Thuan-639648.aspx
2025-06-23 08:57:54,021 - INFO - ✅ Đã lấy link: https://thuvienphapluat.vn/van-ban/Tai-chinh-nha-nuoc/Chi-thi-02-CT-UBND-2025-day-manh-thuc-hanh-tiet-kiem-chong-lang-phi-Soc-Trang-642417.aspx
2025-06-23 08:57:54,024 - INFO - ✅ Đã lấy link: https://thuvienphapluat.vn/van-ban/Van-hoa-Xa-hoi/Chi-thi-01-CT-UBND-2025-tang-cuong-bien-phap-bao-dam-don-Tet-vui-tuoi-lanh-manh-Dong-Thap-642562.aspx
2025-06-23 08:57:54,028 - INFO - ✅ Đã lấy link: https://thuvienphapluat.vn/van-ban/Tai-nguyen-Moi-truong/Chi-thi-03-CT-UBND-2025-tang-cuong-chu-dong-phong-chong-nang-nong-han-han-Quang-Nam-639414.aspx
2025-06-23 08:57:54,032 - INFO - ✅ Đã lấy link: https://thuvienphapluat.vn/van-ban/Xay-dung-Do-thi/Chi-thi-02-CT-UBND-2025-tang-cuong-cong-tac-phong-chay-chua-chay-va-cuu-nan-cuu-ho-Son-La-641110.aspx
2025-06-23 08:57:54,036 - INFO - ✅ Đã lấy link: https://thuvienphapluat.vn/van-ban/Tai-chinh-nha-nuoc/Chi-thi-01-CT-UBND-2025-tang-cuong-cong-tac-thu-noi-dia-Can-Tho-639165.aspx
2025-06-23 08:57:54,039 - INFO - ✅ Đã lấy link: https://thuvienphapluat.vn/van-ban/Tai-nguyen-Moi-truong/Chi-thi-1-CT-UBND-2025-to-chuc-Tet-trong-cay-doi-doi-nho-on-Bac-Ho-dip-Xuan-At-Ty-Yen-Bai-639171.aspx
2025-06-23 08:57:54,043 - INFO - ✅ Đã lấy link: https://thuvienphapluat.vn/van-ban/Van-hoa-Xa-hoi/Chi-thi-2-CT-UBND-2025-tang-cuong-bien-phap-bao-dam-don-Tet-At-Ty-vui-tuoi-lanh-manh-Yen-Bai-639442.aspx
2025-06-23 08:57:54,047 - INFO - ✅ Đã lấy link: https://thuvienphapluat.vn/van-ban/The-thao-Y-te/Chi-thi-01-CT-BYT-2025-tang-cuong-cong-tac-y-te-dam-bao-don-Tet-Nguyen-Dan-At-Ty-639134.aspx
2025-06-23 08:57:54,050 - INFO - ✅ Đã lấy link: https://thuvienphapluat.vn/van-ban/Thuong-mai/Chi-thi-01-CT-UBND-2025-thuc-day-tang-truong-kinh-te-Dak-Nong-639167.aspx
2025-06-23 08:57:54,054 - INFO - ✅ Đã lấy link: https://thuvienphapluat.vn/van-ban/Van-hoa-Xa-hoi/Chi-thi-01-CT-UBND-2025-tang-cuong-bien-phap-dam-bao-don-Tet-At-Ty-vui-tuoi-dam-am-Phu-Tho-639158.aspx
2025-06-23 08:57:54,058 - INFO - ✅ Đã lấy link: https://thuvienphapluat.vn/van-ban/Tai-chinh-nha-nuoc/Chi-thi-04-CT-UBND-2025-dieu-hanh-thu-chi-ngan-sach-Nha-nuoc-Can-Tho-640891.aspx
2025-06-23 08:57:54,062 - INFO - ✅ Đã lấy link: https://thuvienphapluat.vn/van-ban/Tai-nguyen-Moi-truong/Chi-thi-02-CT-UBND-2025-phat-dong-phong-trao-Tet-trong-cay-doi-doi-nho-on-Bac-Ho-Dak-Lak-639150.aspx
2025-06-23 08:57:54,065 - INFO - ✅ Đã lấy link: https://thuvienphapluat.vn/van-ban/Tai-nguyen-Moi-truong/Chi-thi-01-CT-UBND-2025-to-chuc-phong-trao-Tet-trong-cay-doi-doi-nho-on-Bac-Ho-Nghe-An-638747.aspx
2025-06-23 08:57:54,069 - INFO - ✅ Đã lấy link: https://thuvienphapluat.vn/van-ban/Tai-nguyen-Moi-truong/Chi-thi-01-CT-TTg-2025-chu-dong-giai-phap-bao-dam-cung-ung-du-dien-phuc-vu-san-xuat-kinh-doanh-638878.aspx
2025-06-23 08:57:54,072 - INFO - ✅ Đã lấy link: https://thuvienphapluat.vn/van-ban/Giao-thong-Van-tai/Chi-thi-02-CT-UBND-2025-nang-cao-hieu-qua-cong-tac-bao-dam-trat-tu-an-toan-giao-thong-Binh-Dinh-652518.aspx
2025-06-23 08:57:54,073 - INFO - ➡️ Đang truy cập: https://thuvienphapluat.vn/page/tim-van-ban.aspx?keyword=&area=0&match=True&type=1&status=1&signer=0&sort=1&lan=1&scan=0&org=0&fields=&chlbg=23/06/1945&chlend=23/06/2035&page=11
2025-06-23 08:57:54,769 - INFO - ⏳ Chờ 5.78s giả lập người dùng...
2025-06-23 08:58:02,560 - INFO - 🧭 Tiêu đề trang: Tra cứu Văn Bản Pháp Luật
2025-06-23 08:58:02,575 - INFO - ✅ Đã lấy link: https://thuvienphapluat.vn/van-ban/Bo-may-hanh-chinh/Chi-thi-01-CT-UBND-2025-day-manh-thuc-hien-co-che-mot-cua-giai-quyet-thu-tuc-hanh-chinh-Tuyen-Quang-638358.aspx
2025-06-23 08:58:02,579 - INFO - ✅ Đã lấy link: https://thuvienphapluat.vn/van-ban/Bo-may-hanh-chinh/Chi-thi-02-CT-UBND-2025-nhiem-vu-cong-tac-an-ninh-trat-tu-Nam-Dinh-638344.aspx
2025-06-23 08:58:02,583 - INFO - ✅ Đã lấy link: https://thuvienphapluat.vn/van-ban/Dau-tu/Chi-thi-01-CT-UBND-2025-day-nhanh-tien-do-thuc-hien-ke-hoach-von-dau-tu-cong-Quang-Ngai-641114.aspx
2025-06-23 08:58:02,586 - INFO - ✅ Đã lấy link: https://thuvienphapluat.vn/van-ban/Dau-tu/Chi-thi-01-CT-UBND-2025-day-manh-giai-ngan-ke-hoach-dau-tu-cong-von-ngan-sach-nha-nuoc-Binh-Dinh-652517.aspx
2025-06-23 08:58:02,590 - INFO - ✅ Đã lấy link: https://thuvienphapluat.vn/van-ban/Bo-may-hanh-chinh/Chi-thi-01-CT-UBND-2025-phat-dong-phong-trao-thi-dua-Son-La-638347.aspx
2025-06-23 08:58:02,593 - INFO - ✅ Đã lấy link: https://thuvienphapluat.vn/van-ban/Bo-may-hanh-chinh/Chi-thi-08-CT-UBND-2024-tang-cuong-cong-tac-quan-ly-nha-nuoc-ve-do-luong-Tra-Vinh-640944.aspx
2025-06-23 08:58:02,597 - INFO - ✅ Đã lấy link: https://thuvienphapluat.vn/van-ban/Van-hoa-Xa-hoi/Chi-thi-11-CT-UBND-2024-to-chuc-Tet-Nguyen-dan-At-Ty-Tien-Giang-2025-638759.aspx
2025-06-23 08:58:02,601 - INFO - ✅ Đã lấy link: https://thuvienphapluat.vn/van-ban/Van-hoa-Xa-hoi/Chi-thi-10-CT-UBND-2024-to-chuc-don-Tet-Nguyen-dan-At-Ty-Bac-Ninh-2025-638767.aspx
2025-06-23 08:58:02,604 - INFO - ✅ Đã lấy link: https://thuvienphapluat.vn/van-ban/Bo-may-hanh-chinh/Chi-thi-09-CT-UBND-2024-phong-trao-thi-dua-thang-loi-nhiem-vu-phat-trien-kinh-te-xa-hoi-Lai-Chau-638768.aspx
2025-06-23 08:58:02,608 - INFO - ✅ Đã lấy link: https://thuvienphapluat.vn/van-ban/Thuong-mai/Chi-thi-19-CT-UBND-2024-ky-cuong-hanh-chinh-hoan-thanh-nhiem-vu-phat-trien-kinh-te-Ho-Chi-Minh-641126.aspx
2025-06-23 08:58:02,612 - INFO - ✅ Đã lấy link: https://thuvienphapluat.vn/van-ban/Tai-chinh-nha-nuoc/Chi-thi-14-CT-UBND-2024-thuc-hien-du-toan-ngan-sach-nha-nuoc-Vinh-Long-nam-2025-640935.aspx
2025-06-23 08:58:02,615 - INFO - ✅ Đã lấy link: https://thuvienphapluat.vn/van-ban/Van-hoa-Xa-hoi/Chi-thi-50-CT-UBND-2024-tang-cuong-bien-phap-don-Tet-Nguyen-dan-vui-tuoi-Nghe-An-2025-638766.aspx
2025-06-23 08:58:02,619 - INFO - ✅ Đã lấy link: https://thuvienphapluat.vn/van-ban/Van-hoa-Xa-hoi/Chi-thi-15-CT-UBND-2024-to-chuc-don-Tet-Nguyen-dan-At-Ty-Ha-Noi-638765.aspx
2025-06-23 08:58:02,623 - INFO - ✅ Đã lấy link: https://thuvienphapluat.vn/van-ban/Van-hoa-Xa-hoi/Chi-thi-44-CT-UBND-2024-tang-cuong-bien-phap-bao-dam-don-Tet-At-Ty-vui-tuoi-lanh-manh-Nam-Dinh-640148.aspx
2025-06-23 08:58:02,627 - INFO - ✅ Đã lấy link: https://thuvienphapluat.vn/van-ban/Dau-tu/Chi-thi-32-CT-UBND-2024-thuc-hien-dau-tu-cong-Hue-2025-639813.aspx
2025-06-23 08:58:02,630 - INFO - ✅ Đã lấy link: https://thuvienphapluat.vn/van-ban/Bo-may-hanh-chinh/Chi-thi-30-CT-UBND-2024-day-manh-cai-cach-hanh-chinh-gan-voi-chinh-quyen-so-Hue-638763.aspx
2025-06-23 08:58:02,634 - INFO - ✅ Đã lấy link: https://thuvienphapluat.vn/van-ban/Van-hoa-Xa-hoi/Chi-thi-22-CT-UBND-2024-to-chuc-don-Tet-Nguyen-dan-At-Ty-Thanh-Hoa-2025-638761.aspx
2025-06-23 08:58:02,638 - INFO - ✅ Đã lấy link: https://thuvienphapluat.vn/van-ban/Thuong-mai/Chi-thi-15-CT-UBND-2024-giai-phap-dam-bao-can-doi-cung-cau-binh-on-gia-ca-thi-truong-Son-La-638762.aspx
2025-06-23 08:58:02,642 - INFO - ✅ Đã lấy link: https://thuvienphapluat.vn/van-ban/Van-hoa-Xa-hoi/Chi-thi-10-CT-UBND-2024-bao-dam-an-ninh-trat-tu-Tien-Giang-nam-2025-638764.aspx
2025-06-23 08:58:02,646 - INFO - ✅ Đã lấy link: https://thuvienphapluat.vn/van-ban/Van-hoa-Xa-hoi/Chi-thi-14-CT-UBND-2024-tang-cuong-bien-phap-bao-dam-don-Tet-Nguyen-dan-At-Ty-Quang-Ngai-637839.aspx
2025-06-23 08:58:02,646 - INFO - ➡️ Đang truy cập: https://thuvienphapluat.vn/page/tim-van-ban.aspx?keyword=&area=0&match=True&type=1&status=1&signer=0&sort=1&lan=1&scan=0&org=0&fields=&chlbg=23/06/1945&chlend=23/06/2035&page=12
2025-06-23 08:58:03,372 - INFO - ⏳ Chờ 3.37s giả lập người dùng...
2025-06-23 08:58:08,752 - INFO - 🧭 Tiêu đề trang: Tra cứu Văn Bản Pháp Luật
2025-06-23 08:58:08,767 - INFO - ✅ Đã lấy link: https://thuvienphapluat.vn/van-ban/Van-hoa-Xa-hoi/Chi-thi-18-CT-UBND-2024-tang-cuong-bien-phap-bao-dam-don-Tet-At-Ty-vui-tuoi-lanh-manh-Kon-Tum-637739.aspx
2025-06-23 08:58:08,770 - INFO - ✅ Đã lấy link: https://thuvienphapluat.vn/van-ban/Van-hoa-Xa-hoi/Chi-thi-25-CT-UBND-2024-to-chuc-don-Tet-Duong-lich-Can-Tho-2025-637709.aspx
2025-06-23 08:58:08,774 - INFO - ✅ Đã lấy link: https://thuvienphapluat.vn/van-ban/Tai-nguyen-Moi-truong/Chi-thi-18-CT-UBND-2024-tang-cuong-bien-phap-phong-chong-han-han-thieu-nuoc-Binh-Duong-644643.aspx
2025-06-23 08:58:08,777 - INFO - ✅ Đã lấy link: https://thuvienphapluat.vn/van-ban/Xay-dung-Do-thi/Chi-thi-10-CT-UBND-2024-tang-cuong-cong-tac-quan-ly-quy-hoach-phat-trien-do-thi-Lam-Dong-660988.aspx
2025-06-23 08:58:08,781 - INFO - ✅ Đã lấy link: https://thuvienphapluat.vn/van-ban/Bo-may-hanh-chinh/Chi-thi-41-CT-TW-2024-tang-cuong-su-lanh-dao-cua-Dang-doi-voi-cong-tac-thi-dua-khen-thuong-640864.aspx
2025-06-23 08:58:08,784 - INFO - ✅ Đã lấy link: https://thuvienphapluat.vn/van-ban/Xay-dung-Do-thi/Chi-thi-19-CT-UBND-2024-tang-cuong-quan-ly-nha-nuoc-ve-quy-hoach-phat-trien-do-thi-Vinh-Phuc-641513.aspx
2025-06-23 08:58:08,788 - INFO - ✅ Đã lấy link: https://thuvienphapluat.vn/van-ban/Tai-nguyen-Moi-truong/Chi-thi-9892-CT-BNN-LN-2024-to-chuc-phong-trao-Tet-trong-cay-doi-doi-nho-on-Bac-Ho-dip-Xuan-At-Ty-638247.aspx
2025-06-23 08:58:08,792 - INFO - ✅ Đã lấy link: https://thuvienphapluat.vn/van-ban/Tai-nguyen-Moi-truong/Chi-thi-16-CT-BCT-2024-day-manh-thuc-hien-giai-phap-thuc-day-tieu-thu-nhien-lieu-sinh-hoc-637502.aspx
2025-06-23 08:58:08,796 - INFO - ✅ Đã lấy link: https://thuvienphapluat.vn/van-ban/Xay-dung-Do-thi/Chi-thi-21-CT-UBND-2024-nang-cao-chat-luong-cong-tac-lap-quy-hoach-xay-dung-Binh-Dinh-639832.aspx
2025-06-23 08:58:08,799 - INFO - ✅ Đã lấy link: https://thuvienphapluat.vn/van-ban/Van-hoa-Xa-hoi/Chi-thi-11-CT-UBND-2024-to-chuc-don-Tet-Nguyen-dan-At-Ty-Bac-Giang-2025-637850.aspx
2025-06-23 08:58:08,803 - INFO - ✅ Đã lấy link: https://thuvienphapluat.vn/van-ban/Van-hoa-Xa-hoi/Chi-thi-07-CT-UBND-2024-tang-cuong-bien-phap-dam-bao-don-Tet-vui-tuoi-lanh-manh-Gia-Lai-637572.aspx
2025-06-23 08:58:08,806 - INFO - ✅ Đã lấy link: https://thuvienphapluat.vn/van-ban/Thuong-mai/Chi-thi-18-CT-UBND-2024-thi-dua-Nang-cao-chat-luong-thuc-hien-phat-trien-kinh-te-xa-hoi-Ho-Chi-Minh-641440.aspx
2025-06-23 08:58:08,810 - INFO - ✅ Đã lấy link: https://thuvienphapluat.vn/van-ban/Thuong-mai/Chi-thi-10-CT-UBND-2024-giai-phap-trong-tam-thuc-hien-ke-hoach-phat-trien-kinh-te-Lao-Cai-645011.aspx
2025-06-23 08:58:08,813 - INFO - ✅ Đã lấy link: https://thuvienphapluat.vn/van-ban/Doanh-nghiep/Chi-thi-47-CT-TTg-2024-tang-cuong-quan-ly-su-dung-xu-ly-nha-dat-tai-doanh-nghiep-nha-nuoc-637375.aspx
2025-06-23 08:58:08,817 - INFO - ✅ Đã lấy link: https://thuvienphapluat.vn/van-ban/Linh-vuc-khac/Chi-thi-46-CT-TTg-2024-giai-phap-phong-chay-chua-chay-dia-diem-tap-trung-dong-nguoi-Tet-2025-637066.aspx
2025-06-23 08:58:08,821 - INFO - ✅ Đã lấy link: https://thuvienphapluat.vn/van-ban/Tai-chinh-nha-nuoc/Chi-thi-05-CT-BTC-2024-tang-cuong-cong-tac-quan-ly-binh-on-gia-trong-dip-Tet-At-Ty-2025-637750.aspx
2025-06-23 08:58:08,824 - INFO - ✅ Đã lấy link: https://thuvienphapluat.vn/van-ban/Thuong-mai/Chi-thi-29-CT-UBND-2024-phat-dong-phong-trao-thi-dua-thang-loi-ke-hoach-phat-trien-kinh-te-Hue-637848.aspx
2025-06-23 08:58:08,828 - INFO - ✅ Đã lấy link: https://thuvienphapluat.vn/van-ban/Bo-may-hanh-chinh/Chi-thi-24-CT-UBND-2024-thuc-hien-nghiem-sap-xep-kien-toan-to-chuc-bo-may-tinh-gon-Can-Tho-636709.aspx
2025-06-23 08:58:08,832 - INFO - ✅ Đã lấy link: https://thuvienphapluat.vn/van-ban/Giao-duc/Chi-thi-09-CT-UBND-2024-tang-cuong-chi-dao-ky-thi-tot-nghiep-trung-hoc-pho-thong-Vung-Tau-642755.aspx
2025-06-23 08:58:08,836 - INFO - ✅ Đã lấy link: https://thuvienphapluat.vn/van-ban/Van-hoa-Xa-hoi/Chi-thi-45-CT-TTg-2024-tang-cuong-bien-phap-bao-dam-don-Tet-Nguyen-dan-vui-tuoi-lanh-manh-636500.aspx
2025-06-23 08:58:08,836 - INFO - ➡️ Đang truy cập: https://thuvienphapluat.vn/page/tim-van-ban.aspx?keyword=&area=0&match=True&type=1&status=1&signer=0&sort=1&lan=1&scan=0&org=0&fields=&chlbg=23/06/1945&chlend=23/06/2035&page=13
2025-06-23 08:58:09,422 - INFO - ⏳ Chờ 3.10s giả lập người dùng...
2025-06-23 08:58:14,534 - INFO - 🧭 Tiêu đề trang: Tra cứu Văn Bản Pháp Luật
2025-06-23 08:58:14,549 - INFO - ✅ Đã lấy link: https://thuvienphapluat.vn/van-ban/Bo-may-hanh-chinh/Chi-thi-02-CT-VKSTC-2024-phat-dong-phong-trao-Thi-dua-yeu-nuoc-nganh-Kiem-sat-nhan-dan-636756.aspx
2025-06-23 08:58:14,552 - INFO - ✅ Đã lấy link: https://thuvienphapluat.vn/van-ban/Van-hoa-Xa-hoi/Chi-thi-21-CT-UBND-2024-tang-cuong-bao-dam-an-ninh-trat-tu-truoc-trong-sau-Tet-Thanh-Hoa-2025-638760.aspx
2025-06-23 08:58:14,556 - INFO - ✅ Đã lấy link: https://thuvienphapluat.vn/van-ban/Bo-may-hanh-chinh/Chi-thi-23-CT-UBND-2024-phat-dong-Phong-trao-Thi-dua-yeu-nuoc-Can-Tho-2025-637522.aspx
2025-06-23 08:58:14,559 - INFO - ✅ Đã lấy link: https://thuvienphapluat.vn/van-ban/Bo-may-hanh-chinh/Chi-thi-01-CT-VKSTC-2024-cong-tac-nganh-Kiem-sat-nhan-dan-nam-2025-636755.aspx
2025-06-23 08:58:14,563 - INFO - ✅ Đã lấy link: https://thuvienphapluat.vn/van-ban/Van-hoa-Xa-hoi/Chi-thi-40-CT-TW-2024-to-chuc-Tet-At-Ty-nam-2025-636011.aspx
2025-06-23 08:58:14,567 - INFO - ✅ Đã lấy link: https://thuvienphapluat.vn/van-ban/The-thao-Y-te/Chi-thi-17-CT-UBND-2024-tang-cuong-thuc-hien-cong-tac-dan-so-trong-tinh-hinh-moi-Ho-Chi-Minh-638758.aspx
2025-06-23 08:58:14,570 - INFO - ✅ Đã lấy link: https://thuvienphapluat.vn/van-ban/Tai-chinh-nha-nuoc/Chi-thi-17-CT-UBND-2024-day-manh-thuc-hanh-tiet-kiem-chong-lang-phi-641506.aspx
2025-06-23 08:58:14,574 - INFO - ✅ Đã lấy link: https://thuvienphapluat.vn/van-ban/Van-hoa-Xa-hoi/Chi-thi-27-CT-UBND-2024-tang-cuong-bao-dam-an-ninh-trat-tu-tet-Nguyen-dan-At-Ty-Hue-636714.aspx
2025-06-23 08:58:14,578 - INFO - ✅ Đã lấy link: https://thuvienphapluat.vn/van-ban/Van-hoa-Xa-hoi/Chi-thi-43-CT-UBND-2024-thuc-hien-dot-cao-diem-tran-ap-toi-pham-bao-dam-an-ninh-dip-tet-2025-Binh-Dinh-635069.aspx
2025-06-23 08:58:14,581 - INFO - ✅ Đã lấy link: https://thuvienphapluat.vn/van-ban/Thuong-mai/Chi-thi-07-CT-UBND-2024-trien-khai-giai-phap-bao-dam-can-doi-cung-cau-on-dinh-thi-truong-Lai-Chau-635040.aspx
2025-06-23 08:58:14,585 - INFO - ✅ Đã lấy link: https://thuvienphapluat.vn/van-ban/Tai-chinh-nha-nuoc/Chi-thi-20-CT-UBND-2024-day-manh-thuc-hanh-tiet-kiem-chong-lang-phi-Thanh-Hoa-638757.aspx
2025-06-23 08:58:14,589 - INFO - ✅ Đã lấy link: https://thuvienphapluat.vn/van-ban/Giao-duc/Chi-thi-42-CT-UBND-2024-chi-dao-to-chuc-Ky-thi-tot-nghiep-trung-hoc-pho-thong-Nam-Dinh-635010.aspx
2025-06-23 08:58:14,592 - INFO - ✅ Đã lấy link: https://thuvienphapluat.vn/van-ban/Linh-vuc-khac/Chi-thi-21-CT-UBND-2024-trien-khai-giai-phap-phong-chong-benh-Cum-gia-cam-o-dong-vat-Dak-Lak-635012.aspx
2025-06-23 08:58:14,596 - INFO - ✅ Đã lấy link: https://thuvienphapluat.vn/van-ban/Tai-chinh-nha-nuoc/Chi-thi-14-CT-UBND-2024-day-manh-thuc-hanh-tiet-kiem-chong-lang-phi-Son-La-nam-2025-635011.aspx
2025-06-23 08:58:14,600 - INFO - ✅ Đã lấy link: https://thuvienphapluat.vn/van-ban/Dau-tu/Chi-thi-12-CT-UBND-2024-nang-cao-hieu-luc-hieu-qua-thi-hanh-Luat-Dau-thau-Dak-Nong-635009.aspx
2025-06-23 08:58:14,605 - INFO - ✅ Đã lấy link: https://thuvienphapluat.vn/van-ban/Van-hoa-Xa-hoi/Chi-thi-08-CT-UBND-2024-dot-cao-diem-tran-ap-toi-pham-truoc-trong-sau-Tet-Binh-Phuoc-2025-635008.aspx
2025-06-23 08:58:14,609 - INFO - ✅ Đã lấy link: https://thuvienphapluat.vn/van-ban/Tai-nguyen-Moi-truong/Chi-thi-44-CT-TTg-2024-giai-phap-day-manh-Chien-luoc-quoc-gia-ve-tang-truong-xanh-2021-2030-634890.aspx
2025-06-23 08:58:14,614 - INFO - ✅ Đã lấy link: https://thuvienphapluat.vn/van-ban/Tai-chinh-nha-nuoc/Chi-thi-02-CT-BXD-2024-day-manh-cong-tac-phong-chong-lang-phi-trong-nganh-Xay-dung-634878.aspx
2025-06-23 08:58:14,618 - INFO - ✅ Đã lấy link: https://thuvienphapluat.vn/van-ban/Giao-duc/Chi-thi-16-CT-UBND-2024-to-chuc-Ky-thi-tot-nghiep-trung-hoc-pho-thong-Ho-Chi-Minh-2025-638756.aspx
2025-06-23 08:58:14,622 - INFO - ✅ Đã lấy link: https://thuvienphapluat.vn/van-ban/Quyen-dan-su/Chi-thi-15-CT-UBND-2024-cong-tac-tuyen-chon-goi-cong-dan-nhap-ngu-Ho-Chi-Minh-635007.aspx
2025-06-23 08:58:14,622 - INFO - ➡️ Đang truy cập: https://thuvienphapluat.vn/page/tim-van-ban.aspx?keyword=&area=0&match=True&type=1&status=1&signer=0&sort=1&lan=1&scan=0&org=0&fields=&chlbg=23/06/1945&chlend=23/06/2035&page=14
2025-06-23 08:58:15,292 - INFO - ⏳ Chờ 3.46s giả lập người dùng...
2025-06-23 08:58:20,760 - INFO - 🧭 Tiêu đề trang: Tra cứu Văn Bản Pháp Luật
2025-06-23 08:58:20,776 - INFO - ✅ Đã lấy link: https://thuvienphapluat.vn/van-ban/Van-hoa-Xa-hoi/Chi-thi-20-CT-UBND-2024-tang-cuong-phong-ngua-dau-tranh-tran-ap-toi-pham-Tet-At-Ty-Dak-Lak-635006.aspx
2025-06-23 08:58:20,779 - INFO - ✅ Đã lấy link: https://thuvienphapluat.vn/van-ban/Vi-pham-hanh-chinh/Chi-thi-26-CT-UBND-2024-xu-ly-can-bo-dieu-khien-giao-thong-trong-mau-co-nong-do-con-Hue-634428.aspx
2025-06-23 08:58:20,783 - INFO - ✅ Đã lấy link: https://thuvienphapluat.vn/van-ban/Van-hoa-Xa-hoi/Chi-thi-11-CT-UBND-2024-mo-dot-cao-diem-tran-ap-toi-pham-bao-dam-an-ninh-dip-Tet-2025-Dak-Nong-634836.aspx
2025-06-23 08:58:20,787 - INFO - ✅ Đã lấy link: https://thuvienphapluat.vn/van-ban/Bat-dong-san/Chi-thi-06-CT-UBND-2024-tang-cuong-cong-tac-quan-ly-dat-dai-Da-Nang-634756.aspx
2025-06-23 08:58:20,791 - INFO - ✅ Đã lấy link: https://thuvienphapluat.vn/van-ban/Lao-dong-Tien-luong/Chi-thi-43-CT-TTg-2024-day-manh-dao-tao-nhan-luc-cho-nganh-cong-nghiep-ban-dan-634263.aspx
2025-06-23 08:58:20,795 - INFO - ✅ Đã lấy link: https://thuvienphapluat.vn/van-ban/Giao-duc/Chi-thi-15-CT-UBND-2024-cong-tac-to-chuc-Ky-thi-tot-nghiep-trung-hoc-pho-thong-Khanh-Hoa-2025-634559.aspx
2025-06-23 08:58:20,800 - INFO - ✅ Đã lấy link: https://thuvienphapluat.vn/van-ban/Tai-nguyen-Moi-truong/Chi-thi-10-CT-UBND-2024-nang-cao-hieu-qua-cong-tac-quan-ly-tai-nguyen-nuoc-Soc-Trang-634033.aspx
2025-06-23 08:58:20,803 - INFO - ✅ Đã lấy link: https://thuvienphapluat.vn/van-ban/Van-hoa-Xa-hoi/Chi-thi-13-CT-UBND-2024-cao-diem-tan-cong-tran-ap-toi-pham-Tet-Nguyen-dan-At-Ty-Son-La-2025-633976.aspx
2025-06-23 08:58:20,807 - INFO - ✅ Đã lấy link: https://thuvienphapluat.vn/van-ban/Bo-may-hanh-chinh/Chi-thi-08-CT-UBND-2024-tang-cuong-cong-tac-dau-tranh-voi-hanh-vi-vi-pham-vu-khi-le-tet-Hai-Duong-636425.aspx
2025-06-23 08:58:20,811 - INFO - ✅ Đã lấy link: https://thuvienphapluat.vn/van-ban/Thue-Phi-Le-Phi/Chi-thi-25-CT-UBND-2024-tang-cuong-thuc-hien-chinh-sach-thue-don-vi-cong-lap-linh-vuc-Giao-duc-Hue-634415.aspx
2025-06-23 08:58:20,814 - INFO - ✅ Đã lấy link: https://thuvienphapluat.vn/van-ban/Linh-vuc-khac/Chi-thi-26-CT-UBND-2024-trien-khai-giai-phap-phong-chong-benh-Dich-ta-lon-Chau-Phi-Thai-Binh-634101.aspx
2025-06-23 08:58:20,818 - INFO - ✅ Đã lấy link: https://thuvienphapluat.vn/van-ban/Linh-vuc-khac/Chi-thi-48-CT-UBND-2024-tang-cuong-chi-dao-san-xuat-trong-trot-vu-Xuan-Nghe-An-2025-633739.aspx
2025-06-23 08:58:20,822 - INFO - ✅ Đã lấy link: https://thuvienphapluat.vn/van-ban/Linh-vuc-khac/Chi-thi-19-CT-UBND-2024-trien-khai-dong-bo-giai-phap-phong-chong-benh-Cum-gia-cam-Thanh-Hoa-633738.aspx
2025-06-23 08:58:20,826 - INFO - ✅ Đã lấy link: https://thuvienphapluat.vn/van-ban/Bo-may-hanh-chinh/Chi-thi-21-CT-UBND-2024-phong-trao-thi-dua-yeu-nuoc-chao-mung-Dai-hoi-dang-bo-Quang-Nam-633716.aspx
2025-06-23 08:58:20,830 - INFO - ✅ Đã lấy link: https://thuvienphapluat.vn/van-ban/Bo-may-hanh-chinh/Chi-thi-15-CT-UBND-2024-tang-cuong-cong-tac-tiep-cong-dan-giai-quyet-khieu-nai-Hai-Phong-637520.aspx
2025-06-23 08:58:20,834 - INFO - ✅ Đã lấy link: https://thuvienphapluat.vn/van-ban/Giao-duc/Chi-thi-14-CT-UBND-2024-tang-cuong-chi-dao-to-chuc-Ky-thi-tot-nghiep-trung-hoc-pho-thong-Ha-Noi-634197.aspx
2025-06-23 08:58:20,839 - INFO - ✅ Đã lấy link: https://thuvienphapluat.vn/van-ban/Giao-duc/Chi-thi-06-CT-UBND-2024-tang-cuong-phoi-hop-to-chuc-Ky-thi-tot-nghiep-trung-hoc-pho-thong-Gia-Lai-633055.aspx
2025-06-23 08:58:20,843 - INFO - ✅ Đã lấy link: https://thuvienphapluat.vn/van-ban/Lao-dong-Tien-luong/Chi-thi-05-CT-UBND-2024-ho-tro-nguoi-lao-dong-di-lam-viec-o-nuoc-ngoai-theo-hop-dong-Da-Nang-636713.aspx
2025-06-23 08:58:20,849 - INFO - ✅ Đã lấy link: https://thuvienphapluat.vn/van-ban/Thuong-mai/Chi-thi-07-CT-UBND-2024-tang-cuong-cong-tac-quan-ly-nha-nuoc-linh-vuc-thuong-mai-dien-tu-Hai-Duong-636243.aspx
2025-06-23 08:58:20,855 - INFO - ✅ Đã lấy link: https://thuvienphapluat.vn/van-ban/Quyen-dan-su/Chi-thi-18-CT-UBND-2024-tuyen-chon-goi-cong-dan-nhap-ngu-tham-gia-Cong-an-nhan-dan-Thanh-Hoa-633196.aspx
2025-06-23 08:58:20,855 - INFO - ➡️ Đang truy cập: https://thuvienphapluat.vn/page/tim-van-ban.aspx?keyword=&area=0&match=True&type=1&status=1&signer=0&sort=1&lan=1&scan=0&org=0&fields=&chlbg=23/06/1945&chlend=23/06/2035&page=15
2025-06-23 08:58:21,454 - INFO - ⏳ Chờ 5.23s giả lập người dùng...
2025-06-23 08:58:28,694 - INFO - 🧭 Tiêu đề trang: Tra cứu Văn Bản Pháp Luật
2025-06-23 08:58:28,710 - INFO - ✅ Đã lấy link: https://thuvienphapluat.vn/van-ban/Van-hoa-Xa-hoi/Chi-thi-10-CT-UBND-2024-tang-cuong-thuc-hien-cong-tac-dan-so-trong-tinh-hinh-moi-Bac-Kan-632878.aspx
2025-06-23 08:58:28,714 - INFO - ✅ Đã lấy link: https://thuvienphapluat.vn/van-ban/Giao-duc/Chi-thi-14-CT-UBND-2024-tang-cuong-phoi-hop-to-chuc-ky-thi-tot-nghiep-trung-hoc-pho-thong-Hai-Phong-637442.aspx
2025-06-23 08:58:28,718 - INFO - ✅ Đã lấy link: https://thuvienphapluat.vn/van-ban/Giao-duc/Chi-thi-06-CT-UBND-2024-tang-cuong-to-chuc-ky-thi-tot-nghiep-pho-thong-Binh-Thuan-2025-632502.aspx
2025-06-23 08:58:28,721 - INFO - ✅ Đã lấy link: https://thuvienphapluat.vn/van-ban/Tai-chinh-nha-nuoc/Chi-thi-08-CT-UBND-2024-tang-cuong-hieu-qua-chinh-sach-quan-ly-tai-chinh-thiet-bi-truong-hoc-Lao-Cai-646517.aspx
2025-06-23 08:58:28,725 - INFO - ✅ Đã lấy link: https://thuvienphapluat.vn/van-ban/Linh-vuc-khac/Chi-thi-13-CT-UBND-2024-tap-trung-trien-khai-giai-phap-phong-chong-benh-Dich-ta-lon-Chau-Phi-Hai-Phong-637519.aspx
2025-06-23 08:58:28,729 - INFO - ✅ Đã lấy link: https://thuvienphapluat.vn/van-ban/Linh-vuc-khac/Chi-thi-18-CT-UBND-2024-trien-khai-giai-phap-phong-chong-benh-Dich-ta-lon-Chau-Phi-Dak-Lak-632368.aspx
2025-06-23 08:58:28,733 - INFO - ✅ Đã lấy link: https://thuvienphapluat.vn/van-ban/Thuong-mai/Chi-thi-12-CT-BCT-2024-thuc-hien-giai-phap-bao-dam-can-doi-cung-cau-binh-on-thi-truong-632835.aspx
2025-06-23 08:58:28,736 - INFO - ✅ Đã lấy link: https://thuvienphapluat.vn/van-ban/Cong-nghe-thong-tin/Chi-thi-08-CT-UBND-2024-tang-cuong-cong-tac-quan-ly-tan-so-va-thiet-bi-vo-tuyen-dien-Lam-Dong-633766.aspx
2025-06-23 08:58:28,740 - INFO - ✅ Đã lấy link: https://thuvienphapluat.vn/van-ban/Tai-chinh-nha-nuoc/Chi-thi-13-CT-UBND-2024-thuc-hien-Chi-thi-36-CT-TTg-thuc-hien-Nghi-quyet-132-2024-QH15-Ha-Noi-632379.aspx
2025-06-23 08:58:28,743 - INFO - ✅ Đã lấy link: https://thuvienphapluat.vn/van-ban/Bo-may-hanh-chinh/Chi-thi-06-CT-UBND-2024-day-manh-giai-phap-cai-cach-kiem-soat-thu-tuc-hanh-chinh-Hai-Duong-636077.aspx
2025-06-23 08:58:28,747 - INFO - ✅ Đã lấy link: https://thuvienphapluat.vn/van-ban/The-thao-Y-te/Chi-thi-05-CT-UBND-2024-tang-cuong-bien-phap-phong-ngua-xu-ly-ngo-doc-thuc-pham-Hai-Duong-636076.aspx
2025-06-23 08:58:28,751 - INFO - ✅ Đã lấy link: https://thuvienphapluat.vn/van-ban/Linh-vuc-khac/Chi-thi-45-CT-UBND-2024-tap-trung-trien-khai-giai-phap-phong-chong-benh-Dich-ta-lon-Nghe-An-631748.aspx
2025-06-23 08:58:28,754 - INFO - ✅ Đã lấy link: https://thuvienphapluat.vn/van-ban/The-thao-Y-te/Chi-thi-13-CT-UBND-2024-tang-cuong-phong-ngua-ngo-doc-thuc-pham-Khanh-Hoa-635566.aspx
2025-06-23 08:58:28,758 - INFO - ✅ Đã lấy link: https://thuvienphapluat.vn/van-ban/Giao-duc/Chi-thi-14-CT-UBND-2024-tang-cuong-cong-tac-quan-ly-nha-nuoc-co-so-giao-duc-dai-hoc-Ho-Chi-Minh-632448.aspx
2025-06-23 08:58:28,762 - INFO - ✅ Đã lấy link: https://thuvienphapluat.vn/van-ban/Van-hoa-Xa-hoi/Chi-thi-22-CT-UBND-2024-phong-ngua-dau-tranh-toi-pham-nhom-thanh-thieu-nien-Can-Tho-632125.aspx
2025-06-23 08:58:28,765 - INFO - ✅ Đã lấy link: https://thuvienphapluat.vn/van-ban/Linh-vuc-khac/Chi-thi-38-CT-UBND-2024-quyet-liet-giai-phap-phong-chong-benh-Dich-ta-lon-Chau-Phi-Nam-dinh-633946.aspx
2025-06-23 08:58:28,769 - INFO - ✅ Đã lấy link: https://thuvienphapluat.vn/van-ban/Linh-vuc-khac/Chi-thi-23-CT-UBND-2024-trien-khai-quyet-liet-giai-phap-phong-chong-benh-Dich-ta-lon-Chau-Phi-Hue-632168.aspx
2025-06-23 08:58:28,773 - INFO - ✅ Đã lấy link: https://thuvienphapluat.vn/van-ban/Tai-nguyen-Moi-truong/Chi-thi-14-CT-UBND-2024-tang-cuong-cong-tac-quan-ly-bao-ve-rung-va-dat-rung-Ninh-Thuan-632647.aspx
2025-06-23 08:58:28,777 - INFO - ✅ Đã lấy link: https://thuvienphapluat.vn/van-ban/Lao-dong-Tien-luong/Chi-thi-12-CT-UBND-2024-tang-cuong-lanh-dao-chi-dao-cong-tac-phong-chong-thien-tai-Hai-Phong-637518.aspx
2025-06-23 08:58:28,780 - INFO - ✅ Đã lấy link: https://thuvienphapluat.vn/van-ban/Giao-duc/Chi-thi-10-CT-UBND-2024-phoi-hop-to-chuc-ky-thi-tot-nghiep-trung-hoc-pho-thong-Ha-Tinh-633280.aspx
2025-06-23 08:58:28,780 - INFO - ➡️ Đang truy cập: https://thuvienphapluat.vn/page/tim-van-ban.aspx?keyword=&area=0&match=True&type=1&status=1&signer=0&sort=1&lan=1&scan=0&org=0&fields=&chlbg=23/06/1945&chlend=23/06/2035&page=16
2025-06-23 08:58:29,790 - INFO - ⏳ Chờ 4.86s giả lập người dùng...
2025-06-23 08:58:36,675 - INFO - 🧭 Tiêu đề trang: Tra cứu Văn Bản Pháp Luật
2025-06-23 08:58:36,691 - INFO - ✅ Đã lấy link: https://thuvienphapluat.vn/van-ban/Xay-dung-Do-thi/Chi-thi-42-CT-TTg-2024-day-nhanh-trien-khai-xoa-nha-tam-nha-dot-nat-tren-dia-ban-ca-nuoc-631052.aspx
2025-06-23 08:58:36,695 - INFO - ✅ Đã lấy link: https://thuvienphapluat.vn/van-ban/Quyen-dan-su/Chi-thi-07-CT-UBND-2024-tuyen-chon-cong-dan-nhap-ngu-Lao-Cai-2025-633600.aspx
2025-06-23 08:58:36,698 - INFO - ✅ Đã lấy link: https://thuvienphapluat.vn/van-ban/Bo-may-hanh-chinh/Chi-thi-17-CT-UBND-2024-tang-cuong-cong-tac-ky-luat-co-quan-hanh-chinh-nha-nuoc-cac-cap-Dak-Lak-630789.aspx
2025-06-23 08:58:36,702 - INFO - ✅ Đã lấy link: https://thuvienphapluat.vn/van-ban/Dau-tu/Chi-thi-12-CT-UBND-2024-day-manh-nang-cao-hieu-luc-hieu-qua-thi-hanh-Luat-Dau-thau-Son-La-630788.aspx
2025-06-23 08:58:36,706 - INFO - ✅ Đã lấy link: https://thuvienphapluat.vn/van-ban/Thuong-mai/Chi-thi-09-CT-UBND-2024-tang-cuong-quan-ly-thue-hoat-dong-thuong-mai-dien-tu-Bac-Kan-633752.aspx
2025-06-23 08:58:36,709 - INFO - ✅ Đã lấy link: https://thuvienphapluat.vn/van-ban/Linh-vuc-khac/Chi-thi-41-CT-TTg-2024-tap-trung-trien-khai-giai-phap-phong-chong-benh-Dich-ta-lon-Chau-Phi-630776.aspx
2025-06-23 08:58:36,713 - INFO - ✅ Đã lấy link: https://thuvienphapluat.vn/van-ban/Tien-te-Ngan-hang/Chi-thi-05-CT-NHNN-2024-tang-cuong-quan-ly-rui-ro-rua-tien-trong-linh-vuc-ngan-hang-2024-2028-630968.aspx
2025-06-23 08:58:36,717 - INFO - ✅ Đã lấy link: https://thuvienphapluat.vn/van-ban/The-thao-Y-te/Chi-thi-17-CT-UBND-2024-tang-cuong-cham-soc-suc-khoe-tre-em-duoi-05-tuoi-Hoa-Binh-634669.aspx
2025-06-23 08:58:36,721 - INFO - ✅ Đã lấy link: https://thuvienphapluat.vn/van-ban/Bat-dong-san/Chi-thi-22-CT-UBND-2024-tang-cuong-quan-ly-tinh-hinh-bien-dong-gia-bat-dong-san-Hue-630471.aspx
2025-06-23 08:58:36,725 - INFO - ✅ Đã lấy link: https://thuvienphapluat.vn/van-ban/Giao-duc/Chi-thi-10-CT-UBND-2024-tang-cuong-phoi-hop-to-chuc-Ky-thi-tot-nghiep-trung-hoc-pho-thong-Yen-Bai-630479.aspx
2025-06-23 08:58:36,728 - INFO - ✅ Đã lấy link: https://thuvienphapluat.vn/van-ban/Tai-chinh-nha-nuoc/Chi-thi-1488-CT-UBND-2024-tang-cuong-cong-tac-quan-ly-tai-san-cong-tai-cac-to-chuc-hoi-Ha-Giang-631948.aspx
2025-06-23 08:58:36,732 - INFO - ✅ Đã lấy link: https://thuvienphapluat.vn/van-ban/Linh-vuc-khac/Chi-thi-10-CT-BCT-2024-tang-cuong-quan-ly-hoa-chat-han-che-san-xuat-trong-linh-vuc-cong-nghiep-632986.aspx
2025-06-23 08:58:36,736 - INFO - ✅ Đã lấy link: https://thuvienphapluat.vn/van-ban/Dau-tu/Chi-thi-15-CT-UBND-2024-nang-cao-hieu-qua-thi-hanh-phap-luat-ve-dau-thau-Dak-Lak-629643.aspx
2025-06-23 08:58:36,739 - INFO - ✅ Đã lấy link: https://thuvienphapluat.vn/van-ban/Tai-nguyen-Moi-truong/Chi-thi-06-CT-UBND-2024-tang-cuong-cong-tac-phong-chay-chua-chay-rung-mua-kho-Lai-Chau-629920.aspx
2025-06-23 08:58:36,743 - INFO - ✅ Đã lấy link: https://thuvienphapluat.vn/van-ban/Dau-tu/Chi-thi-12-CT-UBND-2024-day-manh-giai-ngan-von-dau-tu-cong-nhung-thang-cuoi-nam-Ha-Noi-629477.aspx
2025-06-23 08:58:36,747 - INFO - ✅ Đã lấy link: https://thuvienphapluat.vn/van-ban/Giao-duc/Chi-thi-9-CT-UBND-2024-chi-dao-to-chuc-Ky-thi-tot-nghiep-trung-hoc-pho-thong-Bac-Giang-629540.aspx
2025-06-23 08:58:36,751 - INFO - ✅ Đã lấy link: https://thuvienphapluat.vn/van-ban/Tien-te-Ngan-hang/Chi-thi-39-CT-TW-2024-nang-cao-hieu-qua-cua-tin-dung-chinh-sach-xa-hoi-giai-doan-moi-632256.aspx
2025-06-23 08:58:36,755 - INFO - ✅ Đã lấy link: https://thuvienphapluat.vn/van-ban/Giao-duc/Chi-thi-15-CT-UBND-2024-tang-cuong-chi-dao-to-chuc-ky-thi-tot-nghiep-trung-hoc-pho-thong-Binh-Duong-630079.aspx
2025-06-23 08:58:36,758 - INFO - ✅ Đã lấy link: https://thuvienphapluat.vn/van-ban/Bo-may-hanh-chinh/Chi-thi-08-CT-UBND-2024-xu-ly-can-bo-khong-hop-tac-voi-luc-luong-chuc-nang-trong-xu-ly-vi-pham-Ha-Tinh-633279.aspx
2025-06-23 08:58:36,762 - INFO - ✅ Đã lấy link: https://thuvienphapluat.vn/van-ban/Tai-chinh-nha-nuoc/Chi-thi-08-CT-UBND-2024-tang-cuong-cong-tac-thu-ngan-sach-nha-nuoc-Vung-Tau-629797.aspx
2025-06-23 08:58:36,762 - INFO - ➡️ Đang truy cập: https://thuvienphapluat.vn/page/tim-van-ban.aspx?keyword=&area=0&match=True&type=1&status=1&signer=0&sort=1&lan=1&scan=0&org=0&fields=&chlbg=23/06/1945&chlend=23/06/2035&page=17
2025-06-23 08:58:37,255 - INFO - ⏳ Chờ 4.28s giả lập người dùng...
2025-06-23 08:58:43,560 - INFO - 🧭 Tiêu đề trang: Tra cứu Văn Bản Pháp Luật
2025-06-23 08:58:43,575 - INFO - ✅ Đã lấy link: https://thuvienphapluat.vn/van-ban/Tai-chinh-nha-nuoc/Chi-thi-40-CT-TTg-2024-tang-cuong-cong-tac-quan-ly-tai-san-cong-tai-cac-to-chuc-hoi-628981.aspx
2025-06-23 08:58:43,579 - INFO - ✅ Đã lấy link: https://thuvienphapluat.vn/van-ban/Bat-dong-san/Chi-thi-06-CT-UBND-2024-giai-quyet-ho-so-cap-Giay-chung-nhan-quyen-su-dung-dat-Lam-Dong-630492.aspx
2025-06-23 08:58:43,583 - INFO - ✅ Đã lấy link: https://thuvienphapluat.vn/van-ban/Giao-duc/Chi-thi-12-CT-UBND-2024-tang-cuong-chi-dao-to-chuc-Ky-thi-tot-nghiep-trung-hoc-pho-thong-Quang-Ngai-628894.aspx
2025-06-23 08:58:43,586 - INFO - ✅ Đã lấy link: https://thuvienphapluat.vn/van-ban/Quyen-dan-su/Chi-thi-10-CT-UBND-2024-tuyen-chon-goi-cong-dan-nhap-ngu-vao-quan-doi-nhan-dan-Quang-Binh-631011.aspx
2025-06-23 08:58:43,590 - INFO - ✅ Đã lấy link: https://thuvienphapluat.vn/van-ban/Van-hoa-Xa-hoi/Chi-thi-11-CT-UBND-2024-tang-cuong-thuc-hien-cong-tac-dan-so-tinh-hinh-moi-Ha-Noi-630365.aspx
2025-06-23 08:58:43,594 - INFO - ✅ Đã lấy link: https://thuvienphapluat.vn/van-ban/Bo-may-hanh-chinh/Chi-thi-05-CT-UBND-2024-tang-cuong-ky-luat-ky-cuong-hanh-chinh-thuc-thi-nhiem-vu-co-quan-Tuyen-Quang-628907.aspx
2025-06-23 08:58:43,598 - INFO - ✅ Đã lấy link: https://thuvienphapluat.vn/van-ban/Xay-dung-Do-thi/Chi-thi-05-CT-UBND-2024-phat-dong-phong-trao-thi-dua-Chung-tay-xoa-nha-tam-nha-dot-nat-Gia-Lai-641599.aspx
2025-06-23 08:58:43,602 - INFO - ✅ Đã lấy link: https://thuvienphapluat.vn/van-ban/Thuong-mai/Chi-thi-39-CT-TTg-2024-day-manh-phong-trao-thi-dua-yeu-nuoc-chao-mung-Dai-hoi-dang-bo-627524.aspx
2025-06-23 08:58:43,606 - INFO - ✅ Đã lấy link: https://thuvienphapluat.vn/van-ban/Cong-nghe-thong-tin/Chi-thi-09-CT-UBND-2024-tang-cuong-cong-tac-quan-ly-tan-so-va-thiet-bi-vo-tuyen-dien-Quang-Ninh-629659.aspx
2025-06-23 08:58:43,610 - INFO - ✅ Đã lấy link: https://thuvienphapluat.vn/van-ban/Bo-may-hanh-chinh/Chi-thi-06-CT-UBND-2024-tang-cuong-tinh-chu-dong-so-ban-nganh-thuc-hien-nhiem-vu-duoc-giao-An-Giang-628895.aspx
2025-06-23 08:58:43,613 - INFO - ✅ Đã lấy link: https://thuvienphapluat.vn/van-ban/Dau-tu/Chi-thi-13-CT-UBND-2024-tang-cuong-cong-tac-quan-ly-nha-nuoc-hoat-dong-dau-tu-cong-Vinh-Phuc-631845.aspx
2025-06-23 08:58:43,617 - INFO - ✅ Đã lấy link: https://thuvienphapluat.vn/van-ban/The-thao-Y-te/Chi-thi-38-CT-TTg-2024-tang-cuong-phong-ngua-ngo-doc-thuc-pham-627182.aspx
2025-06-23 08:58:43,620 - INFO - ✅ Đã lấy link: https://thuvienphapluat.vn/van-ban/Trach-nhiem-hinh-su/Chi-thi-17-CT-UBND-2024-nang-cao-hieu-qua-cong-tac-thi-hanh-an-hinh-su-tai-cong-dong-Kon-Tum-627104.aspx
2025-06-23 08:58:43,624 - INFO - ✅ Đã lấy link: https://thuvienphapluat.vn/van-ban/The-thao-Y-te/Chi-thi-11-CT-UBND-2024-tang-cuong-trien-khai-cong-tac-phong-chong-benh-soi-Ninh-Thuan-627450.aspx
2025-06-23 08:58:43,628 - INFO - ✅ Đã lấy link: https://thuvienphapluat.vn/van-ban/Giao-thong-Van-tai/Chi-thi-32-CT-UBND-2024-xu-ly-can-bo-dieu-khien-phuong-tien-giao-thong-trong-mau-co-nong-do-con-Nam-Dinh-626983.aspx
2025-06-23 08:58:43,631 - INFO - ✅ Đã lấy link: https://thuvienphapluat.vn/van-ban/Tai-nguyen-Moi-truong/Chi-thi-09-CT-UBND-2024-phong-chong-han-xam-nhap-man-Tien-Giang-2025-627256.aspx
2025-06-23 08:58:43,635 - INFO - ✅ Đã lấy link: https://thuvienphapluat.vn/van-ban/Van-hoa-Xa-hoi/Chi-thi-12-CT-UBND-2024-tang-cuong-thuc-hien-cong-tac-dan-so-trong-tinh-hinh-moi-Vinh-Phuc-631844.aspx
2025-06-23 08:58:43,639 - INFO - ✅ Đã lấy link: https://thuvienphapluat.vn/van-ban/Vi-pham-hanh-chinh/Chi-thi-18-CT-UBND-2024-xu-ly-can-bo-dieu-khien-phuong-tien-giao-thong-hoi-tho-co-nong-do-con-Binh-Dinh-627642.aspx
2025-06-23 08:58:43,643 - INFO - ✅ Đã lấy link: https://thuvienphapluat.vn/van-ban/Dau-tu/Chi-thi-19-CT-UBND-2024-lap-Ke-hoach-dau-tu-cong-trung-han-Can-Tho-2026-2030-626704.aspx
2025-06-23 08:58:43,646 - INFO - ✅ Đã lấy link: https://thuvienphapluat.vn/van-ban/Giao-duc/Chi-thi-37-CT-TTg-2024-tang-cuong-chi-dao-to-chuc-ky-thi-tot-nghiep-trung-hoc-pho-thong-626615.aspx
2025-06-23 08:58:43,647 - INFO - ➡️ Đang truy cập: https://thuvienphapluat.vn/page/tim-van-ban.aspx?keyword=&area=0&match=True&type=1&status=1&signer=0&sort=1&lan=1&scan=0&org=0&fields=&chlbg=23/06/1945&chlend=23/06/2035&page=18
2025-06-23 08:58:44,162 - INFO - ⏳ Chờ 4.12s giả lập người dùng...
2025-06-23 08:58:50,293 - INFO - 🧭 Tiêu đề trang: Tra cứu Văn Bản Pháp Luật
2025-06-23 08:58:50,309 - INFO - ✅ Đã lấy link: https://thuvienphapluat.vn/van-ban/Linh-vuc-khac/Chi-thi-10-CT-UBND-2024-giai-phap-phong-chong-benh-dich-ta-lon-chau-phi-Ninh-Thuan-627451.aspx
2025-06-23 08:58:50,313 - INFO - ✅ Đã lấy link: https://thuvienphapluat.vn/van-ban/Tai-chinh-nha-nuoc/Chi-thi-36-CT-TTg-2024-thuc-hien-Nghi-quyet-132-2024-QH15-du-toan-ngan-sach-nha-nuoc-2022-626381.aspx
2025-06-23 08:58:50,316 - INFO - ✅ Đã lấy link: https://thuvienphapluat.vn/van-ban/Bo-may-hanh-chinh/Chi-thi-05-CT-UBND-2024-nang-cao-trach-nhiem-giai-quyet-cong-viec-co-quan-dia-phuong-Lam-Dong-627860.aspx
2025-06-23 08:58:50,320 - INFO - ✅ Đã lấy link: https://thuvienphapluat.vn/van-ban/Giao-duc/Chi-thi-39-CT-UBND-2024-trien-khai-nhiem-vu-nam-hoc-giao-duc-dao-tao-Nghe-An-2024-2025-625936.aspx
2025-06-23 08:58:50,324 - INFO - ✅ Đã lấy link: https://thuvienphapluat.vn/van-ban/Quyen-dan-su/Chi-thi-10-CT-UBND-2024-tuyen-chon-cong-dan-nhap-ngu-thuc-hien-nghia-vu-Cong-an-Ha-Noi-626039.aspx
2025-06-23 08:58:50,328 - INFO - ✅ Đã lấy link: https://thuvienphapluat.vn/van-ban/Thuong-mai/Chi-thi-08-CT-BCT-2024-trien-khai-Cong-dien-99-CD-TTg-giai-phap-bao-dam-cung-ung-xang-dau-627883.aspx
2025-06-23 08:58:50,331 - INFO - ✅ Đã lấy link: https://thuvienphapluat.vn/van-ban/Quyen-dan-su/Chi-thi-29-CT-UBND-2024-tuyen-chon-cong-dan-nhap-ngu-thuc-hien-nghia-vu-Cong-an-Nam-Dinh-625697.aspx
2025-06-23 08:58:50,335 - INFO - ✅ Đã lấy link: https://thuvienphapluat.vn/van-ban/Van-hoa-Xa-hoi/Chi-thi-13-CT-UBND-2024-tang-cuong-cong-tac-phong-chong-te-nan-ma-tuy-mai-dam-Ho-Chi-Minh-627024.aspx
2025-06-23 08:58:50,338 - INFO - ✅ Đã lấy link: https://thuvienphapluat.vn/van-ban/Quyen-dan-su/Chi-thi-20-CT-UBND-2024-goi-cong-dan-vao-phuc-vu-tai-ngu-trong-Quan-doi-nhan-dan-Hue-2025-625979.aspx
2025-06-23 08:58:50,342 - INFO - ✅ Đã lấy link: https://thuvienphapluat.vn/van-ban/Giao-duc/Chi-thi-09-CT-UBND-2024-thuc-hien-Chi-thi-31-CT-TTg-thuc-hiennhiem-vu-nam-hoc-2024-2025-Ninh-Thuan-626364.aspx
2025-06-23 08:58:50,346 - INFO - ✅ Đã lấy link: https://thuvienphapluat.vn/van-ban/Thuong-mai/Chi-thi-10-CT-UBND-2024-kich-cau-tieu-dung-ho-tro-san-xuat-kinh-doanh-Dak-Nong-630859.aspx
2025-06-23 08:58:50,350 - INFO - ✅ Đã lấy link: https://thuvienphapluat.vn/van-ban/Thuong-mai/Chi-thi-12-CT-UBND-2024-tang-cuong-cong-tac-quan-ly-hoa-chat-linh-vuc-cong-nghiep-Vinh-Long-626351.aspx
2025-06-23 08:58:50,353 - INFO - ✅ Đã lấy link: https://thuvienphapluat.vn/van-ban/Van-hoa-Xa-hoi/Chi-thi-16-CT-UBND-2024-tang-cuong-thuc-hien-cong-tac-dan-so-trong-tinh-hinh-moi-Thanh-Hoa-625803.aspx
2025-06-23 08:58:50,357 - INFO - ✅ Đã lấy link: https://thuvienphapluat.vn/van-ban/Giao-duc/Chi-thi-18-CT-UBND-2024-thuc-hien-nhiem-vu-nam-hoc-2024-2025-Can-Tho-625227.aspx
2025-06-23 08:58:50,360 - INFO - ✅ Đã lấy link: https://thuvienphapluat.vn/van-ban/Van-hoa-Xa-hoi/Chi-thi-22-CT-UBND-2024-tang-cuong-thuc-hien-cong-tac-Dan-so-trong-tinh-hinh-moi-Thai-Binh-625036.aspx
2025-06-23 08:58:50,364 - INFO - ✅ Đã lấy link: https://thuvienphapluat.vn/van-ban/Bat-dong-san/Chi-thi-19-CT-UBND-2024-quan-ly-dau-gia-quyen-su-dung-dat-tranh-that-thu-ngan-sach-nha-nuoc-Hue-625082.aspx
2025-06-23 08:58:50,368 - INFO - ✅ Đã lấy link: https://thuvienphapluat.vn/van-ban/Ke-toan-Kiem-toan/Chi-thi-1600-CT-KTNN-2024-dieu-chinh-kiem-toan-khac-phuc-hau-qua-dia-phuong-bi-anh-huong-bao-so-3-625086.aspx
2025-06-23 08:58:50,371 - INFO - ✅ Đã lấy link: https://thuvienphapluat.vn/van-ban/Vi-pham-hanh-chinh/Chi-thi-35-CT-TTg-2024-xu-ly-can-bo-vi-pham-dieu-khien-phuong-tien-giao-thong-trong-mau-co-nong-do-con-624721.aspx
2025-06-23 08:58:50,376 - INFO - ✅ Đã lấy link: https://thuvienphapluat.vn/van-ban/Cong-nghe-thong-tin/Chi-thi-34-CT-TTg-2024-xay-dung-de-an-chuyen-doi-so-cua-cac-bo-nganh-dia-phuong-624652.aspx
2025-06-23 08:58:50,380 - INFO - ✅ Đã lấy link: https://thuvienphapluat.vn/van-ban/Giao-duc/Chi-thi-14-CT-UBND-2024-nhiem-vu-trong-tam-nganh-Giao-duc-Dak-Lak-nam-hoc-2024-2025-624629.aspx
2025-06-23 08:58:50,380 - INFO - ➡️ Đang truy cập: https://thuvienphapluat.vn/page/tim-van-ban.aspx?keyword=&area=0&match=True&type=1&status=1&signer=0&sort=1&lan=1&scan=0&org=0&fields=&chlbg=23/06/1945&chlend=23/06/2035&page=19
2025-06-23 08:58:50,956 - INFO - ⏳ Chờ 3.60s giả lập người dùng...
2025-06-23 08:58:56,566 - INFO - 🧭 Tiêu đề trang: Tra cứu Văn Bản Pháp Luật
2025-06-23 08:58:56,581 - INFO - ✅ Đã lấy link: https://thuvienphapluat.vn/van-ban/Quyen-dan-su/Chi-thi-11-CT-CTUBND-2024-tuyen-chon-cong-dan-nhap-ngu-thuc-hien-nghia-vu-Cong-an-Vinh-Phuc-626165.aspx
2025-06-23 08:58:56,584 - INFO - ✅ Đã lấy link: https://thuvienphapluat.vn/van-ban/Thue-Phi-Le-Phi/Chi-thi-04-CT-UBND-2024-thuc-hien-Chien-luoc-cai-cach-he-thong-thue-Hai-Duong-626408.aspx
2025-06-23 08:58:56,588 - INFO - ✅ Đã lấy link: https://thuvienphapluat.vn/van-ban/Tai-nguyen-Moi-truong/Chi-thi-11-CT-UBND-2024-an-toan-cong-trinh-cau-giao-thong-trong-mua-mua-bao-Quang-Ngai-623989.aspx
2025-06-23 08:58:56,591 - INFO - ✅ Đã lấy link: https://thuvienphapluat.vn/van-ban/Doanh-nghiep/Chi-thi-33-CT-TTg-2024-thuc-day-doi-moi-phat-trien-cong-ty-nong-lam-nghiep-theo-ket-luan-Bo-Chinh-tri-623811.aspx
2025-06-23 08:58:56,595 - INFO - ✅ Đã lấy link: https://thuvienphapluat.vn/van-ban/Linh-vuc-khac/Chi-thi-6656-CT-BNN-TT-2024-tang-cuong-quan-ly-suc-khoe-dat-huong-toi-san-xuat-trong-trot-ben-vung-625012.aspx
2025-06-23 08:58:56,598 - INFO - ✅ Đã lấy link: https://thuvienphapluat.vn/van-ban/The-thao-Y-te/Chi-thi-07-CT-BYT-2024-tang-cuong-giam-dinh-phap-y-phap-y-tam-than-va-bat-buoc-chua-benh-623615.aspx
2025-06-23 08:58:56,602 - INFO - ✅ Đã lấy link: https://thuvienphapluat.vn/van-ban/Van-hoa-Xa-hoi/Chi-thi-18-CT-UBND-2024-tang-cuong-thuc-hien-cong-tac-dan-so-trong-tinh-hinh-moi-Hue-624039.aspx
2025-06-23 08:58:56,605 - INFO - ✅ Đã lấy link: https://thuvienphapluat.vn/van-ban/Dau-tu/Chi-thi-07-CT-UBND-2024-giai-phap-trong-tam-day-manh-giai-ngan-von-dau-tu-cong-Binh-Phuoc-623578.aspx
2025-06-23 08:58:56,609 - INFO - ✅ Đã lấy link: https://thuvienphapluat.vn/van-ban/Giao-duc/Chi-thi-17-CT-UBND-2024-giai-phap-chu-yeu-nganh-Giao-duc-Binh-Dinh-nam-hoc-2024-2025-624175.aspx
2025-06-23 08:58:56,612 - INFO - ✅ Đã lấy link: https://thuvienphapluat.vn/van-ban/Dau-tu/Chi-thi-16-CT-UBND-2024-xay-dung-ke-hoach-dau-tu-cong-trung-han-Kon-Tum-giai-doan-2026-2030-623479.aspx
2025-06-23 08:58:56,616 - INFO - ✅ Đã lấy link: https://thuvienphapluat.vn/van-ban/Giao-duc/Chi-thi-12-CT-UBND-2024-tang-cuong-dam-bao-an-toan-thuc-pham-co-so-giao-duc-Khanh-Hoa-623678.aspx
2025-06-23 08:58:56,620 - INFO - ✅ Đã lấy link: https://thuvienphapluat.vn/van-ban/Giao-duc/Chi-thi-05-CT-UBND-2024-thuc-hien-nhiem-vu-trong-tam-Ben-Tre-nam-hoc-2024-2025-624043.aspx
2025-06-23 08:58:56,623 - INFO - ✅ Đã lấy link: https://thuvienphapluat.vn/van-ban/Dau-tu/Chi-thi-10-CT-UBND-2024-tang-cuong-cong-tac-giam-sat-danh-gia-dau-tu-Vinh-Phuc-625271.aspx
2025-06-23 08:58:56,627 - INFO - ✅ Đã lấy link: https://thuvienphapluat.vn/van-ban/Giao-duc/Chi-thi-07-CT-CTUBND-2024-thuc-hien-nhiem-vu-trong-tam-nam-hoc-nganh-Giao-duc-Hung-Yen-625491.aspx
2025-06-23 08:58:56,631 - INFO - ✅ Đã lấy link: https://thuvienphapluat.vn/van-ban/Van-hoa-Xa-hoi/Chi-thi-09-CT-UBND-2024-tang-cuong-thuc-hien-cong-tac-dan-so-trong-tinh-hinh-moi-Dak-Nong-623365.aspx
2025-06-23 08:58:56,634 - INFO - ✅ Đã lấy link: https://thuvienphapluat.vn/van-ban/Cong-nghe-thong-tin/Chi-thi-32-CT-TTg-2024-day-manh-thuc-hien-Nghi-quyet-175-NQ-CP-De-an-Trung-tam-du-lieu-quoc-gia-623106.aspx
2025-06-23 08:58:56,638 - INFO - ✅ Đã lấy link: https://thuvienphapluat.vn/van-ban/Giao-duc/Chi-thi-31-CT-TTg-2024-tang-cuong-dieu-kien-bao-dam-thuc-hien-hieu-qua-nhiem-vu-nam-hoc-2024-2025-623107.aspx
2025-06-23 08:58:56,641 - INFO - ✅ Đã lấy link: https://thuvienphapluat.vn/van-ban/Giao-duc/Chi-thi-06-CT-UBND-2024-nhiem-vu-trong-tam-Lao-Cai-nam-hoc-2024-2025-623482.aspx
2025-06-23 08:58:56,646 - INFO - ✅ Đã lấy link: https://thuvienphapluat.vn/van-ban/Van-hoa-Xa-hoi/Chi-thi-8-CT-UBND-2024-quan-ly-cong-tac-ra-pha-bom-min-vat-no-sau-chien-tranh-Bac-Giang-626344.aspx
2025-06-23 08:58:56,649 - INFO - ✅ Đã lấy link: https://thuvienphapluat.vn/van-ban/Linh-vuc-khac/Chi-thi-33-CT-UBND-2024-tang-cuong-cong-tac-chi-dao-san-xuat-trong-trot-vu-Dong-Nghe-An-622869.aspx
2025-06-23 08:58:56,649 - INFO - ➡️ Đang truy cập: https://thuvienphapluat.vn/page/tim-van-ban.aspx?keyword=&area=0&match=True&type=1&status=1&signer=0&sort=1&lan=1&scan=0&org=0&fields=&chlbg=23/06/1945&chlend=23/06/2035&page=20
2025-06-23 08:58:57,577 - INFO - ⏳ Chờ 4.08s giả lập người dùng...
2025-06-23 08:59:03,666 - INFO - 🧭 Tiêu đề trang: Tra cứu Văn Bản Pháp Luật
2025-06-23 08:59:03,682 - INFO - ✅ Đã lấy link: https://thuvienphapluat.vn/van-ban/Dau-tu/Chi-thi-18-CT-UBND-2024-lap-ke-hoach-dau-tu-cong-trung-han-Quang-Nam-2026-2030-623009.aspx
2025-06-23 08:59:03,686 - INFO - ✅ Đã lấy link: https://thuvienphapluat.vn/van-ban/Dau-tu/Chi-thi-17-CT-UBND-2024-lap-ke-hoach-dau-tu-cong-trung-han-Hue-623690.aspx
2025-06-23 08:59:03,689 - INFO - ✅ Đã lấy link: https://thuvienphapluat.vn/van-ban/Dau-tu/Chi-thi-15-CT-UBND-2024-lap-ke-hoach-dau-tu-cong-trung-han-Thanh-Hoa-2026-2030-624900.aspx
2025-06-23 08:59:03,693 - INFO - ✅ Đã lấy link: https://thuvienphapluat.vn/van-ban/The-thao-Y-te/Chi-thi-08-CT-UBND-2024-tang-cuong-cham-soc-suc-khoe-tre-em-nham-giam-tu-vong-duoi-05-tuoi-Bac-Ninh-622850.aspx
2025-06-23 08:59:03,697 - INFO - ✅ Đã lấy link: https://thuvienphapluat.vn/van-ban/Van-hoa-Xa-hoi/Chi-thi-30-CT-TTg-2024-phat-trien-cac-nganh-cong-nghiep-van-hoa-Viet-Nam-622838.aspx
2025-06-23 08:59:03,700 - INFO - ✅ Đã lấy link: https://thuvienphapluat.vn/van-ban/Giao-duc/Chi-thi-17-CT-UBND-2024-nhiem-vu-trong-tam-nam-hoc-2024-2025-Quang-Nam-624706.aspx
2025-06-23 08:59:03,704 - INFO - ✅ Đã lấy link: https://thuvienphapluat.vn/van-ban/Dau-tu/Chi-thi-14-CT-UBND-2024-thuc-hien-nhiem-vu-day-manh-giai-ngan-von-dau-tu-cong-cuoi-nam-Thanh-Hoa-624899.aspx
2025-06-23 08:59:03,708 - INFO - ✅ Đã lấy link: https://thuvienphapluat.vn/van-ban/Thuong-mai/Chi-thi-29-CT-TTg-2024-kich-cau-tieu-dung-ho-tro-san-xuat-phat-trien-thi-truong-trong-nuoc-622808.aspx
2025-06-23 08:59:03,712 - INFO - ✅ Đã lấy link: https://thuvienphapluat.vn/van-ban/Dau-tu/Chi-thi-30-CT-UBND-2024-lap-ke-hoach-dau-tu-cong-trung-han-giai-doan-2026-2030-Nghe-An-622740.aspx
2025-06-23 08:59:03,715 - INFO - ✅ Đã lấy link: https://thuvienphapluat.vn/van-ban/Xay-dung-Do-thi/Chi-thi-28-CT-TTg-2024-giai-phap-thuc-day-san-xuat-tieu-thu-xi-mang-sat-thep-va-vat-lieu-xay-dung-622507.aspx
2025-06-23 08:59:03,719 - INFO - ✅ Đã lấy link: https://thuvienphapluat.vn/van-ban/The-thao-Y-te/Chi-thi-06-CT-BYT-2024-tang-cuong-cong-tac-nang-cao-chat-luong-dich-vu-kham-chua-benh-622383.aspx
2025-06-23 08:59:03,722 - INFO - ✅ Đã lấy link: https://thuvienphapluat.vn/van-ban/Quyen-dan-su/Chi-thi-11-CT-UBND-2024-thuc-hien-cong-tac-tuyen-chon-cong-dan-nhap-ngu-nam-2025-Khanh-Hoa-622531.aspx
2025-06-23 08:59:03,726 - INFO - ✅ Đã lấy link: https://thuvienphapluat.vn/van-ban/Quyen-dan-su/Chi-thi-09-CT-UBND-2024-tuyen-chon-goi-cong-dan-nhap-ngu-nam-2025-Yen-Bai-623398.aspx
2025-06-23 08:59:03,729 - INFO - ✅ Đã lấy link: https://thuvienphapluat.vn/van-ban/The-thao-Y-te/Chi-thi-04-CT-UBND-2024-cham-soc-suc-khoe-tre-em-nham-giam-tu-vong-tre-em-duoi-05-tuoi-An-Giang-624234.aspx
2025-06-23 08:59:03,733 - INFO - ✅ Đã lấy link: https://thuvienphapluat.vn/van-ban/Van-hoa-Xa-hoi/Chi-thi-16-CT-UBND-2024-tang-cuong-thuc-hien-cong-tac-dan-so-trong-tinh-hinh-moi-Binh-Dinh-622530.aspx
2025-06-23 08:59:03,736 - INFO - ✅ Đã lấy link: https://thuvienphapluat.vn/van-ban/Dau-tu/Chi-thi-10-CT-UBND-2024-lap-ke-hoach-dau-tu-cong-trung-han-Son-La-giai-doan-2026-2030-622851.aspx
2025-06-23 08:59:03,740 - INFO - ✅ Đã lấy link: https://thuvienphapluat.vn/van-ban/Van-hoa-Xa-hoi/Chi-thi-10-CT-UBND-2024-tang-cuong-bien-phap-phong-chong-bao-luc-xam-hai-o-tre-em-Quang-Ngai-621729.aspx
2025-06-23 08:59:03,744 - INFO - ✅ Đã lấy link: https://thuvienphapluat.vn/van-ban/The-thao-Y-te/Chi-thi-11-CT-UBND-2024-tang-cuong-cham-soc-suc-khoe-tre-em-nham-giam-tu-vong-duoi-05-tuoi-Vinh-Long-622933.aspx
2025-06-23 08:59:03,748 - INFO - ✅ Đã lấy link: https://thuvienphapluat.vn/van-ban/The-thao-Y-te/Chi-thi-07-CT-UBND-2024-cham-soc-suc-khoe-tre-em-giam-tu-vong-tre-em-duoi-05-tuoi-Ninh-Thuan-621863.aspx
2025-06-23 08:59:03,751 - INFO - ✅ Đã lấy link: https://thuvienphapluat.vn/van-ban/The-thao-Y-te/Chi-thi-13-CT-UBND-2024-tang-cuong-cham-soc-suc-khoe-tre-em-nham-giam-tu-vong-duoi-05-tuoi-Thanh-Hoa-624898.aspx
2025-06-23 08:59:03,751 - INFO - ➡️ Đang truy cập: https://thuvienphapluat.vn/page/tim-van-ban.aspx?keyword=&area=0&match=True&type=1&status=1&signer=0&sort=1&lan=1&scan=0&org=0&fields=&chlbg=23/06/1945&chlend=23/06/2035&page=21
2025-06-23 08:59:04,436 - INFO - ⏳ Chờ 5.55s giả lập người dùng...
2025-06-23 08:59:12,008 - INFO - 🧭 Tiêu đề trang: Tra cứu Văn Bản Pháp Luật
2025-06-23 08:59:12,024 - INFO - ✅ Đã lấy link: https://thuvienphapluat.vn/van-ban/Cong-nghe-thong-tin/Chi-thi-03-CT-BTTTT-2024-nang-cao-hieu-qua-giam-dinh-tu-phap-linh-vuc-thong-tin-truyen-thong-622044.aspx
2025-06-23 08:59:12,028 - INFO - ✅ Đã lấy link: https://thuvienphapluat.vn/van-ban/Van-hoa-Xa-hoi/Chi-thi-27-CT-TTg-2024-tang-cuong-thuc-hien-cong-tac-dan-so-trong-tinh-hinh-moi-621383.aspx
2025-06-23 08:59:12,031 - INFO - ✅ Đã lấy link: https://thuvienphapluat.vn/van-ban/Thu-tuc-To-tung/Chi-thi-05-2024-CT-CA-tang-cuong-cong-tac-thi-hanh-an-hinh-su-trong-Toa-an-621375.aspx
2025-06-23 08:59:12,035 - INFO - ✅ Đã lấy link: https://thuvienphapluat.vn/van-ban/The-thao-Y-te/Chi-thi-10-CT-UBND-2024-tang-cuong-cham-soc-suc-khoe-tre-em-duoi-05-tuoi-Khanh-Hoa-621493.aspx
2025-06-23 08:59:12,039 - INFO - ✅ Đã lấy link: https://thuvienphapluat.vn/van-ban/Bo-may-hanh-chinh/Chi-thi-09-CT-UBND-2024-hieu-qua-trong-cong-tac-phong-chong-tham-nhung-tieu-cuc-Ha-Noi-621312.aspx
2025-06-23 08:59:12,044 - INFO - ✅ Đã lấy link: https://thuvienphapluat.vn/van-ban/Tai-chinh-nha-nuoc/Chi-thi-09-CT-UBND-2024-xay-dung-ke-hoach-tai-chinh-05-nam-Vinh-Phuc-2026-2030-623078.aspx
2025-06-23 08:59:12,047 - INFO - ✅ Đã lấy link: https://thuvienphapluat.vn/van-ban/Thuong-mai/Chi-thi-12-CT-UBND-2024-thuc-hien-nhiem-vu-giai-phap-thuc-day-tang-truong-kinh-te-Ho-Chi-Minh-622464.aspx
2025-06-23 08:59:12,051 - INFO - ✅ Đã lấy link: https://thuvienphapluat.vn/van-ban/Tai-nguyen-Moi-truong/Chi-thi-16-CT-UBND-2024-thuc-hien-giai-phap-ngan-chan-triet-de-cac-hanh-vi-pha-rung-Quang-Nam-620689.aspx
2025-06-23 08:59:12,055 - INFO - ✅ Đã lấy link: https://thuvienphapluat.vn/van-ban/The-thao-Y-te/Chi-thi-06-CT-UBND-2024-tang-cuong-cham-soc-suc-khoe-tre-em-Bac-Kan-620663.aspx
2025-06-23 08:59:12,058 - INFO - ✅ Đã lấy link: https://thuvienphapluat.vn/van-ban/Bat-dong-san/Chi-thi-07-CT-UBND-2024-tang-cuong-quan-ly-dat-dai-theo-Luat-Dat-dai-Kien-Giang-621033.aspx
2025-06-23 08:59:12,062 - INFO - ✅ Đã lấy link: https://thuvienphapluat.vn/van-ban/Dau-tu/Chi-thi-26-CT-TTg-2024-nhiem-vu-giai-phap-day-manh-giai-ngan-von-dau-tu-cong-nhung-thang-cuoi-nam-620532.aspx
2025-06-23 08:59:12,065 - INFO - ✅ Đã lấy link: https://thuvienphapluat.vn/van-ban/Dau-tu/Chi-thi-25-CT-TTg-2024-lap-ke-hoach-dau-tu-cong-trung-han-giai-doan-2026-2030-620531.aspx
2025-06-23 08:59:12,069 - INFO - ✅ Đã lấy link: https://thuvienphapluat.vn/van-ban/Linh-vuc-khac/Chi-thi-28-CT-UBND-2024-thuc-hien-nghiem-bien-phap-phong-chong-benh-Dich-ta-lon-Chau-Phi-Nghe-An-620691.aspx
2025-06-23 08:59:12,073 - INFO - ✅ Đã lấy link: https://thuvienphapluat.vn/van-ban/The-thao-Y-te/Chi-thi-08-CT-UBND-2024-tang-cuong-cham-soc-sucnham-giam-tu-vong-tre-em-duoi-05-tuoi-Tien-Giang-620735.aspx
2025-06-23 08:59:12,077 - INFO - ✅ Đã lấy link: https://thuvienphapluat.vn/van-ban/The-thao-Y-te/Chi-thi-07-CT-UBND-2024-tang-cuong-cham-soc-suc-khoe-tre-em-duoi-05-tuoi-Vung-Tau-623397.aspx
2025-06-23 08:59:12,080 - INFO - ✅ Đã lấy link: https://thuvienphapluat.vn/van-ban/Bo-may-hanh-chinh/Chi-thi-15-CT-UBND-2024-tang-cuong-ky-luat-ky-cuong-hanh-chinh-co-quan-to-chuc-Kon-Tum-619864.aspx
2025-06-23 08:59:12,084 - INFO - ✅ Đã lấy link: https://thuvienphapluat.vn/van-ban/Tai-chinh-nha-nuoc/Chi-thi-14-CT-UBND-2024-tang-cuong-cac-giai-phap-chong-that-thu-ngan-sach-nha-nuoc-Binh-Duong-622122.aspx
2025-06-23 08:59:12,088 - INFO - ✅ Đã lấy link: https://thuvienphapluat.vn/van-ban/The-thao-Y-te/Chi-thi-06-CT-UBND-2024-cham-soc-suc-khoe-tre-em-giam-tu-vong-tre-em-duoi-05-tuoi-Binh-Phuoc-619945.aspx
2025-06-23 08:59:12,092 - INFO - ✅ Đã lấy link: https://thuvienphapluat.vn/van-ban/Bo-may-hanh-chinh/Chi-thi-04-2024-CT-CA-trien-khai-thi-hanh-Luat-To-chuc-Toa-an-nhan-dan-619316.aspx
2025-06-23 08:59:12,095 - INFO - ✅ Đã lấy link: https://thuvienphapluat.vn/van-ban/The-thao-Y-te/Chi-thi-12-CT-UBND-2024-tang-cuong-cham-soc-suc-khoe-tre-em-Cao-Bang-619805.aspx
2025-06-23 08:59:12,095 - INFO - ➡️ Đang truy cập: https://thuvienphapluat.vn/page/tim-van-ban.aspx?keyword=&area=0&match=True&type=1&status=1&signer=0&sort=1&lan=1&scan=0&org=0&fields=&chlbg=23/06/1945&chlend=23/06/2035&page=22
2025-06-23 08:59:12,724 - INFO - ⏳ Chờ 4.71s giả lập người dùng...
2025-06-23 08:59:19,444 - INFO - 🧭 Tiêu đề trang: Tra cứu Văn Bản Pháp Luật
2025-06-23 08:59:19,460 - INFO - ✅ Đã lấy link: https://thuvienphapluat.vn/van-ban/Giao-thong-Van-tai/Chi-thi-06-CT-UBND-2024-giai-phap-bao-dam-an-toan-giao-thong-keo-giam-tai-nan-giao-thong-Vung-Tau-621243.aspx
2025-06-23 08:59:19,464 - INFO - ✅ Đã lấy link: https://thuvienphapluat.vn/van-ban/Linh-vuc-khac/Chi-thi-38-CT-TW-2024-day-manh-cong-tac-tieu-chuan-do-luong-chat-luong-quoc-gia-den-nam-2030-619577.aspx
2025-06-23 08:59:19,468 - INFO - ✅ Đã lấy link: https://thuvienphapluat.vn/van-ban/Giao-thong-Van-tai/Chi-thi-18-CT-UBND-2024-thuc-hien-giai-phap-bao-dam-trat-tu-an-toan-giao-thong-Thai-Binh-618984.aspx
2025-06-23 08:59:19,471 - INFO - ✅ Đã lấy link: https://thuvienphapluat.vn/van-ban/Dau-tu/Chi-thi-24-CT-TTg-2024-day-manh-nang-cao-hieu-luc-hieu-qua-thi-hanh-Luat-Dau-thau-618983.aspx
2025-06-23 08:59:19,475 - INFO - ✅ Đã lấy link: https://thuvienphapluat.vn/van-ban/Giao-thong-Van-tai/Chi-thi-23-CT-TTg-2024-bao-dam-an-toan-giao-thong-kinh-doanh-van-tai-duong-bo-tinh-hinh-moi-618713.aspx
2025-06-23 08:59:19,478 - INFO - ✅ Đã lấy link: https://thuvienphapluat.vn/van-ban/Thuong-mai/Chi-thi-08-CT-UBND-2024-xay-dung-Ke-hoach-phat-trien-kinh-te-xa-hoi-Hai-Phong-2025-619030.aspx
2025-06-23 08:59:19,482 - INFO - ✅ Đã lấy link: https://thuvienphapluat.vn/van-ban/Linh-vuc-khac/Chi-thi-09-CT-UBND-2024-thuc-hien-nghiem-bien-phap-phong-chong-benh-Dich-ta-lon-Chau-Phi-Khanh-Hoa-621030.aspx
2025-06-23 08:59:19,485 - INFO - ✅ Đã lấy link: https://thuvienphapluat.vn/van-ban/Linh-vuc-khac/Chi-thi-07-CT-UBND-2024-thuc-hien-nghiem-bien-phap-phong-chong-benh-Dich-ta-lon-Chau-Phi-Hai-Phong-632187.aspx
2025-06-23 08:59:19,489 - INFO - ✅ Đã lấy link: https://thuvienphapluat.vn/van-ban/Linh-vuc-khac/Chi-thi-12-CT-UBND-2024-thuc-hien-nghiem-bien-phap-phong-chong-benh-Dich-ta-lon-Chau-Phi-Dak-Lak-634973.aspx
2025-06-23 08:59:19,493 - INFO - ✅ Đã lấy link: https://thuvienphapluat.vn/van-ban/Bat-dong-san/Chi-thi-22-CT-TTg-2024-kiem-ke-dat-dai-618360.aspx
2025-06-23 08:59:19,496 - INFO - ✅ Đã lấy link: https://thuvienphapluat.vn/van-ban/Thu-tuc-To-tung/Chi-thi-03-CT-VKSTC-2024-cong-tac-phoi-hop-xu-ly-khai-thac-mua-ban-van-chuyen-trai-phep-thuy-san-619436.aspx
2025-06-23 08:59:19,500 - INFO - ✅ Đã lấy link: https://thuvienphapluat.vn/van-ban/Linh-vuc-khac/Chi-thi-14-CT-UBND-2024-thuc-hien-bien-phap-phong-benh-Dich-ta-lon-Chau-Phi-Hue-619204.aspx
2025-06-23 08:59:19,503 - INFO - ✅ Đã lấy link: https://thuvienphapluat.vn/van-ban/Xay-dung-Do-thi/Chi-thi-07-CT-UBND-2024-tang-cuong-cong-tac-quan-ly-quy-hoach-Dak-Nong-618129.aspx
2025-06-23 08:59:19,507 - INFO - ✅ Đã lấy link: https://thuvienphapluat.vn/van-ban/Dau-tu/Chi-thi-01-CT-BXD-2024-cong-tac-quyet-toan-von-dau-tu-du-an-hoan-thanh-su-dung-von-dau-tu-cong-619435.aspx
2025-06-23 08:59:19,511 - INFO - ✅ Đã lấy link: https://thuvienphapluat.vn/van-ban/Tai-nguyen-Moi-truong/Chi-thi-15-CT-UBND-2024-tang-cuong-cong-tac-phong-chong-thien-tai-Can-Tho-618010.aspx
2025-06-23 08:59:19,514 - INFO - ✅ Đã lấy link: https://thuvienphapluat.vn/van-ban/Xay-dung-Do-thi/Chi-thi-17-CT-UBND-2024-tang-cuong-phong-chay-chua-chay-nha-o-nhieu-tang-nhieu-can-ho-Nam-Dinh-619967.aspx
2025-06-23 08:59:19,518 - INFO - ✅ Đã lấy link: https://thuvienphapluat.vn/van-ban/The-thao-Y-te/Chi-thi-14-CT-UBND-2024-tang-cuong-cham-soc-suc-khoe-ba-me-tre-em-Kon-Tum-617872.aspx
2025-06-23 08:59:19,521 - INFO - ✅ Đã lấy link: https://thuvienphapluat.vn/van-ban/Linh-vuc-khac/Chi-thi-11-CT-UBND-2024-bien-phap-phong-chong-benh-Dich-ta-lon-Chau-Phi-Thanh-Hoa-618236.aspx
2025-06-23 08:59:19,525 - INFO - ✅ Đã lấy link: https://thuvienphapluat.vn/van-ban/Tai-chinh-nha-nuoc/Chi-thi-07-CT-UBND-2024-tap-trung-thuc-hien-nhiem-vu-tai-chinh-ngan-sach-Dong-Nai-618902.aspx
2025-06-23 08:59:19,529 - INFO - ✅ Đã lấy link: https://thuvienphapluat.vn/van-ban/Linh-vuc-khac/Chi-thi-17-CT-UBND-2024-bien-phap-phong-chong-benh-dich-ta-lon-Chau-Phi-Thai-Binh-617564.aspx
2025-06-23 08:59:19,529 - INFO - ➡️ Đang truy cập: https://thuvienphapluat.vn/page/tim-van-ban.aspx?keyword=&area=0&match=True&type=1&status=1&signer=0&sort=1&lan=1&scan=0&org=0&fields=&chlbg=23/06/1945&chlend=23/06/2035&page=23
2025-06-23 08:59:20,176 - INFO - ⏳ Chờ 5.83s giả lập người dùng...
2025-06-23 08:59:28,015 - INFO - 🧭 Tiêu đề trang: Tra cứu Văn Bản Pháp Luật
2025-06-23 08:59:28,031 - INFO - ✅ Đã lấy link: https://thuvienphapluat.vn/van-ban/Linh-vuc-khac/Chi-thi-06-CT-UBND-2024-bien-phap-phong-chong-Dich-ta-lon-Chau-Phi-Dak-Nong-617532.aspx
2025-06-23 08:59:28,035 - INFO - ✅ Đã lấy link: https://thuvienphapluat.vn/van-ban/The-thao-Y-te/Chi-thi-16-CT-UBND-2024-tang-cuong-cham-soc-suc-khoe-nham-giam-tu-vong-tre-em-duoi-5-tuoi-Ninh-Binh-617708.aspx
2025-06-23 08:59:28,041 - INFO - ✅ Đã lấy link: https://thuvienphapluat.vn/van-ban/The-thao-Y-te/Chi-thi-10-CT-UBND-2024-tang-cuong-quan-ly-hoat-dong-hanh-nghe-y-duoc-tu-nhan-Thanh-Hoa-619872.aspx
2025-06-23 08:59:28,046 - INFO - ✅ Đã lấy link: https://thuvienphapluat.vn/van-ban/Linh-vuc-khac/Chi-thi-21-CT-TTg-2024-thuc-hien-nghiem-bien-phap-phong-chong-benh-Dich-ta-lon-Chau-Phi-617164.aspx
2025-06-23 08:59:28,051 - INFO - ✅ Đã lấy link: https://thuvienphapluat.vn/van-ban/Xay-dung-Do-thi/Chi-thi-09-CT-UBND-2024-tang-cuong-cong-tac-phong-chay-chua-chay-nha-o-nhieu-tang-Thanh-Hoa-619869.aspx
2025-06-23 08:59:28,056 - INFO - ✅ Đã lấy link: https://thuvienphapluat.vn/van-ban/Dau-tu/Chi-thi-20-CT-TTg-2024-chan-chinh-quan-ly-tam-ung-von-dau-tu-cong-nguon-ngan-sach-nha-nuoc-617086.aspx
2025-06-23 08:59:28,061 - INFO - ✅ Đã lấy link: https://thuvienphapluat.vn/van-ban/Bat-dong-san/Chi-thi-7-CT-UBND-2024-trien-khai-Luat-Dat-dai-Bac-Giang-617044.aspx
2025-06-23 08:59:28,065 - INFO - ✅ Đã lấy link: https://thuvienphapluat.vn/van-ban/The-thao-Y-te/Chi-thi-06-CT-UBND-2024-cong-tac-bao-dam-an-toan-thuc-pham-Dong-Nai-618901.aspx
2025-06-23 08:59:28,070 - INFO - ✅ Đã lấy link: https://thuvienphapluat.vn/van-ban/Quyen-dan-su/Chi-thi-15-CT-UBND-2024-tuyen-chon-goi-cong-dan-nhap-ngu-Binh-Dinh-617685.aspx
2025-06-23 08:59:28,074 - INFO - ✅ Đã lấy link: https://thuvienphapluat.vn/van-ban/Lao-dong-Tien-luong/Chi-thi-37-CT-TW-2024-dao-tao-nghe-lao-dong-nong-thon-dap-ung-cong-nghiep-hoa-617048.aspx
2025-06-23 08:59:28,079 - INFO - ✅ Đã lấy link: https://thuvienphapluat.vn/van-ban/The-thao-Y-te/Chi-thi-14-CT-UBND-2024-tang-cuong-cham-soc-suc-khoe-tre-em-Quang-Nam-616539.aspx
2025-06-23 08:59:28,084 - INFO - ✅ Đã lấy link: https://thuvienphapluat.vn/van-ban/Xay-dung-Do-thi/Chi-thi-07-CT-UBND-2024-tang-cuong-cong-tac-quan-ly-quy-hoach-xay-dung-Yen-Bai-616503.aspx
2025-06-23 08:59:28,088 - INFO - ✅ Đã lấy link: https://thuvienphapluat.vn/van-ban/Bo-may-hanh-chinh/Chi-thi-10-CT-UBND-2024-tang-cuong-cong-tac-van-thu-Vinh-Long-616224.aspx
2025-06-23 08:59:28,093 - INFO - ✅ Đã lấy link: https://thuvienphapluat.vn/van-ban/Tai-nguyen-Moi-truong/Chi-thi-07-CT-UBND-2024-tang-cuong-kiem-tra-su-dung-dien-an-toan-dia-phuong-Bac-Ninh-616095.aspx
2025-06-23 08:59:28,098 - INFO - ✅ Đã lấy link: https://thuvienphapluat.vn/van-ban/Thuong-mai/Chi-thi-05-CT-UBND-2024-xay-dung-Ke-hoach-phat-trien-kinh-te-xa-hoi-Dong-Nai-2025-619540.aspx
2025-06-23 08:59:28,102 - INFO - ✅ Đã lấy link: https://thuvienphapluat.vn/van-ban/Trach-nhiem-hinh-su/Chi-thi-03-CT-UBND-2024-tang-cuong-chi-dao-cong-tac-thi-hanh-an-hinh-su-tai-cong-dong-Hai-Duong-620193.aspx
2025-06-23 08:59:28,107 - INFO - ✅ Đã lấy link: https://thuvienphapluat.vn/van-ban/Thu-tuc-To-tung/Chi-thi-11-CT-UBND-2024-Nang-cao-hieu-qua-cong-tac-thi-hanh-an-hinh-su-tai-cong-dong-Dak-Lak-615231.aspx
2025-06-23 08:59:28,111 - INFO - ✅ Đã lấy link: https://thuvienphapluat.vn/van-ban/The-thao-Y-te/Chi-thi-05-CT-BYT-2024-tang-cuong-cham-soc-suc-khoe-tre-em-giam-tu-vong-tre-em-duoi-05-tuoi-614953.aspx
2025-06-23 08:59:28,116 - INFO - ✅ Đã lấy link: https://thuvienphapluat.vn/van-ban/Tai-nguyen-Moi-truong/Chi-thi-09-CT-UBND-2024-tang-cuong-bien-phap-phong-chay-chua-chay-rung-Quang-Ngai-614973.aspx
2025-06-23 08:59:28,120 - INFO - ✅ Đã lấy link: https://thuvienphapluat.vn/van-ban/Tai-nguyen-Moi-truong/Chi-thi-08-CT-UBND-2024-chu-dong-ung-pho-cac-tinh-huong-thien-tai-trong-mua-mua-bao-Quang-Ngai-614888.aspx
2025-06-23 08:59:28,120 - INFO - ➡️ Đang truy cập: https://thuvienphapluat.vn/page/tim-van-ban.aspx?keyword=&area=0&match=True&type=1&status=1&signer=0&sort=1&lan=1&scan=0&org=0&fields=&chlbg=23/06/1945&chlend=23/06/2035&page=24
2025-06-23 08:59:28,773 - INFO - ⏳ Chờ 3.56s giả lập người dùng...
2025-06-23 08:59:34,339 - INFO - 🧭 Tiêu đề trang: Tra cứu Văn Bản Pháp Luật
2025-06-23 08:59:34,355 - INFO - ✅ Đã lấy link: https://thuvienphapluat.vn/van-ban/Bat-dong-san/Chi-thi-19-CT-TTg-2024-phong-chay-chua-chay-nha-o-rieng-le-ket-hop-san-xuat-kinh-doanh-614757.aspx
2025-06-23 08:59:34,359 - INFO - ✅ Đã lấy link: https://thuvienphapluat.vn/van-ban/Tai-nguyen-Moi-truong/Chi-thi-02-CT-BTTTT-2024-cong-tac-phong-chong-thien-tai-tim-kiem-cuu-nan-614946.aspx
2025-06-23 08:59:34,362 - INFO - ✅ Đã lấy link: https://thuvienphapluat.vn/van-ban/Tai-chinh-nha-nuoc/Chi-thi-08-CT-UBND-2024-xay-dung-Ke-hoach-tai-chinh-05-nam-Ha-Noi-2026-2030-614830.aspx
2025-06-23 08:59:34,366 - INFO - ✅ Đã lấy link: https://thuvienphapluat.vn/van-ban/Thuong-mai/Chi-thi-22-CT-UBND-2024-xay-dung-Ke-hoach-phat-trien-kinh-te-xa-hoi-Nghe-An-2025-614845.aspx
2025-06-23 08:59:34,370 - INFO - ✅ Đã lấy link: https://thuvienphapluat.vn/van-ban/Bo-may-hanh-chinh/Chi-thi-08-CT-UBND-2024-tang-cuong-hieu-luc-xu-ly-vi-pham-pham-vi-bao-ve-cong-trinh-thuy-loi-Vinh-Phuc-616443.aspx
2025-06-23 08:59:34,373 - INFO - ✅ Đã lấy link: https://thuvienphapluat.vn/van-ban/Van-hoa-Xa-hoi/Chi-thi-07-CT-UBND-2024-tiep-tuc-tang-cuong-cong-tac-phong-chong-duoi-nuoc-tre-em-Vinh-Phuc-614343.aspx
2025-06-23 08:59:34,377 - INFO - ✅ Đã lấy link: https://thuvienphapluat.vn/van-ban/Tai-chinh-nha-nuoc/Chi-thi-8-CT-UBND-2024-xay-dung-ke-hoach-phat-trien-kinh-te-xa-hoi-Phu-tho-2025-616264.aspx
2025-06-23 08:59:34,381 - INFO - ✅ Đã lấy link: https://thuvienphapluat.vn/van-ban/Thuong-mai/Chi-thi-04-CT-UBND-2024-Ke-hoach-phat-trien-kinh-te-xa-hoi-du-toan-ngan-sach-Dong-Thap-615410.aspx
2025-06-23 08:59:34,385 - INFO - ✅ Đã lấy link: https://thuvienphapluat.vn/van-ban/Thue-Phi-Le-Phi/Chi-thi-06-CT-UBND-2024-thuc-hien-Chien-luoc-cai-cach-he-thong-thue-Hung-Yen-614319.aspx
2025-06-23 08:59:34,388 - INFO - ✅ Đã lấy link: https://thuvienphapluat.vn/van-ban/Thuong-mai/Chi-thi-08-CT-UBND-2024-xay-dung-Ke-hoach-phat-trien-kinh-te-xa-hoi-Thanh-Hoa-2025-617601.aspx
2025-06-23 08:59:34,392 - INFO - ✅ Đã lấy link: https://thuvienphapluat.vn/van-ban/Tai-nguyen-Moi-truong/Chi-thi-05-CT-UBND-2024-thuc-hien-cong-tac-quan-ly-hoat-dong-che-bien-go-Bac-Kan-614259.aspx
2025-06-23 08:59:34,395 - INFO - ✅ Đã lấy link: https://thuvienphapluat.vn/van-ban/Thuong-mai/Chi-thi-07-CT-UBND-2024-xay-dung-Ke-hoach-phat-trien-kinh-te-xa-hoi-Ha-Noi-2025-614597.aspx
2025-06-23 08:59:34,399 - INFO - ✅ Đã lấy link: https://thuvienphapluat.vn/van-ban/Thuong-mai/Chi-thi-14-CT-UBND-2024-xay-dung-ke-hoach-phat-trien-kinh-te-xa-hoi-Ninh-Binh-614035.aspx
2025-06-23 08:59:34,403 - INFO - ✅ Đã lấy link: https://thuvienphapluat.vn/van-ban/Tai-nguyen-Moi-truong/Chi-thi-08-CT-UBND-2024-tang-cuong-tiet-kiem-dien-trong-mua-nang-nong-Khanh-Hoa-614284.aspx
2025-06-23 08:59:34,406 - INFO - ✅ Đã lấy link: https://thuvienphapluat.vn/van-ban/Van-hoa-Xa-hoi/Chi-thi-36-CT-TW-2024-dai-hoi-hoi-van-hoc-nghe-thuat-Lien-hiep-cac-Hoi-Van-hoc-nghe-thuat-Viet-Nam-614801.aspx
2025-06-23 08:59:34,410 - INFO - ✅ Đã lấy link: https://thuvienphapluat.vn/van-ban/Thuong-mai/Chi-thi-01-CT-BTNMT-2024-xay-dung-Ke-hoach-phat-trien-kinh-te-xa-hoi-Nganh-tai-nguyen-650633.aspx
2025-06-23 08:59:34,414 - INFO - ✅ Đã lấy link: https://thuvienphapluat.vn/van-ban/Dau-tu/Chi-thi-03-CT-UBND-2024-tang-cuong-cong-tac-dau-thau-dau-thau-qua-mang-Dong-Thap-615409.aspx
2025-06-23 08:59:34,418 - INFO - ✅ Đã lấy link: https://thuvienphapluat.vn/van-ban/Giao-duc/Chi-thi-21-CT-UBND-2024-phoi-hop-tuyen-sinh-dai-hoc-giao-duc-nghe-nghiep-Nghe-An-613475.aspx
2025-06-23 08:59:34,421 - INFO - ✅ Đã lấy link: https://thuvienphapluat.vn/van-ban/Bo-may-hanh-chinh/Chi-thi-04-CT-UBND-2024-nang-cao-su-hai-long-nguoi-dan-doi-voi-phuc-vu-co-nha-nuoc-Bac-Kan-615152.aspx
2025-06-23 08:59:34,425 - INFO - ✅ Đã lấy link: https://thuvienphapluat.vn/van-ban/Cong-nghe-thong-tin/Chi-thi-08-CT-UBND-2024-tang-cuong-an-toan-thong-tin-mang-an-ninh-mang-Vinh-Long-616150.aspx
2025-06-23 08:59:34,425 - INFO - ➡️ Đang truy cập: https://thuvienphapluat.vn/page/tim-van-ban.aspx?keyword=&area=0&match=True&type=1&status=1&signer=0&sort=1&lan=1&scan=0&org=0&fields=&chlbg=23/06/1945&chlend=23/06/2035&page=25
2025-06-23 08:59:34,960 - INFO - ⏳ Chờ 5.93s giả lập người dùng...
2025-06-23 08:59:42,901 - INFO - 🧭 Tiêu đề trang: Tra cứu Văn Bản Pháp Luật
2025-06-23 08:59:42,916 - INFO - ✅ Đã lấy link: https://thuvienphapluat.vn/van-ban/Thuong-mai/Chi-thi-07-CT-UBND-2024-xay-dung-Ke-hoach-phat-trien-kinh-te-xa-hoi-Quang-Binh-2025-614336.aspx
2025-06-23 08:59:42,920 - INFO - ✅ Đã lấy link: https://thuvienphapluat.vn/van-ban/Giao-duc/Chi-thi-03-CT-UBND-2024-phoi-hop-to-chuc-Ky-thi-tot-nghiep-trung-hoc-pho-thong-Ca-Mau-614194.aspx
2025-06-23 08:59:42,924 - INFO - ✅ Đã lấy link: https://thuvienphapluat.vn/van-ban/Bat-dong-san/Chi-thi-13-CT-UBND-2024-tang-cuong-quy-hoach-quan-ly-quy-dat-doc-cac-tuyen-duong-moi-Binh-Dinh-613993.aspx
2025-06-23 08:59:42,927 - INFO - ✅ Đã lấy link: https://thuvienphapluat.vn/van-ban/Giao-duc/Chi-thi-14-CT-UBND-2024-chi-dao-to-chuc-Ky-thi-tot-nghiep-trung-hoc-pho-thong-Nam-Dinh-612676.aspx
2025-06-23 08:59:42,931 - INFO - ✅ Đã lấy link: https://thuvienphapluat.vn/van-ban/Dau-tu/Chi-thi-05-CT-UBND-2024-day-manh-giai-ngan-von-dau-tu-cong-Binh-Phuoc-614000.aspx
2025-06-23 08:59:42,934 - INFO - ✅ Đã lấy link: https://thuvienphapluat.vn/van-ban/The-thao-Y-te/Chi-thi-06-CT-UBND-2024-tang-cuong-quan-ly-hanh-nghe-y-duoc-ngoai-cong-lap-Bac-Ninh-613011.aspx
2025-06-23 08:59:42,938 - INFO - ✅ Đã lấy link: https://thuvienphapluat.vn/van-ban/Lao-dong-Tien-luong/Chi-thi-12-CT-UBND-2024-tang-cuong-cong-tac-quan-ly-an-toan-ve-sinh-lao-dong-Binh-Dinh-612828.aspx
2025-06-23 08:59:42,941 - INFO - ✅ Đã lấy link: https://thuvienphapluat.vn/van-ban/Thuong-mai/Chi-thi-08-CT-UBND-2024-xay-dung-ke-hoach-phat-trien-kinh-te-xa-hoi-Son-La-612273.aspx
2025-06-23 08:59:42,945 - INFO - ✅ Đã lấy link: https://thuvienphapluat.vn/van-ban/Giao-duc/Chi-thi-13-CT-UBND-2024-to-chuc-Ky-thi-tot-nghiep-trung-hoc-pho-thong-Hue-613360.aspx
2025-06-23 08:59:42,948 - INFO - ✅ Đã lấy link: https://thuvienphapluat.vn/van-ban/Giao-duc/Chi-thi-12-CT-UBND-2024-tang-cuong-chi-dao-to-chuc-Ky-thi-tot-nghiep-trung-hoc-pho-thong-Ninh-Binh-612698.aspx
2025-06-23 08:59:42,952 - INFO - ✅ Đã lấy link: https://thuvienphapluat.vn/van-ban/Bo-may-hanh-chinh/Chi-thi-20-CT-UBND-2024-nang-cao-hieu-qua-cong-viec-trong-co-quan-to-chuc-Nghe-An-612309.aspx
2025-06-23 08:59:42,956 - INFO - ✅ Đã lấy link: https://thuvienphapluat.vn/van-ban/Giao-duc/Chi-thi-05-CT-UBND-2024-tang-cuong-chi-dao-to-chuc-Ky-thi-tot-nghiep-trung-hoc-pho-thong-Tien-Giang-612334.aspx
2025-06-23 08:59:42,959 - INFO - ✅ Đã lấy link: https://thuvienphapluat.vn/van-ban/Giao-duc/Chi-thi-04-CT-UBND-2024-tang-cuong-chi-dao-to-chuc-Ky-thi-tot-nghiep-trung-hoc-pho-thong-Gia-Lai-612131.aspx
2025-06-23 08:59:42,963 - INFO - ✅ Đã lấy link: https://thuvienphapluat.vn/van-ban/Giao-duc/Chi-thi-06-CT-UBND-2024-phoi-hop-to-chuc-Ky-thi-tot-nghiep-trung-hoc-pho-thong-Vinh-Phuc-614348.aspx
2025-06-23 08:59:42,967 - INFO - ✅ Đã lấy link: https://thuvienphapluat.vn/van-ban/Thue-Phi-Le-Phi/Chi-thi-13-CT-UBND-2024-trien-khai-Chien-luoc-cai-cach-he-thong-thue-Binh-Duong-613858.aspx
2025-06-23 08:59:42,970 - INFO - ✅ Đã lấy link: https://thuvienphapluat.vn/van-ban/Giao-duc/Chi-thi-05-CT-UBND-2024-tang-cuong-chi-dao-tuyen-sinh-dai-hoc-giao-duc-nghe-nghiep-Bac-Ninh-612501.aspx
2025-06-23 08:59:42,974 - INFO - ✅ Đã lấy link: https://thuvienphapluat.vn/van-ban/Giao-duc/Chi-thi-06-CT-UBND-2024-phoi-hop-to-chuc-Ky-thi-tot-nghiep-trung-hoc-pho-thong-Tra-Vinh-612850.aspx
2025-06-23 08:59:42,977 - INFO - ✅ Đã lấy link: https://thuvienphapluat.vn/van-ban/Thuong-mai/Chi-thi-03-CT-UBND-2024-xay-dung-Ke-hoach-phat-trien-kinh-te-xa-hoi-2025-Bac-Kan-614152.aspx
2025-06-23 08:59:42,981 - INFO - ✅ Đã lấy link: https://thuvienphapluat.vn/van-ban/Thue-Phi-Le-Phi/Chi-thi-07-CT-UBND-2024-day-manh-trien-khai-hoa-don-dien-tu-khoi-tao-tu-may-tinh-tien-Khanh-Hoa-612571.aspx
2025-06-23 08:59:42,985 - INFO - ✅ Đã lấy link: https://thuvienphapluat.vn/van-ban/Giao-thong-Van-tai/Chi-thi-2650-CT-CHK-2024-tang-cuong-nang-cao-bien-phap-bao-dam-an-toan-hang-khong-612485.aspx
2025-06-23 08:59:42,985 - INFO - ➡️ Đang truy cập: https://thuvienphapluat.vn/page/tim-van-ban.aspx?keyword=&area=0&match=True&type=1&status=1&signer=0&sort=1&lan=1&scan=0&org=0&fields=&chlbg=23/06/1945&chlend=23/06/2035&page=26
2025-06-23 08:59:43,534 - INFO - ⏳ Chờ 4.34s giả lập người dùng...
2025-06-23 08:59:49,879 - INFO - 🧭 Tiêu đề trang: Tra cứu Văn Bản Pháp Luật
2025-06-23 08:59:49,895 - INFO - ✅ Đã lấy link: https://thuvienphapluat.vn/van-ban/Bat-dong-san/Chi-thi-06-CT-UBND-2024-tang-cuong-quan-ly-nha-nuoc-ve-su-dung-dat-nong-nghiep-Thanh-Hoa-614976.aspx
2025-06-23 08:59:49,898 - INFO - ✅ Đã lấy link: https://thuvienphapluat.vn/van-ban/Giao-duc/Chi-thi-07-CT-UBND-2024-tang-cuong-chi-dao-to-chuc-Ky-thi-tot-nghiep-trung-hoc-pho-thong-Son-La-611544.aspx
2025-06-23 08:59:49,902 - INFO - ✅ Đã lấy link: https://thuvienphapluat.vn/van-ban/Giao-duc/Chi-thi-06-CT-UBND-2024-tang-cuong-phoi-hop-tuyen-sinh-dai-hoc-giao-duc-nghe-nghiep-Ha-Noi-611670.aspx
2025-06-23 08:59:49,906 - INFO - ✅ Đã lấy link: https://thuvienphapluat.vn/van-ban/Dau-tu/Chi-thi-2384-CT-UBND-2024-nhiem-vu-trong-tam-day-manh-giai-ngan-von-dau-tu-cong-Dien-Bien-612082.aspx
2025-06-23 08:59:49,909 - INFO - ✅ Đã lấy link: https://thuvienphapluat.vn/van-ban/Xay-dung-Do-thi/Chi-thi-05-CT-UBND-2024-cong-tac-quan-ly-gia-vat-lieu-xay-dung-Vung-Tau-616893.aspx
2025-06-23 08:59:49,913 - INFO - ✅ Đã lấy link: https://thuvienphapluat.vn/van-ban/Giao-duc/Chi-thi-06-CT-UBND-2024-tang-cuong-chi-dao-to-chuc-Ky-thi-tot-nghiep-trung-hoc-pho-thong-Quang-Ngai-611444.aspx
2025-06-23 08:59:49,917 - INFO - ✅ Đã lấy link: https://thuvienphapluat.vn/van-ban/Giao-duc/Chi-thi-09-CT-UBND-2024-tang-cuong-chi-dao-to-chuc-Ky-thi-tot-nghiep-trung-hoc-pho-thong-Phu-Yen-612561.aspx
2025-06-23 08:59:49,920 - INFO - ✅ Đã lấy link: https://thuvienphapluat.vn/van-ban/Giao-duc/Chi-thi-04-CT-UBND-2024-tang-cuong-chi-dao-to-chuc-Ky-thi-tot-nghiep-trung-hoc-pho-thong-Tuyen-Quang-612397.aspx
2025-06-23 08:59:49,924 - INFO - ✅ Đã lấy link: https://thuvienphapluat.vn/van-ban/Giao-duc/Chi-thi-13-CT-UBND-2024-to-chuc-Ky-thi-tot-nghiep-trung-hoc-pho-thong-Quang-Nam-614470.aspx
2025-06-23 08:59:49,927 - INFO - ✅ Đã lấy link: https://thuvienphapluat.vn/van-ban/Giao-duc/Chi-thi-11-CT-UBND-2024-cong-tac-to-chuc-Ky-thi-tot-nghiep-trung-hoc-pho-thong-Ho-Chi-Minh-613184.aspx
2025-06-23 08:59:49,931 - INFO - ✅ Đã lấy link: https://thuvienphapluat.vn/van-ban/Giao-duc/Chi-thi-7-CT-UBND-2024-tang-cuong-chi-dao-to-chuc-Ky-thi-tot-nghiep-trung-hoc-pho-thong-Phu-Tho-613036.aspx
2025-06-23 08:59:49,935 - INFO - ✅ Đã lấy link: https://thuvienphapluat.vn/van-ban/Tai-chinh-nha-nuoc/Chi-thi-18-CT-TTg-2024-xay-dung-ke-hoach-tai-chinh-05-nam-giai-doan-2026-2030-611582.aspx
2025-06-23 08:59:49,938 - INFO - ✅ Đã lấy link: https://thuvienphapluat.vn/van-ban/Giao-duc/Chi-thi-04-CT-UBND-2024-phoi-hop-to-chuc-ky-thi-tot-nghiep-pho-thong-tuyen-sinh-dai-hoc-Lam-Dong-613663.aspx
2025-06-23 08:59:49,942 - INFO - ✅ Đã lấy link: https://thuvienphapluat.vn/van-ban/Cong-nghe-thong-tin/Chi-thi-6-CT-UBND-2024-tang-cuong-cong-tac-quan-ly-tan-so-thiet-bi-vo-tuyen-dien-Bac-Giang-611223.aspx
2025-06-23 08:59:49,945 - INFO - ✅ Đã lấy link: https://thuvienphapluat.vn/van-ban/Tai-nguyen-Moi-truong/Chi-thi-05-CT-UBND-2024-tang-cuong-cong-tac-bao-dam-an-toan-cong-trinh-thuy-loi-de-dieu-Hung-Yen-611523.aspx
2025-06-23 08:59:49,949 - INFO - ✅ Đã lấy link: https://thuvienphapluat.vn/van-ban/Bo-may-hanh-chinh/Chi-thi-10-CT-UBND-2024-day-manh-thi-hanh-hieu-qua-Luat-Hoa-giai-o-co-so-Dak-Lak-610982.aspx
2025-06-23 08:59:49,952 - INFO - ✅ Đã lấy link: https://thuvienphapluat.vn/van-ban/Giao-duc/Chi-thi-05-CT-UBND-2024-to-chuc-ky-thi-tuyen-sinh-lop-10-trung-hoc-pho-thong-trong-Ninh-Thuan-613583.aspx
2025-06-23 08:59:49,956 - INFO - ✅ Đã lấy link: https://thuvienphapluat.vn/van-ban/Giao-duc/Chi-thi-5-CT-UBND-2024-chi-dao-to-chuc-Ky-thi-tot-nghiep-trung-hoc-pho-thong-Bac-Giang-611038.aspx
2025-06-23 08:59:49,960 - INFO - ✅ Đã lấy link: https://thuvienphapluat.vn/van-ban/Giao-duc/Chi-thi-02-CT-UBND-2024-tang-cuong-phoi-hop-to-chuc-Ky-thi-tot-nghiep-trung-hoc-pho-thong-Bac-Kan-611032.aspx
2025-06-23 08:59:49,964 - INFO - ✅ Đã lấy link: https://thuvienphapluat.vn/van-ban/Bat-dong-san/Chi-thi-34-CT-TW-2024-tang-cuong-su-lanh-dao-cua-Dang-phat-trien-nha-o-xa-hoi-tinh-hinh-moi-611289.aspx
2025-06-23 08:59:49,964 - INFO - ➡️ Đang truy cập: https://thuvienphapluat.vn/page/tim-van-ban.aspx?keyword=&area=0&match=True&type=1&status=1&signer=0&sort=1&lan=1&scan=0&org=0&fields=&chlbg=23/06/1945&chlend=23/06/2035&page=27
2025-06-23 08:59:50,692 - INFO - ⏳ Chờ 4.44s giả lập người dùng...
2025-06-23 08:59:57,136 - INFO - 🧭 Tiêu đề trang: Tra cứu Văn Bản Pháp Luật
2025-06-23 08:59:57,150 - INFO - ✅ Đã lấy link: https://thuvienphapluat.vn/van-ban/Lao-dong-Tien-luong/Chi-thi-10-CT-UBND-2024-tang-cuong-cong-tac-quan-ly-nha-nuoc-giao-duc-nghe-nghiep-Ho-Chi-Minh-613185.aspx
2025-06-23 08:59:57,154 - INFO - ✅ Đã lấy link: https://thuvienphapluat.vn/van-ban/Cong-nghe-thong-tin/Chi-thi-19-CT-UBND-2024-tang-cuong-quan-ly-cong-tac-van-thu-luu-tru-vtai-lieu-luu-tru-dien-tu-Nghe-An-611214.aspx
2025-06-23 08:59:57,157 - INFO - ✅ Đã lấy link: https://thuvienphapluat.vn/van-ban/Giao-duc/Chi-thi-07-CT-UBND-2024-tang-cuong-chi-dao-to-chuc-Ky-thi-tuyen-sinh-lop-10-Quang-Ninh-611526.aspx
2025-06-23 08:59:57,161 - INFO - ✅ Đã lấy link: https://thuvienphapluat.vn/van-ban/Thuong-mai/Chi-thi-17-CT-TTg-2024-xay-dung-ke-hoach-phat-trien-kinh-te-xa-hoi-2025-610804.aspx
2025-06-23 08:59:57,165 - INFO - ✅ Đã lấy link: https://thuvienphapluat.vn/van-ban/Bo-may-hanh-chinh/Chi-thi-04-CT-UBND-2024-chan-chinh-ky-luat-giai-quyet-thu-tuc-hanh-chinh-Hung-Yen-611148.aspx
2025-06-23 08:59:57,168 - INFO - ✅ Đã lấy link: https://thuvienphapluat.vn/van-ban/Cong-nghe-thong-tin/Chi-thi-18-CT-UBND-2024-tang-cuong-bao-dam-an-ninh-an-toan-he-thong-thong-tin-Nghe-An-610657.aspx
2025-06-23 08:59:57,172 - INFO - ✅ Đã lấy link: https://thuvienphapluat.vn/van-ban/Bat-dong-san/Chi-thi-10-CT-UBND-2024-tang-cuong-cong-tac-quan-ly-Nha-nuoc-ve-dat-dai-Thai-Binh-610577.aspx
2025-06-23 08:59:57,175 - INFO - ✅ Đã lấy link: https://thuvienphapluat.vn/van-ban/The-thao-Y-te/Chi-thi-11-CT-UBND-2024-tang-cuong-bien-phap-ngan-ngua-xu-ly-ngo-doc-thuc-pham-Binh-Dinh-611271.aspx
2025-06-23 08:59:57,179 - INFO - ✅ Đã lấy link: https://thuvienphapluat.vn/van-ban/Giao-duc/Chi-thi-04-CT-UBND-2024-quy-dinh-to-chuc-cac-ky-thi-Vung-Tau-611630.aspx
2025-06-23 08:59:57,182 - INFO - ✅ Đã lấy link: https://thuvienphapluat.vn/van-ban/Giao-duc/Chi-thi-03-CT-CTUBND-2024-to-chuc-Ky-thi-tot-nghiep-trung-hoc-pho-thong-Hung-Yen-611138.aspx
2025-06-23 08:59:57,186 - INFO - ✅ Đã lấy link: https://thuvienphapluat.vn/van-ban/Bo-may-hanh-chinh/Chi-thi-16-CT-TTg-2024-day-manh-cat-giam-don-gian-hoa-thu-tuc-hanh-chinh-tai-cac-bo-nganh-610636.aspx
2025-06-23 08:59:57,190 - INFO - ✅ Đã lấy link: https://thuvienphapluat.vn/van-ban/Giao-duc/Chi-thi-04-CT-UBND-2024-phoi-hop-to-chuc-Ky-thi-tot-nghiep-trung-hoc-pho-thong-Binh-Phuoc-610422.aspx
2025-06-23 08:59:57,193 - INFO - ✅ Đã lấy link: https://thuvienphapluat.vn/van-ban/Tai-nguyen-Moi-truong/Chi-thi-09-CT-UBND-2024-tang-cuong-chi-dao-quan-ly-doi-voi-khai-thac-tai-nguyen-khoang-san-Thai-Binh-610328.aspx
2025-06-23 08:59:57,197 - INFO - ✅ Đã lấy link: https://thuvienphapluat.vn/van-ban/Giao-duc/Chi-thi-15-CT-TTg-2024-tang-cuong-phoi-hop-to-chuc-Ky-thi-tot-nghiep-trung-hoc-pho-thong-610167.aspx
2025-06-23 08:59:57,200 - INFO - ✅ Đã lấy link: https://thuvienphapluat.vn/van-ban/Thu-tuc-To-tung/Chi-thi-08-CT-UBND-2024-tang-cuong-nang-luc-cong-tac-giam-dinh-tu-phap-Hoa-Binh-611039.aspx
2025-06-23 08:59:57,204 - INFO - ✅ Đã lấy link: https://thuvienphapluat.vn/van-ban/Tai-nguyen-Moi-truong/Chi-thi-12-CT-UBND-2024-trien-khai-bien-phap-cap-bach-phong-chay-chua-chay-rung-Quang-Nam-614471.aspx
2025-06-23 08:59:57,208 - INFO - ✅ Đã lấy link: https://thuvienphapluat.vn/van-ban/Cong-nghe-thong-tin/Chi-thi-12-CT-UBND-2024-tang-cuong-quan-ly-tan-so-thiet-bi-vo-tuyen-dien-Kon-Tum-609390.aspx
2025-06-23 08:59:57,211 - INFO - ✅ Đã lấy link: https://thuvienphapluat.vn/van-ban/Giao-duc/Chi-thi-07-CT-UBND-2024-tang-cuong-phoi-hop-tuyen-sinh-dai-hoc-giao-duc-nghe-nghiep-Vinh-Long-611173.aspx
2025-06-23 08:59:57,215 - INFO - ✅ Đã lấy link: https://thuvienphapluat.vn/van-ban/Tai-chinh-nha-nuoc/Chi-thi-14-CT-UBND-2024-day-manh-thuc-hanh-tiet-kiem-chong-lang-phi-Can-Tho-609403.aspx
2025-06-23 08:59:57,219 - INFO - ✅ Đã lấy link: https://thuvienphapluat.vn/van-ban/Dau-tu/Chi-thi-04-CT-UBND-2024-trien-khai-bien-phap-thao-go-kho-khan-du-an-keu-goi-dau-tu-Soc-Trang-609235.aspx
2025-06-23 08:59:57,219 - INFO - ➡️ Đang truy cập: https://thuvienphapluat.vn/page/tim-van-ban.aspx?keyword=&area=0&match=True&type=1&status=1&signer=0&sort=1&lan=1&scan=0&org=0&fields=&chlbg=23/06/1945&chlend=23/06/2035&page=28
2025-06-23 08:59:57,834 - INFO - ⏳ Chờ 4.46s giả lập người dùng...
2025-06-23 09:00:04,302 - INFO - 🧭 Tiêu đề trang: Tra cứu Văn Bản Pháp Luật
2025-06-23 09:00:04,318 - INFO - ✅ Đã lấy link: https://thuvienphapluat.vn/van-ban/Thuong-mai/Chi-thi-13-CT-UBND-2024-ho-tro-thao-go-kho-khan-vuong-mac-san-xuat-cong-nghiep-Can-Tho-609180.aspx
2025-06-23 09:00:04,322 - INFO - ✅ Đã lấy link: https://thuvienphapluat.vn/van-ban/Tai-nguyen-Moi-truong/Chi-thi-16-CT-UBND-2024-tang-cuong-thuc-hien-phong-chong-nang-nong-han-han-thieu-nuoc-Nghe-An-608788.aspx
2025-06-23 09:00:04,326 - INFO - ✅ Đã lấy link: https://thuvienphapluat.vn/van-ban/Lao-dong-Tien-luong/Chi-thi-06-CT-UBND-2024-cong-tac-dam-bao-an-toan-ve-sinh-lao-dong-trong-kinh-doanh-than-Quang-Ninh-610100.aspx
2025-06-23 09:00:04,330 - INFO - ✅ Đã lấy link: https://thuvienphapluat.vn/van-ban/Doanh-nghiep/Chi-thi-14-CT-TTg-2024-dieu-hanh-chinh-sach-tien-te-thao-go-kho-khan-san-xuat-kinh-doanh-608596.aspx
2025-06-23 09:00:04,333 - INFO - ✅ Đã lấy link: https://thuvienphapluat.vn/van-ban/Tai-nguyen-Moi-truong/Chi-thi-13-CT-TTg-2024-quan-ly-tin-chi-cac-bon-thuc-hien-Dong-gop-do-quoc-gia-tu-quyet-dinh-608534.aspx
2025-06-23 09:00:04,337 - INFO - ✅ Đã lấy link: https://thuvienphapluat.vn/van-ban/Tai-nguyen-Moi-truong/Chi-thi-12-CT-UBND-2024-tang-cuong-bien-phap-phong-chay-chua-chay-mua-nang-nong-Hue-618269.aspx
2025-06-23 09:00:04,341 - INFO - ✅ Đã lấy link: https://thuvienphapluat.vn/van-ban/Linh-vuc-khac/Chi-thi-15-CT-UBND-2024-tang-cuong-cong-tac-chi-dao-san-xuat-trong-trot-vu-He-Thu-Nghe-An-608360.aspx
2025-06-23 09:00:04,344 - INFO - ✅ Đã lấy link: https://thuvienphapluat.vn/van-ban/Bo-may-hanh-chinh/Chi-thi-11-CT-UBND-2024-cung-co-the-tran-an-ninh-nhan-dan-ket-hop-quoc-phong-toan-dan-Hue-608508.aspx
2025-06-23 09:00:04,349 - INFO - ✅ Đã lấy link: https://thuvienphapluat.vn/van-ban/Tai-chinh-nha-nuoc/Chi-thi-10-CT-UBND-2024-thanh-lap-quan-ly-Quy-Phong-chong-thien-tai-Quang-Nam-608450.aspx
2025-06-23 09:00:04,352 - INFO - ✅ Đã lấy link: https://thuvienphapluat.vn/van-ban/Tai-nguyen-Moi-truong/Chi-thi-05-CT-UBND-2024-tang-cuong-bao-ve-dong-vat-thuc-vat-hoang-da-Ha-Noi-608448.aspx
2025-06-23 09:00:04,356 - INFO - ✅ Đã lấy link: https://thuvienphapluat.vn/van-ban/Tai-nguyen-Moi-truong/Chi-thi-04-CT-UBND-2024-tang-cuong-cong-tac-quan-ly-bao-ve-rung-dat-rung-Binh-Thuan-608335.aspx
2025-06-23 09:00:04,360 - INFO - ✅ Đã lấy link: https://thuvienphapluat.vn/van-ban/Giao-thong-Van-tai/Chi-thi-03-CT-UBND-2024-tuyen-truyen-pho-bien-phap-luat-trat-tu-an-toan-giao-thong-Soc-Trang-608348.aspx
2025-06-23 09:00:04,363 - INFO - ✅ Đã lấy link: https://thuvienphapluat.vn/van-ban/Tai-nguyen-Moi-truong/Chi-thi-4-CT-UBND-2024-phong-chong-thien-tai-dam-bao-an-toan-cong-trinh-de-dieu-thuy-loi-Phu-Tho-610223.aspx
2025-06-23 09:00:04,367 - INFO - ✅ Đã lấy link: https://thuvienphapluat.vn/van-ban/Doanh-nghiep/Chi-thi-09-CT-UBND-2024-quan-ly-thue-doanh-nghiep-ngoai-tinh-hoat-dong-vang-lai-Quang-Nam-607937.aspx
2025-06-23 09:00:04,371 - INFO - ✅ Đã lấy link: https://thuvienphapluat.vn/van-ban/Tai-nguyen-Moi-truong/Chi-thi-09-CT-UBND-2024-tang-cuong-cong-tac-bao-ve-moi-truong-Dak-Lak-607869.aspx
2025-06-23 09:00:04,374 - INFO - ✅ Đã lấy link: https://thuvienphapluat.vn/van-ban/Giao-duc/Chi-thi-10-CT-UBND-2024-quy-dinh-to-chuc-cac-ky-thi-Binh-Dinh-608906.aspx
2025-06-23 09:00:04,378 - INFO - ✅ Đã lấy link: https://thuvienphapluat.vn/van-ban/Tai-nguyen-Moi-truong/Chi-thi-04-CT-UBND-2024-tang-cuong-bao-dam-an-toan-cong-trinh-thuy-loi-mua-mua-lu-Yen-Bai-607930.aspx
2025-06-23 09:00:04,382 - INFO - ✅ Đã lấy link: https://thuvienphapluat.vn/van-ban/Tai-nguyen-Moi-truong/Chi-thi-09-CT-UBND-2024-tang-cuong-bien-phap-phong-chay-chua-chay-rung-Binh-Dinh-608845.aspx
2025-06-23 09:00:04,386 - INFO - ✅ Đã lấy link: https://thuvienphapluat.vn/van-ban/Tai-nguyen-Moi-truong/Chi-thi-03-CT-UBND-2024-tang-cuong-bien-phap-phong-chong-nang-nong-han-han-Phu-Tho-608075.aspx
2025-06-23 09:00:04,389 - INFO - ✅ Đã lấy link: https://thuvienphapluat.vn/van-ban/Cong-nghe-thong-tin/Chi-thi-10-CT-UBND-2024-tang-cuong-cong-tac-quan-ly-tan-so-thiet-bi-vo-tuyen-dien-Hue-607756.aspx
2025-06-23 09:00:04,389 - INFO - ➡️ Đang truy cập: https://thuvienphapluat.vn/page/tim-van-ban.aspx?keyword=&area=0&match=True&type=1&status=1&signer=0&sort=1&lan=1&scan=0&org=0&fields=&chlbg=23/06/1945&chlend=23/06/2035&page=29
2025-06-23 09:00:04,926 - INFO - ⏳ Chờ 5.07s giả lập người dùng...
2025-06-23 09:00:12,001 - INFO - 🧭 Tiêu đề trang: Tra cứu Văn Bản Pháp Luật
2025-06-23 09:00:12,016 - INFO - ✅ Đã lấy link: https://thuvienphapluat.vn/van-ban/Dau-tu/Chi-thi-05-CT-UBND-2024-day-manh-thuc-hien-giai-ngan-ke-hoach-von-dau-tu-cong-Dak-Nong-607726.aspx
2025-06-23 09:00:12,020 - INFO - ✅ Đã lấy link: https://thuvienphapluat.vn/van-ban/Thuong-mai/Chi-thi-08-CT-UBND-2024-thi-dua-thuc-hien-nhiem-vu-phat-trien-kinh-te-xa-hoi-Binh-Dinh-608813.aspx
2025-06-23 09:00:12,024 - INFO - ✅ Đã lấy link: https://thuvienphapluat.vn/van-ban/Thue-Phi-Le-Phi/Chi-thi-05-CT-UBND-2024-trien-khai-hoa-don-dien-tu-khoi-tao-tu-may-tinh-tien-Kien-Giang-611875.aspx
2025-06-23 09:00:12,027 - INFO - ✅ Đã lấy link: https://thuvienphapluat.vn/van-ban/Thuong-mai/Chi-thi-12-CT-TTg-2024-nhiem-vu-giai-phap-trong-tam-thuc-day-phat-trien-kinh-te-xa-hoi-608823.aspx
2025-06-23 09:00:12,031 - INFO - ✅ Đã lấy link: https://thuvienphapluat.vn/van-ban/Cong-nghe-thong-tin/Chi-thi-2634-CT-VPCP-2024-tang-cuong-bao-dam-an-toan-thong-tin-mang-an-ninh-mang-609313.aspx
2025-06-23 09:00:12,034 - INFO - ✅ Đã lấy link: https://thuvienphapluat.vn/van-ban/Van-hoa-Xa-hoi/Chi-thi-08-CT-UBND-2024-quy-dinh-phat-trien-du-lich-toan-dien-nhanh-ben-vung-Phu-Yen-608883.aspx
2025-06-23 09:00:12,038 - INFO - ✅ Đã lấy link: https://thuvienphapluat.vn/van-ban/Van-hoa-Xa-hoi/Chi-thi-05-CT-UBND-2024-tang-cuong-cong-tac-phong-chong-duoi-nuoc-o-tre-em-Quang-Ngai-607089.aspx
2025-06-23 09:00:12,042 - INFO - ✅ Đã lấy link: https://thuvienphapluat.vn/van-ban/Tai-nguyen-Moi-truong/Chi-thi-08-CT-UBND-2024-tang-cuong-thuc-hien-bien-phap-phong-chong-nang-nong-han-han-Dak-Lak-607369.aspx
2025-06-23 09:00:12,045 - INFO - ✅ Đã lấy link: https://thuvienphapluat.vn/van-ban/Dau-tu/Chi-thi-10-CT-UBND-2024-thuc-hien-ke-hoach-dau-tu-von-ngan-sach-nha-nuoc-Binh-Duong-613857.aspx
2025-06-23 09:00:12,049 - INFO - ✅ Đã lấy link: https://thuvienphapluat.vn/van-ban/Giao-duc/Chi-thi-03-CT-UBND-2024-to-chuc-Ky-thi-tot-nghiep-trung-hoc-pho-thong-Binh-Thuan-607289.aspx
2025-06-23 09:00:12,053 - INFO - ✅ Đã lấy link: https://thuvienphapluat.vn/van-ban/Thue-Phi-Le-Phi/Chi-thi-08-CT-UBND-2024-day-manh-trien-khai-hoa-don-dien-tu-khoi-tao-tu-may-tinh-tien-Hue-607428.aspx
2025-06-23 09:00:12,057 - INFO - ✅ Đã lấy link: https://thuvienphapluat.vn/van-ban/Tai-nguyen-Moi-truong/Chi-thi-08-CT-UBND-2024-tang-cuong-bien-phap-phong-chong-nang-nong-Quang-Nam-606587.aspx
2025-06-23 09:00:12,061 - INFO - ✅ Đã lấy link: https://thuvienphapluat.vn/van-ban/Giao-thong-Van-tai/Chi-thi-07-CT-UBND-2024-tang-cuong-thuc-hien-dinh-bien-thuyen-vien-tau-ca-Quang-Nam-606588.aspx
2025-06-23 09:00:12,065 - INFO - ✅ Đã lấy link: https://thuvienphapluat.vn/van-ban/Bat-dong-san/Chi-thi-06-CT-UBND-2024-tang-cuong-quan-ly-Nha-nuoc-hoat-dong-dau-gia-quyen-su-dung-dat-Thai-Binh-606626.aspx
2025-06-23 09:00:12,069 - INFO - ✅ Đã lấy link: https://thuvienphapluat.vn/van-ban/Bo-may-hanh-chinh/Chi-thi-09-CT-UBND-2024-tang-cuong-cong-tac-truyen-thong-chinh-sach-Ho-Chi-Minh-607775.aspx
2025-06-23 09:00:12,073 - INFO - ✅ Đã lấy link: https://thuvienphapluat.vn/van-ban/Cong-nghe-thong-tin/Chi-thi-05-CT-UBND-2024-phat-trien-ung-dung-du-lieu-dan-cu-phuc-vu-chuyen-doi-so-Tra-Vinh-607301.aspx
2025-06-23 09:00:12,077 - INFO - ✅ Đã lấy link: https://thuvienphapluat.vn/van-ban/Tai-nguyen-Moi-truong/Chi-thi-07-CT-UBND-2024-ung-pho-han-han-xam-nhap-man-doi-voi-san-xuat-nong-nghiep-Binh-Dinh-606962.aspx
2025-06-23 09:00:12,080 - INFO - ✅ Đã lấy link: https://thuvienphapluat.vn/van-ban/Tai-nguyen-Moi-truong/Chi-thi-05-CT-UBND-2024-tang-cuong-tich-tru-nuoc-phong-chong-nang-nong-han-han-Quang-Binh-608397.aspx
2025-06-23 09:00:12,084 - INFO - ✅ Đã lấy link: https://thuvienphapluat.vn/van-ban/Cong-nghe-thong-tin/Chi-thi-02-CT-UBND-2024-Day-manh-ung-dung-du-lieu-dan-cu-phuc-vu-chuyen-doi-so-quoc-gia-Phu-Tho-606048.aspx
2025-06-23 09:00:12,087 - INFO - ✅ Đã lấy link: https://thuvienphapluat.vn/van-ban/Bo-may-hanh-chinh/Chi-thi-1618-CT-UBND-2024-xay-dung-the-tran-an-ninh-nhan-dan-ket-hop-quoc-phong-toan-dan-Dien-Bien-606968.aspx
2025-06-23 09:00:12,088 - INFO - ➡️ Đang truy cập: https://thuvienphapluat.vn/page/tim-van-ban.aspx?keyword=&area=0&match=True&type=1&status=1&signer=0&sort=1&lan=1&scan=0&org=0&fields=&chlbg=23/06/1945&chlend=23/06/2035&page=30
2025-06-23 09:00:12,615 - INFO - ⏳ Chờ 4.63s giả lập người dùng...
2025-06-23 09:00:19,250 - INFO - 🧭 Tiêu đề trang: Tra cứu Văn Bản Pháp Luật
2025-06-23 09:00:19,265 - INFO - ✅ Đã lấy link: https://thuvienphapluat.vn/van-ban/Xay-dung-Do-thi/Chi-thi-02-CT-UBND-2024-tang-cuong-quan-ly-quy-hoach-xay-dung-quy-hoach-do-thi-Dong-Thap-606814.aspx
2025-06-23 09:00:19,269 - INFO - ✅ Đã lấy link: https://thuvienphapluat.vn/van-ban/Tai-nguyen-Moi-truong/Chi-thi-32-CT-TW-2024-tang-cuong-su-lanh-dao-dang-chong-khai-thac-thuy-san-bat-hop-phap-606076.aspx
2025-06-23 09:00:19,272 - INFO - ✅ Đã lấy link: https://thuvienphapluat.vn/van-ban/Linh-vuc-khac/Chi-thi-2592-CT-BNN-TL-2024-tang-cuong-cong-tac-dam-bao-an-toan-cong-trinh-thuy-loi-mua-mua-609693.aspx
2025-06-23 09:00:19,276 - INFO - ✅ Đã lấy link: https://thuvienphapluat.vn/van-ban/Dau-tu/Chi-thi-12-CT-UBND-2024-tang-cuong-quan-ly-nganh-nghe-kinh-doanh-co-dieu-kien-an-ninh-trat-tu-Can-Tho-605647.aspx
2025-06-23 09:00:19,280 - INFO - ✅ Đã lấy link: https://thuvienphapluat.vn/van-ban/Doanh-nghiep/Chi-thi-11-CT-UBND-2024-phong-chong-te-nan-xa-hoi-trong-kinh-doanh-karaoke-vu-truong-Can-Tho-605642.aspx
2025-06-23 09:00:19,283 - INFO - ✅ Đã lấy link: https://thuvienphapluat.vn/van-ban/Tai-nguyen-Moi-truong/Chi-thi-10-CT-UBND-2024-quy-dinh-dam-bao-cung-ung-dien-Can-Tho-605862.aspx
2025-06-23 09:00:19,287 - INFO - ✅ Đã lấy link: https://thuvienphapluat.vn/van-ban/Giao-duc/Chi-thi-05-CT-UBND-2024-to-chuc-ky-thi-tot-nghiep-trung-hoc-pho-thong-Khanh-Hoa-605866.aspx
2025-06-23 09:00:19,290 - INFO - ✅ Đã lấy link: https://thuvienphapluat.vn/van-ban/The-thao-Y-te/Chi-thi-04-CT-UBND-2024-tang-cuong-phong-chong-sot-ret-Khanh-Hoa-608759.aspx
2025-06-23 09:00:19,294 - INFO - ✅ Đã lấy link: https://thuvienphapluat.vn/van-ban/Dau-tu/Chi-thi-07-CT-UBND-2024-ke-hoach-von-thuc-hien-Chuong-trinh-Muc-tieu-quoc-gia-Cao-Bang-605884.aspx
2025-06-23 09:00:19,298 - INFO - ✅ Đã lấy link: https://thuvienphapluat.vn/van-ban/Linh-vuc-khac/Chi-thi-06-CT-UBND-2024-tap-trung-thuc-hien-giai-phap-phong-chong-benh-Dai-Quang-Nam-605524.aspx
2025-06-23 09:00:19,301 - INFO - ✅ Đã lấy link: https://thuvienphapluat.vn/van-ban/Bo-may-hanh-chinh/Chi-thi-05-CT-UBND-2024-chan-chinh-cong-tac-tham-muu-cuoc-hop-hoi-nghi-Uy-ban-tinh-Vinh-Phuc-607612.aspx
2025-06-23 09:00:19,305 - INFO - ✅ Đã lấy link: https://thuvienphapluat.vn/van-ban/Linh-vuc-khac/Chi-thi-09-CT-UBND-2024-hop-tac-lien-ket-san-xuat-lua-gao-theo-chuoi-gia-tri-Can-Tho-605334.aspx
2025-06-23 09:00:19,308 - INFO - ✅ Đã lấy link: https://thuvienphapluat.vn/van-ban/Dich-vu-phap-ly/Chi-thi-03-CT-UBND-2024-tang-cuong-quan-ly-nha-nuoc-doi-voi-hoat-dong-chung-thuc-Binh-Phuoc-605343.aspx
2025-06-23 09:00:19,312 - INFO - ✅ Đã lấy link: https://thuvienphapluat.vn/van-ban/Tai-nguyen-Moi-truong/Chi-thi-04-CT-UBND-2024-tang-cuong-tiet-kiem-dien-cac-nam-tiep-theo-Ha-Noi-605098.aspx
2025-06-23 09:00:19,315 - INFO - ✅ Đã lấy link: https://thuvienphapluat.vn/van-ban/Giao-duc/Chi-thi-08-CT-UBND-2024-tang-cuong-chi-dao-to-chuc-ky-thi-tot-nghiep-trung-hoc-pho-thong-Binh-Duong-607654.aspx
2025-06-23 09:00:19,319 - INFO - ✅ Đã lấy link: https://thuvienphapluat.vn/van-ban/Tai-chinh-nha-nuoc/Chi-thi-06-CT-UBND-2024-tang-cuong-thu-ngan-sach-hoan-thanh-ke-hoach-nam-2025-Binh-Dinh-607009.aspx
2025-06-23 09:00:19,323 - INFO - ✅ Đã lấy link: https://thuvienphapluat.vn/van-ban/Bo-may-hanh-chinh/Chi-thi-05-CT-UBND-2024-tang-cuong-lap-ho-so-tai-lieu-vao-Luu-tru-co-quan-Luu-tru-lich-su-Binh-Dinh-607008.aspx
2025-06-23 09:00:19,327 - INFO - ✅ Đã lấy link: https://thuvienphapluat.vn/van-ban/Bo-may-hanh-chinh/Chi-thi-03-CT-UBND-nam-2024-trach-nhiem-cong-vu-cung-cap-dich-vu-hanh-chinh-cong-Dong-Nai-609921.aspx
2025-06-23 09:00:19,331 - INFO - ✅ Đã lấy link: https://thuvienphapluat.vn/van-ban/Tai-chinh-nha-nuoc/Chi-thi-04-CT-UBND-2024-tang-cuong-cong-tac-quan-ly-su-dung-tai-san-cong-Vinh-Phuc-611153.aspx
2025-06-23 09:00:19,335 - INFO - ✅ Đã lấy link: https://thuvienphapluat.vn/van-ban/Dau-tu/Chi-thi-08-CT-UBND-2024-day-manh-thuc-hien-cac-nhiem-vu-trong-tam-Can-Tho-614880.aspx
2025-06-23 09:00:19,335 - INFO - ➡️ Đang truy cập: https://thuvienphapluat.vn/page/tim-van-ban.aspx?keyword=&area=0&match=True&type=1&status=1&signer=0&sort=1&lan=1&scan=0&org=0&fields=&chlbg=23/06/1945&chlend=23/06/2035&page=31
2025-06-23 09:00:19,884 - INFO - ⏳ Chờ 3.18s giả lập người dùng...
2025-06-23 09:00:25,069 - INFO - 🧭 Tiêu đề trang: Tra cứu Văn Bản Pháp Luật
2025-06-23 09:00:25,085 - INFO - ✅ Đã lấy link: https://thuvienphapluat.vn/van-ban/Cong-nghe-thong-tin/Chi-thi-06-CT-UBND-2024-De-an-Phat-trien-ung-dung-du-lieu-ve-dan-cu-phuc-vu-chuyen-doi-so-Dak-Lak-614389.aspx
2025-06-23 09:00:25,090 - INFO - ✅ Đã lấy link: https://thuvienphapluat.vn/van-ban/Tai-nguyen-Moi-truong/Chi-thi-11-CT-TTg-2024-thuc-hien-bien-phap-phong-chong-nang-nong-han-han-thieu-nuoc-604753.aspx
2025-06-23 09:00:25,094 - INFO - ✅ Đã lấy link: https://thuvienphapluat.vn/van-ban/Tai-nguyen-Moi-truong/Chi-thi-05-CT-BCT-2024-dam-bao-cung-cap-dien-cac-thang-cao-diem-mua-kho-608306.aspx
2025-06-23 09:00:25,098 - INFO - ✅ Đã lấy link: https://thuvienphapluat.vn/van-ban/Van-hoa-Xa-hoi/Chi-thi-07-CT-UBND-2024-quan-ly-Nha-nuoc-su-dung-vu-khi-vat-lieu-no-cong-cu-ho-tro-phao-Can-Tho-604421.aspx
2025-06-23 09:00:25,102 - INFO - ✅ Đã lấy link: https://thuvienphapluat.vn/van-ban/Linh-vuc-khac/Chi-thi-06-CT-UBND-2024-thuc-hien-nghiem-bien-phap-phong-chong-benh-dai-tren-dong-vat-Cao-Bang-609309.aspx
2025-06-23 09:00:25,107 - INFO - ✅ Đã lấy link: https://thuvienphapluat.vn/van-ban/Tai-nguyen-Moi-truong/Chi-thi-08-CT-UBND-2024-tang-cuong-bien-phap-phong-chay-chua-chay-rung-Nghe-An-604170.aspx
2025-06-23 09:00:25,111 - INFO - ✅ Đã lấy link: https://thuvienphapluat.vn/van-ban/Cong-nghe-thong-tin/Chi-thi-04-CT-UBND-2024-dinh-danh-xac-thuc-dien-tu-phuc-vu-chuyen-doi-so-quoc-gia-Quang-Binh-608877.aspx
2025-06-23 09:00:25,116 - INFO - ✅ Đã lấy link: https://thuvienphapluat.vn/van-ban/Thuong-mai/Chi-thi-03-CT-BCT-2024-day-manh-phat-trien-thi-truong-xuc-tien-thuong-mai-mat-hang-gao-609295.aspx
2025-06-23 09:00:25,120 - INFO - ✅ Đã lấy link: https://thuvienphapluat.vn/van-ban/Quyen-dan-su/Chi-thi-03-CT-UBND-2024-tuyen-chon-cong-dan-thuc-hien-nghia-vu-Cong-an-nhan-dan-Vung-Tau-611646.aspx
2025-06-23 09:00:25,125 - INFO - ✅ Đã lấy link: https://thuvienphapluat.vn/van-ban/Tai-nguyen-Moi-truong/Chi-thi-04-CT-UBND-2024-tang-cuong-cong-tac-phong-chong-thien-tai-Tien-Giang-603782.aspx
2025-06-23 09:00:25,128 - INFO - ✅ Đã lấy link: https://thuvienphapluat.vn/van-ban/Van-hoa-Xa-hoi/Chi-thi-02-CT-UBND-2024-tang-cuong-giai-phap-phong-chong-tai-nan-xam-hai-tre-em-Dong-Nai-610097.aspx
2025-06-23 09:00:25,132 - INFO - ✅ Đã lấy link: https://thuvienphapluat.vn/van-ban/Lao-dong-Tien-luong/Chi-thi-02-CT-UBND-2024-tang-cuong-dam-bao-an-toan-ve-sinh-lao-dong-Da-Nang-606365.aspx
2025-06-23 09:00:25,136 - INFO - ✅ Đã lấy link: https://thuvienphapluat.vn/van-ban/Dau-tu/Chi-thi-06-CT-UBND-2024-tang-cuong-quan-ly-tai-san-ket-cau-ha-tang-Nha-nuoc-dau-tu-Can-Tho-603237.aspx
2025-06-23 09:00:25,141 - INFO - ✅ Đã lấy link: https://thuvienphapluat.vn/van-ban/Dich-vu-phap-ly/Chi-thi-06-CT-UBND-2024-tang-cuong-quan-ly-nha-nuoc-doi-voi-hoat-dong-cong-chung-Binh-Duong-607655.aspx
2025-06-23 09:00:25,145 - INFO - ✅ Đã lấy link: https://thuvienphapluat.vn/van-ban/Thue-Phi-Le-Phi/Chi-thi-08-CT-UBND-2024-day-manh-trien-khai-hoa-don-dien-tu-khoi-tao-tu-may-tinh-tien-Ho-Chi-Minh-604047.aspx
2025-06-23 09:00:25,149 - INFO - ✅ Đã lấy link: https://thuvienphapluat.vn/van-ban/Tai-nguyen-Moi-truong/Chi-thi-07-CT-UBND-2024-tang-cuong-lanh-dao-chong-khai-thac-hai-san-bat-hop-phap-Nghe-An-603262.aspx
2025-06-23 09:00:25,154 - INFO - ✅ Đã lấy link: https://thuvienphapluat.vn/van-ban/Bo-may-hanh-chinh/Chi-thi-03-CT-UBND-2024-nang-cao-chat-luong-xay-dung-hoan-thien-he-thong-phap-luat-Ha-Noi-603275.aspx
2025-06-23 09:00:25,158 - INFO - ✅ Đã lấy link: https://thuvienphapluat.vn/van-ban/Giao-thong-Van-tai/Chi-thi-372-CT-UBND-2024-tang-cuong-bao-dam-trat-tu-giao-thong-Ha-Giang-615707.aspx
2025-06-23 09:00:25,162 - INFO - ✅ Đã lấy link: https://thuvienphapluat.vn/van-ban/Dau-tu/Chi-thi-02-CT-UBND-2024-thuc-hien-Ke-hoach-dau-tu-cong-Kien-Giang-607395.aspx
2025-06-23 09:00:25,166 - INFO - ✅ Đã lấy link: https://thuvienphapluat.vn/van-ban/Lao-dong-Tien-luong/Chi-thi-31-CT-TW-2024-tang-cuong-lanh-dao-cua-Dang-doi-voi-an-toan-ve-sinh-lao-dong-602993.aspx
2025-06-23 09:00:25,166 - INFO - ➡️ Đang truy cập: https://thuvienphapluat.vn/page/tim-van-ban.aspx?keyword=&area=0&match=True&type=1&status=1&signer=0&sort=1&lan=1&scan=0&org=0&fields=&chlbg=23/06/1945&chlend=23/06/2035&page=32
2025-06-23 09:00:25,741 - INFO - ⏳ Chờ 4.20s giả lập người dùng...
2025-06-23 09:00:31,945 - INFO - 🧭 Tiêu đề trang: Tra cứu Văn Bản Pháp Luật
2025-06-23 09:00:31,961 - INFO - ✅ Đã lấy link: https://thuvienphapluat.vn/van-ban/Thue-Phi-Le-Phi/Chi-thi-07-CT-UBND-2024-thuc-hien-chien-luoc-cai-cach-he-thong-thue-Hue-603738.aspx
2025-06-23 09:00:31,964 - INFO - ✅ Đã lấy link: https://thuvienphapluat.vn/van-ban/Tai-nguyen-Moi-truong/Chi-thi-03-CT-UBND-2024-cong-tac-phong-chong-thien-tai-Khanh-Hoa-603480.aspx
2025-06-23 09:00:31,968 - INFO - ✅ Đã lấy link: https://thuvienphapluat.vn/van-ban/Linh-vuc-khac/Chi-thi-1900-CT-BNN-BVTV-2024-phong-chong-chuot-bao-ve-san-xuat-trong-trot-605712.aspx
2025-06-23 09:00:31,971 - INFO - ✅ Đã lấy link: https://thuvienphapluat.vn/van-ban/Thuong-mai/Chi-thi-06-CT-UBND-2024-tang-cuong-quan-ly-thue-kinh-doanh-xay-dung-lap-dat-ban-hang-vang-lai-Hue-602779.aspx
2025-06-23 09:00:31,975 - INFO - ✅ Đã lấy link: https://thuvienphapluat.vn/van-ban/Linh-vuc-khac/Chi-thi-05-CT-UBND-2024-thuc-hien-nghiem-bien-phap-phong-chong-benh-Dai-dong-vat-Thai-Binh-602799.aspx
2025-06-23 09:00:31,979 - INFO - ✅ Đã lấy link: https://thuvienphapluat.vn/van-ban/Tai-chinh-nha-nuoc/Chi-thi-04-CT-UBND-2024-tang-cuong-cong-tac-phong-chong-tham-nhung-tieu-cuc-Quang-Ngai-602756.aspx
2025-06-23 09:00:31,984 - INFO - ✅ Đã lấy link: https://thuvienphapluat.vn/van-ban/Bo-may-hanh-chinh/Chi-thi-04-CT-UBND-2024-cung-co-the-tran-an-ninh-nhan-dan-ket-hop-quoc-phong-toan-dan-Thanh-Hoa-605097.aspx
2025-06-23 09:00:31,989 - INFO - ✅ Đã lấy link: https://thuvienphapluat.vn/van-ban/Cong-nghe-thong-tin/Chi-thi-05-CT-UBND-2024-tuan-thu-quy-dinh-phap-luat-bao-dam-an-toan-thong-tin-theo-cap-do-Quang-Nam-602125.aspx
2025-06-23 09:00:31,993 - INFO - ✅ Đã lấy link: https://thuvienphapluat.vn/van-ban/Tai-chinh-nha-nuoc/Chi-thi-02-CT-UBND-2024-tang-cuong-tiet-kiem-chi-ngan-sach-nha-nuoc-Ha-Noi-618308.aspx
2025-06-23 09:00:31,998 - INFO - ✅ Đã lấy link: https://thuvienphapluat.vn/van-ban/Giao-thong-Van-tai/Chi-thi-02-CT-UBND-2024-tang-cuong-cong-tac-bao-dam-trat-tu-an-toan-giao-thong-Tra-Vinh-605708.aspx
2025-06-23 09:00:32,003 - INFO - ✅ Đã lấy link: https://thuvienphapluat.vn/van-ban/Cong-nghe-thong-tin/Chi-thi-05-CT-UBND-2024-tang-cuong-dam-bao-an-toan-he-thong-thong-tin-theo-cap-do-Hue-602376.aspx
2025-06-23 09:00:32,007 - INFO - ✅ Đã lấy link: https://thuvienphapluat.vn/van-ban/Tai-chinh-nha-nuoc/Chi-thi-04-CT-UBND-2024-tang-cuong-quan-ly-su-dung-ket-cau-ha-tang-cap-nuoc-sach-nong-thon-Lao-Cai-607532.aspx
2025-06-23 09:00:32,011 - INFO - ✅ Đã lấy link: https://thuvienphapluat.vn/van-ban/Cong-nghe-thong-tin/Chi-thi-04-CT-UBND-2024-cai-cach-hanh-chinh-cai-thien-chat-luong-dich-vu-cong-truc-tuyen-Binh-Dinh-602812.aspx
2025-06-23 09:00:32,015 - INFO - ✅ Đã lấy link: https://thuvienphapluat.vn/van-ban/Linh-vuc-khac/Chi-thi-04-CT-UBND-2024-thuc-hien-bien-phap-phong-chong-benh-Dai-tren-dong-vat-Hue-602372.aspx
2025-06-23 09:00:32,019 - INFO - ✅ Đã lấy link: https://thuvienphapluat.vn/van-ban/Dau-tu/Chi-thi-01-CT-UBND-2024-thuc-hien-ke-hoach-dau-tu-cong-Tra-Vinh-605700.aspx
2025-06-23 09:00:32,024 - INFO - ✅ Đã lấy link: https://thuvienphapluat.vn/van-ban/Cong-nghe-thong-tin/Chi-thi-04-CT-UBND-2024-ung-dung-du-lieu-dan-cu-dinh-danh-xac-thuc-dien-tu-Dak-Nong-601153.aspx
2025-06-23 09:00:32,030 - INFO - ✅ Đã lấy link: https://thuvienphapluat.vn/van-ban/Giao-thong-Van-tai/Chi-thi-935-CT-UBND-2024-trat-tu-giao-thong-ky-niem-70-nam-Chien-thang-Dien-Bien-Phu-Dien-Bien-604110.aspx
2025-06-23 09:00:32,033 - INFO - ✅ Đã lấy link: https://thuvienphapluat.vn/van-ban/Thuong-mai/Chi-thi-02-CT-UBND-2024-thi-dua-yeu-nuoc-thuc-hien-ke-hoach-phat-trien-kinh-te-xa-hoi-Hung-Yen-601522.aspx
2025-06-23 09:00:32,037 - INFO - ✅ Đã lấy link: https://thuvienphapluat.vn/van-ban/Linh-vuc-khac/Chi-thi-03-CT-UBND-2024-thuc-hien-nghiem-bien-phap-phong-chong-benh-Dai-dong-vat-Thanh-Hoa-605101.aspx
2025-06-23 09:00:32,041 - INFO - ✅ Đã lấy link: https://thuvienphapluat.vn/van-ban/Cong-nghe-thong-tin/Chi-thi-02-CT-UBND-2024-day-manh-ung-dung-du-lieu-dan-cu-dinh-danh-xac-thuc-dien-tu-Binh-phuoc-605148.aspx
2025-06-23 09:00:32,041 - INFO - ➡️ Đang truy cập: https://thuvienphapluat.vn/page/tim-van-ban.aspx?keyword=&area=0&match=True&type=1&status=1&signer=0&sort=1&lan=1&scan=0&org=0&fields=&chlbg=23/06/1945&chlend=23/06/2035&page=33
2025-06-23 09:00:32,579 - INFO - ⏳ Chờ 4.59s giả lập người dùng...
2025-06-23 09:00:39,173 - INFO - 🧭 Tiêu đề trang: Tra cứu Văn Bản Pháp Luật
2025-06-23 09:00:39,188 - INFO - ✅ Đã lấy link: https://thuvienphapluat.vn/van-ban/Tai-nguyen-Moi-truong/Chi-thi-03-CT-UBND-2024-tang-cuong-phong-chong-thien-tai-tim-kiem-cuu-nan-Vinh-Phuc-606470.aspx
2025-06-23 09:00:39,192 - INFO - ✅ Đã lấy link: https://thuvienphapluat.vn/van-ban/Linh-vuc-khac/Chi-thi-05-CT-UBND-2024-thuc-hien-bien-phap-phong-chong-benh-Dai-tren-dong-vat-Dak-Lak-601105.aspx
2025-06-23 09:00:39,196 - INFO - ✅ Đã lấy link: https://thuvienphapluat.vn/van-ban/Linh-vuc-khac/Chi-thi-10-CT-UBND-2024-tang-cuong-cong-tac-quan-ly-giong-vat-nuoi-giong-thuy-san-Kon-Tum-600741.aspx
2025-06-23 09:00:39,199 - INFO - ✅ Đã lấy link: https://thuvienphapluat.vn/van-ban/The-thao-Y-te/Chi-thi-11-CT-UBND-2024-quan-ly-giet-mo-dong-vat-bao-dam-an-toan-dich-benh-Kon-Tum-600742.aspx
2025-06-23 09:00:39,203 - INFO - ✅ Đã lấy link: https://thuvienphapluat.vn/van-ban/Thuong-mai/Chi-thi-10-CT-TTg-2024-day-manh-san-xuat-kinh-doanh-xuat-khau-lua-gao-ben-vung-tinh-hinh-moi-600637.aspx
2025-06-23 09:00:39,207 - INFO - ✅ Đã lấy link: https://thuvienphapluat.vn/van-ban/Dau-tu/Chi-thi-04-CT-UBND-2024-day-nhanh-tien-do-thuc-hien-giai-ngan-ke-hoach-von-dau-tu-cong-Son-La-600675.aspx
2025-06-23 09:00:39,210 - INFO - ✅ Đã lấy link: https://thuvienphapluat.vn/van-ban/Bo-may-hanh-chinh/Chi-thi-4-CT-UBND-2024-nang-cao-hieu-qua-thuc-hien-Quy-che-lam-viec-Uy-ban-tinh-Bac-Giang-600457.aspx
2025-06-23 09:00:39,214 - INFO - ✅ Đã lấy link: https://thuvienphapluat.vn/van-ban/Bo-may-hanh-chinh/Chi-thi-03-CT-UBND-2024-trien-khai-hieu-qua-nhiem-vu-sau-nghi-Tet-Thai-Binh-602529.aspx
2025-06-23 09:00:39,218 - INFO - ✅ Đã lấy link: https://thuvienphapluat.vn/van-ban/Tai-nguyen-Moi-truong/Chi-thi-05-CT-UBND-2024-tang-cuong-xu-ly-vi-pham-khai-thac-su-dung-khoang-san-cat-song-Vinh-Long-604532.aspx
2025-06-23 09:00:39,221 - INFO - ✅ Đã lấy link: https://thuvienphapluat.vn/van-ban/Tai-chinh-nha-nuoc/Chi-thi-04-CT-UBND-2024-dieu-hanh-thu-chi-ngan-sach-Nha-nuoc-Thanh-pho-Can-Tho-599794.aspx
2025-06-23 09:00:39,225 - INFO - ✅ Đã lấy link: https://thuvienphapluat.vn/van-ban/Dau-tu/Chi-thi-03-CT-UBND-2024-thuc-hien-phan-bo-va-giai-ngan-von-dau-tu-cong-Quang-Nam-599789.aspx
2025-06-23 09:00:39,229 - INFO - ✅ Đã lấy link: https://thuvienphapluat.vn/van-ban/Cong-nghe-thong-tin/Chi-thi-07-CT-UBND-2024-tang-cuong-quan-ly-su-dung-du-lieu-ban-do-moi-truong-dien-tu-Ho-Chi-Minh-601635.aspx
2025-06-23 09:00:39,232 - INFO - ✅ Đã lấy link: https://thuvienphapluat.vn/van-ban/Linh-vuc-khac/Chi-thi-1296-CT-BNN-TY-2024-thuc-hien-bien-phap-phong-chong-benh-Dai-dong-vat-603049.aspx
2025-06-23 09:00:39,236 - INFO - ✅ Đã lấy link: https://thuvienphapluat.vn/van-ban/Van-hoa-Xa-hoi/Chi-thi-08-CT-TTg-2024-phat-trien-du-lich-toan-dien-nhanh-va-ben-vung-thoi-gian-toi-599570.aspx
2025-06-23 09:00:39,240 - INFO - ✅ Đã lấy link: https://thuvienphapluat.vn/van-ban/Cong-nghe-thong-tin/Chi-thi-09-CT-TTg-2024-tang-cuong-bao-dam-an-toan-he-thong-thong-tin-theo-cap-do-599569.aspx
2025-06-23 09:00:39,243 - INFO - ✅ Đã lấy link: https://thuvienphapluat.vn/van-ban/Tai-chinh-nha-nuoc/Chi-thi-04-CT-UBND-2024-tang-cuong-tiet-kiem-chi-ngan-sach-nha-nuoc-Binh-Duong-607634.aspx
2025-06-23 09:00:39,247 - INFO - ✅ Đã lấy link: https://thuvienphapluat.vn/van-ban/Bo-may-hanh-chinh/Chi-thi-01-CT-UBND-2024-don-doc-thuc-hien-nhiem-vu-trong-tam-sau-Tet-Giap-Thin-Dong-Thap-601582.aspx
2025-06-23 09:00:39,250 - INFO - ✅ Đã lấy link: https://thuvienphapluat.vn/van-ban/Doanh-nghiep/Chi-thi-07-CT-TTg-2024-thuc-day-manh-me-dau-tu-phat-trien-Tap-doan-doanh-nghiep-Nha-nuoc-599558.aspx
2025-06-23 09:00:39,254 - INFO - ✅ Đã lấy link: https://thuvienphapluat.vn/van-ban/Bo-may-hanh-chinh/Chi-thi-02-CT-UBND-2024-don-doc-thuc-hien-hieu-qua-nhiem-vu-trong-tam-sau-Tet-Lai-Chau-599909.aspx
2025-06-23 09:00:39,258 - INFO - ✅ Đã lấy link: https://thuvienphapluat.vn/van-ban/Bo-may-hanh-chinh/%e2%80%8bChi-thi-03-CT-UBND-2024-don-doc-thuc-hien-nhiem-vu-trong-tam-sau-nghi-Tet-Gia-Lai-599307.aspx
2025-06-23 09:00:39,258 - INFO - ➡️ Đang truy cập: https://thuvienphapluat.vn/page/tim-van-ban.aspx?keyword=&area=0&match=True&type=1&status=1&signer=0&sort=1&lan=1&scan=0&org=0&fields=&chlbg=23/06/1945&chlend=23/06/2035&page=34
2025-06-23 09:00:40,070 - INFO - ⏳ Chờ 3.47s giả lập người dùng...
2025-06-23 09:00:45,547 - INFO - 🧭 Tiêu đề trang: Tra cứu Văn Bản Pháp Luật
2025-06-23 09:00:45,567 - INFO - ✅ Đã lấy link: https://thuvienphapluat.vn/van-ban/Thuong-mai/Chi-thi-02-CT-UBND-2024-thuc-hien-nhiem-vu-phat-trien-kinh-te-xa-hoi-quoc-phong-an-ninh-Khanh-Hoa-600234.aspx
2025-06-23 09:00:45,571 - INFO - ✅ Đã lấy link: https://thuvienphapluat.vn/van-ban/Tai-chinh-nha-nuoc/Chi-thi-01-CT-UBND-2024-tang-cuong-cong-tac-thu-chong-that-thu-ngan-sach-nha-nuoc-Bac-Kan-601570.aspx
2025-06-23 09:00:45,574 - INFO - ✅ Đã lấy link: https://thuvienphapluat.vn/van-ban/Cong-nghe-thong-tin/Chi-thi-09-CT-UBND-2024-ung-dung-cong-nghe-thong-tin-truyen-thong-He-thong-thong-ke-nha-nuoc-Kon-Tum-599083.aspx
2025-06-23 09:00:45,578 - INFO - ✅ Đã lấy link: https://thuvienphapluat.vn/van-ban/Thuong-mai/Chi-thi-01-CT-UBND-2024-thi-dua-thuc-hien-thang-loi-nhiem-vu-phat-kinh-te-xa-hoi-Ben-Tre-608122.aspx
2025-06-23 09:00:45,582 - INFO - ✅ Đã lấy link: https://thuvienphapluat.vn/van-ban/Bo-may-hanh-chinh/Chi-thi-03-CT-UBND-2024-don-doc-thuc-hien-nhiem-vu-trong-tam-sau-nghi-Tet-Son-La-599049.aspx
2025-06-23 09:00:45,585 - INFO - ✅ Đã lấy link: https://thuvienphapluat.vn/van-ban/Bo-may-hanh-chinh/Chi-thi-03-CT-UBND-2024-don-doc-thuc-hien-nhiem-vu-sau-ky-nghi-Tet-Nguyen-dan-Thua-Thien-Hue-598985.aspx
2025-06-23 09:00:45,590 - INFO - ✅ Đã lấy link: https://thuvienphapluat.vn/van-ban/Bo-may-hanh-chinh/Chi-thi-03-CT-UBND-2024-trien-khai-thuc-hien-hieu-qua-nhiem-vu-sau-ky-nghi-Tet-Quang-Binh-600378.aspx
2025-06-23 09:00:45,593 - INFO - ✅ Đã lấy link: https://thuvienphapluat.vn/van-ban/Tai-nguyen-Moi-truong/Chi-thi-06-CT-UBND-2024-tang-cuong-cong-tac-phong-chong-thien-tai-tim-kiem-cuu-nan-Ho-Chi-Minh-599152.aspx
2025-06-23 09:00:45,597 - INFO - ✅ Đã lấy link: https://thuvienphapluat.vn/van-ban/Bo-may-hanh-chinh/Chi-thi-06-CT-TTg-2024-don-doc-thuc-hien-nhiem-vu-trong-tam-sau-ky-nghi-Tet-nguyen-dan-598883.aspx
2025-06-23 09:00:45,600 - INFO - ✅ Đã lấy link: https://thuvienphapluat.vn/van-ban/Tai-nguyen-Moi-truong/Chi-thi-05-CT-TTg-2024-dam-bao-cung-ung-dien-cung-cap-than-khi-cho-san-xuat-dien-598945.aspx
2025-06-23 09:00:45,604 - INFO - ✅ Đã lấy link: https://thuvienphapluat.vn/van-ban/Cong-nghe-thong-tin/Chi-thi-04-CT-TTg-2024-day-manh-trien-khai-De-an-phat-trien-ung-dung-du-lieu-ve-dan-cu-598576.aspx
2025-06-23 09:00:45,608 - INFO - ✅ Đã lấy link: https://thuvienphapluat.vn/van-ban/Thuong-mai/Chi-thi-01-CT-UBND-2024-phat-dong-thi-dua-thuc-hien-nhiem-vu-phat-trien-kinh-te-xa-hoi-Binh-Phuoc-605137.aspx
2025-06-23 09:00:45,611 - INFO - ✅ Đã lấy link: https://thuvienphapluat.vn/van-ban/Thuong-mai/%e2%80%8bChi-thi-02-CT-UBND-2024-thuc-hien-nhiem-vu-phat-trien-kinh-te-xa-hoi-quoc-phong-an-ninh-Gia-Lai-598580.aspx
2025-06-23 09:00:45,615 - INFO - ✅ Đã lấy link: https://thuvienphapluat.vn/van-ban/Dau-tu/Chi-thi-03-CT-UBND-2024-thuc-hien-ke-hoach-phat-trien-kinh-te-xa-hoi-Vinh-Long-604531.aspx
2025-06-23 09:00:45,618 - INFO - ✅ Đã lấy link: https://thuvienphapluat.vn/van-ban/Dau-tu/Chi-thi-3-CT-UBND-2024-day-nhanh-tien-do-giai-ngan-ke-hoach-von-dau-tu-cong-Bac-Giang-598736.aspx
2025-06-23 09:00:45,622 - INFO - ✅ Đã lấy link: https://thuvienphapluat.vn/van-ban/Linh-vuc-khac/Chi-thi-04-CT-UBND-2024-trien-khai-dong-bo-giai-phap-phong-chong-dich-benh-gia-suc-Cao-Bang-598688.aspx
2025-06-23 09:00:45,626 - INFO - ✅ Đã lấy link: https://thuvienphapluat.vn/van-ban/Van-hoa-Xa-hoi/Chi-thi-08-CT-UBND-2024-phat-dong-Phong-trao-thi-dua-yeu-nuoc-Kon-Tum-598583.aspx
2025-06-23 09:00:45,629 - INFO - ✅ Đã lấy link: https://thuvienphapluat.vn/van-ban/Thuong-mai/Chi-thi-477-CT-UBND-2024-phat-dong-phong-trao-thi-dua-phat-trien-kinh-te-xa-hoi-Lai-Chau-598371.aspx
2025-06-23 09:00:45,633 - INFO - ✅ Đã lấy link: https://thuvienphapluat.vn/van-ban/Dau-tu/Chi-thi-03-CT-UBND-2024-tang-cuong-thuc-hien-giai-ngan-ke-hoach-dau-tu-cong-Dak-Lak-600576.aspx
2025-06-23 09:00:45,636 - INFO - ✅ Đã lấy link: https://thuvienphapluat.vn/van-ban/Tai-nguyen-Moi-truong/Chi-thi-03-CT-TTg-2024-to-chuc-Tet-trong-cay-doi-doi-nho-on-Bac-Ho-tang-cuong-quan-ly-rung-598880.aspx
2025-06-23 09:00:45,636 - INFO - ➡️ Đang truy cập: https://thuvienphapluat.vn/page/tim-van-ban.aspx?keyword=&area=0&match=True&type=1&status=1&signer=0&sort=1&lan=1&scan=0&org=0&fields=&chlbg=23/06/1945&chlend=23/06/2035&page=35
2025-06-23 09:00:46,250 - INFO - ⏳ Chờ 5.70s giả lập người dùng...
2025-06-23 09:00:53,960 - INFO - 🧭 Tiêu đề trang: Tra cứu Văn Bản Pháp Luật
2025-06-23 09:00:53,976 - INFO - ✅ Đã lấy link: https://thuvienphapluat.vn/van-ban/Xay-dung-Do-thi/Chi-thi-03-CT-UBND-2024-tap-trung-thuc-hien-Quy-hoach-Thanh-pho-Can-Tho-2021-2030-598246.aspx
2025-06-23 09:00:53,979 - INFO - ✅ Đã lấy link: https://thuvienphapluat.vn/van-ban/Trach-nhiem-hinh-su/Chi-thi-02-CT-UBND-2024-cong-tac-phong-ngua-dau-tranh-vi-pham-hoat-dong-khoang-san-Nam-Dinh-598295.aspx
2025-06-23 09:00:53,983 - INFO - ✅ Đã lấy link: https://thuvienphapluat.vn/van-ban/Tai-chinh-nha-nuoc/Chi-thi-02-CT-UBND-2024-nang-cao-hieu-qua-phong-chong-tham-nhung-tieu-cuc-Ca-Mau-601762.aspx
2025-06-23 09:00:53,987 - INFO - ✅ Đã lấy link: https://thuvienphapluat.vn/van-ban/Van-hoa-Xa-hoi/Chi-thi-30-CT-TW-2024-cong-tac-tuyen-truyen-mieng-trong-tinh-hinh-moi-599432.aspx
2025-06-23 09:00:53,990 - INFO - ✅ Đã lấy link: https://thuvienphapluat.vn/van-ban/Van-hoa-Xa-hoi/Chi-thi-2-CT-UBND-2024-tang-cuong-bien-phap-phong-chong-bao-luc-xam-hai-tre-em-Bac-Giang-598144.aspx
2025-06-23 09:00:53,994 - INFO - ✅ Đã lấy link: https://thuvienphapluat.vn/van-ban/Giao-thong-Van-tai/Chi-thi-660-CT-CHK-2024-dam-bao-an-toan-khai-thac-bay-thoi-tiet-bat-loi-dip-Tet-Nguyen-dan-598185.aspx
2025-06-23 09:00:53,998 - INFO - ✅ Đã lấy link: https://thuvienphapluat.vn/van-ban/Tai-nguyen-Moi-truong/Chi-thi-01-CT-UBND-2024-cong-tac-phong-chong-thien-tai-tim-kiem-cuu-nan-Ha-Noi-598568.aspx
2025-06-23 09:00:54,001 - INFO - ✅ Đã lấy link: https://thuvienphapluat.vn/van-ban/Bo-may-hanh-chinh/Chi-thi-02-CT-UBND-2024-thuc-hien-cong-tac-tuyen-sinh-quan-su-Tien-Giang-598337.aspx
2025-06-23 09:00:54,005 - INFO - ✅ Đã lấy link: https://thuvienphapluat.vn/van-ban/Giao-duc/Chi-thi-01-CT-CTUBND-2024-day-manh-thuc-hien-phat-trien-giao-duc-dao-tao-Hung-Yen-2021-2025-597742.aspx
2025-06-23 09:00:54,008 - INFO - ✅ Đã lấy link: https://thuvienphapluat.vn/van-ban/Giao-thong-Van-tai/Chi-thi-559-CT-CHK-2024-thuc-hien-Thong-bao-ky-thuat-khan-dong-co-PW1100-tren-doi-tau-bay-A321NEO-598201.aspx
2025-06-23 09:00:54,012 - INFO - ✅ Đã lấy link: https://thuvienphapluat.vn/van-ban/Tai-nguyen-Moi-truong/Chi-thi-02-CT-UBND-2024-tang-cuong-cong-tac-phong-chong-thien-tai-tim-kiem-cuu-nan-Lao-Cai-600900.aspx
2025-06-23 09:00:54,016 - INFO - ✅ Đã lấy link: https://thuvienphapluat.vn/van-ban/Linh-vuc-khac/Chi-thi-07-CT-UBND-nam-2024-trien-khai-bien-phap-phong-chong-dich-benh-dong-vat-Kon-Tum-597408.aspx
2025-06-23 09:00:54,019 - INFO - ✅ Đã lấy link: https://thuvienphapluat.vn/van-ban/Dau-tu/Chi-thi-01-CT-UBND-2024-day-nhanh-tien-do-thuc-hien-giai-ngan-von-dau-tu-cong-Thanh-Hoa-599069.aspx
2025-06-23 09:00:54,023 - INFO - ✅ Đã lấy link: https://thuvienphapluat.vn/van-ban/Giao-duc/Chi-thi-02-CT-TTg-2024-phoi-hop-giua-nha-truong-gia-dinh-phong-chong-bao-luc-hoc-duong-596861.aspx
2025-06-23 09:00:54,027 - INFO - ✅ Đã lấy link: https://thuvienphapluat.vn/van-ban/Tai-nguyen-Moi-truong/Chi-thi-01-CT-UBND-2024-chu-dong-ung-pho-nguy-co-han-han-thieu-nuoc-xam-nhap-man-Hue-598089.aspx
2025-06-23 09:00:54,030 - INFO - ✅ Đã lấy link: https://thuvienphapluat.vn/van-ban/Thuong-mai/Chi-thi-02-CT-UBND-2024-thi-dua-thuc-hien-thang-loi-nhiem-vu-phat-trien-kinh-te-xa-hoi-Ninh-Thuan-600671.aspx
2025-06-23 09:00:54,034 - INFO - ✅ Đã lấy link: https://thuvienphapluat.vn/van-ban/Bo-may-hanh-chinh/Chi-thi-03-CT-UBND-2024-tang-cuong-to-chuc-bo-may-tinh-gian-bien-che-Ha-Tinh-603381.aspx
2025-06-23 09:00:54,038 - INFO - ✅ Đã lấy link: https://thuvienphapluat.vn/van-ban/Thuong-mai/Chi-thi-01-CT-UBND-2024-thi-dua-thuc-hien-thang-loi-nhiem-vu-phat-trien-kinh-te-xa-hoi-Vung-Tau-598405.aspx
2025-06-23 09:00:54,042 - INFO - ✅ Đã lấy link: https://thuvienphapluat.vn/van-ban/Van-hoa-Xa-hoi/Chi-thi-02-CT-UBND-2024-phat-dong-phong-trao-thi-dua-yeu-nuoc-Binh-Thuan-596564.aspx
2025-06-23 09:00:54,045 - INFO - ✅ Đã lấy link: https://thuvienphapluat.vn/van-ban/Tai-chinh-nha-nuoc/Chi-thi-01-CT-UBND-2024-tang-cuong-tiet-kiem-chi-ngan-sach-nha-nuoc-Vinh-Phuc-606469.aspx
2025-06-23 09:00:54,045 - INFO - ➡️ Đang truy cập: https://thuvienphapluat.vn/page/tim-van-ban.aspx?keyword=&area=0&match=True&type=1&status=1&signer=0&sort=1&lan=1&scan=0&org=0&fields=&chlbg=23/06/1945&chlend=23/06/2035&page=36
2025-06-23 09:00:55,162 - INFO - ⏳ Chờ 4.19s giả lập người dùng...
2025-06-23 09:01:01,359 - INFO - 🧭 Tiêu đề trang: Tra cứu Văn Bản Pháp Luật
2025-06-23 09:01:01,375 - INFO - ✅ Đã lấy link: https://thuvienphapluat.vn/van-ban/Tai-nguyen-Moi-truong/Chi-thi-661-CT-BNN-TL-2024-thuc-hien-giai-phap-phong-chong-han-han-phuc-vu-nong-nghiep-600084.aspx
2025-06-23 09:01:01,379 - INFO - ✅ Đã lấy link: https://thuvienphapluat.vn/van-ban/Bo-may-hanh-chinh/Chi-thi-03-CT-UBND-2024-tap-trung-thuc-hien-03-Chuong-trinh-muc-tieu-quoc-gia-Quang-Ngai-596417.aspx
2025-06-23 09:01:01,383 - INFO - ✅ Đã lấy link: https://thuvienphapluat.vn/van-ban/Bo-may-hanh-chinh/Chi-thi-01-CT-UBND-2024-day-nhanh-tien-do-thuc-hien-chuong-trinh-muc-tieu-quoc-gia-Dak-Nong-596413.aspx
2025-06-23 09:01:01,387 - INFO - ✅ Đã lấy link: https://thuvienphapluat.vn/van-ban/Linh-vuc-khac/Chi-thi-06-CT-UBND-2024-trien-khai-bien-phap-phat-trien-chan-nuoi-Kon-Tum-597042.aspx
2025-06-23 09:01:01,391 - INFO - ✅ Đã lấy link: https://thuvienphapluat.vn/van-ban/Thuong-mai/Chi-thi-03-CT-UBND-2024-thuc-hien-Nghi-quyet-01-NQ-CP-phat-trien-kinh-te-xa-hoi-Binh-Dinh-597080.aspx
2025-06-23 09:01:01,394 - INFO - ✅ Đã lấy link: https://thuvienphapluat.vn/van-ban/Xay-dung-Do-thi/Chi-thi-05-CT-UBND-2024-vai-tro-dia-phuong-thuc-hien-xay-dung-nong-thon-moi-Kon-Tum-596592.aspx
2025-06-23 09:01:01,398 - INFO - ✅ Đã lấy link: https://thuvienphapluat.vn/van-ban/Tai-chinh-nha-nuoc/Chi-thi-01-CT-UBND-2024-tang-cuong-cong-tac-thu-ngan-sach-nha-nuoc-Tien-Giang-596428.aspx
2025-06-23 09:01:01,402 - INFO - ✅ Đã lấy link: https://thuvienphapluat.vn/van-ban/Cong-nghe-thong-tin/Chi-thi-01-CT-BTTTT-2024-dinh-huong-phat-trien-nganh-Thong-tin-va-Truyen-thong-598789.aspx
2025-06-23 09:01:01,406 - INFO - ✅ Đã lấy link: https://thuvienphapluat.vn/van-ban/Van-hoa-Xa-hoi/Chi-thi-01-CT-UBND-2024-quy-dinh-phat-dong-phong-trao-thi-dua-Lao-Cai-601691.aspx
2025-06-23 09:01:01,409 - INFO - ✅ Đã lấy link: https://thuvienphapluat.vn/van-ban/Tai-nguyen-Moi-truong/Chi-thi-04-CT-UBND-2024-tang-cuong-cong-tac-quan-ly-bao-ve-phat-trien-rung-Kon-Tum-596054.aspx
2025-06-23 09:01:01,413 - INFO - ✅ Đã lấy link: https://thuvienphapluat.vn/van-ban/Bo-may-hanh-chinh/Chi-thi-598-CT-BNN-TCCB-2024-tang-cuong-ky-luat-ky-cuong-gan-voi-cai-cach-hanh-chinh-641032.aspx
2025-06-23 09:01:01,417 - INFO - ✅ Đã lấy link: https://thuvienphapluat.vn/van-ban/Tai-nguyen-Moi-truong/Chi-thi-1-CT-UBND-2024-quan-ly-bao-ve-rung-truoc-trong-va-sau-Tet-Nguyen-dan-Bac-Giang-598168.aspx
2025-06-23 09:01:01,420 - INFO - ✅ Đã lấy link: https://thuvienphapluat.vn/van-ban/Thuong-mai/Chi-thi-05-CT-UBND-2024-thuc-hien-thang-loi-nhiem-vu-phat-trien-kinh-te-xa-hoi-Ho-Chi-Minh-598596.aspx
2025-06-23 09:01:01,424 - INFO - ✅ Đã lấy link: https://thuvienphapluat.vn/van-ban/Tai-chinh-nha-nuoc/Chi-thi-01-CT-UBND-2024-quy-dinh-tang-cuong-tiet-kiem-chi-ngan-sach-nha-nuoc-Quang-Binh-602181.aspx
2025-06-23 09:01:01,428 - INFO - ✅ Đã lấy link: https://thuvienphapluat.vn/van-ban/Thuong-mai/Chi-thi-04-CT-UBND-2024-thuc-hien-nhiem-vu-phat-trien-kinh-te-xa-hoi-Thanh-pho-Ho-Chi-Minh-596288.aspx
2025-06-23 09:01:01,432 - INFO - ✅ Đã lấy link: https://thuvienphapluat.vn/van-ban/Dau-tu/Chi-thi-02-CT-UBND-2024-trien-khai-giai-ngan-ke-hoach-von-dau-tu-cong-Lam-Dong-599557.aspx
2025-06-23 09:01:01,435 - INFO - ✅ Đã lấy link: https://thuvienphapluat.vn/van-ban/Tai-chinh-nha-nuoc/Chi-thi-01-CT-UBND-2024-trien-khai-nhiem-vu-thu-chi-ngan-sach-nha-nuoc-Lam-Dong-599556.aspx
2025-06-23 09:01:01,440 - INFO - ✅ Đã lấy link: https://thuvienphapluat.vn/van-ban/Van-hoa-Xa-hoi/Chi-thi-01-CT-UBND-2024-to-chuc-Tet-Nguyen-dan-Giap-Thin-Thanh-pho-Da-Nang-597271.aspx
2025-06-23 09:01:01,443 - INFO - ✅ Đã lấy link: https://thuvienphapluat.vn/van-ban/Tai-chinh-nha-nuoc/Chi-thi-01-CT-UBND-2024-to-chuc-thuc-hien-du-toan-ngan-sach-nha-nuoc-Khanh-Hoa-597090.aspx
2025-06-23 09:01:01,447 - INFO - ✅ Đã lấy link: https://thuvienphapluat.vn/van-ban/Tai-chinh-nha-nuoc/Chi-thi-02-CT-UBND-2024-tang-cuong-bien-phap-thu-ngan-sach-nha-nuoc-Quang-Ngai-596482.aspx
2025-06-23 09:01:01,447 - INFO - ➡️ Đang truy cập: https://thuvienphapluat.vn/page/tim-van-ban.aspx?keyword=&area=0&match=True&type=1&status=1&signer=0&sort=1&lan=1&scan=0&org=0&fields=&chlbg=23/06/1945&chlend=23/06/2035&page=37
2025-06-23 09:01:02,107 - INFO - ⏳ Chờ 3.07s giả lập người dùng...
2025-06-23 09:01:07,187 - INFO - 🧭 Tiêu đề trang: Tra cứu Văn Bản Pháp Luật
2025-06-23 09:01:07,203 - INFO - ✅ Đã lấy link: https://thuvienphapluat.vn/van-ban/Doanh-nghiep/Chi-thi-03-CT-UBND-2024-kien-toan-phat-trien-hop-tac-xa-nong-nghiep-Kon-Tum-595721.aspx
2025-06-23 09:01:07,207 - INFO - ✅ Đã lấy link: https://thuvienphapluat.vn/van-ban/Tien-te-Ngan-hang/Chi-thi-01-CT-NHNN-2024-to-chuc-thuc-hien-nhiem-vu-trong-tam-nganh-Ngan-hang-595918.aspx
2025-06-23 09:01:07,211 - INFO - ✅ Đã lấy link: https://thuvienphapluat.vn/van-ban/Cong-nghe-thong-tin/Chi-thi-02-CT-CA-2024-day-manh-chuyen-doi-so-xay-dung-Toa-an-dien-tu-649822.aspx
2025-06-23 09:01:07,214 - INFO - ✅ Đã lấy link: https://thuvienphapluat.vn/van-ban/Van-hoa-Xa-hoi/Chi-thi-01-CT-UBND-2024-tang-cuong-bien-phap-dam-bao-don-Tet-Nguyen-dan-vui-tuoi-dam-am-Phu-Tho-595591.aspx
2025-06-23 09:01:07,218 - INFO - ✅ Đã lấy link: https://thuvienphapluat.vn/van-ban/Tai-nguyen-Moi-truong/Chi-thi-422-CT-BNN-LN-2024-phat-dong-Tet-trong-cay-doi-doi-nho-on-Bac-Ho-nhan-dip-xuan-Giap-Thin-595497.aspx
2025-06-23 09:01:07,221 - INFO - ✅ Đã lấy link: https://thuvienphapluat.vn/van-ban/Tai-nguyen-Moi-truong/Chi-thi-03-CT-BYT-2024-trien-khai-cong-tac-phong-chong-thien-tai-tim-kiem-cuu-nan-nganh-Y-te-608039.aspx
2025-06-23 09:01:07,225 - INFO - ✅ Đã lấy link: https://thuvienphapluat.vn/van-ban/Bo-may-hanh-chinh/Chi-thi-184-CT-UBND-2024-phat-dong-phong-trao-thi-dua-Dien-Bien-600467.aspx
2025-06-23 09:01:07,229 - INFO - ✅ Đã lấy link: https://thuvienphapluat.vn/van-ban/Bo-may-hanh-chinh/Chi-thi-01-CT-UBND-2024-tang-cuong-cong-tac-truyen-thong-chinh-sach-Binh-Duong-601611.aspx
2025-06-23 09:01:07,232 - INFO - ✅ Đã lấy link: https://thuvienphapluat.vn/van-ban/Quyen-dan-su/Chi-thi-03-CT-UBND-2024-cong-tac-tuyen-chon-goi-cong-dan-nhap-ngu-Ho-Chi-Minh-595355.aspx
2025-06-23 09:01:07,236 - INFO - ✅ Đã lấy link: https://thuvienphapluat.vn/van-ban/Dau-tu/Chi-thi-02-CT-UBND-2024-day-manh-giai-ngan-dau-tu-cong-von-ngan-sach-nha-nuoc-Binh-Dinh-595693.aspx
2025-06-23 09:01:07,240 - INFO - ✅ Đã lấy link: https://thuvienphapluat.vn/van-ban/Thuong-mai/Chi-thi-01-CT-UBND-2024-nhiem-vu-trong-tam-thuc-hien-phat-trien-kinh-te-xa-hoi-Bac-Ninh-595893.aspx
2025-06-23 09:01:07,243 - INFO - ✅ Đã lấy link: https://thuvienphapluat.vn/van-ban/Thuong-mai/Chi-thi-02-CT-UBND-2024-thuc-hien-giai-phap-cai-thien-moi-truong-kinh-doanh-Bac-Ninh-595895.aspx
2025-06-23 09:01:07,247 - INFO - ✅ Đã lấy link: https://thuvienphapluat.vn/van-ban/Tai-chinh-nha-nuoc/Chi-thi-01-CT-BTC-2024-quan-ly-dieu-hanh-binh-on-gia-trong-dip-Tet-Nguyen-dan-Giap-Thin-594681.aspx
2025-06-23 09:01:07,250 - INFO - ✅ Đã lấy link: https://thuvienphapluat.vn/van-ban/Linh-vuc-khac/Chi-thi-01-CT-UBND-2024-tang-cuong-cong-tac-chi-dao-quan-ly-nuoi-trong-thuy-san-Binh-Dinh-595691.aspx
2025-06-23 09:01:07,254 - INFO - ✅ Đã lấy link: https://thuvienphapluat.vn/van-ban/The-thao-Y-te/Chi-thi-01-CT-BYT-2024-tang-cuong-cong-tac-y-te-dam-bao-don-Tet-Nguyen-Dan-Giap-Thin-594127.aspx
2025-06-23 09:01:07,258 - INFO - ✅ Đã lấy link: https://thuvienphapluat.vn/van-ban/Giao-duc/Chi-thi-29-CT-TW-2024-pho-cap-giao-duc-giao-duc-bat-buoc-xoa-mu-chu-594119.aspx
2025-06-23 09:01:07,261 - INFO - ✅ Đã lấy link: https://thuvienphapluat.vn/van-ban/Van-hoa-Xa-hoi/Chi-thi-02-CT-UBND-2024-tang-cuong-bien-phap-bao-dam-don-Tet-Nguyen-dan-Giap-Thin-Ho-Chi-Minh-595364.aspx
2025-06-23 09:01:07,265 - INFO - ✅ Đã lấy link: https://thuvienphapluat.vn/van-ban/Tai-chinh-nha-nuoc/Chi-thi-02-CT-UBND-2024-tang-cuong-cong-tac-quan-ly-thu-ngan-sach-Nha-nuoc-Quang-Nam-594093.aspx
2025-06-23 09:01:07,269 - INFO - ✅ Đã lấy link: https://thuvienphapluat.vn/van-ban/Tai-chinh-nha-nuoc/Chi-thi-01-CT-TTg-2024-tang-cuong-tiet-kiem-chi-ngan-sach-nha-nuoc-594043.aspx
2025-06-23 09:01:07,272 - INFO - ✅ Đã lấy link: https://thuvienphapluat.vn/van-ban/Bo-may-hanh-chinh/Chi-thi-01-CT-UBND-2024-hoan-thien-he-thong-phap-luat-ngan-ngua-tham-nhung-Ho-Chi-Minh-595363.aspx
2025-06-23 09:01:07,272 - INFO - ➡️ Đang truy cập: https://thuvienphapluat.vn/page/tim-van-ban.aspx?keyword=&area=0&match=True&type=1&status=1&signer=0&sort=1&lan=1&scan=0&org=0&fields=&chlbg=23/06/1945&chlend=23/06/2035&page=38
2025-06-23 09:01:07,880 - INFO - ⏳ Chờ 3.30s giả lập người dùng...
2025-06-23 09:01:13,204 - INFO - 🧭 Tiêu đề trang: Tra cứu Văn Bản Pháp Luật
2025-06-23 09:01:13,219 - INFO - ✅ Đã lấy link: https://thuvienphapluat.vn/van-ban/Van-hoa-Xa-hoi/Chi-thi-01-CT-UBND-2024-phat-dong-phong-trao-thi-dua-Son-La-593849.aspx
2025-06-23 09:01:13,222 - INFO - ✅ Đã lấy link: https://thuvienphapluat.vn/van-ban/Tai-nguyen-Moi-truong/Chi-thi-02-CT-UBND-2024-thuc-hien-van-dong-Nguoi-dan-de-rac-dung-noi-quy-dinh-Can-Tho-593759.aspx
2025-06-23 09:01:13,226 - INFO - ✅ Đã lấy link: https://thuvienphapluat.vn/van-ban/Dau-tu/Chi-thi-01-CT-UBND-2024-day-nhanh-tien-do-giai-ngan-ke-hoach-von-dau-tu-cong-Quang-Ngai-593756.aspx
2025-06-23 09:01:13,229 - INFO - ✅ Đã lấy link: https://thuvienphapluat.vn/van-ban/Linh-vuc-khac/Chi-thi-01-CT-UBND-2024-tang-cuong-cong-tac-phong-tru-sinh-vat-hai-cay-trong-Kon-Tum-595034.aspx
2025-06-23 09:01:13,233 - INFO - ✅ Đã lấy link: https://thuvienphapluat.vn/van-ban/Linh-vuc-khac/Chi-thi-02-CT-UBND-2024-tang-cuong-cong-tac-quan-ly-giong-cay-trong-Kon-Tum-594159.aspx
2025-06-23 09:01:13,237 - INFO - ✅ Đã lấy link: https://thuvienphapluat.vn/van-ban/Tai-chinh-nha-nuoc/Chi-thi-01-CT-UBND-2024-tang-cuong-cong-tac-thu-noi-dia-Thanh-pho-Can-Tho-593752.aspx
2025-06-23 09:01:13,241 - INFO - ✅ Đã lấy link: https://thuvienphapluat.vn/van-ban/Van-hoa-Xa-hoi/Chi-thi-01-CT-UBND-2024-tang-cuong-bien-phap-bao-dam-don-tet-Nguyen-dan-Giap-Thin-BinhThuan-593627.aspx
2025-06-23 09:01:13,244 - INFO - ✅ Đã lấy link: https://thuvienphapluat.vn/van-ban/Thuong-mai/Chi-thi-01-CT-BCT-2024-trien-khai-Cong-dien-1437-CD-TTg-bao-dam-cung-ung-xang-dau-593932.aspx
2025-06-23 09:01:13,248 - INFO - ✅ Đã lấy link: https://thuvienphapluat.vn/van-ban/Thu-tuc-To-tung/Chi-thi-01-2024-CT-CA-to-chuc-thuc-hien-nhiem-vu-trong-tam-cong-tac-Toa-an-624639.aspx
2025-06-23 09:01:13,251 - INFO - ✅ Đã lấy link: https://thuvienphapluat.vn/van-ban/Van-hoa-Xa-hoi/%e2%80%8bChi-thi-06-CT-UBND-2023-tang-cuong-bien-don-Tet-Nguyen-dan-Giap-Thin-vui-tuoi-lanh-manh-Gia-Lai-593844.aspx
2025-06-23 09:01:13,255 - INFO - ✅ Đã lấy link: https://thuvienphapluat.vn/van-ban/Bo-may-hanh-chinh/Chi-thi-19-CT-UBND-2023-xay-dung-an-ninh-nhan-dan-the-tran-quoc-phong-toan-dan-Vinh-Long-595464.aspx
2025-06-23 09:01:13,259 - INFO - ✅ Đã lấy link: https://thuvienphapluat.vn/van-ban/Tai-chinh-nha-nuoc/Chi-thi-12-CT-UBND-2023-tang-cuong-cong-tac-quan-ly-thu-ngan-sach-thang-12-Dak-Nong-593467.aspx
2025-06-23 09:01:13,262 - INFO - ✅ Đã lấy link: https://thuvienphapluat.vn/van-ban/Tai-chinh-nha-nuoc/Chi-thi-10-CT-UBND-2023-to-chuc-quan-ly-dieu-hanh-ngan-sach-nha-nuoc-Vung-Tau-597165.aspx
2025-06-23 09:01:13,266 - INFO - ✅ Đã lấy link: https://thuvienphapluat.vn/van-ban/Bo-may-hanh-chinh/Chi-thi-31-CT-UBND-2023-nhiem-vu-cong-tac-an-ninh-trat-tu-Nam-Dinh-594199.aspx
2025-06-23 09:01:13,270 - INFO - ✅ Đã lấy link: https://thuvienphapluat.vn/van-ban/Van-hoa-Xa-hoi/Chi-thi-06-CT-BTTTT-2023-to-chuc-don-Tet-Nguyen-dan-Giap-Thin-2024-594905.aspx
2025-06-23 09:01:13,273 - INFO - ✅ Đã lấy link: https://thuvienphapluat.vn/van-ban/Van-hoa-Xa-hoi/Chi-thi-16-CT-UBND-2023-to-chuc-Tet-Nguyen-dan-Giap-thin-Khanh-Hoa-639743.aspx
2025-06-23 09:01:13,277 - INFO - ✅ Đã lấy link: https://thuvienphapluat.vn/van-ban/Xay-dung-Do-thi/Chi-thi-24-CT-UBND-2023-tang-cuong-cong-tac-quan-ly-quy-hoach-xay-dung-Dong-Nai-601669.aspx
2025-06-23 09:01:13,280 - INFO - ✅ Đã lấy link: https://thuvienphapluat.vn/van-ban/Xay-dung-Do-thi/Chi-thi-23-CT-UBND-2023-thuc-hien-chinh-trang-do-thi-Bien-Hoa-Long-Khanh-thi-tran-Dong-Nai-601668.aspx
2025-06-23 09:01:13,284 - INFO - ✅ Đã lấy link: https://thuvienphapluat.vn/van-ban/Dau-tu/Chi-thi-22-CT-UBND-2023-day-nhanh-tien-do-thuc-hien-du-an-trong-diem-Dong-Nai-601667.aspx
2025-06-23 09:01:13,288 - INFO - ✅ Đã lấy link: https://thuvienphapluat.vn/van-ban/Bat-dong-san/Chi-thi-20-CT-UBND-2023-tang-cuong-cong-tac-quan-ly-dat-dai-Dong-Nai-601665.aspx
2025-06-23 09:01:13,289 - INFO - ➡️ Đang truy cập: https://thuvienphapluat.vn/page/tim-van-ban.aspx?keyword=&area=0&match=True&type=1&status=1&signer=0&sort=1&lan=1&scan=0&org=0&fields=&chlbg=23/06/1945&chlend=23/06/2035&page=39
2025-06-23 09:01:14,039 - INFO - ⏳ Chờ 5.20s giả lập người dùng...
2025-06-23 09:01:21,252 - INFO - 🧭 Tiêu đề trang: Tra cứu Văn Bản Pháp Luật
2025-06-23 09:01:21,267 - INFO - ✅ Đã lấy link: https://thuvienphapluat.vn/van-ban/Tai-nguyen-Moi-truong/Chi-thi-21-CT-UBND-2023-cong-tac-quan-ly-nha-nuoc-thuc-hien-nhiem-vu-bao-ve-moi-truong-Dong-Nai-601666.aspx
2025-06-23 09:01:21,271 - INFO - ✅ Đã lấy link: https://thuvienphapluat.vn/van-ban/Dau-tu/Chi-thi-19-CT-UBND-2023-day-nhanh-tien-do-boi-thuong-giai-phong-mat-bang-du-an-Dong-Nai-601671.aspx
2025-06-23 09:01:21,275 - INFO - ✅ Đã lấy link: https://thuvienphapluat.vn/van-ban/Tai-chinh-nha-nuoc/Chi-thi-18-CT-UBND-2023-tap-trung-thuc-hien-nhiem-vu-tai-chinh-ngan-sach-tren-Dong-Nai-601664.aspx
2025-06-23 09:01:21,278 - INFO - ✅ Đã lấy link: https://thuvienphapluat.vn/van-ban/Van-hoa-Xa-hoi/Chi-thi-27-CT-UBND-2023-tang-cuong-quan-ly-giam-sat-thuc-hien-che-do-chinh-sach-Thua-Thien-Hue-593698.aspx
2025-06-23 09:01:21,282 - INFO - ✅ Đã lấy link: https://thuvienphapluat.vn/van-ban/Van-hoa-Xa-hoi/Chi-thi-12-CT-UBND-2023-tang-cuong-bao-dam-don-Tet-Nguyen-dan-vui-tuoi-Dong-Thap-594434.aspx
2025-06-23 09:01:21,286 - INFO - ✅ Đã lấy link: https://thuvienphapluat.vn/van-ban/Bo-may-hanh-chinh/Chi-thi-43-CT-UBND-2023-cai-cach-nang-cao-hieu-qua-giai-quyet-thu-tuc-hanh-chinh-Nghe-An-593112.aspx
2025-06-23 09:01:21,289 - INFO - ✅ Đã lấy link: https://thuvienphapluat.vn/van-ban/Van-hoa-Xa-hoi/Chi-thi-41-CT-UBND-2023-bien-phap-bao-dam-don-Tet-Giap-Thin-2024-vui-tuoi-Nghe-An-593262.aspx
2025-06-23 09:01:21,293 - INFO - ✅ Đã lấy link: https://thuvienphapluat.vn/van-ban/Bo-may-hanh-chinh/Chi-thi-25-CT-UBND-2023-thuc-hien-xin-loi-bang-van-ban-ho-so-thu-tuc-hanh-chinh-qua-han-Dak-Lak-593238.aspx
2025-06-23 09:01:21,297 - INFO - ✅ Đã lấy link: https://thuvienphapluat.vn/van-ban/Van-hoa-Xa-hoi/Chi-thi-14-CT-UBND-2023-bien-phap-bao-dam-don-Tet-nguyen-dan-vui-tuoi-Yen-Bai-593241.aspx
2025-06-23 09:01:21,300 - INFO - ✅ Đã lấy link: https://thuvienphapluat.vn/van-ban/Tai-nguyen-Moi-truong/Chi-thi-22-CT-UBND-2023-tang-cuong-cong-tac-phong-chay-chua-chay-Son-La-2024-592579.aspx
2025-06-23 09:01:21,304 - INFO - ✅ Đã lấy link: https://thuvienphapluat.vn/van-ban/The-thao-Y-te/Chi-thi-20-CT-UBND-2023-ngan-chan-nhap-lau-trai-phep-dong-vat-san-pham-dong-vat-Thanh-Hoa-596061.aspx
2025-06-23 09:01:21,308 - INFO - ✅ Đã lấy link: https://thuvienphapluat.vn/van-ban/Thue-Phi-Le-Phi/Chi-thi-07-CT-UBND-2023-thuc-hien-Chien-luoc-cai-cach-he-thong-thue-Ho-Chi-Minh-den-2030-595223.aspx
2025-06-23 09:01:21,311 - INFO - ✅ Đã lấy link: https://thuvienphapluat.vn/van-ban/Tai-chinh-nha-nuoc/Chi-thi-18-CT-UBND-2023-thuc-hien-du-toan-ngan-sach-nha-nuoc-Vinh-Long-595817.aspx
2025-06-23 09:01:21,315 - INFO - ✅ Đã lấy link: https://thuvienphapluat.vn/van-ban/Thuong-mai/Chi-thi-17-CT-UBND-2023-phat-dong-thi-dua-nhiem-vu-phat-trien-kinh-te-xa-hoi-Vinh-Long-2024-595816.aspx
2025-06-23 09:01:21,319 - INFO - ✅ Đã lấy link: https://thuvienphapluat.vn/van-ban/Dau-tu/Chi-thi-26-CT-UBND-2023-thuc-hien-dau-tu-cong-Thua-Thien-Hue-2024-593704.aspx
2025-06-23 09:01:21,322 - INFO - ✅ Đã lấy link: https://thuvienphapluat.vn/van-ban/The-thao-Y-te/Chi-thi-25-CT-UBND-2023-ngan-chan-nhap-lau-van-chuyen-trai-phep-dong-vat-Thua-Thien-Hue-593703.aspx
2025-06-23 09:01:21,326 - INFO - ✅ Đã lấy link: https://thuvienphapluat.vn/van-ban/Van-hoa-Xa-hoi/Chi-thi-14-CT-UBND-2023-tang-cuong-bao-dam-don-Tet-2024-vui-tuoi-lanh-manh-an-toan-Cao-Bang-601438.aspx
2025-06-23 09:01:21,330 - INFO - ✅ Đã lấy link: https://thuvienphapluat.vn/van-ban/Cong-nghe-thong-tin/Chi-thi-16-CT-UBND-2023-tang-cuong-cong-tac-quan-ly-tan-so-thiet-bi-vo-tuyen-dien-Vinh-Long-596069.aspx
2025-06-23 09:01:21,333 - INFO - ✅ Đã lấy link: https://thuvienphapluat.vn/van-ban/Giao-duc/Chi-thi-32-CT-TTg-2023-day-manh-doi-moi-can-ban-toan-dien-giao-duc-pho-thong-592305.aspx
2025-06-23 09:01:21,337 - INFO - ✅ Đã lấy link: https://thuvienphapluat.vn/van-ban/Bo-may-hanh-chinh/Chi-thi-05-CT-BTTTT-2023-cong-tac-thi-dua-khen-thuong-nam-2024-594904.aspx
2025-06-23 09:01:21,337 - INFO - ➡️ Đang truy cập: https://thuvienphapluat.vn/page/tim-van-ban.aspx?keyword=&area=0&match=True&type=1&status=1&signer=0&sort=1&lan=1&scan=0&org=0&fields=&chlbg=23/06/1945&chlend=23/06/2035&page=40
2025-06-23 09:01:21,981 - INFO - ⏳ Chờ 3.46s giả lập người dùng...
2025-06-23 09:01:27,450 - INFO - 🧭 Tiêu đề trang: Tra cứu Văn Bản Pháp Luật
2025-06-23 09:01:27,466 - INFO - ✅ Đã lấy link: https://thuvienphapluat.vn/van-ban/Van-hoa-Xa-hoi/Chi-thi-28-CT-TW-2023-tang-cuong-thuc-hien-cham-soc-giao-duc-va-bao-ve-tre-em-592860.aspx
2025-06-23 09:01:27,470 - INFO - ✅ Đã lấy link: https://thuvienphapluat.vn/van-ban/Tai-chinh-nha-nuoc/Chi-thi-27-CT-TW-2023-tang-cuong-lanh-dao-dang-cong-tac-thuc-hanh-tiet-kiem-chong-lang-phi-592858.aspx
2025-06-23 09:01:27,474 - INFO - ✅ Đã lấy link: https://thuvienphapluat.vn/van-ban/The-thao-Y-te/Chi-thi-09-CT-UBND-2023-ngan-chan-nhap-lau-trai-phep-dong-vat-san-pham-dong-vat-Hai-Duong-592480.aspx
2025-06-23 09:01:27,478 - INFO - ✅ Đã lấy link: https://thuvienphapluat.vn/van-ban/Van-hoa-Xa-hoi/Chi-thi-14-CT-UBND-2023-to-chuc-don-Tet-Nguyen-dan-Giap-Thin-Bac-Giang-592277.aspx
2025-06-23 09:01:27,481 - INFO - ✅ Đã lấy link: https://thuvienphapluat.vn/van-ban/Cong-nghe-thong-tin/Chi-thi-9412-CT-BNN-KHCN-2023-trien-khai-De-an-chuyen-doi-so-quoc-gia-giai-doan-2022-2025-599976.aspx
2025-06-23 09:01:27,485 - INFO - ✅ Đã lấy link: https://thuvienphapluat.vn/van-ban/Van-hoa-Xa-hoi/Chi-thi-12-CT-UBND-2023-bien-phap-bao-dam-don-tet-Nguyen-dan-Giap-Thin-lanh-manh-Lai-Chau-593292.aspx
2025-06-23 09:01:27,489 - INFO - ✅ Đã lấy link: https://thuvienphapluat.vn/van-ban/Cong-nghe-thong-tin/Chi-thi-15-CT-UBND-2023-phat-trien-ben-vung-ha-tang-ky-thuat-vien-thong-Quang-Binh-602337.aspx
2025-06-23 09:01:27,493 - INFO - ✅ Đã lấy link: https://thuvienphapluat.vn/van-ban/Van-hoa-Xa-hoi/Chi-thi-13-CT-UBND-2023-bien-phap-bao-dam-don-Tet-Nguyen-dan-Giap-Thin-an-toan-Quang-Ngai-592165.aspx
2025-06-23 09:01:27,497 - INFO - ✅ Đã lấy link: https://thuvienphapluat.vn/van-ban/Van-hoa-Xa-hoi/Chi-thi-29-CT-UBND-2023-bien-phap-bao-dam-don-tet-Nguyen-dan-Giap-Thin-Nam-Dinh-594252.aspx
2025-06-23 09:01:27,500 - INFO - ✅ Đã lấy link: https://thuvienphapluat.vn/van-ban/Van-hoa-Xa-hoi/Chi-thi-10-CT-UBND-2023-tang-cuong-bien-phap-don-Tet-Nguyen-dan-Giap-Thin-lanh-manh-Hung-Yen-592614.aspx
2025-06-23 09:01:27,504 - INFO - ✅ Đã lấy link: https://thuvienphapluat.vn/van-ban/Giao-thong-Van-tai/Chi-thi-31-CT-TTg-2023-tang-cuong-bao-dam-an-toan-giao-thong-cho-lua-tuoi-hoc-sinh-tinh-hinh-moi-591847.aspx
2025-06-23 09:01:27,508 - INFO - ✅ Đã lấy link: https://thuvienphapluat.vn/van-ban/Van-hoa-Xa-hoi/Chi-thi-13-CT-UBND-2023-chuan-bi-Tet-Nguyen-dan-Giap-Thin-Soc-Trang-592258.aspx
2025-06-23 09:01:27,512 - INFO - ✅ Đã lấy link: https://thuvienphapluat.vn/van-ban/Van-hoa-Xa-hoi/Chi-thi-19-CT-UBND-2023-to-chuc-don-Tet-Nguyen-dan-Giap-Thin-Thanh-Hoa-nam-2024-596060.aspx
2025-06-23 09:01:27,516 - INFO - ✅ Đã lấy link: https://thuvienphapluat.vn/van-ban/Thuong-mai/Chi-thi-17-CT-UBND-2023-giai-phap-thuc-hien-ke-hoach-phat-trien-kinh-te-xa-hoi-Lao-Cai-600831.aspx
2025-06-23 09:01:27,519 - INFO - ✅ Đã lấy link: https://thuvienphapluat.vn/van-ban/Thue-Phi-Le-Phi/Chi-thi-18-CT-UBND-2023-tang-cuong-quan-ly-su-dung-hoa-don-dien-tu-Lao-Cai-600075.aspx
2025-06-23 09:01:27,523 - INFO - ✅ Đã lấy link: https://thuvienphapluat.vn/van-ban/Linh-vuc-khac/Chi-thi-38-CT-UBND-2023-tang-cuong-cong-tac-chi-dao-san-xuat-trong-trot-vu-Xuan-Nghe-An-2024-591664.aspx
2025-06-23 09:01:27,527 - INFO - ✅ Đã lấy link: https://thuvienphapluat.vn/van-ban/Bo-may-hanh-chinh/Chi-thi-01-CT-VKSTC-2023-cong-tac-nganh-Kiem-sat-nhan-dan-2024-592853.aspx
2025-06-23 09:01:27,531 - INFO - ✅ Đã lấy link: https://thuvienphapluat.vn/van-ban/The-thao-Y-te/Chi-thi-28-CT-UBND-2023-ngan-chan-nhap-lau-van-chuyen-trai-phep-dong-vat-Nam-Dinh-594251.aspx
2025-06-23 09:01:27,535 - INFO - ✅ Đã lấy link: https://thuvienphapluat.vn/van-ban/Van-hoa-Xa-hoi/Chi-thi-16-CT-UBND-2023-to-chuc-don-Tet-nguyen-dan-an-toan-tiet-kiem-Quang-Nam-591376.aspx
2025-06-23 09:01:27,538 - INFO - ✅ Đã lấy link: https://thuvienphapluat.vn/van-ban/Tai-chinh-nha-nuoc/Chi-thi-18-CT-UBND-2023-nang-cao-kiem-soat-tai-san-thu-nhap-nguoi-co-chuc-vu-Thanh-Hoa-596059.aspx
2025-06-23 09:01:27,538 - INFO - ➡️ Đang truy cập: https://thuvienphapluat.vn/page/tim-van-ban.aspx?keyword=&area=0&match=True&type=1&status=1&signer=0&sort=1&lan=1&scan=0&org=0&fields=&chlbg=23/06/1945&chlend=23/06/2035&page=41
2025-06-23 09:01:28,407 - INFO - ⏳ Chờ 4.52s giả lập người dùng...
2025-06-23 09:01:34,938 - INFO - 🧭 Tiêu đề trang: Tra cứu Văn Bản Pháp Luật
2025-06-23 09:01:34,954 - INFO - ✅ Đã lấy link: https://thuvienphapluat.vn/van-ban/Tai-nguyen-Moi-truong/Chi-thi-15-CT-UBND-2023-tang-cuong-giai-phap-phong-chong-han-han-san-xuat-nong-nghiep-Binh-Dinh-591443.aspx
2025-06-23 09:01:34,958 - INFO - ✅ Đã lấy link: https://thuvienphapluat.vn/van-ban/Thuong-mai/Chi-thi-2488-CT-UBND-2023-trien-khai-nhiem-vu-phat-trien-kinh-te-xa-hoi-Ha-Giang-606098.aspx
2025-06-23 09:01:34,962 - INFO - ✅ Đã lấy link: https://thuvienphapluat.vn/van-ban/Van-hoa-Xa-hoi/Chi-thi-30-CT-TTg-2023-bao-dam-don-Tet-Nguyen-dan-Giap-Thin-2024-vui-tuoi-lanh-manh-591116.aspx
2025-06-23 09:01:34,966 - INFO - ✅ Đã lấy link: https://thuvienphapluat.vn/van-ban/Bo-may-hanh-chinh/Chi-thi-07-CT-UBND-2023-xay-dung-the-tran-an-ninh-nhan-dan-ket-hop-quoc-phong-toan-dan-Tay-Ninh-592307.aspx
2025-06-23 09:01:34,970 - INFO - ✅ Đã lấy link: https://thuvienphapluat.vn/van-ban/Tai-nguyen-Moi-truong/Chi-thi-14-CT-BCT-2023-dam-bao-cung-cap-dien-dip-Le-Tet-su-kien-chinh-tri-lon-590969.aspx
2025-06-23 09:01:34,974 - INFO - ✅ Đã lấy link: https://thuvienphapluat.vn/van-ban/Bo-may-hanh-chinh/Chi-thi-03-2023-CT-CA-tang-cuong-ky-luat-cong-vu-gan-voi-trach-nhiem-nguoi-dung-dau-Toa-an-598944.aspx
2025-06-23 09:01:34,977 - INFO - ✅ Đã lấy link: https://thuvienphapluat.vn/van-ban/Van-hoa-Xa-hoi/Chi-thi-12-CT-UBND-2023-tran-ap-toi-pham-bao-dam-an-ninh-trat-tu-Tet-Duong-lich-Quang-Ngai-590228.aspx
2025-06-23 09:01:34,981 - INFO - ✅ Đã lấy link: https://thuvienphapluat.vn/van-ban/Van-hoa-Xa-hoi/Chi-thi-17-CT-UBND-2023-tang-cuong-bao-dam-an-ninh-trat-tu-truoc-Tet-Nguyen-danThanh-Hoa-2024-592247.aspx
2025-06-23 09:01:34,985 - INFO - ✅ Đã lấy link: https://thuvienphapluat.vn/van-ban/Dau-tu/Chi-thi-16-CT-UBND-2023-quy-dinh-thuc-hien-ke-hoach-dau-tu-cong-Dong-Nai-601663.aspx
2025-06-23 09:01:34,989 - INFO - ✅ Đã lấy link: https://thuvienphapluat.vn/van-ban/Thuong-mai/Chi-thi-08-CT-UBND-2023-trien-khai-Ke-hoach-phat-trien-kinh-te-xa-hoi-Kon-Tum-590917.aspx
2025-06-23 09:01:34,993 - INFO - ✅ Đã lấy link: https://thuvienphapluat.vn/van-ban/Van-hoa-Xa-hoi/Chi-thi-14-CT-UBND-2023-phat-dong-phong-trao-thi-dua-yeu-nuoc-Can-Tho-593278.aspx
2025-06-23 09:01:34,997 - INFO - ✅ Đã lấy link: https://thuvienphapluat.vn/van-ban/Van-hoa-Xa-hoi/Chi-thi-13-CT-UBND-2023-cao-diem-tan-cong-tran-ap-toi-pham-tet-Nguyen-dan-Bac-Giang-590298.aspx
2025-06-23 09:01:35,001 - INFO - ✅ Đã lấy link: https://thuvienphapluat.vn/van-ban/Tai-chinh-nha-nuoc/Chi-thi-21-CT-UBND-2023-day-manh-thuc-hanh-tiet-kiem-chong-lang-phi-Son-La-590226.aspx
2025-06-23 09:01:35,005 - INFO - ✅ Đã lấy link: https://thuvienphapluat.vn/van-ban/Tai-nguyen-Moi-truong/Chi-thi-20-CT-UBND-2023-ngan-chan-nhap-lau-van-chuyen-trai-phep-dong-vat-Son-La-590225.aspx
2025-06-23 09:01:35,009 - INFO - ✅ Đã lấy link: https://thuvienphapluat.vn/van-ban/Van-hoa-Xa-hoi/Chi-thi-11-CT-UBND-2023-cao-diem-tan-cong-tran-ap-toi-pham-Tet-Nguyen-dan-Dak-Nong-2024-589694.aspx
2025-06-23 09:01:35,013 - INFO - ✅ Đã lấy link: https://thuvienphapluat.vn/van-ban/Tai-nguyen-Moi-truong/Chi-thi-09-CT-UBND-2023-tang-cuong-cong-tac-quan-ly-chat-thai-ran-Bac-Kan-589756.aspx
2025-06-23 09:01:35,016 - INFO - ✅ Đã lấy link: https://thuvienphapluat.vn/van-ban/Van-hoa-Xa-hoi/Chi-thi-27-CT-UBND-2023-cao-diem-tan-cong-tran-ap-toi-pham-Tet-Nguyen-dan-Nam-Dinh-590854.aspx
2025-06-23 09:01:35,020 - INFO - ✅ Đã lấy link: https://thuvienphapluat.vn/van-ban/Van-hoa-Xa-hoi/Chi-thi-23-CT-UBND-2023-phong-ngua-dau-tranh-tran-ap-toi-pham-Tet-Nguyen-dan-Dak-Lak-589605.aspx
2025-06-23 09:01:35,024 - INFO - ✅ Đã lấy link: https://thuvienphapluat.vn/van-ban/Van-hoa-Xa-hoi/Chi-thi-22-CT-UBND-2023-tang-cuong-bao-dam-an-ninh-trat-tu-Tet-Nguyen-dan-Thua-Thien-Hue-590817.aspx
2025-06-23 09:01:35,028 - INFO - ✅ Đã lấy link: https://thuvienphapluat.vn/van-ban/Thue-Phi-Le-Phi/Chi-thi-12-CT-UBND-2023-thuc-hien-Chien-luoc-cai-cach-he-thong-thue-Soc-Trang-589522.aspx
2025-06-23 09:01:35,028 - INFO - ➡️ Đang truy cập: https://thuvienphapluat.vn/page/tim-van-ban.aspx?keyword=&area=0&match=True&type=1&status=1&signer=0&sort=1&lan=1&scan=0&org=0&fields=&chlbg=23/06/1945&chlend=23/06/2035&page=42
2025-06-23 09:01:35,569 - INFO - ⏳ Chờ 3.29s giả lập người dùng...
2025-06-23 09:01:40,864 - INFO - 🧭 Tiêu đề trang: Tra cứu Văn Bản Pháp Luật
2025-06-23 09:01:40,879 - INFO - ✅ Đã lấy link: https://thuvienphapluat.vn/van-ban/The-thao-Y-te/Chi-thi-29-CT-TTg-2023-ngan-chan-nhap-lau-van-chuyen-trai-phep-dong-vat-589432.aspx
2025-06-23 09:01:40,882 - INFO - ✅ Đã lấy link: https://thuvienphapluat.vn/van-ban/Thuong-mai/Chi-thi-19-CT-UBND-2023-can-doi-cung-cau-binh-on-gia-ca-thi-truong-Tet-Nguyen-dan-Son-La-589376.aspx
2025-06-23 09:01:40,886 - INFO - ✅ Đã lấy link: https://thuvienphapluat.vn/van-ban/Van-hoa-Xa-hoi/Chi-thi-07-CT-UBND-2023-thuc-hien-cao-diem-tan-cong-tran-ap-toi-pham-Tet-Nguyen-dan-Binh-Phuoc-591079.aspx
2025-06-23 09:01:40,890 - INFO - ✅ Đã lấy link: https://thuvienphapluat.vn/van-ban/Giao-thong-Van-tai/Chi-thi-6881-CT-CHK-2023-dam-bao-trat-tu-an-toan-giao-thong-trong-dip-Tet-Duong-lich-2024-592901.aspx
2025-06-23 09:01:40,894 - INFO - ✅ Đã lấy link: https://thuvienphapluat.vn/van-ban/Bo-may-hanh-chinh/Chi-thi-12-CT-UBND-2023-tang-cuong-cong-tac-thanh-tra-kiem-tra-hoat-dong-cong-vu-Cao-Bang-589506.aspx
2025-06-23 09:01:40,898 - INFO - ✅ Đã lấy link: https://thuvienphapluat.vn/van-ban/Tai-nguyen-Moi-truong/Chi-thi-15-CT-UBND-2023-tang-cuong-quan-ly-chat-no-chat-doc-khai-thac-thuy-san-Dong-Nai-590915.aspx
2025-06-23 09:01:40,902 - INFO - ✅ Đã lấy link: https://thuvienphapluat.vn/van-ban/Van-hoa-Xa-hoi/Chi-thi-18-CT-UBND-2023-cao-diem-tan-cong-tran-ap-toi-pham-Tet-Nguyen-dan-Giap-Thin-Son-La-588603.aspx
2025-06-23 09:01:40,906 - INFO - ✅ Đã lấy link: https://thuvienphapluat.vn/van-ban/Tai-nguyen-Moi-truong/Chi-thi-24-CT-UBND-2023-cong-tac-quan-ly-bao-ve-tai-nguyen-nuoc-Vinh-Phuc-589336.aspx
2025-06-23 09:01:40,909 - INFO - ✅ Đã lấy link: https://thuvienphapluat.vn/van-ban/Cong-nghe-thong-tin/Chi-thi-28-CT-TTg-2023-day-manh-De-an-ung-dung-cong-nghe-thong-tin-trong-He-thong-thong-ke-588267.aspx
2025-06-23 09:01:40,913 - INFO - ✅ Đã lấy link: https://thuvienphapluat.vn/van-ban/Trach-nhiem-hinh-su/Chi-thi-16-CT-UBND-2023-tang-cuong-phong-ngua-toi-pham-khai-thac-tai-nguyen-Thai-Binh-588316.aspx
2025-06-23 09:01:40,917 - INFO - ✅ Đã lấy link: https://thuvienphapluat.vn/van-ban/Quyen-dan-su/Chi-thi-05-CT-UBND-2023-tuyen-chon-goi-cong-dan-nhap-ngu-tham-gia-Cong-an-Phu-Tho-588901.aspx
2025-06-23 09:01:40,921 - INFO - ✅ Đã lấy link: https://thuvienphapluat.vn/van-ban/Ke-toan-Kiem-toan/Chi-thi-04-CT-BTC-2023-tang-cuong-quan-ly-hoa-don-dien-tu-gop-phan-day-manh-chuyen-doi-so-589519.aspx
2025-06-23 09:01:40,925 - INFO - ✅ Đã lấy link: https://thuvienphapluat.vn/van-ban/Tien-te-Ngan-hang/Chi-thi-05-CT-UBND-2023-chan-chinh-trach-nhiem-quan-ly-nha-nuoc-tin-dung-chinh-sach-xa-hoi-Bac-Lieu-626529.aspx
2025-06-23 09:01:40,929 - INFO - ✅ Đã lấy link: https://thuvienphapluat.vn/van-ban/Linh-vuc-khac/Chi-thi-35-CT-UBND-2023-chi-dao-cong-tac-phong-chong-benh-Dich-ta-lon-Chau-Phi-Nghe-An-587745.aspx
2025-06-23 09:01:40,933 - INFO - ✅ Đã lấy link: https://thuvienphapluat.vn/van-ban/Van-hoa-Xa-hoi/Chi-thi-26-CT-TW-2023-to-chuc-Tet-Giap-Thin-nam-2024-588186.aspx
2025-06-23 09:01:40,937 - INFO - ✅ Đã lấy link: https://thuvienphapluat.vn/van-ban/Tai-nguyen-Moi-truong/Chi-thi-11-CT-UBND-2023-tang-cuong-cong-tac-quan-ly-bao-ve-rung-Lai-Chau-587461.aspx
2025-06-23 09:01:40,941 - INFO - ✅ Đã lấy link: https://thuvienphapluat.vn/van-ban/Tai-nguyen-Moi-truong/Chi-thi-08-CT-UBND-2023-ngan-chan-tinh-trang-tau-ca-khai-thac-hai-san-bat-hop-phap-Tra-Vinh-587476.aspx
2025-06-23 09:01:40,945 - INFO - ✅ Đã lấy link: https://thuvienphapluat.vn/van-ban/Van-hoa-Xa-hoi/Chi-thi-16-CT-UBND-2023-tang-cuong-cong-tac-phong-chong-duoi-nuoc-tre-em-hoc-sinh-Phu-Yen-602798.aspx
2025-06-23 09:01:40,949 - INFO - ✅ Đã lấy link: https://thuvienphapluat.vn/van-ban/Tai-nguyen-Moi-truong/Chi-thi-10-CT-UBND-2023-quan-ly-khai-thac-nguon-loi-thuy-san-co-tinh-huy-diet-Ca-Mau-589717.aspx
2025-06-23 09:01:40,952 - INFO - ✅ Đã lấy link: https://thuvienphapluat.vn/van-ban/Trach-nhiem-hinh-su/Chi-thi-08-CT-UBND-2023-quan-ly-hanh-vi-vi-pham-vu-khi-vat-lieu-no-dip-le-tet-Hai-Duong-2024-587688.aspx
2025-06-23 09:01:40,952 - INFO - ➡️ Đang truy cập: https://thuvienphapluat.vn/page/tim-van-ban.aspx?keyword=&area=0&match=True&type=1&status=1&signer=0&sort=1&lan=1&scan=0&org=0&fields=&chlbg=23/06/1945&chlend=23/06/2035&page=43
2025-06-23 09:01:41,516 - INFO - ⏳ Chờ 5.02s giả lập người dùng...
2025-06-23 09:01:48,541 - INFO - 🧭 Tiêu đề trang: Tra cứu Văn Bản Pháp Luật
2025-06-23 09:01:48,556 - INFO - ✅ Đã lấy link: https://thuvienphapluat.vn/van-ban/Thue-Phi-Le-Phi/Chi-thi-14-CT-UBND-2023-trien-khai-chien-luoc-cai-cach-he-thong-thue-Dong-Nai-den-2030-587551.aspx
2025-06-23 09:01:48,560 - INFO - ✅ Đã lấy link: https://thuvienphapluat.vn/van-ban/Tien-te-Ngan-hang/Chi-thi-21-CT-UBND-2023-trien-khai-Nghi-quyet-42-2017-QH14-Thua-Thien-Hue-587102.aspx
2025-06-23 09:01:48,564 - INFO - ✅ Đã lấy link: https://thuvienphapluat.vn/van-ban/Quyen-dan-su/Chi-thi-12-CT-UBND-2023-tuyen-chon-cong-dan-nhap-ngu-vao-Quan-doi-nhan-dan-Quang-Binh-2024-586837.aspx
2025-06-23 09:01:48,568 - INFO - ✅ Đã lấy link: https://thuvienphapluat.vn/van-ban/Thuong-mai/Chi-thi-15-CT-UBND-2023-tang-cuong-cong-tac-hoi-nhap-kinh-te-quoc-te-Vinh-Long-587986.aspx
2025-06-23 09:01:48,571 - INFO - ✅ Đã lấy link: https://thuvienphapluat.vn/van-ban/Van-hoa-Xa-hoi/Chi-thi-15-CT-UBND-2023-day-manh-tien-do-xay-dung-nong-thon-moi-Lao-Cai-2025-589175.aspx
2025-06-23 09:01:48,575 - INFO - ✅ Đã lấy link: https://thuvienphapluat.vn/van-ban/Linh-vuc-khac/Chi-thi-4-CT-UBND-2023-tang-cuong-cong-tac-quan-ly-giong-cay-an-qua-Phu-Tho-588857.aspx
2025-06-23 09:01:48,579 - INFO - ✅ Đã lấy link: https://thuvienphapluat.vn/van-ban/Tai-nguyen-Moi-truong/Chi-thi-09-CT-UBND-2023-to-chuc-ra-quan-lam-thuy-loi-phuc-vu-san-xuat-Ha-Tinh-2024-592308.aspx
2025-06-23 09:01:48,582 - INFO - ✅ Đã lấy link: https://thuvienphapluat.vn/van-ban/Thu-tuc-To-tung/Chi-thi-04-CT-VKSTC-2023-kiem-sat-giai-quyet-cac-vu-an-vu-viec-tham-nhung-chuc-vu-604009.aspx
2025-06-23 09:01:48,586 - INFO - ✅ Đã lấy link: https://thuvienphapluat.vn/van-ban/Thuong-mai/Chi-thi-14-CT-UBND-2023-tang-cuong-cong-tac-khuyen-cong-Vinh-Long-586566.aspx
2025-06-23 09:01:48,590 - INFO - ✅ Đã lấy link: https://thuvienphapluat.vn/van-ban/Giao-thong-Van-tai/Chi-thi-14-CT-UBND-2023-quan-ly-chat-luong-cong-trinh-giao-thong-nong-thon-Lao-Cai-2021-2025-586652.aspx
2025-06-23 09:01:48,593 - INFO - ✅ Đã lấy link: https://thuvienphapluat.vn/van-ban/Bo-may-hanh-chinh/Chi-thi-13-CT-UBND-2023-chan-chinh-cong-tac-thanh-tra-kiem-tra-hoat-dong-cong-vu-Dong-Nai-585968.aspx
2025-06-23 09:01:48,597 - INFO - ✅ Đã lấy link: https://thuvienphapluat.vn/van-ban/Bao-hiem/Chi-thi-13-CT-UBND-2023-tang-cuong-thuc-hien-Luat-Bao-hiem-xa-hoi-Bao-hiem-y-te-Bac-Ninh-585450.aspx
2025-06-23 09:01:48,601 - INFO - ✅ Đã lấy link: https://thuvienphapluat.vn/van-ban/Bo-may-hanh-chinh/Chi-thi-8-CT-BGTVT-2023-tang-cuong-cong-tac-cai-cach-hanh-chinh-cua-Bo-Giao-thong-585295.aspx
2025-06-23 09:01:48,604 - INFO - ✅ Đã lấy link: https://thuvienphapluat.vn/van-ban/Quyen-dan-su/Chi-thi-13-CT-UBND-2023-tuyen-chon-cong-dan-nhap-ngu-Yen-Bai-2024-585111.aspx
2025-06-23 09:01:48,608 - INFO - ✅ Đã lấy link: https://thuvienphapluat.vn/van-ban/Tai-nguyen-Moi-truong/Chi-thi-16-CT-UBND-2023-phong-chong-han-xam-nhap-man-chay-rung-Tien-Giang-2024-585311.aspx
2025-06-23 09:01:48,611 - INFO - ✅ Đã lấy link: https://thuvienphapluat.vn/van-ban/Thuong-mai/Chi-thi-13-CT-BCT-2023-thuc-hien-giai-phap-bao-dam-can-doi-cung-cau-binh-on-thi-truong-cuoi-nam-585413.aspx
2025-06-23 09:01:48,615 - INFO - ✅ Đã lấy link: https://thuvienphapluat.vn/van-ban/Bo-may-hanh-chinh/Chi-thi-10-CT-UBND-2023-chan-chinh-cong-tac-thanh-tra-hoat-dong-cong-vu-co-quan-Lam-Dong-585150.aspx
2025-06-23 09:01:48,619 - INFO - ✅ Đã lấy link: https://thuvienphapluat.vn/van-ban/Bo-may-hanh-chinh/Chi-thi-27-CT-TTg-2023-giai-phap-cai-cach-va-nang-cao-hieu-qua-giai-quyet-thu-tuc-hanh-chinh-583930.aspx
2025-06-23 09:01:48,622 - INFO - ✅ Đã lấy link: https://thuvienphapluat.vn/van-ban/Bo-may-hanh-chinh/Chi-thi-23-CT-UBND-2023-chan-chinh-cong-tac-thanh-tra-kiem-tra-hoat-dong-cong-vu-Nam-Dinh-583835.aspx
2025-06-23 09:01:48,626 - INFO - ✅ Đã lấy link: https://thuvienphapluat.vn/van-ban/Tai-nguyen-Moi-truong/Chi-thi-09-CT-UBND-2023-giai-phap-ung-pho-nguy-co-nang-nong-han-han-tac-dong-El-Nino-Ca-Mau-585275.aspx
2025-06-23 09:01:48,626 - INFO - ➡️ Đang truy cập: https://thuvienphapluat.vn/page/tim-van-ban.aspx?keyword=&area=0&match=True&type=1&status=1&signer=0&sort=1&lan=1&scan=0&org=0&fields=&chlbg=23/06/1945&chlend=23/06/2035&page=44
2025-06-23 09:01:49,116 - INFO - ⏳ Chờ 5.47s giả lập người dùng...
2025-06-23 09:01:56,593 - INFO - 🧭 Tiêu đề trang: Tra cứu Văn Bản Pháp Luật
2025-06-23 09:01:56,608 - INFO - ✅ Đã lấy link: https://thuvienphapluat.vn/van-ban/Bo-may-hanh-chinh/Chi-thi-12-CT-UBND-2023-tiep-tuc-chan-chinh-ky-luat-trong-co-quan-hanh-chinh-cac-cap-Dong-Nai-584760.aspx
2025-06-23 09:01:56,612 - INFO - ✅ Đã lấy link: https://thuvienphapluat.vn/van-ban/The-thao-Y-te/Chi-thi-25-CT-TW-2023-tiep-tuc-nang-cao-chat-luong-hoat-dong-cua-y-te-co-so-tinh-hinh-moi-583892.aspx
2025-06-23 09:01:56,616 - INFO - ✅ Đã lấy link: https://thuvienphapluat.vn/van-ban/The-thao-Y-te/Chi-thi-15-CT-UBND-2023-to-chuc-Dai-hoi-The-duc-the-thao-cac-cap-Quang-Nam-lan-thu-X-583412.aspx
2025-06-23 09:01:56,619 - INFO - ✅ Đã lấy link: https://thuvienphapluat.vn/van-ban/Tai-chinh-nha-nuoc/Chi-thi-2050-CT-UBND-2023-chan-chinh-cong-tac-quan-ly-tai-san-cong-tai-co-quan-Ha-Giang-583466.aspx
2025-06-23 09:01:56,623 - INFO - ✅ Đã lấy link: https://thuvienphapluat.vn/van-ban/Bo-may-hanh-chinh/Chi-thi-26-CT-TTg-2023-chan-chinh-tang-cuong-thanh-tra-kiem-tra-giam-sat-hoat-dong-cong-vu-583129.aspx
2025-06-23 09:01:56,626 - INFO - ✅ Đã lấy link: https://thuvienphapluat.vn/van-ban/Doanh-nghiep/Chi-thi-06-CT-UBND-2023-tang-cuong-cai-cach-thu-tuc-hanh-chinh-phuc-vu-nguoi-dan-Ho-Chi-Minh-584013.aspx
2025-06-23 09:01:56,630 - INFO - ✅ Đã lấy link: https://thuvienphapluat.vn/van-ban/Bat-dong-san/Chi-thi-15-CT-UBND-2023-quan-ly-trat-tu-xay-dung-dat-dai-xa-Hoa-Tam-thi-xa-Dong-Hoa-Phu-Yen-584595.aspx
2025-06-23 09:01:56,633 - INFO - ✅ Đã lấy link: https://thuvienphapluat.vn/van-ban/Xay-dung-Do-thi/Chi-thi-08-CT-UBND-2023-vai-tro-dia-phuong-thuc-hien-chuong-trinh-muc-tieu-quoc-gia-Ca-Mau-583148.aspx
2025-06-23 09:01:56,637 - INFO - ✅ Đã lấy link: https://thuvienphapluat.vn/van-ban/Bo-may-hanh-chinh/Chi-thi-15-CT-UBND-2023-xu-ly-cac-diem-nghen-trong-giai-quyet-thu-tuc-hanh-chinh-Ha-Noi-582510.aspx
2025-06-23 09:01:56,641 - INFO - ✅ Đã lấy link: https://thuvienphapluat.vn/van-ban/Quyen-dan-su/Chi-thi-19-CT-UBND-2023-goi-cong-dan-nhap-ngu-Cong-an-nhan-dan-Nam-Dinh-2024-581927.aspx
2025-06-23 09:01:56,645 - INFO - ✅ Đã lấy link: https://thuvienphapluat.vn/van-ban/Linh-vuc-khac/Chi-thi-15-CT-UBND-2023-thu-hoach-lua-Mua-gieo-trong-cay-vu-Dong-Thai-Binh-581978.aspx
2025-06-23 09:01:56,648 - INFO - ✅ Đã lấy link: https://thuvienphapluat.vn/van-ban/Bat-dong-san/Chi-thi-08-CT-UBND-2023-cong-tac-quan-ly-dat-dai-Binh-Thuan-582045.aspx
2025-06-23 09:01:56,652 - INFO - ✅ Đã lấy link: https://thuvienphapluat.vn/van-ban/Tai-nguyen-Moi-truong/Chi-thi-29-CT-UBND-2023-phat-dong-toan-dan-lam-thuy-loi-giao-thong-nong-thon-moi-Nghe-An-581826.aspx
2025-06-23 09:01:56,656 - INFO - ✅ Đã lấy link: https://thuvienphapluat.vn/van-ban/Linh-vuc-khac/Chi-thi-25-CT-TTg-2023-phat-trien-thi-truong-khoa-hoc-va-cong-nghe-dong-bo-hieu-qua-581429.aspx
2025-06-23 09:01:56,660 - INFO - ✅ Đã lấy link: https://thuvienphapluat.vn/van-ban/Thue-Phi-Le-Phi/Chi-thi-09-CT-UBND-2023-thu-thue-don-vi-phat-sinh-phan-bo-thue-gia-tri-gia-tang-Vung-Tau-584441.aspx
2025-06-23 09:01:56,663 - INFO - ✅ Đã lấy link: https://thuvienphapluat.vn/van-ban/Quyen-dan-su/Chi-thi-21-CT-CTUBND-2023-tuyen-chon-goi-cong-dan-nhap-ngu-Vinh-Phuc-2024-582615.aspx
2025-06-23 09:01:56,667 - INFO - ✅ Đã lấy link: https://thuvienphapluat.vn/van-ban/Doanh-nghiep/Chi-thi-19-CT-UBND-2023-chuc-nang-Ban-do-so-ho-kinh-doanh-Hue-581356.aspx
2025-06-23 09:01:56,671 - INFO - ✅ Đã lấy link: https://thuvienphapluat.vn/van-ban/Tai-nguyen-Moi-truong/Chi-thi-18-CT-UBND-2023-tang-cuong-quan-ly-kiem-tra-va-chan-chinh-hoat-dong-khoang-san-Nam-Dinh-581156.aspx
2025-06-23 09:01:56,675 - INFO - ✅ Đã lấy link: https://thuvienphapluat.vn/van-ban/Dau-tu/Chi-thi-10-CT-UBND-2023-day-nhanh-tien-do-thuc-hien-von-dau-tu-cong-Dong-Nai-582190.aspx
2025-06-23 09:01:56,678 - INFO - ✅ Đã lấy link: https://thuvienphapluat.vn/van-ban/Quyen-dan-su/Chi-thi-07-CT-UBND-2023-tuyen-chon-cong-dan-nhap-ngu-Lang-Son-2024-581758.aspx
2025-06-23 09:01:56,678 - INFO - ➡️ Đang truy cập: https://thuvienphapluat.vn/page/tim-van-ban.aspx?keyword=&area=0&match=True&type=1&status=1&signer=0&sort=1&lan=1&scan=0&org=0&fields=&chlbg=23/06/1945&chlend=23/06/2035&page=45
2025-06-23 09:01:57,194 - INFO - ⏳ Chờ 3.40s giả lập người dùng...
2025-06-23 09:02:02,602 - INFO - 🧭 Tiêu đề trang: Tra cứu Văn Bản Pháp Luật
2025-06-23 09:02:02,625 - INFO - ✅ Đã lấy link: https://thuvienphapluat.vn/van-ban/Quyen-dan-su/Chi-thi-18-CT-UBND-2023-tang-cuong-xu-ly-vi-pham-cu-tru-nguoi-nuoc-ngoai-Hue-580977.aspx
2025-06-23 09:02:02,630 - INFO - ✅ Đã lấy link: https://thuvienphapluat.vn/van-ban/Giao-duc/Chi-thi-13-CT-UBND-2023-nhiem-vu-nganh-Giao-duc-Can-Tho-nam-hoc-2023-2024-580188.aspx
2025-06-23 09:02:02,635 - INFO - ✅ Đã lấy link: https://thuvienphapluat.vn/van-ban/Quyen-dan-su/Chi-thi-08-CT-UBND-2023-tuyen-chon-goi-cong-dan-nhap-ngu-nghia-vu-Cong-an-Bac-Kan-2024-592213.aspx
2025-06-23 09:02:02,638 - INFO - ✅ Đã lấy link: https://thuvienphapluat.vn/van-ban/Quyen-dan-su/Chi-thi-14-CT-UBND-2023-tuyen-chon-goi-cong-dan-nhap-ngu-Ha-Noi-580427.aspx
2025-06-23 09:02:02,642 - INFO - ✅ Đã lấy link: https://thuvienphapluat.vn/van-ban/Tai-chinh-nha-nuoc/Chi-thi-09-CT-UBND-2023-nhiem-vu-tai-chinh-ngan-sach-Dong-Nai-582096.aspx
2025-06-23 09:02:02,646 - INFO - ✅ Đã lấy link: https://thuvienphapluat.vn/van-ban/Bo-may-hanh-chinh/Chi-thi-10-CT-UBND-2023-cong-tac-thanh-tra-hoat-dong-cong-vu-cai-cach-hanh-chinh-Dong-Thap-580118.aspx
2025-06-23 09:02:02,650 - INFO - ✅ Đã lấy link: https://thuvienphapluat.vn/van-ban/Quyen-dan-su/Chi-thi-14-CT-UBND-2023-tuyen-chon-goi-cong-dan-nhap-ngu-tinh-hinh-moi-Quang-Nam-579802.aspx
2025-06-23 09:02:02,654 - INFO - ✅ Đã lấy link: https://thuvienphapluat.vn/van-ban/Tai-nguyen-Moi-truong/Chi-thi-8-CT-UBND-2023-bien-phap-ung-pho-nguy-co-nang-nong-han-han-mua-kho-Dong-Nai-580920.aspx
2025-06-23 09:02:02,657 - INFO - ✅ Đã lấy link: https://thuvienphapluat.vn/van-ban/Bo-may-hanh-chinh/Chi-thi-07-CT-UBND-2023-nang-cao-chat-luong-cong-tac-xay-dung-he-thong-phap-luat-Bac-Kan-579666.aspx
2025-06-23 09:02:02,661 - INFO - ✅ Đã lấy link: https://thuvienphapluat.vn/van-ban/Giao-duc/Chi-thi-26-CT-UBND-2023-trien-khai-nhiem-vu-giao-duc-dao-tao-va-giao-duc-nghe-nghiep-Nghe-An-579406.aspx
2025-06-23 09:02:02,665 - INFO - ✅ Đã lấy link: https://thuvienphapluat.vn/van-ban/Trach-nhiem-hinh-su/Chi-thi-12-CT-UBND-2023-van-dong-thu-hoi-dau-tranh-toi-pham-vi-pham-ve-vu-khi-Bac-Giang-579404.aspx
2025-06-23 09:02:02,668 - INFO - ✅ Đã lấy link: https://thuvienphapluat.vn/van-ban/Bat-dong-san/Chi-thi-15-CT-UBND-2023-quan-ly-vi-pham-to-chuc-cham-dua-dat-vao-su-dung-Son-La-579881.aspx
2025-06-23 09:02:02,672 - INFO - ✅ Đã lấy link: https://thuvienphapluat.vn/van-ban/The-thao-Y-te/Chi-thi-6433-CT-BNN-CCPT-2023-dam-bao-ve-sinh-an-toan-thuc-pham-san-xuat-kinh-doanh-thuy-san-580095.aspx
2025-06-23 09:02:02,676 - INFO - ✅ Đã lấy link: https://thuvienphapluat.vn/van-ban/Quyen-dan-su/Chi-thi-12-CT-UBND-2023-cong-tac-tuyen-chon-cong-dan-nhap-ngu-Hai-Phong-583015.aspx
2025-06-23 09:02:02,680 - INFO - ✅ Đã lấy link: https://thuvienphapluat.vn/van-ban/Bo-may-hanh-chinh/Chi-thi-17-CT-UBND-2023-nang-cao-chat-luong-cong-tac-xay-dung-he-thong-phap-luat-Hue-579518.aspx
2025-06-23 09:02:02,684 - INFO - ✅ Đã lấy link: https://thuvienphapluat.vn/van-ban/Bo-may-hanh-chinh/Chi-thi-25-CT-UBND-2023-cong-tac-xay-dung-van-ban-quy-pham-phap-luat-Nghe-An-579089.aspx
2025-06-23 09:02:02,688 - INFO - ✅ Đã lấy link: https://thuvienphapluat.vn/van-ban/Giao-duc/Chi-thi-11-CT-UBND-2023-nhiem-vu-trong-tam-nam-hoc-2023-2024-An-Giang-581663.aspx
2025-06-23 09:02:02,692 - INFO - ✅ Đã lấy link: https://thuvienphapluat.vn/van-ban/Giao-duc/Chi-thi-18-CT-UBND-2023-nhiem-vu-trong-tam-nam-hoc-2023-2024-nganh-Giao-duc-Dak-Lak-579572.aspx
2025-06-23 09:02:02,697 - INFO - ✅ Đã lấy link: https://thuvienphapluat.vn/van-ban/Dau-tu/Chi-thi-15-CT-UBND-2023-day-nhanh-tien-do-giai-ngan-von-dau-tu-cong-Thanh-Hoa-587248.aspx
2025-06-23 09:02:02,701 - INFO - ✅ Đã lấy link: https://thuvienphapluat.vn/van-ban/Bo-may-hanh-chinh/Chi-thi-08-CT-UBND-2023-tang-cuong-ky-luat-ky-cuong-hanh-chinh-co-quan-dia-phuong-Quang-Ninh-579932.aspx
2025-06-23 09:02:02,702 - INFO - ➡️ Đang truy cập: https://thuvienphapluat.vn/page/tim-van-ban.aspx?keyword=&area=0&match=True&type=1&status=1&signer=0&sort=1&lan=1&scan=0&org=0&fields=&chlbg=23/06/1945&chlend=23/06/2035&page=46
2025-06-23 09:02:03,201 - INFO - ⏳ Chờ 4.92s giả lập người dùng...
2025-06-23 09:02:10,129 - INFO - 🧭 Tiêu đề trang: Tra cứu Văn Bản Pháp Luật
2025-06-23 09:02:10,144 - INFO - ✅ Đã lấy link: https://thuvienphapluat.vn/van-ban/The-thao-Y-te/Chi-thi-14-CT-UBND-2023-cong-tac-phong-chong-benh-Tay-chan-mieng-Ninh-Thuan-579368.aspx
2025-06-23 09:02:10,147 - INFO - ✅ Đã lấy link: https://thuvienphapluat.vn/van-ban/Bo-may-hanh-chinh/Chi-thi-11-CT-UBND-2023-nang-cao-hieu-qua-hoat-dong-thanh-tra-Quang-Ngai-579590.aspx
2025-06-23 09:02:10,151 - INFO - ✅ Đã lấy link: https://thuvienphapluat.vn/van-ban/Tai-nguyen-Moi-truong/Chi-thi-09-CT-UBND-2023-tang-cuong-cong-tac-quan-ly-dong-vat-hoang-da-Lam-Dong-579130.aspx
2025-06-23 09:02:10,155 - INFO - ✅ Đã lấy link: https://thuvienphapluat.vn/van-ban/Tai-chinh-nha-nuoc/Chi-thi-07-CT-UBND-2023-chan-chinh-ky-luat-chap-hanh-phap-luat-ve-tai-chinh-ngan-sach-Binh-Thuan-578302.aspx
2025-06-23 09:02:10,158 - INFO - ✅ Đã lấy link: https://thuvienphapluat.vn/van-ban/Bo-may-hanh-chinh/Chi-thi-06-CT-UBND-2023-chat-luong-cong-tac-xay-dung-he-thong-phap-luat-Da-Nang-578386.aspx
2025-06-23 09:02:10,162 - INFO - ✅ Đã lấy link: https://thuvienphapluat.vn/van-ban/Dau-tu/Chi-thi-12-CT-UBND-2023-day-nhanh-tien-do-giai-ngan-von-dau-tu-cong-nhung-thang-cuoi-Lao-Cai-579710.aspx
2025-06-23 09:02:10,166 - INFO - ✅ Đã lấy link: https://thuvienphapluat.vn/van-ban/Cong-nghe-thong-tin/Chi-thi-06-CT-UBND-2023-thuc-hien-de-an-phat-trien-ung-dung-du-lieu-ve-dan-cu-Binh-Phuoc-592212.aspx
2025-06-23 09:02:10,169 - INFO - ✅ Đã lấy link: https://thuvienphapluat.vn/van-ban/Giao-duc/Chi-thi-04-CT-UBND-2023-thuc-hien-nhiem-vu-trong-tam-nam-hoc-2023-2024-Ben-Tre-586103.aspx
2025-06-23 09:02:10,173 - INFO - ✅ Đã lấy link: https://thuvienphapluat.vn/van-ban/Giao-duc/Chi-thi-10-CT-UBND-2023-thuc-hien-nhiem-vu-trong-tam-nganh-giao-duc-Lai-Chau-579755.aspx
2025-06-23 09:02:10,176 - INFO - ✅ Đã lấy link: https://thuvienphapluat.vn/van-ban/Bat-dong-san/Chi-thi-11-UBND-TN-2023-chi-dao-bien-phap-tang-cuong-cong-tac-quan-ly-dat-lam-nghiep-Bac-Giang-579412.aspx
2025-06-23 09:02:10,180 - INFO - ✅ Đã lấy link: https://thuvienphapluat.vn/van-ban/Giao-duc/Chi-thi-06-CT-UBND-2023-nhiem-vu-giai-phap-trong-tam-nam-hoc-2023-2024-Bac-Kan-578182.aspx
2025-06-23 09:02:10,183 - INFO - ✅ Đã lấy link: https://thuvienphapluat.vn/van-ban/Giao-duc/Chi-thi-09-CT-CTUBND-2023-nhiem-vu-trong-tam-nganh-Giao-duc-Hung-Yen-2023-2024-577595.aspx
2025-06-23 09:02:10,187 - INFO - ✅ Đã lấy link: https://thuvienphapluat.vn/van-ban/Lao-dong-Tien-luong/Chi-thi-11-CT-BCT-2023-tang-cuong-cong-tac-dam-bao-an-toan-khai-thac-khoang-san-577972.aspx
2025-06-23 09:02:10,190 - INFO - ✅ Đã lấy link: https://thuvienphapluat.vn/van-ban/Tai-nguyen-Moi-truong/Chi-thi-10-CT-BCT-2023-tang-cuong-cong-tac-dam-bao-an-toan-dap-chua-thuy-dien-577975.aspx
2025-06-23 09:02:10,194 - INFO - ✅ Đã lấy link: https://thuvienphapluat.vn/van-ban/Bo-may-hanh-chinh/Chi-thi-07-CT-UBND-2023-tang-cuong-ky-luat-ky-cuong-hanh-chinh-co-quan-don-vi-Tra-Vinh-580135.aspx
2025-06-23 09:02:10,198 - INFO - ✅ Đã lấy link: https://thuvienphapluat.vn/van-ban/Linh-vuc-khac/Chi-thi-23-CT-UBND-2023-tang-cuong-cong-tac-chi-dao-san-xuat-trong-trot-vu-Dong-Nghe-An-577495.aspx
2025-06-23 09:02:10,201 - INFO - ✅ Đã lấy link: https://thuvienphapluat.vn/van-ban/Tai-chinh-nha-nuoc/Chi-thi-15-CT-UBND-2023-chan-chinh-chap-hanh-phap-luat-tai-chinh-ngan-sach-Nha-nuoc-Tien-Giang-577302.aspx
2025-06-23 09:02:10,205 - INFO - ✅ Đã lấy link: https://thuvienphapluat.vn/van-ban/Giao-duc/Chi-thi-11-CT-UBND-2023-nhiem-vu-trong-tam-nam-hoc-2023-2024-Lao-Cai-579709.aspx
2025-06-23 09:02:10,209 - INFO - ✅ Đã lấy link: https://thuvienphapluat.vn/van-ban/Thuong-mai/Chi-thi-09-CT-BCT-2023-tang-cuong-nang-cao-hieu-qua-cong-tac-quan-ly-nha-nuoc-ve-xang-dau-577344.aspx
2025-06-23 09:02:10,212 - INFO - ✅ Đã lấy link: https://thuvienphapluat.vn/van-ban/Lao-dong-Tien-luong/Chi-thi-05-CT-UBND-2023-tang-cuong-cong-tac-an-toan-ve-sinh-lao-dong-Ho-Chi-Minh-577444.aspx
2025-06-23 09:02:10,212 - INFO - ➡️ Đang truy cập: https://thuvienphapluat.vn/page/tim-van-ban.aspx?keyword=&area=0&match=True&type=1&status=1&signer=0&sort=1&lan=1&scan=0&org=0&fields=&chlbg=23/06/1945&chlend=23/06/2035&page=47
2025-06-23 09:02:10,729 - INFO - ⏳ Chờ 3.69s giả lập người dùng...
2025-06-23 09:02:16,425 - INFO - 🧭 Tiêu đề trang: Tra cứu Văn Bản Pháp Luật
2025-06-23 09:02:16,439 - INFO - ✅ Đã lấy link: https://thuvienphapluat.vn/van-ban/Cong-nghe-thong-tin/Chi-thi-10-CT-UBND-2023-day-manh-trien-khai-de-an-phat-trien-ung-dung-du-lieu-ve-dan-cu-Dak-Nong-579935.aspx
2025-06-23 09:02:16,442 - INFO - ✅ Đã lấy link: https://thuvienphapluat.vn/van-ban/Tai-nguyen-Moi-truong/Chi-thi-13-CT-UBND-2023-tang-cuong-cong-tac-phong-chay-chua-chay-trong-su-dung-dien-Ha-Noi-579605.aspx
2025-06-23 09:02:16,446 - INFO - ✅ Đã lấy link: https://thuvienphapluat.vn/van-ban/Bo-may-hanh-chinh/Chi-thi-13-CT-UBND-2023-tang-cuong-cong-tac-quan-ly-bao-ve-cong-trinh-thuy-loi-de-dieu-Ninh-Thuan-579352.aspx
2025-06-23 09:02:16,450 - INFO - ✅ Đã lấy link: https://thuvienphapluat.vn/van-ban/Giao-duc/Chi-thi-13-CT-UBND-2023-mot-so-nhiem-vu-trong-tam-nam-hoc-2023-2024-Quang-Nam-576897.aspx
2025-06-23 09:02:16,453 - INFO - ✅ Đã lấy link: https://thuvienphapluat.vn/van-ban/Doanh-nghiep/Chi-thi-08-CT-UBND-2023-nang-cao-hieu-qua-cai-cach-thu-tuc-hanh-chinh-gan-chuyen-doi-so-Hung-Yen-577594.aspx
2025-06-23 09:02:16,457 - INFO - ✅ Đã lấy link: https://thuvienphapluat.vn/van-ban/Tai-nguyen-Moi-truong/Chi-thi-12-CT-UBND-2023-tang-cuong-bien-phap-quan-ly-dong-vat-hoang-da-Quang-Nam-576415.aspx
2025-06-23 09:02:16,461 - INFO - ✅ Đã lấy link: https://thuvienphapluat.vn/van-ban/Bo-may-hanh-chinh/Chi-thi-09-CT-UBND-2023-nang-cao-chat-luong-chuan-bi-cac-ky-hop-Hoi-dong-nhan-dan-Dong-Thap-576910.aspx
2025-06-23 09:02:16,464 - INFO - ✅ Đã lấy link: https://thuvienphapluat.vn/van-ban/Cong-nghe-thong-tin/Chi-thi-10-CT-UBND-2023-chat-luong-hoat-dong-To-cong-nghe-so-cong-dong-Bac-Giang-575974.aspx
2025-06-23 09:02:16,468 - INFO - ✅ Đã lấy link: https://thuvienphapluat.vn/van-ban/Van-hoa-Xa-hoi/Chi-thi-07-CT-CTUBND-2023-tang-cuong-quan-ly-thong-tin-bao-chi-Hung-Yen-577593.aspx
2025-06-23 09:02:16,472 - INFO - ✅ Đã lấy link: https://thuvienphapluat.vn/van-ban/Van-hoa-Xa-hoi/Chi-thi-07-CT-UBND-2023-tang-cuong-quan-ly-hoat-dong-thong-tin-bao-chi-Hung-Yen-577477.aspx
2025-06-23 09:02:16,475 - INFO - ✅ Đã lấy link: https://thuvienphapluat.vn/van-ban/Thue-Phi-Le-Phi/Chi-thi-07-CT-UBND-2023-to-chuc-Chien-luoc-cai-cach-he-thong-thue-Quang-Ninh-den-2030-577023.aspx
2025-06-23 09:02:16,479 - INFO - ✅ Đã lấy link: https://thuvienphapluat.vn/van-ban/Thuong-mai/Chi-thi-07-CT-BCT-2023-tang-cuong-cong-tac-thong-tin-thi-truong-xuc-tien-thuong-mai-583636.aspx
2025-06-23 09:02:16,483 - INFO - ✅ Đã lấy link: https://thuvienphapluat.vn/van-ban/Bo-may-hanh-chinh/Chi-thi-10-CT-UBND-2023-thuc-hien-giai-phap-nang-cao-chi-so-hieu-qua-quan-tri-Lao-Cai-579707.aspx
2025-06-23 09:02:16,486 - INFO - ✅ Đã lấy link: https://thuvienphapluat.vn/van-ban/Trach-nhiem-hinh-su/Chi-thi-14-CT-UBND-2023-cong-tac-truy-na-toi-pham-trong-tinh-hinh-moi-Tien-Giang-576094.aspx
2025-06-23 09:02:16,490 - INFO - ✅ Đã lấy link: https://thuvienphapluat.vn/van-ban/Linh-vuc-khac/Chi-thi-13-CT-UBND-2023-ngan-chan-tinh-trang-san-bat-trai-phep-quan-ly-nuoi-chim-yen-Binh-Dinh-578160.aspx
2025-06-23 09:02:16,494 - INFO - ✅ Đã lấy link: https://thuvienphapluat.vn/van-ban/Thuong-mai/Chi-thi-20-CT-UBND-2023-tang-cuong-quan-ly-chan-chinh-hoat-dong-quang-cao-Vinh-Phuc-576796.aspx
2025-06-23 09:02:16,497 - INFO - ✅ Đã lấy link: https://thuvienphapluat.vn/van-ban/Tai-nguyen-Moi-truong/Chi-thi-16-CT-UBND-2023-dan-van-tham-gia-xay-dung-nep-song-van-hoa-van-minh-Binh-Duong-607650.aspx
2025-06-23 09:02:16,501 - INFO - ✅ Đã lấy link: https://thuvienphapluat.vn/van-ban/Bo-may-hanh-chinh/Chi-thi-15-CT-UBND-2023-tang-cuong-cai-cach-thu-tuc-hanh-chinh-Binh-Duong-579455.aspx
2025-06-23 09:02:16,505 - INFO - ✅ Đã lấy link: https://thuvienphapluat.vn/van-ban/Trach-nhiem-hinh-su/Chi-thi-09-CT-UBND-2023-dau-tranh-phong-chong-te-nan-co-bac-so-lo-so-de-Lao-Cai-579706.aspx
2025-06-23 09:02:16,509 - INFO - ✅ Đã lấy link: https://thuvienphapluat.vn/van-ban/Xuat-nhap-khau/Chi-thi-24-CT-TTg-2023-dam-bao-vung-chac-an-ninh-luong-thuc-quoc-gia-giai-doan-hien-nay-574920.aspx
2025-06-23 09:02:16,509 - INFO - ➡️ Đang truy cập: https://thuvienphapluat.vn/page/tim-van-ban.aspx?keyword=&area=0&match=True&type=1&status=1&signer=0&sort=1&lan=1&scan=0&org=0&fields=&chlbg=23/06/1945&chlend=23/06/2035&page=48
2025-06-23 09:02:17,066 - INFO - ⏳ Chờ 4.76s giả lập người dùng...
2025-06-23 09:02:23,832 - INFO - 🧭 Tiêu đề trang: Tra cứu Văn Bản Pháp Luật
2025-06-23 09:02:23,847 - INFO - ✅ Đã lấy link: https://thuvienphapluat.vn/van-ban/Tai-chinh-nha-nuoc/Chi-thi-07-CT-UBND-2023-ky-luat-chap-hanh-phap-luat-tai-chinh-ngan-sach-nha-nuoc-Ca-Mau-575905.aspx
2025-06-23 09:02:23,850 - INFO - ✅ Đã lấy link: https://thuvienphapluat.vn/van-ban/Tai-chinh-nha-nuoc/Chi-thi-15-CT-UBND-2023-chan-chinh-tang-cuong-cong-tac-quan-ly-su-dung-tai-san-cong-Khanh-Hoa-578161.aspx
2025-06-23 09:02:23,854 - INFO - ✅ Đã lấy link: https://thuvienphapluat.vn/van-ban/Tai-nguyen-Moi-truong/Chi-thi-05-CT-UBND-2023-tang-cuong-cong-tac-quan-ly-tai-nguyen-nuoc-cat-soi-long-song-Da-Nang-575165.aspx
2025-06-23 09:02:23,858 - INFO - ✅ Đã lấy link: https://thuvienphapluat.vn/van-ban/Tai-chinh-nha-nuoc/Chi-thi-09-CT-UBND-2023-chan-chinh-chap-hanh-phap-luat-tai-chinh-ngan-sach-nha-nuoc-Quang-Binh-576380.aspx
2025-06-23 09:02:23,861 - INFO - ✅ Đã lấy link: https://thuvienphapluat.vn/van-ban/Tai-chinh-nha-nuoc/Chi-thi-12-CT-UBND-2023-chan-chinh-ky-cuong-ky-luat-trong-chap-hanh-phap-luat-ve-tai-chinh-Ha-Noi-574001.aspx
2025-06-23 09:02:23,865 - INFO - ✅ Đã lấy link: https://thuvienphapluat.vn/van-ban/Bo-may-hanh-chinh/Chi-thi-02-CT-BTC-2023-day-manh-luan-chuyen-cong-tac-cua-cong-chuc-vien-chuc-Bo-Tai-chinh-576940.aspx
2025-06-23 09:02:23,869 - INFO - ✅ Đã lấy link: https://thuvienphapluat.vn/van-ban/Tai-chinh-nha-nuoc/Chi-thi-14-CT-UBND-2023-chan-chinh-ky-luat-chap-hanh-phap-luat-tai-chinh-Nha-nuoc-Thanh-Hoa-573834.aspx
2025-06-23 09:02:23,873 - INFO - ✅ Đã lấy link: https://thuvienphapluat.vn/van-ban/Quyen-dan-su/Chi-thi-12-CT-UBND-2023-tuyen-chon-cong-dan-nhap-ngu-Binh-Dinh-575619.aspx
2025-06-23 09:02:23,876 - INFO - ✅ Đã lấy link: https://thuvienphapluat.vn/van-ban/Van-hoa-Xa-hoi/Chi-thi-10-CT-UBND-2023-tang-cuong-hieu-qua-cong-tac-tre-em-An-Giang-579708.aspx
2025-06-23 09:02:23,880 - INFO - ✅ Đã lấy link: https://thuvienphapluat.vn/van-ban/Tai-chinh-nha-nuoc/Chi-thi-08-CT-UBND-2023-chap-hanh-phap-luat-ve-tai-chinh-ngan-sach-Nha-nuoc-Lai-Chau-573438.aspx
2025-06-23 09:02:23,884 - INFO - ✅ Đã lấy link: https://thuvienphapluat.vn/van-ban/The-thao-Y-te/Chi-thi-14-CT-UBND-2023-tang-cuong-bien-phap-chong-benh-Dai-Binh-Duong-575390.aspx
2025-06-23 09:02:23,887 - INFO - ✅ Đã lấy link: https://thuvienphapluat.vn/van-ban/Tai-chinh-nha-nuoc/Chi-thi-08-CT-UBND-2023-chan-chinh-ky-cuong-ky-luat-ve-tai-chinh-ngan-sach-nha-nuoc-Dong-Thap-573270.aspx
2025-06-23 09:02:23,891 - INFO - ✅ Đã lấy link: https://thuvienphapluat.vn/van-ban/Trach-nhiem-hinh-su/Chi-thi-16-CT-UBND-2023-tang-cuong-phong-ngua-dau-tranh-toi-pham-danh-bac-Nam-Dinh-573626.aspx
2025-06-23 09:02:23,895 - INFO - ✅ Đã lấy link: https://thuvienphapluat.vn/van-ban/Bo-may-hanh-chinh/Chi-thi-04-CT-BYT-2023-tiep-tuc-day-manh-cai-cach-thu-tuc-hanh-chinh-gan-voi-chuyen-doi-so-tai-Bo-Y-te-573575.aspx
2025-06-23 09:02:23,899 - INFO - ✅ Đã lấy link: https://thuvienphapluat.vn/van-ban/Cong-nghe-thong-tin/Chi-thi-11-CT-UBND-2023-day-manh-dam-bao-an-toan-thong-tin-mang-tinh-Vinh-Long-573271.aspx
2025-06-23 09:02:23,902 - INFO - ✅ Đã lấy link: https://thuvienphapluat.vn/van-ban/Quyen-dan-su/Chi-thi-13-CT-UBND-2023-tuyen-chon-cong-dan-nhap-ngu-nam-2024-Tien-Giang-575967.aspx
2025-06-23 09:02:23,906 - INFO - ✅ Đã lấy link: https://thuvienphapluat.vn/van-ban/Tai-chinh-nha-nuoc/Chi-thi-19-CT-UBND-2023-xay-dung-ke-hoach-phat-trien-kinh-te-xa-hoi-Nghe-An-573263.aspx
2025-06-23 09:02:23,911 - INFO - ✅ Đã lấy link: https://thuvienphapluat.vn/van-ban/Thuong-mai/Chi-thi-06-CT-UBND-2023-xay-dung-ke-hoach-phat-trien-kinh-te-xa-hoi-2024-Dong-Nai-577139.aspx
2025-06-23 09:02:23,914 - INFO - ✅ Đã lấy link: https://thuvienphapluat.vn/van-ban/Van-hoa-Xa-hoi/Chi-thi-08-CT-UBND-2023-tang-cuong-bien-phap-bao-ve-cham-soc-tre-em-Lao-Cai-574968.aspx
2025-06-23 09:02:23,918 - INFO - ✅ Đã lấy link: https://thuvienphapluat.vn/van-ban/Thuong-mai/Chi-thi-02-CT-BTNMT-2023-xay-dung-Ke-hoach-phat-trien-kinh-te-xa-hoi-2024-574159.aspx
2025-06-23 09:02:23,918 - INFO - ➡️ Đang truy cập: https://thuvienphapluat.vn/page/tim-van-ban.aspx?keyword=&area=0&match=True&type=1&status=1&signer=0&sort=1&lan=1&scan=0&org=0&fields=&chlbg=23/06/1945&chlend=23/06/2035&page=49
2025-06-23 09:02:24,515 - INFO - ⏳ Chờ 3.44s giả lập người dùng...
2025-06-23 09:02:29,964 - INFO - 🧭 Tiêu đề trang: Tra cứu Văn Bản Pháp Luật
2025-06-23 09:02:29,980 - INFO - ✅ Đã lấy link: https://thuvienphapluat.vn/van-ban/Tai-chinh-nha-nuoc/Chi-thi-05-CT-UBND-2023-chan-chinh-tang-cuong-ky-luat-chap-hanh-phap-luat-ve-tai-chinh-Bac-Kan-578685.aspx
2025-06-23 09:02:29,983 - INFO - ✅ Đã lấy link: https://thuvienphapluat.vn/van-ban/Tai-chinh-nha-nuoc/Chi-thi-07-CT-UBND-2023-xay-dung-Ke-hoach-phat-trien-kinh-te-xa-hoi-nam-2024-Quang-Binh-576419.aspx
2025-06-23 09:02:29,987 - INFO - ✅ Đã lấy link: https://thuvienphapluat.vn/van-ban/Tai-nguyen-Moi-truong/Chi-thi-11-CT-UBND-2023-tang-cuong-cong-tac-phong-chong-thien-tai-Thanh-pho-Can-Tho-572627.aspx
2025-06-23 09:02:29,991 - INFO - ✅ Đã lấy link: https://thuvienphapluat.vn/van-ban/Thuong-mai/Chi-thi-06-CT-UBND-2023-xay-dung-Ke-hoach-phat-trien-kinh-te-xa-hoi-Tra-Vinh-2024-572812.aspx
2025-06-23 09:02:29,995 - INFO - ✅ Đã lấy link: https://thuvienphapluat.vn/van-ban/Cong-nghe-thong-tin/Chi-thi-16-CT-UBND-2023-tang-cuong-hoat-dong-kiem-soat-thu-tuc-hanh-chinh-Thua-Thien-Hue-572852.aspx
2025-06-23 09:02:29,998 - INFO - ✅ Đã lấy link: https://thuvienphapluat.vn/van-ban/Thue-Phi-Le-Phi/Chi-thi-11-CT-UBND-2023-thuc-hien-Chien-luoc-cai-cach-he-thong-thue-Yen-Bai-den-2030-572270.aspx
2025-06-23 09:02:30,002 - INFO - ✅ Đã lấy link: https://thuvienphapluat.vn/van-ban/Bo-may-hanh-chinh/Chi-thi-23-CT-TTg-2023-day-manh-cai-cach-thu-tuc-hanh-chinh-cap-Phieu-ly-lich-tu-phap-572073.aspx
2025-06-23 09:02:30,005 - INFO - ✅ Đã lấy link: https://thuvienphapluat.vn/van-ban/Thuong-mai/Chi-thi-27-CT-TU-2023-chi-dao-thuc-hien-Nghi-quyet-thi-diem-chinh-sach-phat-trien-Ho-Chi-Minh-627830.aspx
2025-06-23 09:02:30,009 - INFO - ✅ Đã lấy link: https://thuvienphapluat.vn/van-ban/Tai-nguyen-Moi-truong/Chi-thi-06-CT-UBND-2023-tang-cuong-thuc-hien-tiet-kiem-dien-Ca-Mau-2023-2025-612758.aspx
2025-06-23 09:02:30,013 - INFO - ✅ Đã lấy link: https://thuvienphapluat.vn/van-ban/Thuong-mai/Chi-thi-11-CT-UBND-2023-xay-dung-Ke-hoach-phat-trien-kinh-te-xa-hoi-nam-2024-Hai-Phong-577474.aspx
2025-06-23 09:02:30,016 - INFO - ✅ Đã lấy link: https://thuvienphapluat.vn/van-ban/Tai-chinh-nha-nuoc/Chi-thi-15-CT-UBND-2023-tang-cuong-cong-tac-quan-ly-su-dung-tai-san-cong-Thua-Thien-Hue-572343.aspx
2025-06-23 09:02:30,020 - INFO - ✅ Đã lấy link: https://thuvienphapluat.vn/van-ban/Bo-may-hanh-chinh/Chi-thi-14-CT-UBND-2023-quan-ly-hoat-dong-khai-thac-khoang-san-lam-vat-lieu-xay-dung-Son-La-574335.aspx
2025-06-23 09:02:30,024 - INFO - ✅ Đã lấy link: https://thuvienphapluat.vn/van-ban/Thuong-mai/Chi-thi-11-CT-UBND-2023-xay-dung-Ke-hoach-phat-trien-kinh-te-xa-hoi-Ha-Noi-571942.aspx
2025-06-23 09:02:30,027 - INFO - ✅ Đã lấy link: https://thuvienphapluat.vn/van-ban/Bo-may-hanh-chinh/Chi-thi-11-CT-UBND-2023-chan-chinh-cong-tac-Tiep-cong-dan-giai-quyet-khieu-nai-to-cao-Bac-Ninh-571755.aspx
2025-06-23 09:02:30,030 - INFO - ✅ Đã lấy link: https://thuvienphapluat.vn/van-ban/Xay-dung-Do-thi/Chi-thi-09-CT-UBND-2023-tang-cuong-cong-tac-quan-ly-trat-tu-xay-dung-An-Giang-574061.aspx
2025-06-23 09:02:30,034 - INFO - ✅ Đã lấy link: https://thuvienphapluat.vn/van-ban/Tai-chinh-nha-nuoc/Chi-thi-19-CT-UBND-2023-chan-chinh-tang-cuong-ky-cuong-chap-hanh-phap-luat-ve-tai-chinh-Vinh-Phuc-576795.aspx
2025-06-23 09:02:30,038 - INFO - ✅ Đã lấy link: https://thuvienphapluat.vn/van-ban/Thue-Phi-Le-Phi/Chi-thi-10-CT-UBND-2023-trien-khai-chien-luoc-cai-cach-he-thong-thue-den-2030-Ninh-Binh-571711.aspx
2025-06-23 09:02:30,041 - INFO - ✅ Đã lấy link: https://thuvienphapluat.vn/van-ban/Tai-nguyen-Moi-truong/Chi-thi-12-CT-UBND-2023-tang-cuong-tiet-kiem-dien-Thai-Binh-2023-2025-571527.aspx
2025-06-23 09:02:30,045 - INFO - ✅ Đã lấy link: https://thuvienphapluat.vn/van-ban/Thuong-mai/Chi-thi-03-CT-UBND-2023-xay-dung-ke-hoach-phat-trien-kinh-te-xa-hoi-Phu-Tho-576030.aspx
2025-06-23 09:02:30,049 - INFO - ✅ Đã lấy link: https://thuvienphapluat.vn/van-ban/Thuong-mai/Chi-thi-11-CT-UBND-2023-xay-dung-Ke-hoach-phat-trien-kinh-te-xa-hoi-Tien-Giang-571578.aspx
2025-06-23 09:02:30,049 - INFO - ➡️ Đang truy cập: https://thuvienphapluat.vn/page/tim-van-ban.aspx?keyword=&area=0&match=True&type=1&status=1&signer=0&sort=1&lan=1&scan=0&org=0&fields=&chlbg=23/06/1945&chlend=23/06/2035&page=50
2025-06-23 09:02:30,615 - INFO - ⏳ Chờ 3.40s giả lập người dùng...
2025-06-23 09:02:36,024 - INFO - 🧭 Tiêu đề trang: Tra cứu Văn Bản Pháp Luật
2025-06-23 09:02:36,039 - INFO - ✅ Đã lấy link: https://thuvienphapluat.vn/van-ban/Bo-may-hanh-chinh/Chi-thi-13-CT-UBND-2023-tang-cuong-xay-dung-nhan-rong-cac-mo-hinh-dien-hinh-tien-tien-Son-La-573172.aspx
2025-06-23 09:02:36,043 - INFO - ✅ Đã lấy link: https://thuvienphapluat.vn/van-ban/Thuong-mai/Chi-thi-12-CT-UBND-2023-xay-dung-Ke-hoach-phat-trien-kinh-te-xa-hoi-Thanh-Hoa-2024-572373.aspx
2025-06-23 09:02:36,047 - INFO - ✅ Đã lấy link: https://thuvienphapluat.vn/van-ban/Tai-chinh-nha-nuoc/Chi-thi-03-CT-VKSTC-2023-tang-cuong-phong-chong-tham-nhung-tieu-cuc-nganh-Kiem-sat-571098.aspx
2025-06-23 09:02:36,051 - INFO - ✅ Đã lấy link: https://thuvienphapluat.vn/van-ban/Thue-Phi-Le-Phi/Chi-thi-10-CT-UBND-2023-trien-khai-thuc-hien-Chien-luoc-cai-cach-he-thong-thue-Tien-Giang-den-2030-571209.aspx
2025-06-23 09:02:36,055 - INFO - ✅ Đã lấy link: https://thuvienphapluat.vn/van-ban/Thuong-mai/Chi-thi-09-CT-UBND-2023-xay-dung-ke-hoach-phat-trien-kinh-te-xa-hoi-Ninh-Binh-2024-571244.aspx
2025-06-23 09:02:36,059 - INFO - ✅ Đã lấy link: https://thuvienphapluat.vn/van-ban/Van-hoa-Xa-hoi/Chi-thi-14-CT-UBND-2023-nep-song-van-minh-do-thi-va-nong-thon-Hue-580299.aspx
2025-06-23 09:02:36,063 - INFO - ✅ Đã lấy link: https://thuvienphapluat.vn/van-ban/Thuong-mai/Chi-thi-10-CT-UBND-2023-thuc-hien-hieu-qua-thao-go-kho-khan-cho-san-xuat-cua-nguoi-dan-Ha-Noi-571590.aspx
2025-06-23 09:02:36,067 - INFO - ✅ Đã lấy link: https://thuvienphapluat.vn/van-ban/Tai-chinh-nha-nuoc/Chi-thi-22-CT-TTg-2023-tang-cuong-ky-luat-chap-hanh-phap-luat-ve-tai-chinh-ngan-sach-Nha-nuoc-570742.aspx
2025-06-23 09:02:36,071 - INFO - ✅ Đã lấy link: https://thuvienphapluat.vn/van-ban/Bo-may-hanh-chinh/Chi-thi-13-CT-UBND-2023-day-manh-cong-tac-van-thu-va-phat-huy-gia-tri-tai-lieu-luu-tru-Binh-Duong-571760.aspx
2025-06-23 09:02:36,075 - INFO - ✅ Đã lấy link: https://thuvienphapluat.vn/van-ban/Thue-Phi-Le-Phi/Chi-thi-07-CT-UBND-2023-Chien-luoc-cai-cach-he-thong-thue-Kon-Tum-den-2030-571532.aspx
2025-06-23 09:02:36,079 - INFO - ✅ Đã lấy link: https://thuvienphapluat.vn/van-ban/Tai-nguyen-Moi-truong/Chi-thi-12-CT-UBND-2023-tang-cuong-tiet-kiem-dien-Son-La-giai-doan-2023-2025-571051.aspx
2025-06-23 09:02:36,082 - INFO - ✅ Đã lấy link: https://thuvienphapluat.vn/van-ban/Bat-dong-san/Chi-thi-9-CT-UBND-2023-quan-ly-quy-dat-nong-nghiep-cong-ich-Uy-ban-cap-xa-Bac-Giang-570472.aspx
2025-06-23 09:02:36,086 - INFO - ✅ Đã lấy link: https://thuvienphapluat.vn/van-ban/Tai-chinh-nha-nuoc/Chi-thi-11-CT-UBND-2023-tang-cuong-quan-ly-tai-san-ket-cau-ha-tang-cap-nuoc-sach-nong-thon-Binh-Dinh-571674.aspx
2025-06-23 09:02:36,090 - INFO - ✅ Đã lấy link: https://thuvienphapluat.vn/van-ban/Cong-nghe-thong-tin/Chi-thi-10-CT-UBND-2023-tuyen-truyen-dang-ky-su-dung-tai-khoan-dinh-danh-dien-tu-Yen-Bai-570614.aspx
2025-06-23 09:02:36,094 - INFO - ✅ Đã lấy link: https://thuvienphapluat.vn/van-ban/Giao-duc/Chi-thi-13-CT-UBND-2023-phoi-hop-to-chuc-Ky-thi-tot-nghiep-trung-hoc-pho-thong-Nghe-An-570416.aspx
2025-06-23 09:02:36,098 - INFO - ✅ Đã lấy link: https://thuvienphapluat.vn/van-ban/Bo-may-hanh-chinh/Chi-thi-05-CT-UBND-2023-doi-moi-cong-tac-dan-van-trong-co-quan-hanh-chinh-nha-nuoc-Dong-Nai-577058.aspx
2025-06-23 09:02:36,102 - INFO - ✅ Đã lấy link: https://thuvienphapluat.vn/van-ban/Thue-Phi-Le-Phi/Chi-thi-08-CT-UBND-2023-trien-khai-chien-luoc-cai-cach-he-thong-Thue-Dak-Nong-den-2030-570812.aspx
2025-06-23 09:02:36,105 - INFO - ✅ Đã lấy link: https://thuvienphapluat.vn/van-ban/Tai-nguyen-Moi-truong/Chi-thi-09-CT-UBND-2023-tang-cuong-quan-ly-bao-ve-khoang-san-chua-khai-thac-Yen-Bai-570548.aspx
2025-06-23 09:02:36,109 - INFO - ✅ Đã lấy link: https://thuvienphapluat.vn/van-ban/Tai-chinh-nha-nuoc/Chi-thi-04-CT-UBND-2023-xay-dung-ke-hoach-phat-trien-kinh-te-xa-hoi-nam-2024-Bac-Kan-574788.aspx
2025-06-23 09:02:36,113 - INFO - ✅ Đã lấy link: https://thuvienphapluat.vn/van-ban/Thuong-mai/Chi-thi-07-CT-UBND-2023-xay-dung-Ke-hoach-phat-trien-kinh-te-xa-hoi-Dong-Thap-2024-570526.aspx
2025-06-23 09:02:36,113 - INFO - ➡️ Đang truy cập: https://thuvienphapluat.vn/page/tim-van-ban.aspx?keyword=&area=0&match=True&type=1&status=1&signer=0&sort=1&lan=1&scan=0&org=0&fields=&chlbg=23/06/1945&chlend=23/06/2035&page=51
2025-06-23 09:02:36,666 - INFO - ⏳ Chờ 4.58s giả lập người dùng...
2025-06-23 09:02:43,252 - INFO - 🧭 Tiêu đề trang: Tra cứu Văn Bản Pháp Luật
2025-06-23 09:02:43,267 - INFO - ✅ Đã lấy link: https://thuvienphapluat.vn/van-ban/Giao-duc/Chi-thi-08-CT-UBND-2023-phoi-hop-to-chuc-Ky-thi-tot-nghiep-trung-hoc-pho-thong-Lam-Dong-570652.aspx
2025-06-23 09:02:43,271 - INFO - ✅ Đã lấy link: https://thuvienphapluat.vn/van-ban/Tai-nguyen-Moi-truong/Chi-thi-10-CT-UBND-2023-ung-pho-nang-nong-han-han-do-tac-dong-cua-EL-Nino-Vinh-Long-570064.aspx
2025-06-23 09:02:43,275 - INFO - ✅ Đã lấy link: https://thuvienphapluat.vn/van-ban/Thue-Phi-Le-Phi/Chi-thi-07-CT-UBND-2023-thuc-hien-Chien-luoc-cai-cach-he-thong-thue-Ha-Tinh-den-2030-585227.aspx
2025-06-23 09:02:43,279 - INFO - ✅ Đã lấy link: https://thuvienphapluat.vn/van-ban/Tai-nguyen-Moi-truong/Chi-thi-07-CT-UBND-2023-tang-cuong-tiet-kiem-dien-Hai-Duong-2023-2025-va-cac-nam-tiep-theo-577287.aspx
2025-06-23 09:02:43,282 - INFO - ✅ Đã lấy link: https://thuvienphapluat.vn/van-ban/Linh-vuc-khac/Chi-thi-12-CT-UBND-2023-tang-cuong-bien-phap-phong-chong-benh-Dai-tren-dong-vat-Hue-571025.aspx
2025-06-23 09:02:43,286 - INFO - ✅ Đã lấy link: https://thuvienphapluat.vn/van-ban/Thue-Phi-Le-Phi/Chi-thi-13-CT-UBND-2023-trien-khai-ra-soat-chuan-hoa-du-lieu-ma-so-thue-ca-nhan-Thua-Thien-Hue-570461.aspx
2025-06-23 09:02:43,290 - INFO - ✅ Đã lấy link: https://thuvienphapluat.vn/van-ban/Cong-nghe-thong-tin/Chi-thi-17-CT-UBND-2023-bao-dam-an-toan-thong-tin-mang-trong-cac-co-quan-nha-nuoc-Vinh-Phuc-570232.aspx
2025-06-23 09:02:43,294 - INFO - ✅ Đã lấy link: https://thuvienphapluat.vn/van-ban/Tai-chinh-nha-nuoc/Chi-thi-16-CT-UBND-2023-day-manh-thuc-hien-chinh-sach-thuc-hanh-tiet-kiem-Vinh-Phuc-570971.aspx
2025-06-23 09:02:43,298 - INFO - ✅ Đã lấy link: https://thuvienphapluat.vn/van-ban/Thue-Phi-Le-Phi/Chi-thi-18-CT-UBND-2023-trien-khai-chien-luoc-cai-cach-he-thong-thue-Vinh-Phuc-den-2030-571376.aspx
2025-06-23 09:02:43,301 - INFO - ✅ Đã lấy link: https://thuvienphapluat.vn/van-ban/Giao-duc/Chi-thi-07-CT-UBND-2023-tang-cuong-chi-dao-to-chuc-Ky-thi-tot-nghiep-trung-hoc-pho-thong-Lai-Chau-569784.aspx
2025-06-23 09:02:43,305 - INFO - ✅ Đã lấy link: https://thuvienphapluat.vn/van-ban/Thue-Phi-Le-Phi/Chi-thi-02-CT-UBND-2023-Chien-luoc-cai-cach-he-thong-thue-Bac-Kan-den-2030-570340.aspx
2025-06-23 09:02:43,309 - INFO - ✅ Đã lấy link: https://thuvienphapluat.vn/van-ban/Giao-duc/Chi-thi-11-CT-UBND-2023-to-chuc-Ky-thi-tot-nghiep-trung-hoc-pho-thong-Thua-Thien-Hue-570312.aspx
2025-06-23 09:02:43,312 - INFO - ✅ Đã lấy link: https://thuvienphapluat.vn/van-ban/Tai-nguyen-Moi-truong/Chi-thi-14-CT-UBND-2023-tang-cuong-tiet-kiem-dien-Nam-Dinh-2023-2025-569462.aspx
2025-06-23 09:02:43,316 - INFO - ✅ Đã lấy link: https://thuvienphapluat.vn/van-ban/Giao-duc/Chi-thi-07-CT-UBND-2023-tang-cuong-chi-dao-ky-thi-tot-nghiep-trung-hoc-pho-thong-Dak-Nong-569909.aspx
2025-06-23 09:02:43,320 - INFO - ✅ Đã lấy link: https://thuvienphapluat.vn/van-ban/Thuong-mai/Chi-thi-21-CT-TTg-2023-xay-dung-ke-hoach-phat-trien-kinh-te-xa-hoi-va-du-toan-ngan-sach-2024-569342.aspx
2025-06-23 09:02:43,324 - INFO - ✅ Đã lấy link: https://thuvienphapluat.vn/van-ban/Giao-duc/Chi-thi-13-CT-UBND-2023-chi-dao-to-chuc-Ky-thi-tot-nghiep-trung-hoc-pho-thong-Nam-Dinh-569063.aspx
2025-06-23 09:02:43,328 - INFO - ✅ Đã lấy link: https://thuvienphapluat.vn/van-ban/Thuong-mai/Chi-thi-11-CT-UBND-2023-xay-dung-Ke-hoach-phat-trien-kinh-te-xa-hoi-Son-La-2024-2026-570065.aspx
2025-06-23 09:02:43,332 - INFO - ✅ Đã lấy link: https://thuvienphapluat.vn/van-ban/Giao-duc/Chi-thi-11-CT-UBND-2023-chi-dao-phoi-hop-to-chuc-Ky-thi-tot-nghiep-trung-hoc-pho-thong-Thai-Binh-569015.aspx
2025-06-23 09:02:43,337 - INFO - ✅ Đã lấy link: https://thuvienphapluat.vn/van-ban/Giao-duc/Chi-thi-09-CT-UBND-2023-chi-dao-phoi-hop-to-chuc-Ky-thi-tot-nghiep-trung-hoc-pho-thong-Ha-Noi-568999.aspx
2025-06-23 09:02:43,341 - INFO - ✅ Đã lấy link: https://thuvienphapluat.vn/van-ban/Bat-dong-san/Chi-thi-08-CT-UBND-2023-chan-chinh-tang-cuong-cong-tac-quan-ly-ve-dat-dai-Can-Tho-569016.aspx
2025-06-23 09:02:43,341 - INFO - ➡️ Đang truy cập: https://thuvienphapluat.vn/page/tim-van-ban.aspx?keyword=&area=0&match=True&type=1&status=1&signer=0&sort=1&lan=1&scan=0&org=0&fields=&chlbg=23/06/1945&chlend=23/06/2035&page=52
2025-06-23 09:02:43,966 - INFO - ⏳ Chờ 3.45s giả lập người dùng...
2025-06-23 09:02:49,426 - INFO - 🧭 Tiêu đề trang: Tra cứu Văn Bản Pháp Luật
2025-06-23 09:02:49,441 - INFO - ✅ Đã lấy link: https://thuvienphapluat.vn/van-ban/Tai-nguyen-Moi-truong/Chi-thi-20-CT-TTg-2023-tang-cuong-tiet-kiem-dien-giai-doan-2025-cac-nam-tiep-theo-568880.aspx
2025-06-23 09:02:49,444 - INFO - ✅ Đã lấy link: https://thuvienphapluat.vn/van-ban/Giao-duc/Chi-thi-05-CT-UBND-2023-phoi-hop-to-chuc-Ky-thi-tot-nghiep-trung-hoc-pho-thong-Tra-Vinh-569480.aspx
2025-06-23 09:02:49,448 - INFO - ✅ Đã lấy link: https://thuvienphapluat.vn/van-ban/Giao-duc/Chi-thi-10-CT-UBND-2023-phoi-hop-to-chuc-Ky-thi-tot-nghiep-trung-hoc-pho-thong-Son-La-570063.aspx
2025-06-23 09:02:49,452 - INFO - ✅ Đã lấy link: https://thuvienphapluat.vn/van-ban/Tai-nguyen-Moi-truong/Chi-thi-08-CT-UBND-2023-tang-cuong-bien-phap-bao-ve-rung-va-phong-chua-chay-rung-Ha-Noi-569005.aspx
2025-06-23 09:02:49,456 - INFO - ✅ Đã lấy link: https://thuvienphapluat.vn/van-ban/Bo-may-hanh-chinh/Chi-thi-06-CT-UBND-2023-quan-ly-can-bo-cong-chuc-vien-chuc-vi-pham-phap-luat-Dak-Nong-569908.aspx
2025-06-23 09:02:49,459 - INFO - ✅ Đã lấy link: https://thuvienphapluat.vn/van-ban/Giao-duc/Chi-thi-15-CT-UBND-2023-tang-cuong-chi-dao-to-chuc-Ky-thi-tot-nghiep-trung-hoc-pho-thong-Vinh-Phuc-569358.aspx
2025-06-23 09:02:49,463 - INFO - ✅ Đã lấy link: https://thuvienphapluat.vn/van-ban/Bo-may-hanh-chinh/Chi-thi-11-CT-UBND-2023-cai-thien-nang-cao-Chi-so-cai-cach-hanh-chinh-PAR-INDEX-Quang-Nam-568923.aspx
2025-06-23 09:02:49,467 - INFO - ✅ Đã lấy link: https://thuvienphapluat.vn/van-ban/Thue-Phi-Le-Phi/Chi-thi-12-CT-UBND-2023-trien-khai-Chien-luoc-cai-cach-he-thong-thue-Ninh-Thuan-den-2030-569684.aspx
2025-06-23 09:02:49,471 - INFO - ✅ Đã lấy link: https://thuvienphapluat.vn/van-ban/Giao-duc/Chi-thi-876-CT-UBND-2023-chi-dao-to-chuc-Ky-thi-tot-nghiep-Trung-hoc-pho-thong-Ha-Giang-570727.aspx
2025-06-23 09:02:49,475 - INFO - ✅ Đã lấy link: https://thuvienphapluat.vn/van-ban/Giao-duc/Chi-thi-10-CT-UBND-2023-chi-dao-to-chuc-Ky-thi-tot-nghiep-trung-hoc-pho-thong-Quang-Ngai-569911.aspx
2025-06-23 09:02:49,479 - INFO - ✅ Đã lấy link: https://thuvienphapluat.vn/van-ban/Tai-nguyen-Moi-truong/Chi-thi-11-CT-UBND-2023-tang-cuong-thuc-hien-cong-tac-tiet-kiem-dien-mua-kho-Nghe-An-568922.aspx
2025-06-23 09:02:49,483 - INFO - ✅ Đã lấy link: https://thuvienphapluat.vn/van-ban/Giao-duc/Chi-thi-01-CT-UBND-2023-chi-dao-phoi-hop-to-chuc-Ky-thi-tot-nghiep-trung-hoc-pho-thong-Bac-Kan-569146.aspx
2025-06-23 09:02:49,487 - INFO - ✅ Đã lấy link: https://thuvienphapluat.vn/van-ban/Tai-nguyen-Moi-truong/Chi-thi-10-CT-UBND-2023-tang-cuong-phong-chay-chua-chay-dieu-kien-thoi-tiet-khac-nghiet-Hue-569420.aspx
2025-06-23 09:02:49,490 - INFO - ✅ Đã lấy link: https://thuvienphapluat.vn/van-ban/Giao-duc/Chi-thi-05-CT-UBND-2023-tang-cuong-chi-dao-to-chuc-Ky-thi-tot-nghiep-trung-hoc-pho-thong-Lang-Son-569254.aspx
2025-06-23 09:02:49,494 - INFO - ✅ Đã lấy link: https://thuvienphapluat.vn/van-ban/Giao-duc/Chi-thi-8-CT-UBND-2023-chi-dao-phoi-hop-to-chuc-Ky-thi-tot-nghiep-trung-hoc-pho-thong-Bac-Giang-568666.aspx
2025-06-23 09:02:49,497 - INFO - ✅ Đã lấy link: https://thuvienphapluat.vn/van-ban/Doanh-nghiep/Chi-thi-19-CT-TTg-2023-day-manh-chuyen-doi-so-trong-khu-vuc-kinh-te-hop-tac-hop-tac-xa-568441.aspx
2025-06-23 09:02:49,501 - INFO - ✅ Đã lấy link: https://thuvienphapluat.vn/van-ban/Tai-nguyen-Moi-truong/Chi-thi-05-CT-UBND-2023-trien-khai-ngay-giai-phap-khac-phuc-tinh-trang-thieu-dien-Quang-Ninh-569907.aspx
2025-06-23 09:02:49,505 - INFO - ✅ Đã lấy link: https://thuvienphapluat.vn/van-ban/Giao-duc/Chi-thi-09-CT-UBND-2023-phoi-hop-to-chuc-Ky-thi-tot-nghiep-trung-hoc-pho-thong-Vinh-Long-568550.aspx
2025-06-23 09:02:49,509 - INFO - ✅ Đã lấy link: https://thuvienphapluat.vn/van-ban/Linh-vuc-khac/Chi-thi-02-CT-UBND-2023-tang-cuong-bien-phap-phong-chong-benh-Dai-Phu-Tho-570922.aspx
2025-06-23 09:02:49,513 - INFO - ✅ Đã lấy link: https://thuvienphapluat.vn/van-ban/Giao-duc/Chi-thi-04-CT-UBND-2023-cong-tac-to-chuc-Ky-thi-tot-nghiep-trung-hoc-pho-thong-Ho-Chi-Minh-569588.aspx
2025-06-23 09:02:49,513 - INFO - ➡️ Đang truy cập: https://thuvienphapluat.vn/page/tim-van-ban.aspx?keyword=&area=0&match=True&type=1&status=1&signer=0&sort=1&lan=1&scan=0&org=0&fields=&chlbg=23/06/1945&chlend=23/06/2035&page=53
2025-06-23 09:02:50,012 - INFO - ⏳ Chờ 3.83s giả lập người dùng...
2025-06-23 09:02:55,847 - INFO - 🧭 Tiêu đề trang: Tra cứu Văn Bản Pháp Luật
2025-06-23 09:02:55,863 - INFO - ✅ Đã lấy link: https://thuvienphapluat.vn/van-ban/Linh-vuc-khac/Chi-thi-2-CT-UBND-2023-tang-cuong-cac-bien-phap-phong-chong-benh-Dai-Phu-Tho-569688.aspx
2025-06-23 09:02:55,867 - INFO - ✅ Đã lấy link: https://thuvienphapluat.vn/van-ban/Giao-duc/Chi-thi-06-CT-UBND-2023-tang-cuong-chi-dao-to-chuc-Ky-thi-tot-nghiep-trung-hoc-pho-thong-Quang-Binh-569679.aspx
2025-06-23 09:02:55,871 - INFO - ✅ Đã lấy link: https://thuvienphapluat.vn/van-ban/Tai-nguyen-Moi-truong/Chi-thi-14-CT-UBND-2023-tang-cuong-cong-tac-bao-ve-moi-truong-trong-hoat-dong-chan-nuoi-Vinh-Phuc-569517.aspx
2025-06-23 09:02:55,874 - INFO - ✅ Đã lấy link: https://thuvienphapluat.vn/van-ban/Giao-thong-Van-tai/Chi-thi-13-CT-CTUBND-2023-tang-cuong-thuc-hien-giai-phap-bao-dam-an-toan-giao-thong-Vinh-Phuc-569361.aspx
2025-06-23 09:02:55,878 - INFO - ✅ Đã lấy link: https://thuvienphapluat.vn/van-ban/Thue-Phi-Le-Phi/Chi-thi-05-CT-UBND-2023-trien-khai-thuc-hien-Chien-luoc-cai-cach-he-thong-thue-Quang-Binh-den-2030-568334.aspx
2025-06-23 09:02:55,881 - INFO - ✅ Đã lấy link: https://thuvienphapluat.vn/van-ban/Giao-duc/Chi-thi-04-CT-UBND-2023-tang-cuong-chi-dao-to-chuc-Ky-thi-tot-nghiep-trung-hoc-pho-thong-Tuyen-Quang-568297.aspx
2025-06-23 09:02:55,885 - INFO - ✅ Đã lấy link: https://thuvienphapluat.vn/van-ban/Giao-duc/Chi-thi-09-CT-UBND-2023-chi-dao-phoi-hop-to-chuc-Ky-thi-tot-nghiep-trung-hoc-pho-thong-Bac-Ninh-568688.aspx
2025-06-23 09:02:55,889 - INFO - ✅ Đã lấy link: https://thuvienphapluat.vn/van-ban/Thue-Phi-Le-Phi/Chi-thi-12-CT-UBND-2023-trien-khai-thuc-hien-Chien-luoc-cai-cach-he-thong-thue-Nam-Dinh-den-2030-568410.aspx
2025-06-23 09:02:55,893 - INFO - ✅ Đã lấy link: https://thuvienphapluat.vn/van-ban/Cong-nghe-thong-tin/Chi-thi-10-CT-UBND-2023-bien-phap-nang-cao-chat-luong-cung-cap-dich-vu-cong-truc-tuyen-Bac-Ninh-568873.aspx
2025-06-23 09:02:55,896 - INFO - ✅ Đã lấy link: https://thuvienphapluat.vn/van-ban/Tai-nguyen-Moi-truong/Chi-thi-09-CT-UBND-2023-tang-cuong-bien-phap-cap-bach-phong-chay-chua-chay-rung-Hue-569118.aspx
2025-06-23 09:02:55,900 - INFO - ✅ Đã lấy link: https://thuvienphapluat.vn/van-ban/Bat-dong-san/Chi-thi-12-CT-CTUBND-2023-tang-cuong-cong-tac-quan-ly-dat-dai-Vinh-Phuc-569516.aspx
2025-06-23 09:02:55,904 - INFO - ✅ Đã lấy link: https://thuvienphapluat.vn/van-ban/Thue-Phi-Le-Phi/Chi-thi-06-CT-UBND-2023-Chien-luoc-cai-cach-he-thong-thue-Dong-Thap-den-2030-568087.aspx
2025-06-23 09:02:55,908 - INFO - ✅ Đã lấy link: https://thuvienphapluat.vn/van-ban/Giao-duc/Chi-thi-07-CT-UBND-2023-to-chuc-Ky-thi-tot-nghiep-trung-hoc-pho-thong-Lao-Cai-569255.aspx
2025-06-23 09:02:55,912 - INFO - ✅ Đã lấy link: https://thuvienphapluat.vn/van-ban/Giao-duc/Chi-thi-03-CT-UBND-2023-tang-cuong-chi-dao-Ky-thi-tot-nghiep-trung-hoc-pho-thong-Bac-Lieu-569086.aspx
2025-06-23 09:02:55,916 - INFO - ✅ Đã lấy link: https://thuvienphapluat.vn/van-ban/Quyen-dan-su/Chi-thi-7-CT-UBND-2023-kiem-tra-xu-ly-vi-pham-cu-tru-hoat-dong-nguoi-nuoc-ngoai-Bac-Giang-568708.aspx
2025-06-23 09:02:55,920 - INFO - ✅ Đã lấy link: https://thuvienphapluat.vn/van-ban/Giao-duc/Chi-thi-06-CT-CTUBND-2023-to-chuc-Ky-thi-tot-nghiep-trung-hoc-pho-thong-Hung-Yen-569611.aspx
2025-06-23 09:02:55,924 - INFO - ✅ Đã lấy link: https://thuvienphapluat.vn/van-ban/Thuong-mai/Chi-thi-18-CT-TTg-2023-ket-noi-chia-se-du-lieu-phat-trien-thuong-mai-dien-tu-chong-that-thu-thue-568037.aspx
2025-06-23 09:02:55,928 - INFO - ✅ Đã lấy link: https://thuvienphapluat.vn/van-ban/Linh-vuc-khac/Chi-thi-09-CT-UBND-2023-tang-cuong-cac-bien-phap-cap-bach-phong-chong-benh-Dai-Thai-Binh-567814.aspx
2025-06-23 09:02:55,931 - INFO - ✅ Đã lấy link: https://thuvienphapluat.vn/van-ban/Bo-may-hanh-chinh/Chi-thi-10-CT-UBND-2023-tang-cuong-trach-nhiem-tham-muu-giai-quyet-cong-viec-co-quan-Thanh-Hoa-568204.aspx
2025-06-23 09:02:55,935 - INFO - ✅ Đã lấy link: https://thuvienphapluat.vn/van-ban/Giao-duc/Chi-thi-17-CT-TTg-2023-tang-cuong-chi-dao-phoi-hop-to-chuc-Ky-thi-tot-nghiep-trung-hoc-pho-thong-567772.aspx
2025-06-23 09:02:55,935 - INFO - ➡️ Đang truy cập: https://thuvienphapluat.vn/page/tim-van-ban.aspx?keyword=&area=0&match=True&type=1&status=1&signer=0&sort=1&lan=1&scan=0&org=0&fields=&chlbg=23/06/1945&chlend=23/06/2035&page=54
2025-06-23 09:02:56,461 - INFO - ⏳ Chờ 4.63s giả lập người dùng...
2025-06-23 09:03:03,095 - INFO - 🧭 Tiêu đề trang: Tra cứu Văn Bản Pháp Luật
2025-06-23 09:03:03,110 - INFO - ✅ Đã lấy link: https://thuvienphapluat.vn/van-ban/Xay-dung-Do-thi/Chi-thi-04-CT-BXD-2023-chan-chinh-cong-tac-xet-cap-chung-chi-hanh-nghe-xay-dung-567844.aspx
2025-06-23 09:03:03,113 - INFO - ✅ Đã lấy link: https://thuvienphapluat.vn/van-ban/Trach-nhiem-hinh-su/Chi-thi-16-CT-TTg-2023-tang-cuong-phong-ngua-dau-tranh-toi-pham-to-chuc-danh-bac-va-danh-bac-567770.aspx
2025-06-23 09:03:03,117 - INFO - ✅ Đã lấy link: https://thuvienphapluat.vn/van-ban/Tai-nguyen-Moi-truong/Chi-thi-05-CT-UBND-2023-trien-khai-cac-giai-phap-cap-bach-ung-pho-voi-nguy-co-han-han-Gia-Lai-567646.aspx
2025-06-23 09:03:03,121 - INFO - ✅ Đã lấy link: https://thuvienphapluat.vn/van-ban/Giao-duc/Chi-thi-10-CT-UBND-2023-to-chuc-Ky-thi-tot-nghiep-trung-hoc-pho-thong-Quang-Nam-567833.aspx
2025-06-23 09:03:03,124 - INFO - ✅ Đã lấy link: https://thuvienphapluat.vn/van-ban/Giao-duc/Chi-thi-05-CT-UBND-2023-to-chuc-Ky-thi-tot-nghiep-trung-hoc-pho-thong-Binh-Thuan-2023-2024-567831.aspx
2025-06-23 09:03:03,128 - INFO - ✅ Đã lấy link: https://thuvienphapluat.vn/van-ban/Tai-nguyen-Moi-truong/Chi-thi-09-CT-UBND-2023-ung-pho-tinh-huong-thien-tai-trong-mua-mua-bao-Quang-Ngai-580453.aspx
2025-06-23 09:03:03,132 - INFO - ✅ Đã lấy link: https://thuvienphapluat.vn/van-ban/Giao-thong-Van-tai/Chi-thi-06-CT-BGTVT-2023-tang-cuong-cong-tac-quan-ly-cac-truong-hoc-vien-thuoc-Bo-Giao-thong-567475.aspx
2025-06-23 09:03:03,136 - INFO - ✅ Đã lấy link: https://thuvienphapluat.vn/van-ban/Xay-dung-Do-thi/Chi-thi-15-CT-TTg-2023-day-nhanh-nang-cao-chat-luong-cong-tac-quy-hoach-2021-2030-tam-nhin-2050-567443.aspx
2025-06-23 09:03:03,141 - INFO - ✅ Đã lấy link: https://thuvienphapluat.vn/van-ban/Tai-nguyen-Moi-truong/Chi-thi-03-CT-BTTTT-2023-cong-tac-phong-chong-thien-tai-va-tim-kiem-cuu-nan-571128.aspx
2025-06-23 09:03:03,145 - INFO - ✅ Đã lấy link: https://thuvienphapluat.vn/van-ban/Giao-thong-Van-tai/Chi-thi-23-CT-TW-2023-tang-cuong-lanh-dao-bao-dam-trat-tu-giao-thong-tinh-hinh-moi-573074.aspx
2025-06-23 09:03:03,152 - INFO - ✅ Đã lấy link: https://thuvienphapluat.vn/van-ban/Bo-may-hanh-chinh/Chi-thi-22-CT-TW-2023-lanh-dao-Dai-hoi-Mat-tran-To-quoc-Viet-Nam-cac-cap-nhiem-ky-2024-2029-567729.aspx
2025-06-23 09:03:03,157 - INFO - ✅ Đã lấy link: https://thuvienphapluat.vn/van-ban/Bo-may-hanh-chinh/Chi-thi-05-CT-UBND-2023-tang-cuong-quan-ly-nha-nuoc-cong-tac-van-luu-tru-Dak-Nong-568397.aspx
2025-06-23 09:03:03,163 - INFO - ✅ Đã lấy link: https://thuvienphapluat.vn/van-ban/Tai-nguyen-Moi-truong/Chi-thi-09-CT-UBND-2023-thuc-hien-giai-phap-phong-chong-han-han-Binh-Dinh-580607.aspx
2025-06-23 09:03:03,167 - INFO - ✅ Đã lấy link: https://thuvienphapluat.vn/van-ban/Linh-vuc-khac/Chi-thi-08-CT-UBND-2023-to-chuc-dong-bo-bien-phap-cap-bach-phong-chong-benh-Dai-Binh-Dinh-580606.aspx
2025-06-23 09:03:03,172 - INFO - ✅ Đã lấy link: https://thuvienphapluat.vn/van-ban/Tai-nguyen-Moi-truong/Chi-thi-10-CT-UBND-2023-tang-cuong-tiet-kiem-dien-trong-mua-kho-Phu-Yen-568299.aspx
2025-06-23 09:03:03,176 - INFO - ✅ Đã lấy link: https://thuvienphapluat.vn/van-ban/Dau-tu/Chi-thi-14-CT-TTg-2023-nhiem-vu-giai-phap-nang-cao-hieu-qua-dau-tu-nuoc-ngoai-giai-doan-moi-567440.aspx
2025-06-23 09:03:03,181 - INFO - ✅ Đã lấy link: https://thuvienphapluat.vn/van-ban/Tai-nguyen-Moi-truong/Chi-thi-09-CT-UBND-2023-bien-phap-cap-bach-ung-pho-nguy-co-nang-nong-han-han-Quang-Nam-567391.aspx
2025-06-23 09:03:03,185 - INFO - ✅ Đã lấy link: https://thuvienphapluat.vn/van-ban/Tien-te-Ngan-hang/Chi-thi-02-CT-NHNN-2023-co-cau-lai-thoi-han-tra-no-nham-ho-tro-khach-hang-gap-kho-khan-567892.aspx
2025-06-23 09:03:03,190 - INFO - ✅ Đã lấy link: https://thuvienphapluat.vn/van-ban/Tai-nguyen-Moi-truong/Chi-thi-08-CT-UBND-2023-day-manh-tiet-kiem-dien-dam-bao-viec-cung-ung-dien-mua-kho-Hue-567615.aspx
2025-06-23 09:03:03,193 - INFO - ✅ Đã lấy link: https://thuvienphapluat.vn/van-ban/Bo-may-hanh-chinh/Chi-thi-16-CT-UBND-2023-tang-cuong-cong-tac-quan-ly-su-dung-vu-khi-vat-lieu-no-Dak-Lak-567327.aspx
2025-06-23 09:03:03,193 - INFO - ➡️ Đang truy cập: https://thuvienphapluat.vn/page/tim-van-ban.aspx?keyword=&area=0&match=True&type=1&status=1&signer=0&sort=1&lan=1&scan=0&org=0&fields=&chlbg=23/06/1945&chlend=23/06/2035&page=55
2025-06-23 09:03:03,981 - INFO - ⏳ Chờ 3.21s giả lập người dùng...
2025-06-23 09:03:09,218 - INFO - 🧭 Tiêu đề trang: Tra cứu Văn Bản Pháp Luật
2025-06-23 09:03:09,233 - INFO - ✅ Đã lấy link: https://thuvienphapluat.vn/van-ban/Bat-dong-san/Chi-thi-08-CT-UBND-2023-quan-ly-xu-ly-vi-pham-to-chuc-cham-dua-dat-vao-su-dung-Thai-Binh-567120.aspx
2025-06-23 09:03:09,237 - INFO - ✅ Đã lấy link: https://thuvienphapluat.vn/van-ban/Thue-Phi-Le-Phi/Chi-thi-09-CT-UBND-2023-chien-luoc-cai-cach-he-thong-thue-Nghe-An-den-2030-566861.aspx
2025-06-23 09:03:09,241 - INFO - ✅ Đã lấy link: https://thuvienphapluat.vn/van-ban/Tai-nguyen-Moi-truong/Chi-thi-12-CT-UBND-2023-tang-cuong-tiet-kiem-dien-trong-mua-nang-nong-Khanh-Hoa-567780.aspx
2025-06-23 09:03:09,244 - INFO - ✅ Đã lấy link: https://thuvienphapluat.vn/van-ban/Giao-duc/Chi-thi-07-CT-UBND-2023-to-chuc-cac-ky-thi-Vung-Tau-568960.aspx
2025-06-23 09:03:09,248 - INFO - ✅ Đã lấy link: https://thuvienphapluat.vn/van-ban/Dau-tu/Chi-thi-13-CT-TTg-2023-khac-phuc-bat-cap-tu-van-dau-tu-xay-dung-cong-trinh-du-an-giao-thong-van-tai-566812.aspx
2025-06-23 09:03:09,252 - INFO - ✅ Đã lấy link: https://thuvienphapluat.vn/van-ban/Tai-nguyen-Moi-truong/Chi-thi-11-CT-UBND-2023-dam-bao-cung-ung-dien-su-dung-Nang-luong-tiet-kiem-hieu-qua-Vinh-Phuc-567696.aspx
2025-06-23 09:03:09,256 - INFO - ✅ Đã lấy link: https://thuvienphapluat.vn/van-ban/Bo-may-hanh-chinh/Chi-thi-05-CT-UBND-2023-day-manh-thuc-hien-cai-cach-hanh-chinh-nha-nuoc-Ha-Tinh-2021-2030-585225.aspx
2025-06-23 09:03:09,259 - INFO - ✅ Đã lấy link: https://thuvienphapluat.vn/van-ban/Thue-Phi-Le-Phi/Chi-thi-06-CT-UBND-2023-Chien-luoc-cai-cach-he-thong-thue-Lai-Chau-2021-2030-566619.aspx
2025-06-23 09:03:09,263 - INFO - ✅ Đã lấy link: https://thuvienphapluat.vn/van-ban/Bat-dong-san/Chi-thi-10-CT-UBND-2023-thao-go-kho-khan-cho-thi-truong-bat-dong-san-phat-trien-nha-o-Binh-Duong-576961.aspx
2025-06-23 09:03:09,267 - INFO - ✅ Đã lấy link: https://thuvienphapluat.vn/van-ban/Bo-may-hanh-chinh/Chi-thi-10-CT-UBND-2023-chuan-bi-thuc-luc-tuyen-chon-cong-dan-nhap-ngu-Ninh-Thuan-567136.aspx
2025-06-23 09:03:09,271 - INFO - ✅ Đã lấy link: https://thuvienphapluat.vn/van-ban/Linh-vuc-khac/Chi-thi-15-CT-UBND-2023-tang-cuong-cac-bien-phap-cap-bach-phong-chong-benh-Dai-Dak-Lak-567326.aspx
2025-06-23 09:03:09,275 - INFO - ✅ Đã lấy link: https://thuvienphapluat.vn/van-ban/Thue-Phi-Le-Phi/Chi-thi-09-CT-UBND-2023-chien-luoc-cai-cach-he-thong-Thue-Son-La-den-2030-566437.aspx
2025-06-23 09:03:09,278 - INFO - ✅ Đã lấy link: https://thuvienphapluat.vn/van-ban/Bo-may-hanh-chinh/Chi-thi-02-CT-CA-2023-thi-hanh-Nghi-quyet-63-2022-QH15-566238.aspx
2025-06-23 09:03:09,282 - INFO - ✅ Đã lấy link: https://thuvienphapluat.vn/van-ban/Linh-vuc-khac/Chi-thi-07-CT-UBND-2023-tang-cuong-bien-phap-cap-bach-phong-chong-benh-Dai-Cao-Bang-567205.aspx
2025-06-23 09:03:09,286 - INFO - ✅ Đã lấy link: https://thuvienphapluat.vn/van-ban/Bat-dong-san/Chi-thi-08-CT-UBND-2023-tang-cuong-quan-ly-su-dung-dat-nguon-goc-tu-nong-lam-truong-Son-La-566395.aspx
2025-06-23 09:03:09,290 - INFO - ✅ Đã lấy link: https://thuvienphapluat.vn/van-ban/Giao-thong-Van-tai/Chi-thi-10-CT-UBND-2023-tang-cuong-quan-ly-bao-ve-ket-cau-hanh-lang-an-toan-duong-bo-Vinh-Phuc-566540.aspx
2025-06-23 09:03:09,293 - INFO - ✅ Đã lấy link: https://thuvienphapluat.vn/van-ban/Giao-duc/Chi-thi-03-CT-UBND-2023-to-chuc-ky-thi-tot-nghiep-trung-hoc-pho-thong-Dong-Nai-567460.aspx
2025-06-23 09:03:09,297 - INFO - ✅ Đã lấy link: https://thuvienphapluat.vn/van-ban/Xay-dung-Do-thi/Chi-thi-04-CT-UBND-2023-quan-ly-xay-tho-thiet-ke-mau-nha-o-tai-cac-du-an-khu-do-thi-Quang-Ninh-577194.aspx
2025-06-23 09:03:09,301 - INFO - ✅ Đã lấy link: https://thuvienphapluat.vn/van-ban/Tai-nguyen-Moi-truong/Chi-thi-07-CT-UBND-2023-tang-cuong-cong-tac-quan-ly-bao-ve-khoang-san-Thua-Thien-Hue-566449.aspx
2025-06-23 09:03:09,305 - INFO - ✅ Đã lấy link: https://thuvienphapluat.vn/van-ban/Linh-vuc-khac/Chi-thi-08-CT-UBND-2023-tang-cuong-bien-phap-cap-bach-phong-chong-benh-Dai-Nghe-An-566075.aspx
2025-06-23 09:03:09,305 - INFO - ➡️ Đang truy cập: https://thuvienphapluat.vn/page/tim-van-ban.aspx?keyword=&area=0&match=True&type=1&status=1&signer=0&sort=1&lan=1&scan=0&org=0&fields=&chlbg=23/06/1945&chlend=23/06/2035&page=56
2025-06-23 09:03:09,829 - INFO - ⏳ Chờ 5.88s giả lập người dùng...
2025-06-23 09:03:17,717 - INFO - 🧭 Tiêu đề trang: Tra cứu Văn Bản Pháp Luật
2025-06-23 09:03:17,732 - INFO - ✅ Đã lấy link: https://thuvienphapluat.vn/van-ban/Giao-duc/Chi-thi-02-CT-UBND-2023-to-chuc-thi-va-xet-cong-nhan-tot-nghiep-cac-cap-hoc-Ben-Tre-566150.aspx
2025-06-23 09:03:17,736 - INFO - ✅ Đã lấy link: https://thuvienphapluat.vn/van-ban/Giao-duc/Chi-thi-06-CT-UBND-2023-tap-trung-chi-dao-to-chuc-Ky-thi-tot-nghiep-trung-hoc-pho-thong-Hai-Duong-566508.aspx
2025-06-23 09:03:17,739 - INFO - ✅ Đã lấy link: https://thuvienphapluat.vn/van-ban/Van-hoa-Xa-hoi/Chi-thi-09-CT-UBND-2023-tang-cuong-phong-chong-duoi-nuoc-tre-em-Vinh-Phuc-566538.aspx
2025-06-23 09:03:17,743 - INFO - ✅ Đã lấy link: https://thuvienphapluat.vn/van-ban/Bo-may-hanh-chinh/Chi-thi-733-CT-BGDDT-2023-chan-chinh-thuc-hien-quy-dinh-lien-quan-den-bo-so-ho-khau-giay-566058.aspx
2025-06-23 09:03:17,747 - INFO - ✅ Đã lấy link: https://thuvienphapluat.vn/van-ban/Bat-dong-san/Chi-thi-08-CT-UBND-2023-tang-cuong-quan-ly-su-dung-dat-to-chuc-giao-dat-cho-thue-dat-Quang-Ngai-566155.aspx
2025-06-23 09:03:17,750 - INFO - ✅ Đã lấy link: https://thuvienphapluat.vn/van-ban/Thue-Phi-Le-Phi/Chi-thi-08-CT-UBND-2023-trien-khai-ap-dung-hoa-don-dien-tu-co-ma-cua-co-quan-thue-Vinh-Long-566069.aspx
2025-06-23 09:03:17,754 - INFO - ✅ Đã lấy link: https://thuvienphapluat.vn/van-ban/Cong-nghe-thong-tin/Chi-thi-08-CT-UBND-2023-ung-dung-cong-nghe-thong-tin-trong-van-thu-luu-tru-Quang-Nam-565656.aspx
2025-06-23 09:03:17,757 - INFO - ✅ Đã lấy link: https://thuvienphapluat.vn/van-ban/Doanh-nghiep/Chi-thi-12-CT-TTg-2023-doi-moi-hoat-dong-Uy-ban-Quan-ly-von-Nha-nuoc-tai-doanh-nghiep-565514.aspx
2025-06-23 09:03:17,761 - INFO - ✅ Đã lấy link: https://thuvienphapluat.vn/van-ban/Linh-vuc-khac/Chi-thi-08-CT-UBND-2023-tang-cuong-bien-phap-phong-chong-benh-dai-Hai-Phong-583181.aspx
2025-06-23 09:03:17,765 - INFO - ✅ Đã lấy link: https://thuvienphapluat.vn/van-ban/Tai-nguyen-Moi-truong/Chi-thi-08-CT-UBND-2023-tang-cuong-cong-tac-quan-ly-bao-ve-cac-loai-dong-vat-hoang-da-Vinh-Phuc-566545.aspx
2025-06-23 09:03:17,769 - INFO - ✅ Đã lấy link: https://thuvienphapluat.vn/van-ban/Dau-tu/Chi-thi-07-CT-UBND-2023-giai-phap-day-manh-phan-bo-giai-ngan-von-dau-tu-cong-Hai-Phong-565530.aspx
2025-06-23 09:03:17,772 - INFO - ✅ Đã lấy link: https://thuvienphapluat.vn/van-ban/Thue-Phi-Le-Phi/Chi-thi-07-CT-UBND-2023-trien-khai-hoa-don-dien-tu-khoi-tao-tu-may-tinh-tien-Binh-Dinh-580599.aspx
2025-06-23 09:03:17,776 - INFO - ✅ Đã lấy link: https://thuvienphapluat.vn/van-ban/Giao-duc/Chi-thi-21-CT-TW-2023-tiep-tuc-doi-moi-phat-trien-nang-cao-chat-luong-giao-duc-nghe-nghiep-570859.aspx
2025-06-23 09:03:17,779 - INFO - ✅ Đã lấy link: https://thuvienphapluat.vn/van-ban/Bo-may-hanh-chinh/Chi-thi-05-CT-BCT-2023-ra-soat-van-ban-phap-luat-lien-quan-chuc-nang-Bo-Cong-Thuong-565222.aspx
2025-06-23 09:03:17,783 - INFO - ✅ Đã lấy link: https://thuvienphapluat.vn/van-ban/Linh-vuc-khac/Chi-thi-09-CT-UBND-2023-tang-cuong-bien-phap-cap-bach-phong-chong-benh-dai-Thanh-Hoa-564912.aspx
2025-06-23 09:03:17,787 - INFO - ✅ Đã lấy link: https://thuvienphapluat.vn/van-ban/Tai-chinh-nha-nuoc/Chi-thi-04-CT-UBND-2023-tang-cuong-cong-tac-quan-ly-thu-ngan-sach-nha-nuoc-Quang-Binh-565982.aspx
2025-06-23 09:03:17,791 - INFO - ✅ Đã lấy link: https://thuvienphapluat.vn/van-ban/Giao-thong-Van-tai/Chi-thi-04-CT-UBND-2023-tang-cuong-cong-tac-bao-dam-trat-tu-an-toan-giao-thong-Tra-Vinh-565376.aspx
2025-06-23 09:03:17,794 - INFO - ✅ Đã lấy link: https://thuvienphapluat.vn/van-ban/Thue-Phi-Le-Phi/Chi-thi-05-CT-UBND-2023-trien-khai-hoa-don-dien-tu-khoi-tao-tu-may-tinh-tien-Hai-Duong-566507.aspx
2025-06-23 09:03:17,799 - INFO - ✅ Đã lấy link: https://thuvienphapluat.vn/van-ban/Bo-may-hanh-chinh/Chi-thi-14-CT-UBND-2023-tang-cuong-trach-nhiem-trong-xu-ly-cong-viec-so-ban-nganh-Dak-Lak-631096.aspx
2025-06-23 09:03:17,802 - INFO - ✅ Đã lấy link: https://thuvienphapluat.vn/van-ban/Cong-nghe-thong-tin/Chi-thi-09-CT-UBND-2023-De-an-phat-trien-ung-dung-du-lieu-ve-dan-cu-Nam-Dinh-565513.aspx
2025-06-23 09:03:17,802 - INFO - ➡️ Đang truy cập: https://thuvienphapluat.vn/page/tim-van-ban.aspx?keyword=&area=0&match=True&type=1&status=1&signer=0&sort=1&lan=1&scan=0&org=0&fields=&chlbg=23/06/1945&chlend=23/06/2035&page=57
2025-06-23 09:03:18,334 - INFO - ⏳ Chờ 4.22s giả lập người dùng...
2025-06-23 09:03:24,562 - INFO - 🧭 Tiêu đề trang: Tra cứu Văn Bản Pháp Luật
2025-06-23 09:03:24,578 - INFO - ✅ Đã lấy link: https://thuvienphapluat.vn/van-ban/Bo-may-hanh-chinh/Chi-thi-08-CT-UBND-2023-tang-cuong-cung-co-xay-dung-the-tran-an-ninh-nhan-dan-Bac-Ninh-565377.aspx
2025-06-23 09:03:24,582 - INFO - ✅ Đã lấy link: https://thuvienphapluat.vn/van-ban/Tai-nguyen-Moi-truong/Chi-thi-07-CT-UBND-2023-tang-cuong-bien-phap-phong-chay-chua-chay-rung-Quang-Ngai-585840.aspx
2025-06-23 09:03:24,587 - INFO - ✅ Đã lấy link: https://thuvienphapluat.vn/van-ban/Linh-vuc-khac/Chi-thi-07-CT-UBND-2023-tang-cuong-cong-tac-chi-dao-san-xuat-trong-trot-vu-He-thu-Nghe-An-564813.aspx
2025-06-23 09:03:24,591 - INFO - ✅ Đã lấy link: https://thuvienphapluat.vn/van-ban/Dau-tu/Chi-thi-08-CT-UBND-2023-phan-bo-giai-ngan-von-dau-tu-cong-phat-trien-kinh-te-xa-hoi-Nam-Dinh-564842.aspx
2025-06-23 09:03:24,594 - INFO - ✅ Đã lấy link: https://thuvienphapluat.vn/van-ban/Bat-dong-san/Chi-thi-05-CT-UBND-2023-Tang-cuong-cong-tac-quan-ly-nha-nuoc-ve-dat-dai-Binh-Dinh-579199.aspx
2025-06-23 09:03:24,598 - INFO - ✅ Đã lấy link: https://thuvienphapluat.vn/van-ban/Bo-may-hanh-chinh/Chi-thi-07-CT-UBND-2023-chan-chinh-le-loi-lam-viec-tang-cuong-ky-luat-cac-co-quan-Lam-Dong-585446.aspx
2025-06-23 09:03:24,602 - INFO - ✅ Đã lấy link: https://thuvienphapluat.vn/van-ban/Lao-dong-Tien-luong/Chi-thi-08-CT-UBND-2023-tang-cuong-cong-tac-an-toan-ve-sinh-lao-dong-Yen-Bai-565007.aspx
2025-06-23 09:03:24,606 - INFO - ✅ Đã lấy link: https://thuvienphapluat.vn/van-ban/The-thao-Y-te/Chi-thi-06-CT-UBND-2023-tang-cuong-cong-tac-van-dong-hien-mau-tinh-nguyen-Cao-Bang-567204.aspx
2025-06-23 09:03:24,610 - INFO - ✅ Đã lấy link: https://thuvienphapluat.vn/van-ban/Bo-may-hanh-chinh/Chi-thi-so-13-CT-UBND-2023-tang-cuong-quan-ly-Nha-nuoc-trong-cong-tac-doi-ngoai-Dak-Lak-633269.aspx
2025-06-23 09:03:24,614 - INFO - ✅ Đã lấy link: https://thuvienphapluat.vn/van-ban/Dau-tu/Chi-thi-07-CT-UBND-2023-tang-cuong-quan-ly-tai-san-ket-cau-ha-tang-do-Nha-nuoc-dau-tu-Tien-Giang-564911.aspx
2025-06-23 09:03:24,618 - INFO - ✅ Đã lấy link: https://thuvienphapluat.vn/van-ban/Bo-may-hanh-chinh/Chi-thi-05-CT-UBND-2023-tang-cuong-trach-nhiem-xu-ly-cong-viec-cua-cac-so-nganh-Soc-Trang-564776.aspx
2025-06-23 09:03:24,623 - INFO - ✅ Đã lấy link: https://thuvienphapluat.vn/van-ban/Tai-chinh-nha-nuoc/Chi-thi-08-CT-UBND-2023-tang-cuong-quan-ly-tai-san-ket-cau-ha-tang-Do-Nha-nuoc-dau-tu-Thanh-Hoa-564995.aspx
2025-06-23 09:03:24,627 - INFO - ✅ Đã lấy link: https://thuvienphapluat.vn/van-ban/Giao-duc/Chi-thi-05-CT-UBND-2023-to-chuc-Ky-thi-tot-nghiep-trung-hoc-pho-thong-Binh-Phuoc-565736.aspx
2025-06-23 09:03:24,630 - INFO - ✅ Đã lấy link: https://thuvienphapluat.vn/van-ban/Cong-nghe-thong-tin/Chi-thi-07-CT-UBND-2023-tuyen-truyen-Nhan-dan-dang-ky-tai-khoan-dinh-danh-dien-tu-Son-La-564421.aspx
2025-06-23 09:03:24,634 - INFO - ✅ Đã lấy link: https://thuvienphapluat.vn/van-ban/Cong-nghe-thong-tin/Chi-thi-08-CT-UBND-2023-phat-trien-Chinh-quyen-dien-tu-huong-toi-Chinh-quyen-so-Ninh-Thuan-565711.aspx
2025-06-23 09:03:24,638 - INFO - ✅ Đã lấy link: https://thuvienphapluat.vn/van-ban/Tai-chinh-nha-nuoc/Chi-thi-07-CT-UBND-2023-tang-cuong-cong-tac-thu-ngan-sach-nha-nuoc-Binh-Duong-565569.aspx
2025-06-23 09:03:24,642 - INFO - ✅ Đã lấy link: https://thuvienphapluat.vn/van-ban/Linh-vuc-khac/Chi-thi-11-CT-TTg-2023-tang-cuong-bien-phap-cap-bach-phong-chong-benh-Dai-564069.aspx
2025-06-23 09:03:24,647 - INFO - ✅ Đã lấy link: https://thuvienphapluat.vn/van-ban/Thue-Phi-Le-Phi/Chi-thi-07-CT-UBND-2023-thuc-hien-Chien-luoc-cai-cach-he-thong-thue-Bac-Ninh-564267.aspx
2025-06-23 09:03:24,652 - INFO - ✅ Đã lấy link: https://thuvienphapluat.vn/van-ban/Bo-may-hanh-chinh/Chi-thi-06-CT-UBND-2023-tang-cuong-cong-tac-nang-cao-hieu-qua-giai-quyet-khieu-nai-Vung-Tau-565068.aspx
2025-06-23 09:03:24,658 - INFO - ✅ Đã lấy link: https://thuvienphapluat.vn/van-ban/Bao-hiem/Chi-thi-05-CT-UBND-2023-day-manh-thuc-hien-bao-hiem-xa-hoi-toan-dan-Vung-Tau-2023-2025-565052.aspx
2025-06-23 09:03:24,658 - INFO - ➡️ Đang truy cập: https://thuvienphapluat.vn/page/tim-van-ban.aspx?keyword=&area=0&match=True&type=1&status=1&signer=0&sort=1&lan=1&scan=0&org=0&fields=&chlbg=23/06/1945&chlend=23/06/2035&page=58
2025-06-23 09:03:25,227 - INFO - ⏳ Chờ 5.60s giả lập người dùng...
2025-06-23 09:03:32,835 - INFO - 🧭 Tiêu đề trang: Tra cứu Văn Bản Pháp Luật
2025-06-23 09:03:32,851 - INFO - ✅ Đã lấy link: https://thuvienphapluat.vn/van-ban/The-thao-Y-te/Chi-thi-06-CT-UBND-2023-tang-cuong-cac-bien-phap-phong-chong-benh-Cum-gia-cam-An-Giang-564972.aspx
2025-06-23 09:03:32,855 - INFO - ✅ Đã lấy link: https://thuvienphapluat.vn/van-ban/Giao-thong-Van-tai/Chi-thi-10-CT-TTg-2023-bao-dam-trat-tu-an-toan-giao-thong-duong-bo-trong-tinh-hinh-moi-563863.aspx
2025-06-23 09:03:32,859 - INFO - ✅ Đã lấy link: https://thuvienphapluat.vn/van-ban/Tai-nguyen-Moi-truong/Chi-thi-09-CT-UBND-2023-cong-tac-phong-chong-thien-tai-tim-kiem-cuu-nan-Khanh-Hoa-585839.aspx
2025-06-23 09:03:32,863 - INFO - ✅ Đã lấy link: https://thuvienphapluat.vn/van-ban/Giao-duc/Chi-thi-06-CT-UBND-2023-tang-cuong-chi-dao-to-chuc-Ky-thi-tot-nghiep-trung-hoc-pho-thong-Binh-Duong-565593.aspx
2025-06-23 09:03:32,866 - INFO - ✅ Đã lấy link: https://thuvienphapluat.vn/van-ban/Bo-may-hanh-chinh/Chi-thi-07-CT-UBND-2023-tang-cuong-vai-tro-danh-gia-xep-loai-chat-luong-can-bo-cong-chuc-Can-Tho-563644.aspx
2025-06-23 09:03:32,870 - INFO - ✅ Đã lấy link: https://thuvienphapluat.vn/van-ban/Xay-dung-Do-thi/Chi-thi-07-CT-UBND-2023-dam-bao-nguon-vat-lieu-xay-dung-phuc-vu-thi-cong-cac-du-an-Thanh-Hoa-569618.aspx
2025-06-23 09:03:32,874 - INFO - ✅ Đã lấy link: https://thuvienphapluat.vn/van-ban/Tai-nguyen-Moi-truong/Chi-thi-07-CT-UBND-2023-tang-cuong-cong-tac-phong-chong-thien-tai-tim-kiem-cuu-nan-Vinh-Phuc-566544.aspx
2025-06-23 09:03:32,877 - INFO - ✅ Đã lấy link: https://thuvienphapluat.vn/van-ban/Tai-nguyen-Moi-truong/Chi-thi-07-CT-UBND-2023-cong-tac-phong-chong-thien-tai-tim-kiem-cuu-nan-Ha-Noi-566793.aspx
2025-06-23 09:03:32,881 - INFO - ✅ Đã lấy link: https://thuvienphapluat.vn/van-ban/Thue-Phi-Le-Phi/Chi-thi-05-CT-UBND-2023-hoa-don-dien-tu-co-ma-cua-co-quan-thue-khoi-tao-tu-may-tinh-tien-Nghe-An-565698.aspx
2025-06-23 09:03:32,885 - INFO - ✅ Đã lấy link: https://thuvienphapluat.vn/van-ban/Van-hoa-Xa-hoi/Chi-thi-6-CT-UBND-2023-tang-cuong-phong-chong-te-nan-co-bac-so-lo-so-de-Bac-Giang-563197.aspx
2025-06-23 09:03:32,888 - INFO - ✅ Đã lấy link: https://thuvienphapluat.vn/van-ban/Giao-duc/Chi-thi-08-CT-UBND-2023-to-chuc-Ky-thi-tot-nghiep-trung-hoc-pho-thong-Khanh-Hoa-565005.aspx
2025-06-23 09:03:32,892 - INFO - ✅ Đã lấy link: https://thuvienphapluat.vn/van-ban/Dau-tu/Chi-thi-06-CT-UBND-2023-thuc-hien-ke-hoach-dau-tu-cong-Kien-Giang-565066.aspx
2025-06-23 09:03:32,896 - INFO - ✅ Đã lấy link: https://thuvienphapluat.vn/van-ban/Bo-may-hanh-chinh/Chi-thi-556-CT-UBND-2023-chan-chinh-cong-tac-thanh-tra-thuc-hien-ket-luan-sau-thanh-tra-Ha-Giang-562788.aspx
2025-06-23 09:03:32,900 - INFO - ✅ Đã lấy link: https://thuvienphapluat.vn/van-ban/Thue-Phi-Le-Phi/Chi-thi-06-CT-UBND-2023-thuc-hien-Chien-luoc-cai-cach-he-thong-thue-Lao-Cai-den-2030-562801.aspx
2025-06-23 09:03:32,903 - INFO - ✅ Đã lấy link: https://thuvienphapluat.vn/van-ban/Thue-Phi-Le-Phi/Chi-thi-04-CT-UBND-2023-day-manh-thuc-hien-hoa-don-dien-tu-khoi-tao-tu-may-tinh-tien-Binh-Thuan-562742.aspx
2025-06-23 09:03:32,907 - INFO - ✅ Đã lấy link: https://thuvienphapluat.vn/van-ban/Ke-toan-Kiem-toan/Chi-thi-01-CT-TCT-2023-tang-cuong-cac-bien-phap-ra-soat-kiem-tra-hoa-don-ngan-chan-gian-lan-564236.aspx
2025-06-23 09:03:32,911 - INFO - ✅ Đã lấy link: https://thuvienphapluat.vn/van-ban/Dau-tu/Chi-thi-04-CT-UBND-2023-day-manh-giai-ngan-ke-hoach-dau-tu-cong-von-ngan-sach-Binh-Dinh-585838.aspx
2025-06-23 09:03:32,915 - INFO - ✅ Đã lấy link: https://thuvienphapluat.vn/van-ban/Bat-dong-san/Chi-thi-06-CT-UBND-2023-giai-phap-thao-go-kho-khan-cho-thi-truong-bat-dong-san-Bac-Ninh-563629.aspx
2025-06-23 09:03:32,919 - INFO - ✅ Đã lấy link: https://thuvienphapluat.vn/van-ban/Tai-nguyen-Moi-truong/Chi-thi-01-CT-UBND-2023-tang-cuong-phong-chong-thien-tai-tim-kiem-cuu-nan-Phu-Tho-566583.aspx
2025-06-23 09:03:32,922 - INFO - ✅ Đã lấy link: https://thuvienphapluat.vn/van-ban/Linh-vuc-khac/Chi-thi-04-CT-UBND-2023-tang-cuong-cong-tac-phong-chong-dich-benh-dong-vat-Gia-Lai-562636.aspx
2025-06-23 09:03:32,922 - INFO - ➡️ Đang truy cập: https://thuvienphapluat.vn/page/tim-van-ban.aspx?keyword=&area=0&match=True&type=1&status=1&signer=0&sort=1&lan=1&scan=0&org=0&fields=&chlbg=23/06/1945&chlend=23/06/2035&page=59
2025-06-23 09:03:33,534 - INFO - ⏳ Chờ 5.38s giả lập người dùng...
2025-06-23 09:03:40,927 - INFO - 🧭 Tiêu đề trang: Tra cứu Văn Bản Pháp Luật
2025-06-23 09:03:40,941 - INFO - ✅ Đã lấy link: https://thuvienphapluat.vn/van-ban/Tai-nguyen-Moi-truong/Chi-thi-07-CT-UBND-2023-quan-ly-bao-dam-an-toan-cong-trinh-de-dieu-thuy-loi-Thai-Binh-563513.aspx
2025-06-23 09:03:40,945 - INFO - ✅ Đã lấy link: https://thuvienphapluat.vn/van-ban/Thue-Phi-Le-Phi/Chi-thi-05-CT-UBND-2023-thuc-hien-hoa-don-dien-tu-khoi-tao-tu-may-tinh-tien-Bac-Ninh-563037.aspx
2025-06-23 09:03:40,949 - INFO - ✅ Đã lấy link: https://thuvienphapluat.vn/van-ban/The-thao-Y-te/Chi-thi-06-CT-UBND-nam-2023-cong-tac-quan-ly-truong-hop-su-dung-chat-cam-trong-chan-nuoi-Hue-585837.aspx
2025-06-23 09:03:40,952 - INFO - ✅ Đã lấy link: https://thuvienphapluat.vn/van-ban/Bo-may-hanh-chinh/Chi-thi-04-CT-UBND-2023-tang-cuong-cong-tac-quan-ly-nha-nuoc-ve-do-luong-Dak-Nong-563872.aspx
2025-06-23 09:03:40,956 - INFO - ✅ Đã lấy link: https://thuvienphapluat.vn/van-ban/Thuong-mai/Chi-thi-06-CT-UBND-2023-phong-trao-thi-dua-nhiem-vu-phat-trien-kinh-te-xa-hoi-Nam-Dinh-563010.aspx
2025-06-23 09:03:40,959 - INFO - ✅ Đã lấy link: https://thuvienphapluat.vn/van-ban/Thue-Phi-Le-Phi/Chi-thi-06-CT-UBND-2023-to-chuc-trien-khai-thuc-hien-Chien-luoc-cai-cach-He-thong-thue-Vinh-Long-562192.aspx
2025-06-23 09:03:40,964 - INFO - ✅ Đã lấy link: https://thuvienphapluat.vn/van-ban/The-thao-Y-te/Chi-thi-07-CT-UBND-2023-cong-tac-bao-dam-an-toan-thuc-pham-thuc-an-duong-pho-Ninh-Thuan-563202.aspx
2025-06-23 09:03:40,969 - INFO - ✅ Đã lấy link: https://thuvienphapluat.vn/van-ban/Dau-tu/Chi-thi-04-CT-UBND-2023-nhiem-vu-giai-ngan-von-dau-tu-cong-von-03-Chuong-trinh-muc-tieu-Binh-Phuoc-570324.aspx
2025-06-23 09:03:40,974 - INFO - ✅ Đã lấy link: https://thuvienphapluat.vn/van-ban/Cong-nghe-thong-tin/Chi-thi-05-CT-UBND-2023-tang-cuong-bao-dam-an-toan-thong-tin-mang-Vinh-Long-562258.aspx
2025-06-23 09:03:40,978 - INFO - ✅ Đã lấy link: https://thuvienphapluat.vn/van-ban/Thue-Phi-Le-Phi/Chi-thi-06-CT-UBND-2023-thuc-hien-chien-luoc-cai-cach-he-thong-thue-Lam-Dong-den-2030-562810.aspx
2025-06-23 09:03:40,983 - INFO - ✅ Đã lấy link: https://thuvienphapluat.vn/van-ban/Cong-nghe-thong-tin/Chi-thi-02-CT-UBND-2023-phat-dong-phong-trao-thi-dua-chuyen-doi-so-Binh-Dinh-591965.aspx
2025-06-23 09:03:40,987 - INFO - ✅ Đã lấy link: https://thuvienphapluat.vn/van-ban/Tai-nguyen-Moi-truong/Chi-thi-03-CT-UBND-2023-tang-cuong-phong-chong-thien-tai-va-tim-kiem-cuu-nan-Ho-Chi-Minh-569587.aspx
2025-06-23 09:03:40,991 - INFO - ✅ Đã lấy link: https://thuvienphapluat.vn/van-ban/Thue-Phi-Le-Phi/Chi-thi-03-CT-UBND-2023-thuc-hien-hoa-don-dien-tu-khoi-tao-tu-may-tinh-tien-Tra-Vinh-562983.aspx
2025-06-23 09:03:40,995 - INFO - ✅ Đã lấy link: https://thuvienphapluat.vn/van-ban/Cong-nghe-thong-tin/Chi-thi-05-CT-UBND-2023-day-manh-trien-khai-De-an-phat-trien-ung-dung-du-lieu-dan-cu-Binh-Duong-565597.aspx
2025-06-23 09:03:41,000 - INFO - ✅ Đã lấy link: https://thuvienphapluat.vn/van-ban/Tai-nguyen-Moi-truong/Chi-thi-04-CT-UBND-2023-tang-cuong-quan-ly-de-dieu-phong-chong-lu-bao-Nam-Dinh-561364.aspx
2025-06-23 09:03:41,004 - INFO - ✅ Đã lấy link: https://thuvienphapluat.vn/van-ban/Cong-nghe-thong-tin/Chi-thi-04-CT-UBND-2023-trien-khai-De-an-phat-trien-ung-dung-du-lieu-ve-dan-cu-Hai-Duong-564456.aspx
2025-06-23 09:03:41,010 - INFO - ✅ Đã lấy link: https://thuvienphapluat.vn/van-ban/Dau-tu/Chi-thi-03-CT-BXD-2023-day-nhanh-tien-do-thuc-hien-cac-du-an-dau-tu-561726.aspx
2025-06-23 09:03:41,014 - INFO - ✅ Đã lấy link: https://thuvienphapluat.vn/van-ban/Thue-Phi-Le-Phi/Chi-thi-5-CT-UBND-2023-thuc-hien-chien-luoc-cai-cach-he-thong-thue-Bac-Giang-den-2030-561634.aspx
2025-06-23 09:03:41,018 - INFO - ✅ Đã lấy link: https://thuvienphapluat.vn/van-ban/Thue-Phi-Le-Phi/Chi-thi-06-CT-UBND-2023-hoa-don-dien-tu-co-ma-cua-co-quan-thue-khoi-tao-tu-may-tinh-tien-Tien-Giang-561311.aspx
2025-06-23 09:03:41,021 - INFO - ✅ Đã lấy link: https://thuvienphapluat.vn/van-ban/Thue-Phi-Le-Phi/Chi-thi-06-CT-UBND-2023-thuc-hien-chien-luoc-cai-cach-he-thong-thue-Thanh-Hoa-den-2030-569439.aspx
2025-06-23 09:03:41,021 - INFO - ➡️ Đang truy cập: https://thuvienphapluat.vn/page/tim-van-ban.aspx?keyword=&area=0&match=True&type=1&status=1&signer=0&sort=1&lan=1&scan=0&org=0&fields=&chlbg=23/06/1945&chlend=23/06/2035&page=60
2025-06-23 09:03:41,580 - INFO - ⏳ Chờ 5.78s giả lập người dùng...
2025-06-23 09:03:49,371 - INFO - 🧭 Tiêu đề trang: Tra cứu Văn Bản Pháp Luật
2025-06-23 09:03:49,387 - INFO - ✅ Đã lấy link: https://thuvienphapluat.vn/van-ban/Cong-nghe-thong-tin/Chi-thi-10-CT-UBND-2023-phat-trien-ung-dung-du-lieu-ve-dan-cu-dinh-danh-Dak-Lak-563551.aspx
2025-06-23 09:03:49,391 - INFO - ✅ Đã lấy link: https://thuvienphapluat.vn/van-ban/The-thao-Y-te/Chi-thi-04-CT-UBND-2023-tang-cuong-quan-ly-giet-mo-dong-vat-bao-dam-an-toan-dich-benh-Quang-Ngai-566151.aspx
2025-06-23 09:03:49,394 - INFO - ✅ Đã lấy link: https://thuvienphapluat.vn/van-ban/Thue-Phi-Le-Phi/Chi-thi-05-CT-UBND-2023-thuc-hien-hoa-don-dien-tu-khoi-tao-tu-may-tinh-tien-Quang-Ngai-566152.aspx
2025-06-23 09:03:49,398 - INFO - ✅ Đã lấy link: https://thuvienphapluat.vn/van-ban/Thue-Phi-Le-Phi/Chi-thi-06-CT-UBND-2023-to-chuc-thuc-hien-Chien-luoc-cai-cach-he-thong-thue-Quang-Ngai-den-2030-566153.aspx
2025-06-23 09:03:49,401 - INFO - ✅ Đã lấy link: https://thuvienphapluat.vn/van-ban/Tai-chinh-nha-nuoc/Chi-thi-09-CT-TTg-2023-tang-cuong-cong-tac-quan-ly-tai-san-ket-cau-ha-tang-do-Nha-nuoc-dau-tu-561073.aspx
2025-06-23 09:03:49,405 - INFO - ✅ Đã lấy link: https://thuvienphapluat.vn/van-ban/Dau-tu/Chi-thi-06-CT-UBND-2023-tang-cuong-cong-tac-quan-ly-hoat-dong-dau-tu-cong-Vinh-Phuc-562193.aspx
2025-06-23 09:03:49,409 - INFO - ✅ Đã lấy link: https://thuvienphapluat.vn/van-ban/Dau-tu/Chi-thi-05-CT-UBND-2023-day-manh-cai-cach-hanh-chinh-gan-voi-doi-moi-sang-tao-Can-Tho-560828.aspx
2025-06-23 09:03:49,412 - INFO - ✅ Đã lấy link: https://thuvienphapluat.vn/van-ban/Bo-may-hanh-chinh/Chi-thi-03-CT-UBND-2023-tang-cuong-giai-quyet-khieu-nai-to-cao-Binh-Duong-602180.aspx
2025-06-23 09:03:49,416 - INFO - ✅ Đã lấy link: https://thuvienphapluat.vn/van-ban/Tai-nguyen-Moi-truong/Chi-thi-07-CT-UBND-2023-tang-cuong-bao-dam-an-toan-cong-trinh-thuy-loi-Yen-Bai-560742.aspx
2025-06-23 09:03:49,419 - INFO - ✅ Đã lấy link: https://thuvienphapluat.vn/van-ban/Thue-Phi-Le-Phi/Chi-thi-02-CT-UBND-2023-thuc-hien-Chien-luoc-cai-cach-he-thong-thue-Tra-Vinh-den-2030-560529.aspx
2025-06-23 09:03:49,423 - INFO - ✅ Đã lấy link: https://thuvienphapluat.vn/van-ban/Thue-Phi-Le-Phi/Chi-thi-05-CT-UBND-2023-hoa-don-dien-tu-khoi-tao-tu-may-tinh-tien-Thanh-Hoa-569441.aspx
2025-06-23 09:03:49,426 - INFO - ✅ Đã lấy link: https://thuvienphapluat.vn/van-ban/Thuong-mai/Chi-thi-08-CT-TTg-2023-nhiem-vu-giai-phap-trong-tam-phan-bo-giai-ngan-von-dau-tu-cong-560474.aspx
2025-06-23 09:03:49,430 - INFO - ✅ Đã lấy link: https://thuvienphapluat.vn/van-ban/Tai-nguyen-Moi-truong/Chi-thi-04-CT-UBND-2023-tang-cuong-cong-tac-bao-dam-an-toan-cong-trinh-thuy-loi-Hung-Yen-561940.aspx
2025-06-23 09:03:49,434 - INFO - ✅ Đã lấy link: https://thuvienphapluat.vn/van-ban/Van-hoa-Xa-hoi/Chi-thi-07-CT-UBND-2023-quan-ly-moi-truong-du-lich-an-ninh-cho-khach-du-lich-Quang-Nam-560885.aspx
2025-06-23 09:03:49,437 - INFO - ✅ Đã lấy link: https://thuvienphapluat.vn/van-ban/Thue-Phi-Le-Phi/Chi-thi-07-CT-UBND-2023-thuc-hien-chien-luoc-cai-cach-he-thong-thue-Khanh-Hoa-den-2030-562495.aspx
2025-06-23 09:03:49,441 - INFO - ✅ Đã lấy link: https://thuvienphapluat.vn/van-ban/Tai-nguyen-Moi-truong/Chi-thi-05-CT-UBND-2023-tang-cuong-quan-ly-de-dieu-chong-lu-bao-Hung-Yen-562098.aspx
2025-06-23 09:03:49,445 - INFO - ✅ Đã lấy link: https://thuvienphapluat.vn/van-ban/Bo-may-hanh-chinh/Chi-thi-01-CT-BKHCN-2023-tang-cuong-ky-luat-hanh-chinh-trong-don-vi-truc-thuoc-Bo-Khoa-hoc-560448.aspx
2025-06-23 09:03:49,449 - INFO - ✅ Đã lấy link: https://thuvienphapluat.vn/van-ban/Thue-Phi-Le-Phi/Chi-thi-03-CT-UBND-2023-trien-khai-ap-dung-hoa-don-dien-tu-co-ma-cua-co-quan-thue-Hung-Yen-562106.aspx
2025-06-23 09:03:49,453 - INFO - ✅ Đã lấy link: https://thuvienphapluat.vn/van-ban/Tai-chinh-nha-nuoc/Chi-thi-06-CT-UBND-2023-thuc-hien-giai-ngan-von-dau-tu-cong-Son-La-561596.aspx
2025-06-23 09:03:49,457 - INFO - ✅ Đã lấy link: https://thuvienphapluat.vn/van-ban/Tai-chinh-nha-nuoc/Chi-thi-03-CT-UBND-2023-tang-cuong-cong-tac-quan-ly-dieu-hanh-gia-Quang-Ninh-561108.aspx
2025-06-23 09:03:49,457 - INFO - ➡️ Đang truy cập: https://thuvienphapluat.vn/page/tim-van-ban.aspx?keyword=&area=0&match=True&type=1&status=1&signer=0&sort=1&lan=1&scan=0&org=0&fields=&chlbg=23/06/1945&chlend=23/06/2035&page=61
2025-06-23 09:03:50,417 - INFO - ⏳ Chờ 3.68s giả lập người dùng...
2025-06-23 09:03:56,104 - INFO - 🧭 Tiêu đề trang: Tra cứu Văn Bản Pháp Luật
2025-06-23 09:03:56,122 - INFO - ✅ Đã lấy link: https://thuvienphapluat.vn/van-ban/Cong-nghe-thong-tin/Chi-thi-01-CT-UBND-2023-tang-cuong-cong-tac-quan-ly-tan-so-Tra-Vinh-560492.aspx
2025-06-23 09:03:56,126 - INFO - ✅ Đã lấy link: https://thuvienphapluat.vn/van-ban/Giao-thong-Van-tai/Chi-thi-06-CT-UBND-2023-tang-cuong-giai-phap-bao-dam-trat-tu-an-toan-giao-thong-Quang-Nam-560232.aspx
2025-06-23 09:03:56,131 - INFO - ✅ Đã lấy link: https://thuvienphapluat.vn/van-ban/Bo-may-hanh-chinh/Chi-thi-7-CT-TTg-2023-tang-cuong-cong-tac-truyen-thong-chinh-sach-560157.aspx
2025-06-23 09:03:56,136 - INFO - ✅ Đã lấy link: https://thuvienphapluat.vn/van-ban/Thue-Phi-Le-Phi/Chi-thi-06-CT-UBND-2023-trien-khai-hoa-don-dien-tu-co-ma-khoi-tao-tu-may-tinh-Kon-Tum-592419.aspx
2025-06-23 09:03:56,140 - INFO - ✅ Đã lấy link: https://thuvienphapluat.vn/van-ban/Bo-may-hanh-chinh/Chi-thi-03-CT-UBND-2023-tiep-tuc-tang-cuong-cai-cach-hanh-chinh-Hai-Duong-562045.aspx
2025-06-23 09:03:56,145 - INFO - ✅ Đã lấy link: https://thuvienphapluat.vn/van-ban/Quyen-dan-su/Chi-thi-04-CT-UBND-2023-tuyen-chon-cong-dan-nhap-ngu-tham-gia-Cong-an-nhan-dan-Vung-Tau-565340.aspx
2025-06-23 09:03:56,151 - INFO - ✅ Đã lấy link: https://thuvienphapluat.vn/van-ban/Bo-may-hanh-chinh/Chi-thi-4-CT-UBND-2023-nang-cao-chat-luong-cong-tac-bao-ve-bi-mat-nha-nuoc-Bac-Giang-559974.aspx
2025-06-23 09:03:56,154 - INFO - ✅ Đã lấy link: https://thuvienphapluat.vn/van-ban/Thue-Phi-Le-Phi/Chi-thi-02-CT-UBND-2023-thuc-hien-Chien-luoc-cai-cach-he-thong-thue-Bac-Lieu-den-2030-565105.aspx
2025-06-23 09:03:56,158 - INFO - ✅ Đã lấy link: https://thuvienphapluat.vn/van-ban/Tai-nguyen-Moi-truong/Chi-thi-03-CT-UBND-2023-tang-cuong-phong-chay-chua-chay-va-cuu-nan-cuu-ho-Dak-Nong-560687.aspx
2025-06-23 09:03:56,161 - INFO - ✅ Đã lấy link: https://thuvienphapluat.vn/van-ban/Thue-Phi-Le-Phi/Chi-thi-04-CT-UBND-2023-thuc-hien-Chien-luoc-cai-cach-he-thong-thue-Can-Tho-den-2030-560177.aspx
2025-06-23 09:03:56,165 - INFO - ✅ Đã lấy link: https://thuvienphapluat.vn/van-ban/Quyen-dan-su/Chi-thi-06-CT-UBND-2023-tang-cuong-cong-tac-dang-ky-thong-ke-ho-tich-Yen-Bai-559780.aspx
2025-06-23 09:03:56,169 - INFO - ✅ Đã lấy link: https://thuvienphapluat.vn/van-ban/Thue-Phi-Le-Phi/Chi-thi-01-CT-UBND-2023-trien-khai-hoa-don-dien-tu-khoi-tao-tu-may-tinh-tien-Bac-Lieu-565104.aspx
2025-06-23 09:03:56,172 - INFO - ✅ Đã lấy link: https://thuvienphapluat.vn/van-ban/Tai-chinh-nha-nuoc/Chi-thi-05-CT-UBND-2023-day-nhanh-cong-tac-quyet-toan-ngan-sach-nha-nuoc-Thua-Thien-Hue-560172.aspx
2025-06-23 09:03:56,176 - INFO - ✅ Đã lấy link: https://thuvienphapluat.vn/van-ban/Tai-nguyen-Moi-truong/Chi-thi-05-CT-UBND-2023-tang-cuong-phong-chong-thien-tai-tim-kiem-cuu-nan-Yen-Bai-559624.aspx
2025-06-23 09:03:56,180 - INFO - ✅ Đã lấy link: https://thuvienphapluat.vn/van-ban/Thue-Phi-Le-Phi/Chi-thi-05-CT-UBND-2023-day-manh-trien-khai-hoa-don-dien-tu-co-ma-cua-co-quan-thue-Quang-Nam-559353.aspx
2025-06-23 09:03:56,183 - INFO - ✅ Đã lấy link: https://thuvienphapluat.vn/van-ban/Dau-tu/Chi-thi-02-CT-UBND-2023-day-nhanh-tien-do-thuc-hien-dau-tu-cong-Quang-Binh-560641.aspx
2025-06-23 09:03:56,187 - INFO - ✅ Đã lấy link: https://thuvienphapluat.vn/van-ban/Bo-may-hanh-chinh/Chi-thi-04-CT-UBND-2023-nang-cao-hieu-luc-hoat-dong-cac-co-quan-hanh-chinh-nha-nuoc-Ca-Mau-560034.aspx
2025-06-23 09:03:56,191 - INFO - ✅ Đã lấy link: https://thuvienphapluat.vn/van-ban/Bo-may-hanh-chinh/Chi-thi-04-CT-UBND-2023-phoi-hop-cong-tac-thi-hanh-an-hinh-su-tai-hoa-nhap-cong-dong-Hue-592321.aspx
2025-06-23 09:03:56,194 - INFO - ✅ Đã lấy link: https://thuvienphapluat.vn/van-ban/Lao-dong-Tien-luong/Chi-thi-391-CT-UBND-2023-tang-cuong-quan-ly-an-toan-lao-dong-trong-thi-cong-xay-dung-Ha-Giang-559473.aspx
2025-06-23 09:03:56,198 - INFO - ✅ Đã lấy link: https://thuvienphapluat.vn/van-ban/Bo-may-hanh-chinh/Chi-thi-04-CT-UBND-2023-thuc-hien-cong-tac-tuyen-sinh-quan-su-Tien-Giang-559561.aspx
2025-06-23 09:03:56,198 - INFO - ➡️ Đang truy cập: https://thuvienphapluat.vn/page/tim-van-ban.aspx?keyword=&area=0&match=True&type=1&status=1&signer=0&sort=1&lan=1&scan=0&org=0&fields=&chlbg=23/06/1945&chlend=23/06/2035&page=62
2025-06-23 09:03:56,691 - INFO - ⏳ Chờ 4.10s giả lập người dùng...
2025-06-23 09:04:02,795 - INFO - 🧭 Tiêu đề trang: Tra cứu Văn Bản Pháp Luật
2025-06-23 09:04:02,812 - INFO - ✅ Đã lấy link: https://thuvienphapluat.vn/van-ban/Thuong-mai/Chi-thi-04-CT-UBND-2023-tang-cuong-cong-tac-quan-ly-nha-nuoc-hoat-dong-dau-gia-tai-san-Quang-Nam-559182.aspx
2025-06-23 09:04:02,816 - INFO - ✅ Đã lấy link: https://thuvienphapluat.vn/van-ban/Linh-vuc-khac/Chi-thi-06-CT-UBND-2023-tang-cuong-phong-chong-dich-benh-gia-suc-gia-cam-Ha-Noi-559124.aspx
2025-06-23 09:04:02,820 - INFO - ✅ Đã lấy link: https://thuvienphapluat.vn/van-ban/Thue-Phi-Le-Phi/Chi-thi-05-CT-UBND-2023-trien-khai-hoa-don-dien-tu-khoi-tao-tu-may-tinh-tien-Lai-Chau-558929.aspx
2025-06-23 09:04:02,824 - INFO - ✅ Đã lấy link: https://thuvienphapluat.vn/van-ban/Tai-nguyen-Moi-truong/Chi-thi-1416-CT-BNN-TL-2023-tang-cuong-bao-dam-an-toan-cong-trinh-thuy-loi-trong-mua-mua-lu-560863.aspx
2025-06-23 09:04:02,828 - INFO - ✅ Đã lấy link: https://thuvienphapluat.vn/van-ban/Thue-Phi-Le-Phi/Chi-thi-03-CT-UBND-2023-hoa-don-dien-tu-co-ma-cua-co-quan-thue-khoi-tao-tu-may-tinh-tien-Yen-Bai-559164.aspx
2025-06-23 09:04:02,832 - INFO - ✅ Đã lấy link: https://thuvienphapluat.vn/van-ban/Tai-nguyen-Moi-truong/Chi-thi-04-CT-UBND-2023-tang-cuong-bien-phap-phong-chay-chua-chay-rung-Nghe-An-558688.aspx
2025-06-23 09:04:02,836 - INFO - ✅ Đã lấy link: https://thuvienphapluat.vn/van-ban/Vi-pham-hanh-chinh/Chi-thi-04-CT-UBND-2023-tang-cuong-quan-ly-bao-ve-cong-trinh-thuy-loi-Vinh-Phuc-562188.aspx
2025-06-23 09:04:02,840 - INFO - ✅ Đã lấy link: https://thuvienphapluat.vn/van-ban/Tai-chinh-nha-nuoc/Chi-thi-04-CT-UBND-2023-to-chuc-thuc-hien-nhiem-vu-thu-ngan-sach-nha-nuoc-Vinh-Long-558753.aspx
2025-06-23 09:04:02,843 - INFO - ✅ Đã lấy link: https://thuvienphapluat.vn/van-ban/Thue-Phi-Le-Phi/Chi-thi-03-CT-UBND-2023-hoa-don-dien-tu-co-ma-cua-co-quan-thue-khoi-tao-tu-may-tinh-tien-Can-Tho-558363.aspx
2025-06-23 09:04:02,847 - INFO - ✅ Đã lấy link: https://thuvienphapluat.vn/van-ban/Bo-may-hanh-chinh/Chi-thi-02-CT-UBND-2023-thanh-tra-phong-chong-tham-nhung-tieu-cuc-tiep-cong-dan-Quang-Ninh-561134.aspx
2025-06-23 09:04:02,851 - INFO - ✅ Đã lấy link: https://thuvienphapluat.vn/van-ban/The-thao-Y-te/Chi-thi-05-CT-UBND-2023-dau-tu-phat-trien-va-che-bien-duoc-lieu-Kon-Tum-559235.aspx
2025-06-23 09:04:02,855 - INFO - ✅ Đã lấy link: https://thuvienphapluat.vn/van-ban/Tai-nguyen-Moi-truong/Chi-thi-02-CT-UBND-2023-tiep-tuc-day-manh-cong-tac-chong-khai-thac-hai-san-bat-hop-phap-Ca-Mau-558629.aspx
2025-06-23 09:04:02,859 - INFO - ✅ Đã lấy link: https://thuvienphapluat.vn/van-ban/Thuong-mai/Chi-thi-01-CT-BXD-2023-phat-dong-thi-dua-phat-trien-kinh-te-xa-hoi-cua-nganh-Xay-dung-558579.aspx
2025-06-23 09:04:02,863 - INFO - ✅ Đã lấy link: https://thuvienphapluat.vn/van-ban/Thue-Phi-Le-Phi/Chi-thi-04-CT-UBND-2023-thuc-hien-hoa-don-dien-tu-khoi-tao-tu-may-tinh-tien-Ninh-Thuan-560060.aspx
2025-06-23 09:04:02,866 - INFO - ✅ Đã lấy link: https://thuvienphapluat.vn/van-ban/Thue-Phi-Le-Phi/Chi-thi-03-CT-UBND-2023-day-manh-trien-khai-Hoa-don-dien-tu-khoi-tao-tu-may-tinh-tien-Nam-Dinh-557351.aspx
2025-06-23 09:04:02,870 - INFO - ✅ Đã lấy link: https://thuvienphapluat.vn/van-ban/Bo-may-hanh-chinh/Chi-thi-03-CT-UBND-2023-tang-cuong-xay-dung-van-ban-quy-pham-phap-luat-Tien-Giang-558668.aspx
2025-06-23 09:04:02,874 - INFO - ✅ Đã lấy link: https://thuvienphapluat.vn/van-ban/Vi-pham-hanh-chinh/Chi-thi-06-CT-UBND-2023-nang-cao-hieu-qua-kinh-doanh-van-tai-hanh-khach-bang-xe-o-to-Dak-Lak-568893.aspx
2025-06-23 09:04:02,878 - INFO - ✅ Đã lấy link: https://thuvienphapluat.vn/van-ban/Bo-may-hanh-chinh/Chi-thi-02-CT-UBND-2023-nang-cao-hieu-qua-thuc-hien-cong-tac-cai-cach-hanh-chinh-Dong-Nai-584866.aspx
2025-06-23 09:04:02,882 - INFO - ✅ Đã lấy link: https://thuvienphapluat.vn/van-ban/Tai-chinh-nha-nuoc/Chi-thi-03-CT-UBND-2023-tang-cuong-cong-tac-thu-ngan-sach-nha-nuoc-Gia-Lai-557423.aspx
2025-06-23 09:04:02,885 - INFO - ✅ Đã lấy link: https://thuvienphapluat.vn/van-ban/Tai-chinh-nha-nuoc/Chi-thi-02-CT-UBND-2023-dieu-hanh-thu-chi-ngan-sach-nha-nuoc-Can-Tho-557348.aspx
2025-06-23 09:04:02,886 - INFO - ➡️ Đang truy cập: https://thuvienphapluat.vn/page/tim-van-ban.aspx?keyword=&area=0&match=True&type=1&status=1&signer=0&sort=1&lan=1&scan=0&org=0&fields=&chlbg=23/06/1945&chlend=23/06/2035&page=63
2025-06-23 09:04:03,704 - INFO - ⏳ Chờ 4.10s giả lập người dùng...
2025-06-23 09:04:09,812 - INFO - 🧭 Tiêu đề trang: Tra cứu Văn Bản Pháp Luật
2025-06-23 09:04:09,828 - INFO - ✅ Đã lấy link: https://thuvienphapluat.vn/van-ban/Thue-Phi-Le-Phi/Chi-thi-05-CT-UBND-2023-trien-khai-su-dung-hoa-don-khoi-tao-tu-may-tinh-tien-Ha-Noi-589510.aspx
2025-06-23 09:04:09,832 - INFO - ✅ Đã lấy link: https://thuvienphapluat.vn/van-ban/Tai-nguyen-Moi-truong/Chi-thi-1148-CT-BNN-DD-2023-tang-cuong-quan-ly-de-dieu-va-chuan-bi-san-sang-ho-de-chong-lu-bao-560862.aspx
2025-06-23 09:04:09,836 - INFO - ✅ Đã lấy link: https://thuvienphapluat.vn/van-ban/Thue-Phi-Le-Phi/Chi-thi-06-CT-UBND-2023-day-manh-trien-khai-hoa-don-dien-tu-khoi-tao-tu-may-tinh-tien-Khanh-Hoa-559113.aspx
2025-06-23 09:04:09,839 - INFO - ✅ Đã lấy link: https://thuvienphapluat.vn/van-ban/Thue-Phi-Le-Phi/Chi-thi-04-CT-UBND-2023-Chien-luoc-cai-cach-he-thong-thue-Ha-Noi-den-2030-557527.aspx
2025-06-23 09:04:09,843 - INFO - ✅ Đã lấy link: https://thuvienphapluat.vn/van-ban/Thue-Phi-Le-Phi/Chi-thi-03-CT-UBND-2023-thuc-hien-Chien-luoc-cai-cach-he-thong-thue-Tuyen-Quang-den-2030-561495.aspx
2025-06-23 09:04:09,847 - INFO - ✅ Đã lấy link: https://thuvienphapluat.vn/van-ban/Giao-thong-Van-tai/Chi-thi-06-CT-TTg-2023-nang-cao-nang-luc-bao-dam-an-ninh-an-toan-hang-khong-556439.aspx
2025-06-23 09:04:09,850 - INFO - ✅ Đã lấy link: https://thuvienphapluat.vn/van-ban/Cong-nghe-thong-tin/Chi-thi-05-CT-TTg-2023-day-manh-phat-trien-ung-dung-du-lieu-dan-cu-dinh-danh-dien-tu-556365.aspx
2025-06-23 09:04:09,854 - INFO - ✅ Đã lấy link: https://thuvienphapluat.vn/van-ban/Linh-vuc-khac/Chi-thi-03-CT-UBND-2023-tang-cuong-phat-trien-nuoi-trong-thuy-san-Ha-Noi-556780.aspx
2025-06-23 09:04:09,858 - INFO - ✅ Đã lấy link: https://thuvienphapluat.vn/van-ban/Thuong-mai/Chi-thi-03-CT-UBND-2023-tang-cuong-quan-ly-nha-nuoc-kinh-doanh-dich-vu-karaoke-Dong-Thap-557728.aspx
2025-06-23 09:04:09,861 - INFO - ✅ Đã lấy link: https://thuvienphapluat.vn/van-ban/Tai-nguyen-Moi-truong/Chi-thi-02-CT-UBND-2023-dien-tap-ung-pho-bao-lut-cuu-nan-huyen-Ham-Yen-Tuyen-Quang-556080.aspx
2025-06-23 09:04:09,865 - INFO - ✅ Đã lấy link: https://thuvienphapluat.vn/van-ban/Linh-vuc-khac/Chi-thi-04-CT-UBND-2023-tang-cuong-quan-ly-giet-mo-dong-vat-dam-bao-an-toan-thuc-pham-Khanh-Hoa-620045.aspx
2025-06-23 09:04:09,868 - INFO - ✅ Đã lấy link: https://thuvienphapluat.vn/van-ban/Thuong-mai/Chi-thi-02-CT-UBND-2023-phong-trao-thi-dua-yeu-nuoc-phat-trien-kinh-te-xa-hoi-Hung-Yen-556524.aspx
2025-06-23 09:04:09,872 - INFO - ✅ Đã lấy link: https://thuvienphapluat.vn/van-ban/Bo-may-hanh-chinh/Chi-thi-02-CT-UBND-2023-nang-cao-chat-luong-xay-dung-van-ban-quy-pham-Ho-Chi-Minh-559579.aspx
2025-06-23 09:04:09,876 - INFO - ✅ Đã lấy link: https://thuvienphapluat.vn/van-ban/Bo-may-hanh-chinh/Chi-thi-01-CT-UBND-2023-tang-cuong-cong-tac-van-thu-luu-tru-Dong-Nai-555496.aspx
2025-06-23 09:04:09,880 - INFO - ✅ Đã lấy link: https://thuvienphapluat.vn/van-ban/Cong-nghe-thong-tin/Chi-thi-03-CT-UBND-2023-ung-dung-cong-nghe-thong-tin-trong-van-thu-luu-tru-Hue-556387.aspx
2025-06-23 09:04:09,883 - INFO - ✅ Đã lấy link: https://thuvienphapluat.vn/van-ban/Thuong-mai/Chi-thi-02-CT-UBND-2023-cai-thien-moi-truong-kinh-doanh-nang-cao-nang-luc-canh-tranh-Bac-Ninh-559627.aspx
2025-06-23 09:04:09,887 - INFO - ✅ Đã lấy link: https://thuvienphapluat.vn/van-ban/Tai-nguyen-Moi-truong/Chi-thi-03-CT-UBND-2023-cong-tac-phong-chong-thien-tai-tim-kiem-cuu-nan-Lai-Chau-554695.aspx
2025-06-23 09:04:09,891 - INFO - ✅ Đã lấy link: https://thuvienphapluat.vn/van-ban/The-thao-Y-te/Chi-thi-02-CT-UBND-2023-tang-cuong-cong-tac-quan-ly-giet-mo-dong-vat-Nghe-An-555404.aspx
2025-06-23 09:04:09,895 - INFO - ✅ Đã lấy link: https://thuvienphapluat.vn/van-ban/Thuong-mai/Chi-thi-01-CT-UBND-2023-phat-dong-thi-dua-thuc-hien-thang-loi-phat-trien-kinh-te-xa-hoi-Ben-Tre-554149.aspx
2025-06-23 09:04:09,899 - INFO - ✅ Đã lấy link: https://thuvienphapluat.vn/van-ban/Dau-tu/Chi-thi-04-CT-UBND-2023-day-nhanh-tien-do-thuc-hien-va-giai-ngan-von-dau-tu-cong-Thanh-Hoa-559461.aspx
2025-06-23 09:04:09,899 - INFO - ➡️ Đang truy cập: https://thuvienphapluat.vn/page/tim-van-ban.aspx?keyword=&area=0&match=True&type=1&status=1&signer=0&sort=1&lan=1&scan=0&org=0&fields=&chlbg=23/06/1945&chlend=23/06/2035&page=64
2025-06-23 09:04:10,432 - INFO - ⏳ Chờ 5.14s giả lập người dùng...
2025-06-23 09:04:17,575 - INFO - 🧭 Tiêu đề trang: Tra cứu Văn Bản Pháp Luật
2025-06-23 09:04:17,591 - INFO - ✅ Đã lấy link: https://thuvienphapluat.vn/van-ban/Tai-nguyen-Moi-truong/Chi-thi-01-CT-BYT-2023-trien-khai-phong-chong-thien-tai-va-tim-kiem-cuu-nan-nganh-Y-te-553927.aspx
2025-06-23 09:04:17,594 - INFO - ✅ Đã lấy link: https://thuvienphapluat.vn/van-ban/Dau-tu/Chi-thi-03-CT-UBND-2023-thuc-hien-va-giai-ngan-ke-hoach-von-dau-tu-cong-Vinh-Long-557379.aspx
2025-06-23 09:04:17,598 - INFO - ✅ Đã lấy link: https://thuvienphapluat.vn/van-ban/The-thao-Y-te/Chi-thi-02-CT-UBND-2023-quan-ly-hoat-dong-hanh-nghe-y-ngoai-cong-lap-Ha-Noi-555142.aspx
2025-06-23 09:04:17,602 - INFO - ✅ Đã lấy link: https://thuvienphapluat.vn/van-ban/Bo-may-hanh-chinh/Chi-thi-02-CT-UBND-2023-thuc-hien-nhiem-vu-trong-tam-sau-ky-nghi-Tet-Nguyen-dan-Gia-Lai-553865.aspx
2025-06-23 09:04:17,606 - INFO - ✅ Đã lấy link: https://thuvienphapluat.vn/van-ban/Bo-may-hanh-chinh/Chi-thi-03-CT-UBND-2023-thuc-hien-phap-luat-hoat-dong-khoa-hoc-cong-nghe-Ninh-Thuan-553426.aspx
2025-06-23 09:04:17,609 - INFO - ✅ Đã lấy link: https://thuvienphapluat.vn/van-ban/Xay-dung-Do-thi/Chi-thi-4-CT-TTg-2023-phat-trien-quy-hoach-kien-truc-nong-thon-Viet-Nam-553513.aspx
2025-06-23 09:04:17,613 - INFO - ✅ Đã lấy link: https://thuvienphapluat.vn/van-ban/Bo-may-hanh-chinh/Chi-thi-02-CT-UBND-2023-mot-so-mat-cong-tac-quoc-phong-dia-phuong-Tien-Giang-554250.aspx
2025-06-23 09:04:17,616 - INFO - ✅ Đã lấy link: https://thuvienphapluat.vn/van-ban/Linh-vuc-khac/Chi-thi-01-CT-UBND-2023-quan-ly-giet-mo-dong-vat-bao-dam-an-toan-dich-benh-Phu-Yen-553994.aspx
2025-06-23 09:04:17,620 - INFO - ✅ Đã lấy link: https://thuvienphapluat.vn/van-ban/Thuong-mai/Chi-thi-479-CT-TCHQ-2023-giai-phap-tao-thuan-loi-thuong-mai-chong-that-thu-ngan-sach-nha-nuoc-556569.aspx
2025-06-23 09:04:17,624 - INFO - ✅ Đã lấy link: https://thuvienphapluat.vn/van-ban/Linh-vuc-khac/Chi-thi-03-CT-UBND-2023-tiep-tuc-tang-cuong-quan-ly-hoat-dong-giet-mo-Quang-Nam-552776.aspx
2025-06-23 09:04:17,627 - INFO - ✅ Đã lấy link: https://thuvienphapluat.vn/van-ban/Tai-chinh-nha-nuoc/Chi-thi-03-CT-UBND-2023-quan-ly-kinh-phi-bao-tri-phan-so-huu-chung-nha-chung-cu-Vung-Tau-560052.aspx
2025-06-23 09:04:17,631 - INFO - ✅ Đã lấy link: https://thuvienphapluat.vn/van-ban/Tai-chinh-nha-nuoc/Chi-thi-03-CT-UBND-2023-to-chuc-thuc-hien-du-toan-ngan-sach-nha-nuoc-Khanh-Hoa-559377.aspx
2025-06-23 09:04:17,635 - INFO - ✅ Đã lấy link: https://thuvienphapluat.vn/van-ban/Bo-may-hanh-chinh/Chi-thi-01-CT-UBND-2023-don-doc-thuc-hien-nhiem-vu-sau-ky-nghi-Tet-Nguyen-dan-Hue-552556.aspx
2025-06-23 09:04:17,638 - INFO - ✅ Đã lấy link: https://thuvienphapluat.vn/van-ban/Bo-may-hanh-chinh/Chi-thi-04-CT-UBND-2023-don-doc-thuc-hien-nhiem-vu-sau-ky-nghi-Tet-Lao-Cai-553160.aspx
2025-06-23 09:04:17,642 - INFO - ✅ Đã lấy link: https://thuvienphapluat.vn/van-ban/Bo-may-hanh-chinh/Chi-thi-3-CT-UBND-2023-nang-cao-chat-luong-giai-quyet-y-kien-cu-tri-Bac-Giang-553872.aspx
2025-06-23 09:04:17,646 - INFO - ✅ Đã lấy link: https://thuvienphapluat.vn/van-ban/Dau-tu/Chi-thi-01-CT-UBND-2023-quan-ly-xay-dung-nha-o-tai-cac-du-an-dau-tu-xay-dung-nha-o-Binh-Dinh-559778.aspx
2025-06-23 09:04:17,649 - INFO - ✅ Đã lấy link: https://thuvienphapluat.vn/van-ban/Thuong-mai/Chi-thi-01-CT-UBND-2023-phat-dong-phong-trao-thi-dua-phat-trien-kinh-te-xa-hoi-Lai-Chau-552661.aspx
2025-06-23 09:04:17,653 - INFO - ✅ Đã lấy link: https://thuvienphapluat.vn/van-ban/Bo-may-hanh-chinh/Chi-thi-03-CT-TTg-2023-don-doc-thuc-hien-nhiem-vu-trong-tam-sau-ky-nghi-Tet-nguyen-dan-551858.aspx
2025-06-23 09:04:17,657 - INFO - ✅ Đã lấy link: https://thuvienphapluat.vn/van-ban/Cong-nghe-thong-tin/Chi-thi-01-CT-BTTTT-2023-dinh-huong-phat-trien-nganh-Thong-tin-truyen-thong-554939.aspx
2025-06-23 09:04:17,660 - INFO - ✅ Đã lấy link: https://thuvienphapluat.vn/van-ban/Xay-dung-Do-thi/Chi-thi-04-CT-UBND-2023-tang-cuong-vai-tro-don-vi-xay-dung-nong-thon-moi-Kon-Tum-552738.aspx
2025-06-23 09:04:17,660 - INFO - ➡️ Đang truy cập: https://thuvienphapluat.vn/page/tim-van-ban.aspx?keyword=&area=0&match=True&type=1&status=1&signer=0&sort=1&lan=1&scan=0&org=0&fields=&chlbg=23/06/1945&chlend=23/06/2035&page=65
2025-06-23 09:04:18,160 - INFO - ⏳ Chờ 5.25s giả lập người dùng...
2025-06-23 09:04:25,428 - INFO - 🧭 Tiêu đề trang: Tra cứu Văn Bản Pháp Luật
2025-06-23 09:04:25,444 - INFO - ✅ Đã lấy link: https://thuvienphapluat.vn/van-ban/Bo-may-hanh-chinh/Chi-thi-03-CT-UBND-2023-thuc-hien-hieu-qua-03-Chuong-trinh-muc-tieu-quoc-gia-Quang-Ngai-554790.aspx
2025-06-23 09:04:25,448 - INFO - ✅ Đã lấy link: https://thuvienphapluat.vn/van-ban/Tai-chinh-nha-nuoc/Chi-thi-2-CT-UBND-2023-day-nhanh-tien-do-giai-ngan-von-dau-tu-cong-Bac-Giang-553871.aspx
2025-06-23 09:04:25,452 - INFO - ✅ Đã lấy link: https://thuvienphapluat.vn/van-ban/Dau-tu/Chi-thi-01-CT-UBND-2023-chan-chinh-cong-tac-dau-thau-du-an-su-dung-von-ngan-sach-Dak-Nong-554466.aspx
2025-06-23 09:04:25,456 - INFO - ✅ Đã lấy link: https://thuvienphapluat.vn/van-ban/Tai-nguyen-Moi-truong/Chi-thi-03-CT-UBND-2023-giai-phap-cap-bach-phong-chong-han-han-Kon-Tum-552665.aspx
2025-06-23 09:04:25,460 - INFO - ✅ Đã lấy link: https://thuvienphapluat.vn/van-ban/Tai-chinh-nha-nuoc/Chi-thi-02-CT-UBND-2023-tang-cuong-cong-tac-quan-ly-thu-ngan-sach-nha-nuoc-Quang-Nam-552237.aspx
2025-06-23 09:04:25,464 - INFO - ✅ Đã lấy link: https://thuvienphapluat.vn/van-ban/Cong-nghe-thong-tin/Chi-thi-02-CT-UBND-2023-tang-cuong-bao-dam-an-toan-thong-tin-mang-Thanh-Hoa-556193.aspx
2025-06-23 09:04:25,468 - INFO - ✅ Đã lấy link: https://thuvienphapluat.vn/van-ban/Dau-tu/Chi-thi-02-CT-UBND-2023-day-nhanh-thuc-hien-va-giai-ngan-ke-hoach-von-dau-tu-cong-Quang-Ngai-554788.aspx
2025-06-23 09:04:25,472 - INFO - ✅ Đã lấy link: https://thuvienphapluat.vn/van-ban/Bo-may-hanh-chinh/Chi-thi-01-CT-UBND-2023-nhiem-vu-quan-su-quoc-phong-Tuyen-Quang-553322.aspx
2025-06-23 09:04:25,476 - INFO - ✅ Đã lấy link: https://thuvienphapluat.vn/van-ban/Linh-vuc-khac/Chi-thi-01-CT-UBND-2023-tang-cuong-quan-ly-kiem-soat-giet-mo-dong-vat-Thanh-Hoa-556192.aspx
2025-06-23 09:04:25,481 - INFO - ✅ Đã lấy link: https://thuvienphapluat.vn/van-ban/Van-hoa-Xa-hoi/Chi-thi-03-CT-UBND-2023-day-manh-xay-dung-nhan-rong-guong-dien-hinh-tien-tien-Lao-Cai-553159.aspx
2025-06-23 09:04:25,485 - INFO - ✅ Đã lấy link: https://thuvienphapluat.vn/van-ban/Tai-nguyen-Moi-truong/Chi-thi-03-CT-UBND-2023-cong-tac-phong-chong-thien-tai-tim-kiem-cuu-nan-Son-La-555119.aspx
2025-06-23 09:04:25,488 - INFO - ✅ Đã lấy link: https://thuvienphapluat.vn/van-ban/Tai-chinh-nha-nuoc/Chi-thi-01-CT-UBND-2023-tang-cuong-cong-tac-thu-ngan-sach-nha-nuoc-Tien-Giang-551871.aspx
2025-06-23 09:04:25,492 - INFO - ✅ Đã lấy link: https://thuvienphapluat.vn/van-ban/Tai-nguyen-Moi-truong/Chi-thi-1-CT-UBND-2023-tang-cuong-quan-ly-bao-ve-rung-va-dat-lam-nghiep-Bac-Giang-556945.aspx
2025-06-23 09:04:25,496 - INFO - ✅ Đã lấy link: https://thuvienphapluat.vn/van-ban/Van-hoa-Xa-hoi/Chi-thi-01-CT-UBND-2023-phat-dong-phong-trao-thi-dua-yeu-nuoc-Thanh-pho-Ho-Chi-Minh-560147.aspx
2025-06-23 09:04:25,500 - INFO - ✅ Đã lấy link: https://thuvienphapluat.vn/van-ban/The-thao-Y-te/Chi-thi-02-CT-TTg-2023-tang-cuong-quan-ly-kiem-soat-giet-mo-dong-vat-bao-dam-an-toan-dich-benh-550556.aspx
2025-06-23 09:04:25,504 - INFO - ✅ Đã lấy link: https://thuvienphapluat.vn/van-ban/Dau-tu/Chi-thi-01-CT-UBND-2023-thuc-hien-ke-hoach-phat-trien-kinh-te-xa-hoi-Vinh-Long-557384.aspx
2025-06-23 09:04:25,509 - INFO - ✅ Đã lấy link: https://thuvienphapluat.vn/van-ban/Tai-nguyen-Moi-truong/Chi-thi-02-CT-UBND-2023-tang-cuong-bien-phap-bao-ve-rung-phong-chua-chay-rung-Son-La-555170.aspx
2025-06-23 09:04:25,513 - INFO - ✅ Đã lấy link: https://thuvienphapluat.vn/van-ban/Lao-dong-Tien-luong/Chi-thi-01-CT-UBND-2023-tang-cuong-quan-ly-an-toan-lao-dong-trong-thi-cong-xay-dung-Vinh-Phuc-562264.aspx
2025-06-23 09:04:25,517 - INFO - ✅ Đã lấy link: https://thuvienphapluat.vn/van-ban/Van-hoa-Xa-hoi/Chi-thi-02-CT-BCT-2023-dam-bao-cung-cap-dien-trong-dip-Le-Tet-va-cac-su-kien-chinh-tri-van-hoa-lon-555374.aspx
2025-06-23 09:04:25,521 - INFO - ✅ Đã lấy link: https://thuvienphapluat.vn/van-ban/The-thao-Y-te/Chi-thi-01-CT-UBND-2023-tang-cuong-cong-tac-van-dong-hien-mau-Binh-Duong-553158.aspx
2025-06-23 09:04:25,521 - INFO - ➡️ Đang truy cập: https://thuvienphapluat.vn/page/tim-van-ban.aspx?keyword=&area=0&match=True&type=1&status=1&signer=0&sort=1&lan=1&scan=0&org=0&fields=&chlbg=23/06/1945&chlend=23/06/2035&page=66
2025-06-23 09:04:26,133 - INFO - ⏳ Chờ 3.18s giả lập người dùng...
2025-06-23 09:04:31,324 - INFO - 🧭 Tiêu đề trang: Tra cứu Văn Bản Pháp Luật
2025-06-23 09:04:31,341 - INFO - ✅ Đã lấy link: https://thuvienphapluat.vn/van-ban/Tai-chinh-nha-nuoc/Chi-thi-02-CT-UBND-2023-tang-cuong-bien-phap-quan-ly-thu-ngan-sach-Ninh-Thuan-553681.aspx
2025-06-23 09:04:31,344 - INFO - ✅ Đã lấy link: https://thuvienphapluat.vn/van-ban/Bo-may-hanh-chinh/Chi-thi-01-CTLT-BCT-CDCT-2023-to-chuc-phong-trao-thi-dua-556317.aspx
2025-06-23 09:04:31,348 - INFO - ✅ Đã lấy link: https://thuvienphapluat.vn/van-ban/Thuong-mai/Chi-thi-02-CT-UBND-2023-phat-dong-thi-dua-phat-trien-kinh-te-xa-hoi-Vung-Tau-557333.aspx
2025-06-23 09:04:31,352 - INFO - ✅ Đã lấy link: https://thuvienphapluat.vn/van-ban/Tai-nguyen-Moi-truong/Chi-thi-01-CT-UBND-2023-bao-dam-an-ninh-trat-tu-Tet-Nguyen-dan-Vung-Tau-550698.aspx
2025-06-23 09:04:31,356 - INFO - ✅ Đã lấy link: https://thuvienphapluat.vn/van-ban/Tai-nguyen-Moi-truong/Chi-thi-01-CT-UBND-2023-tang-cuong-phong-chong-thien-tai-Lao-Cai-552901.aspx
2025-06-23 09:04:31,360 - INFO - ✅ Đã lấy link: https://thuvienphapluat.vn/van-ban/Tai-chinh-nha-nuoc/Chi-thi-01-CT-UBND-2023-my-quan-do-thi-ve-sinh-moi-truong-Can-Tho-550787.aspx
2025-06-23 09:04:31,364 - INFO - ✅ Đã lấy link: https://thuvienphapluat.vn/van-ban/Tai-nguyen-Moi-truong/Chi-thi-01-CT-UBND-2023-to-chuc-Tet-trong-cay-doi-doi-nho-on-Bac-Ho-Yen-Bai-549912.aspx
2025-06-23 09:04:31,367 - INFO - ✅ Đã lấy link: https://thuvienphapluat.vn/van-ban/Tai-nguyen-Moi-truong/Chi-thi-02-CT-UBND-2023-quan-ly-bao-ve-rung-phong-chua-chay-rung-trong-va-sau-Tet-Dak-Lak-553970.aspx
2025-06-23 09:04:31,371 - INFO - ✅ Đã lấy link: https://thuvienphapluat.vn/van-ban/Linh-vuc-khac/Chi-thi-02-CT-UBND-2023-tang-cuong-cong-tac-phong-tru-sinh-vat-hai-cay-trong-Kon-Tum-552663.aspx
2025-06-23 09:04:31,375 - INFO - ✅ Đã lấy link: https://thuvienphapluat.vn/van-ban/Tai-nguyen-Moi-truong/Chi-thi-01-CT-UBND-2023-tang-cuong-quan-ly-khai-thac-cat-soi-long-song-Kon-Tum-552672.aspx
2025-06-23 09:04:31,378 - INFO - ✅ Đã lấy link: https://thuvienphapluat.vn/van-ban/Tai-nguyen-Moi-truong/Chi-thi-01-CT-UBND-2023-Tet-trong-cay-doi-doi-nho-on-Bac-Ho-Xuan-Quy-Mao-Thai-Binh-549342.aspx
2025-06-23 09:04:31,382 - INFO - ✅ Đã lấy link: https://thuvienphapluat.vn/van-ban/Tai-nguyen-Moi-truong/Chi-thi-01-CT-TTg-2023-tang-cuong-cong-tac-phong-chay-chua-chay-trong-tinh-hinh-moi-548693.aspx
2025-06-23 09:04:31,386 - INFO - ✅ Đã lấy link: https://thuvienphapluat.vn/van-ban/Bo-may-hanh-chinh/Chi-thi-01-2023-CT-CA-thuc-hien-nhiem-vu-trong-tam-cong-tac-Toa-an-548672.aspx
2025-06-23 09:04:31,390 - INFO - ✅ Đã lấy link: https://thuvienphapluat.vn/van-ban/Tai-chinh-nha-nuoc/Chi-thi-01-CT-UBND-2023-trien-khai-nhiem-vu-thu-ngan-sach-Lam-Dong-553843.aspx
2025-06-23 09:04:31,393 - INFO - ✅ Đã lấy link: https://thuvienphapluat.vn/van-ban/Dau-tu/Chi-thi-02-CT-UBND-2023-day-nhanh-trien-khai-cao-toc-doan-Tan-Phu-Bao-Loc-Lam-Dong-553279.aspx
2025-06-23 09:04:31,397 - INFO - ✅ Đã lấy link: https://thuvienphapluat.vn/van-ban/Bo-may-hanh-chinh/Chi-thi-01-CT-UBND-2023-thuc-hien-nhiem-vu-quoc-phong-quan-su-dia-phuong-Nam-Dinh-553080.aspx
2025-06-23 09:04:31,401 - INFO - ✅ Đã lấy link: https://thuvienphapluat.vn/van-ban/Thuong-mai/Chi-thi-01-CT-UBND-2023-nhiem-vu-trong-tam-Ke-hoach-phat-trien-kinh-te-xa-hoi-Bac-Ninh-549718.aspx
2025-06-23 09:04:31,405 - INFO - ✅ Đã lấy link: https://thuvienphapluat.vn/van-ban/Tai-chinh-nha-nuoc/Chi-thi-01-CT-UBND-2023-tang-cuong-bien-phap-thu-ngan-sach-nha-nuoc-Quang-Ngai-554779.aspx
2025-06-23 09:04:31,409 - INFO - ✅ Đã lấy link: https://thuvienphapluat.vn/van-ban/The-thao-Y-te/Chi-thi-06-CT-BYT-2022-cong-tac-y-te-dam-bao-don-Tet-Nguyen-Dan-Quy-Mao-2023-548491.aspx
2025-06-23 09:04:31,412 - INFO - ✅ Đã lấy link: https://thuvienphapluat.vn/van-ban/Van-hoa-Xa-hoi/Chi-thi-17-CT-UBND-2022-bao-dam-don-Tet-Nguyen-dan-vui-tuoi-Hue-550746.aspx
2025-06-23 09:04:31,412 - INFO - ➡️ Đang truy cập: https://thuvienphapluat.vn/page/tim-van-ban.aspx?keyword=&area=0&match=True&type=1&status=1&signer=0&sort=1&lan=1&scan=0&org=0&fields=&chlbg=23/06/1945&chlend=23/06/2035&page=67
2025-06-23 09:04:32,794 - INFO - ⏳ Chờ 4.95s giả lập người dùng...
2025-06-23 09:04:39,748 - INFO - 🧭 Tiêu đề trang: Tra cứu Văn Bản Pháp Luật
2025-06-23 09:04:39,764 - INFO - ✅ Đã lấy link: https://thuvienphapluat.vn/van-ban/Van-hoa-Xa-hoi/Chi-thi-7-CT-UBND-2022-bien-phap-dam-bao-don-Tet-Nguyen-dan-vui-tuoi-Phu-Tho-550379.aspx
2025-06-23 09:04:39,767 - INFO - ✅ Đã lấy link: https://thuvienphapluat.vn/van-ban/Van-hoa-Xa-hoi/Chi-thi-35-CT-UBND-2022-tang-cuong-bien-phap-bao-dam-don-Tet-Nghe-An-2023-548805.aspx
2025-06-23 09:04:39,771 - INFO - ✅ Đã lấy link: https://thuvienphapluat.vn/van-ban/Van-hoa-Xa-hoi/Chi-thi-09-CT-UBND-2022-bien-phap-dam-bao-don-Tet-vui-tuoi-Gia-Lai-2023-548823.aspx
2025-06-23 09:04:39,776 - INFO - ✅ Đã lấy link: https://thuvienphapluat.vn/van-ban/Van-hoa-Xa-hoi/Chi-thi-15-CT-UBND-2022-to-chuc-phuc-vu-Tet-Nguyen-dan-Quy-Mao-Ninh-Thuan-548360.aspx
2025-06-23 09:04:39,780 - INFO - ✅ Đã lấy link: https://thuvienphapluat.vn/van-ban/Van-hoa-Xa-hoi/Chi-thi-16-CT-UBND-2022-to-chuc-Tet-Nguyen-dan-Quy-Mao-Tien-Giang-549860.aspx
2025-06-23 09:04:39,784 - INFO - ✅ Đã lấy link: https://thuvienphapluat.vn/van-ban/Van-hoa-Xa-hoi/Chi-thi-16-CT-UBND-2022-bao-dam-don-Tet-Nguyen-dan-vui-tuoi-lanh-manh-Yen-Bai-549795.aspx
2025-06-23 09:04:39,788 - INFO - ✅ Đã lấy link: https://thuvienphapluat.vn/van-ban/Tai-nguyen-Moi-truong/Chi-thi-33-CT-UBND-2022-to-chuc-Tet-trong-cay-doi-doi-nho-on-Bac-Ho-xuan-Quy-Mao-Nghe-An-548566.aspx
2025-06-23 09:04:39,792 - INFO - ✅ Đã lấy link: https://thuvienphapluat.vn/van-ban/Van-hoa-Xa-hoi/Chi-thi-13-CT-UBND-2022-to-chuc-don-Tet-on-dinh-phat-trien-kinh-te-xa-hoi-Can-Tho-2023-548552.aspx
2025-06-23 09:04:39,796 - INFO - ✅ Đã lấy link: https://thuvienphapluat.vn/van-ban/Tai-chinh-nha-nuoc/Chi-thi-so-14-CT-UBND-2022-thuc-hien-chinh-sach-thuc-hanh-tiet-kiem-chong-lang-phi-Lai-Chau-554704.aspx
2025-06-23 09:04:39,799 - INFO - ✅ Đã lấy link: https://thuvienphapluat.vn/van-ban/Dau-tu/Chi-thi-14-CT-UBND-2022-thuc-hien-dau-tu-cong-Hue-550667.aspx
2025-06-23 09:04:39,803 - INFO - ✅ Đã lấy link: https://thuvienphapluat.vn/van-ban/Van-hoa-Xa-hoi/Chi-thi-27-CT-UBND-2022-bao-dam-don-Tet-Nguyen-dan-vui-tuoi-lanh-manh-Nam-Dinh-548738.aspx
2025-06-23 09:04:39,807 - INFO - ✅ Đã lấy link: https://thuvienphapluat.vn/van-ban/Tai-nguyen-Moi-truong/Chi-thi-29-CT-UBND-2022-tang-cuong-quan-ly-bao-ve-khoang-san-Vinh-Phuc-549799.aspx
2025-06-23 09:04:39,811 - INFO - ✅ Đã lấy link: https://thuvienphapluat.vn/van-ban/Van-hoa-Xa-hoi/Chi-thi-16-CT-UBND-2022-cham-lo-Tet-Quy-Mao-Ho-Chi-Minh-552218.aspx
2025-06-23 09:04:39,815 - INFO - ✅ Đã lấy link: https://thuvienphapluat.vn/van-ban/Cong-nghe-thong-tin/Chi-thi-23-CT-TTg-2022-tang-cuong-bao-dam-an-toan-thong-tin-mang-thiet-bi-camera-giam-sat-547439.aspx
2025-06-23 09:04:39,819 - INFO - ✅ Đã lấy link: https://thuvienphapluat.vn/van-ban/Van-hoa-Xa-hoi/Chi-thi-26-CT-UBND-2022-nhiem-vu-cong-tac-an-ninh-Nam-Dinh-2023-550299.aspx
2025-06-23 09:04:39,823 - INFO - ✅ Đã lấy link: https://thuvienphapluat.vn/van-ban/Giao-duc/Chi-thi-08-CT-UBND-2022-bao-dam-hieu-qua-chat-luong-giao-duc-mam-non-Gia-Lai-547236.aspx
2025-06-23 09:04:39,826 - INFO - ✅ Đã lấy link: https://thuvienphapluat.vn/van-ban/Tai-nguyen-Moi-truong/Chi-thi-8733-CT-BNN-TCLN-2022-to-chuc-Tet-trong-cay-va-tang-cuong-bao-ve-rung-2023-547171.aspx
2025-06-23 09:04:39,830 - INFO - ✅ Đã lấy link: https://thuvienphapluat.vn/van-ban/Van-hoa-Xa-hoi/Chi-thi-22-CT-TTg-2022-tang-cuong-bien-phap-bao-dam-don-Tet-Nguyen-dan-2023-vui-tuoi-lanh-manh-547149.aspx
2025-06-23 09:04:39,834 - INFO - ✅ Đã lấy link: https://thuvienphapluat.vn/van-ban/Bo-may-hanh-chinh/Chi-thi-22-CT-UBND-2022-thuc-hien-ky-luat-hanh-chinh-doi-voi-can-bo-co-quan-Ha-Noi-547901.aspx
2025-06-23 09:04:39,838 - INFO - ✅ Đã lấy link: https://thuvienphapluat.vn/van-ban/Van-hoa-Xa-hoi/Chi-thi-21-CT-UBND-2022-to-chuc-phuc-vu-Tet-Nguyen-dan-Quy-Mao-Ha-Noi-548463.aspx
2025-06-23 09:04:39,838 - INFO - ➡️ Đang truy cập: https://thuvienphapluat.vn/page/tim-van-ban.aspx?keyword=&area=0&match=True&type=1&status=1&signer=0&sort=1&lan=1&scan=0&org=0&fields=&chlbg=23/06/1945&chlend=23/06/2035&page=68
2025-06-23 09:04:40,721 - INFO - ⏳ Chờ 4.90s giả lập người dùng...
2025-06-23 09:04:47,627 - INFO - 🧭 Tiêu đề trang: Tra cứu Văn Bản Pháp Luật
2025-06-23 09:04:47,643 - INFO - ✅ Đã lấy link: https://thuvienphapluat.vn/van-ban/Thue-Phi-Le-Phi/Chi-thi-12-CT-UBND-2022-tang-cuong-cong-tac-thu-thue-Can-Tho-2023-547471.aspx
2025-06-23 09:04:47,646 - INFO - ✅ Đã lấy link: https://thuvienphapluat.vn/van-ban/Thuong-mai/Chi-thi-17-CT-UBND-2022-chi-dao-dieu-hanh-thuc-hien-ke-hoach-phat-trien-kinh-te-xa-hoi-Lao-Cai-553257.aspx
2025-06-23 09:04:47,650 - INFO - ✅ Đã lấy link: https://thuvienphapluat.vn/van-ban/Thuong-mai/Chi-thi-2352-CT-UBND-2022-thuc-hien-nhiem-vu-phat-trien-kinh-te-xa-hoi-Ha-Giang-2023-547227.aspx
2025-06-23 09:04:47,654 - INFO - ✅ Đã lấy link: https://thuvienphapluat.vn/van-ban/Thuong-mai/Chi-thi-12-CT-UBND-2022-thi-dua-thuc-hien-ke-hoach-phat-trien-kinh-te-xa-hoi-Hue-550666.aspx
2025-06-23 09:04:47,657 - INFO - ✅ Đã lấy link: https://thuvienphapluat.vn/van-ban/Tai-nguyen-Moi-truong/Chi-thi-12-CT-UBND-2022-tang-cuong-cong-tac-quan-ly-bao-ve-moi-truong-An-Giang-551822.aspx
2025-06-23 09:04:47,661 - INFO - ✅ Đã lấy link: https://thuvienphapluat.vn/van-ban/Tai-nguyen-Moi-truong/Chi-thi-17-CT-UBND-2022-tang-cuong-phong-chay-chua-chay-Son-La-550239.aspx
2025-06-23 09:04:47,664 - INFO - ✅ Đã lấy link: https://thuvienphapluat.vn/van-ban/Van-hoa-Xa-hoi/Chi-thi-13-CT-UBND-2022-tang-cuong-thuc-hien-bien-phap-bao-dam-don-Tet-2023-lanh-manh-Lai-Chau-546568.aspx
2025-06-23 09:04:47,668 - INFO - ✅ Đã lấy link: https://thuvienphapluat.vn/van-ban/Van-hoa-Xa-hoi/Chi-thi-15-CT-UBND-2022-cong-tac-bao-dam-an-ninh-trat-tu-Tien-Giang-2023-547400.aspx
2025-06-23 09:04:47,672 - INFO - ✅ Đã lấy link: https://thuvienphapluat.vn/van-ban/Quyen-dan-su/Chi-thi-15-CT-UBND-2022-cong-tac-tuyen-chon-goi-cong-dan-nhap-ngu-Ho-Chi-Minh-2023-551392.aspx
2025-06-23 09:04:47,675 - INFO - ✅ Đã lấy link: https://thuvienphapluat.vn/van-ban/Tien-te-Ngan-hang/Chi-thi-11-CT-UBND-2022-tang-cuong-hoat-dong-thanh-toan-khong-dung-tien-mat-Can-Tho-546741.aspx
2025-06-23 09:04:47,679 - INFO - ✅ Đã lấy link: https://thuvienphapluat.vn/van-ban/Van-hoa-Xa-hoi/Chi-thi-10-CT-UBND-2022-to-chuc-don-Tet-Nguyen-dan-Quy-Mao-Bac-Giang-546567.aspx
2025-06-23 09:04:47,683 - INFO - ✅ Đã lấy link: https://thuvienphapluat.vn/van-ban/Dau-tu/Chi-thi-14-CT-UBND-2022-thuc-hien-ke-hoach-dau-tu-cong-Dong-Nai-2023-555858.aspx
2025-06-23 09:04:47,686 - INFO - ✅ Đã lấy link: https://thuvienphapluat.vn/van-ban/Van-hoa-Xa-hoi/Chi-thi-17-CT-UBND-2022-to-chuc-don-Tet-Nguyen-dan-Quy-Mao-lanh-manh-vui-tuoi-Quang-Nam-545254.aspx
2025-06-23 09:04:47,690 - INFO - ✅ Đã lấy link: https://thuvienphapluat.vn/van-ban/Thuong-mai/Chi-thi-10-CT-UBND-2022-phat-dong-thi-dua-yeu-nuoc-thuc-hien-chi-tieu-kinh-te-xa-hoi-Can-Tho-545509.aspx
2025-06-23 09:04:47,694 - INFO - ✅ Đã lấy link: https://thuvienphapluat.vn/van-ban/Linh-vuc-khac/Chi-thi-16-CT-UBND-2022-tang-cuong-cong-tac-phong-chong-dich-benh-dong-vat-Quang-Nam-545253.aspx
2025-06-23 09:04:47,698 - INFO - ✅ Đã lấy link: https://thuvienphapluat.vn/van-ban/Tai-chinh-nha-nuoc/Chi-thi-03-CT-BTC-2022-tang-cuong-quan-ly-dieu-hanh-gia-dip-Tet-Nguyen-dan-Quy-Mao-545192.aspx
2025-06-23 09:04:47,702 - INFO - ✅ Đã lấy link: https://thuvienphapluat.vn/van-ban/Lao-dong-Tien-luong/Chi-thi-20-CT-TW-2022-tang-cuong-dua-nguoi-lao-dong-di-lam-viec-o-nuoc-ngoai-556627.aspx
2025-06-23 09:04:47,706 - INFO - ✅ Đã lấy link: https://thuvienphapluat.vn/van-ban/Van-hoa-Xa-hoi/Chi-thi-17-CT-UBND-2022-tang-cuong-tan-cong-tran-ap-toi-pham-dip-tet-Nguyen-dan-2023-Binh-Dinh-546569.aspx
2025-06-23 09:04:47,710 - INFO - ✅ Đã lấy link: https://thuvienphapluat.vn/van-ban/Thuong-mai/Chi-thi-16-CT-UBND-2022-dam-bao-can-doi-cung-cau-binh-on-gia-ca-thi-truong-dip-Tet-Son-La-545878.aspx
2025-06-23 09:04:47,713 - INFO - ✅ Đã lấy link: https://thuvienphapluat.vn/van-ban/Thuong-mai/Chi-thi-10-CT-BCT-2022-giai-phap-bao-dam-can-doi-cung-cau-binh-on-thi-truong-cuoi-nam-546564.aspx
2025-06-23 09:04:47,714 - INFO - ➡️ Đang truy cập: https://thuvienphapluat.vn/page/tim-van-ban.aspx?keyword=&area=0&match=True&type=1&status=1&signer=0&sort=1&lan=1&scan=0&org=0&fields=&chlbg=23/06/1945&chlend=23/06/2035&page=69
2025-06-23 09:04:48,326 - INFO - ⏳ Chờ 4.87s giả lập người dùng...
2025-06-23 09:04:55,202 - INFO - 🧭 Tiêu đề trang: Tra cứu Văn Bản Pháp Luật
2025-06-23 09:04:55,217 - INFO - ✅ Đã lấy link: https://thuvienphapluat.vn/van-ban/Tai-chinh-nha-nuoc/Chi-thi-15-CT-UBND-2022-day-manh-thuc-hanh-tiet-kiem-chong-lang-phi-Son-La-2023-544596.aspx
2025-06-23 09:04:55,220 - INFO - ✅ Đã lấy link: https://thuvienphapluat.vn/van-ban/Dau-tu/Chi-thi-13-CT-CTUBND-2022-day-nhanh-tien-do-giai-ngan-von-dau-tu-cong-Hung-Yen-547245.aspx
2025-06-23 09:04:55,224 - INFO - ✅ Đã lấy link: https://thuvienphapluat.vn/van-ban/Linh-vuc-khac/Chi-thi-32-CT-UBND-2022-tang-cuong-phong-chong-dich-benh-dong-vat-cuoi-nam-Nghe-An-547587.aspx
2025-06-23 09:04:55,228 - INFO - ✅ Đã lấy link: https://thuvienphapluat.vn/van-ban/Bo-may-hanh-chinh/Chi-thi-03-2022-CT-CA-tiep-tuc-tang-cuong-hieu-qua-cong-tac-tiep-cong-dan-trong-Toa-an-nhan-dan-544006.aspx
2025-06-23 09:04:55,232 - INFO - ✅ Đã lấy link: https://thuvienphapluat.vn/van-ban/Tien-te-Ngan-hang/Chi-thi-09-CT-UBND-2022-phong-ngua-xu-ly-toi-pham-tin-dung-den-Can-Tho-550850.aspx
2025-06-23 09:04:55,235 - INFO - ✅ Đã lấy link: https://thuvienphapluat.vn/van-ban/Linh-vuc-khac/Chi-thi-19-CT-UBND-2022-tang-cuong-cong-tac-phong-chong-dich-benh-dong-vat-Khanh-Hoa-545860.aspx
2025-06-23 09:04:55,239 - INFO - ✅ Đã lấy link: https://thuvienphapluat.vn/van-ban/Bo-may-hanh-chinh/Chi-thi-06-CT-BKHDT-2022-tong-ket-cong-tac-Chuong-trinh-cong-tac-cua-co-quan-Bo-Ke-hoach-543417.aspx
2025-06-23 09:04:55,242 - INFO - ✅ Đã lấy link: https://thuvienphapluat.vn/van-ban/Bo-may-hanh-chinh/Chi-thi-01-CT-VKSTC-2022-cong-tac-nganh-Kiem-sat-nhan-dan-2023-543098.aspx
2025-06-23 09:04:55,246 - INFO - ✅ Đã lấy link: https://thuvienphapluat.vn/van-ban/Cong-nghe-thong-tin/Chi-thi-15-CT-UBND-2022-trien-khai-nhiem-vu-nang-cao-thu-bac-xep-hang-chuyen-doi-so-DTI-Yen-Bai-544368.aspx
2025-06-23 09:04:55,250 - INFO - ✅ Đã lấy link: https://thuvienphapluat.vn/van-ban/Tai-chinh-nha-nuoc/Chi-thi-06-CT-VKSTC-2022-tang-cuong-cong-tac-quan-ly-tai-chinh-nganh-Kiem-sat-nhan-dan-545168.aspx
2025-06-23 09:04:55,254 - INFO - ✅ Đã lấy link: https://thuvienphapluat.vn/van-ban/Linh-vuc-khac/Chi-thi-8084-CT-BNN-TT-2022-phat-trien-ben-vung-san-xuat-cay-sau-rieng-chanh-leo-551028.aspx
2025-06-23 09:04:55,257 - INFO - ✅ Đã lấy link: https://thuvienphapluat.vn/van-ban/Bo-may-hanh-chinh/Chi-thi-24-CT-UBND-2022-thuc-hien-nhiem-vu-bien-phong-Nam-Dinh-2023-541392.aspx
2025-06-23 09:04:55,261 - INFO - ✅ Đã lấy link: https://thuvienphapluat.vn/van-ban/Thuong-mai/Chi-thi-15-CT-UBND-2022-quan-ly-hanh-vi-vi-pham-vu-khi-vat-lieu-no-dip-le-Hai-Duong-546342.aspx
2025-06-23 09:04:55,265 - INFO - ✅ Đã lấy link: https://thuvienphapluat.vn/van-ban/Trach-nhiem-hinh-su/Chi-thi-12-CT-UBND-2022-phoi-hop-tan-cong-tran-ap-toi-pham-dam-bao-an-ninh-Tet-2023-Binh-Duong-546742.aspx
2025-06-23 09:04:55,268 - INFO - ✅ Đã lấy link: https://thuvienphapluat.vn/van-ban/Tien-te-Ngan-hang/Chi-thi-21-CT-TTg-2022-thuc-day-chuyen-doi-so-trong-chi-tra-an-sinh-xa-hoi-khong-dung-tien-mat-540571.aspx
2025-06-23 09:04:55,272 - INFO - ✅ Đã lấy link: https://thuvienphapluat.vn/van-ban/Linh-vuc-khac/Chi-thi-16-CT-UBND-2022-tang-cuong-phong-chong-dich-benh-dong-vat-Dak-Lak-543796.aspx
2025-06-23 09:04:55,275 - INFO - ✅ Đã lấy link: https://thuvienphapluat.vn/van-ban/Bo-may-hanh-chinh/Chi-thi-15-CT-UBND-2022-tang-cuong-ky-luat-day-manh-cai-cach-hanh-chinh-Cao-Bang-544597.aspx
2025-06-23 09:04:55,279 - INFO - ✅ Đã lấy link: https://thuvienphapluat.vn/van-ban/Van-hoa-Xa-hoi/Chi-thi-16-CT-UBND-2022-bao-dam-an-ninh-trat-tu-truoc-trong-va-sau-Tet-Quy-Mao-Thanh-Hoa-547337.aspx
2025-06-23 09:04:55,283 - INFO - ✅ Đã lấy link: https://thuvienphapluat.vn/van-ban/Linh-vuc-khac/Chi-thi-30-CT-UBND-2022-tang-cuong-chi-dao-san-xuat-trong-trot-vu-Xuan-Nghe-An-2023-547576.aspx
2025-06-23 09:04:55,286 - INFO - ✅ Đã lấy link: https://thuvienphapluat.vn/van-ban/Giao-thong-Van-tai/Chi-thi-14-CT-UBND-2022-bao-dam-trat-tu-an-toan-giao-thong-duong-thuy-noi-dia-Ho-Chi-Minh-551391.aspx
2025-06-23 09:04:55,286 - INFO - ➡️ Đang truy cập: https://thuvienphapluat.vn/page/tim-van-ban.aspx?keyword=&area=0&match=True&type=1&status=1&signer=0&sort=1&lan=1&scan=0&org=0&fields=&chlbg=23/06/1945&chlend=23/06/2035&page=70
2025-06-23 09:04:55,874 - INFO - ⏳ Chờ 5.94s giả lập người dùng...
2025-06-23 09:05:03,821 - INFO - 🧭 Tiêu đề trang: Tra cứu Văn Bản Pháp Luật
2025-06-23 09:05:03,837 - INFO - ✅ Đã lấy link: https://thuvienphapluat.vn/van-ban/Xay-dung-Do-thi/Chi-thi-27-CT-UBND-2022-tang-cuong-cong-tac-phat-trien-cay-xanh-do-thi-Vinh-Phuc-545784.aspx
2025-06-23 09:05:03,840 - INFO - ✅ Đã lấy link: https://thuvienphapluat.vn/van-ban/Cong-nghe-thong-tin/Chi-thi-12-CT-UBND-2022-day-manh-phat-trien-du-lieu-dan-cu-phuc-vu-chuyen-doi-so-Dien-Bien-540097.aspx
2025-06-23 09:05:03,844 - INFO - ✅ Đã lấy link: https://thuvienphapluat.vn/van-ban/Linh-vuc-khac/Chi-thi-15-CT-UBND-2022-tang-cuong-phong-chong-dich-benh-dong-vat-cuoi-nam-Thanh-Hoa-547336.aspx
2025-06-23 09:05:03,848 - INFO - ✅ Đã lấy link: https://thuvienphapluat.vn/van-ban/Thuong-mai/Chi-thi-26-CT-UBND-2022-tang-cuong-quan-ly-kinh-doanh-karaoke-vu-truong-Vinh-Phuc-539864.aspx
2025-06-23 09:05:03,851 - INFO - ✅ Đã lấy link: https://thuvienphapluat.vn/van-ban/Giao-thong-Van-tai/Chi-thi-5706-CT-CHK-2022-tang-cuong-cong-tac-dam-bao-an-toan-hang-khong-dip-Tet-Duong-lich-2023-540275.aspx
2025-06-23 09:05:03,855 - INFO - ✅ Đã lấy link: https://thuvienphapluat.vn/van-ban/Van-hoa-Xa-hoi/Chi-thi-19-CT-TW-2022-to-chuc-Tet-Quy-Mao-2023-539875.aspx
2025-06-23 09:05:03,859 - INFO - ✅ Đã lấy link: https://thuvienphapluat.vn/van-ban/Van-hoa-Xa-hoi/Chi-thi-12-CT-UBND-2022-thuc-hien-dot-cao-diem-tan-cong-tran-ap-toi-pham-Tet-Nguyen-dan-Ha-Tinh-544993.aspx
2025-06-23 09:05:03,862 - INFO - ✅ Đã lấy link: https://thuvienphapluat.vn/van-ban/Giao-thong-Van-tai/Chi-thi-5660-CT-CHK-2022-tang-cuong-cong-tac-bao-dam-hoat-dong-bay-trong-dip-Tet-Duong-lich-2023-540274.aspx
2025-06-23 09:05:03,866 - INFO - ✅ Đã lấy link: https://thuvienphapluat.vn/van-ban/Van-hoa-Xa-hoi/Chi-thi-11-CT-UBND-2022-bao-dam-an-ninh-trat-tu-Tet-Quy-Mao-Thua-Thien-Hue-539515.aspx
2025-06-23 09:05:03,869 - INFO - ✅ Đã lấy link: https://thuvienphapluat.vn/van-ban/Xay-dung-Do-thi/Chi-thi-16-CT-UBND-2022-tang-cuong-quan-ly-chat-luong-cong-trinh-xay-dung-Binh-Dinh-541208.aspx
2025-06-23 09:05:03,873 - INFO - ✅ Đã lấy link: https://thuvienphapluat.vn/van-ban/Van-hoa-Xa-hoi/Chi-thi-07-CT-UBND-2022-phong-ngua-dau-tranh-toi-pham-trom-cap-tai-san-Gia-Lai-538166.aspx
2025-06-23 09:05:03,877 - INFO - ✅ Đã lấy link: https://thuvienphapluat.vn/van-ban/Van-hoa-Xa-hoi/Chi-thi-15-CT-UBND-2022-tang-cuong-phong-ngua-toi-pham-bao-dam-an-ninh-dip-Tet-Dak-Lak-538739.aspx
2025-06-23 09:05:03,881 - INFO - ✅ Đã lấy link: https://thuvienphapluat.vn/van-ban/Thuong-mai/Chi-thi-08-CT-UBND-2022-tang-cuong-dam-bao-nguon-cung-xang-dau-Can-Tho-thang-cuoi-nam-538982.aspx
2025-06-23 09:05:03,884 - INFO - ✅ Đã lấy link: https://thuvienphapluat.vn/van-ban/Trach-nhiem-hinh-su/Chi-thi-9-CT-UBND-2022-mo-dot-cao-diem-tran-ap-toi-pham-bao-dam-trat-tu-tet-Nguyen-dan-Bac-Giang-540370.aspx
2025-06-23 09:05:03,888 - INFO - ✅ Đã lấy link: https://thuvienphapluat.vn/van-ban/Cong-nghe-thong-tin/Chi-thi-15-CT-UBND-2022-day-manh-hoat-dong-ung-cuu-su-co-an-toan-thong-tin-mang-Quang-Nam-538098.aspx
2025-06-23 09:05:03,891 - INFO - ✅ Đã lấy link: https://thuvienphapluat.vn/van-ban/Dau-tu/Chi-thi-14-CT-UBND-2022-phan-bo-dau-tu-du-an-du-kien-bo-tri-dau-tu-cong-trung-han-Thanh-Hoa-542471.aspx
2025-06-23 09:05:03,895 - INFO - ✅ Đã lấy link: https://thuvienphapluat.vn/van-ban/Van-hoa-Xa-hoi/Chi-thi-14-CT-UBND-2022-cao-diem-tan-cong-tran-ap-toi-pham-Tet-Quy-Mao-Son-La-539645.aspx
2025-06-23 09:05:03,899 - INFO - ✅ Đã lấy link: https://thuvienphapluat.vn/van-ban/Linh-vuc-khac/Chi-thi-7473-CT-BNN-TY-2022-tang-cuong-phong-chong-dich-benh-dong-vat-cac-thang-cuoi-nam-538917.aspx
2025-06-23 09:05:03,903 - INFO - ✅ Đã lấy link: https://thuvienphapluat.vn/van-ban/Quyen-dan-su/Chi-thi-06-CT-UBND-2022-goi-cong-dan-nhap-ngu-thuc-hien-nghia-vu-Cong-an-nhan-dan-Phu-Tho-2023-538535.aspx
2025-06-23 09:05:03,907 - INFO - ✅ Đã lấy link: https://thuvienphapluat.vn/van-ban/Tai-nguyen-Moi-truong/Chi-thi-14-CT-UBND-2022-phong-chong-han-xam-nhap-man-chay-rung-Tien-Giang-2023-538449.aspx
2025-06-23 09:05:03,907 - INFO - ➡️ Đang truy cập: https://thuvienphapluat.vn/page/tim-van-ban.aspx?keyword=&area=0&match=True&type=1&status=1&signer=0&sort=1&lan=1&scan=0&org=0&fields=&chlbg=23/06/1945&chlend=23/06/2035&page=71
2025-06-23 09:05:04,556 - INFO - ⏳ Chờ 4.69s giả lập người dùng...
2025-06-23 09:05:11,258 - INFO - 🧭 Tiêu đề trang: Tra cứu Văn Bản Pháp Luật
2025-06-23 09:05:11,273 - INFO - ✅ Đã lấy link: https://thuvienphapluat.vn/van-ban/Dau-tu/Chi-thi-18-CT-UBND-2022-day-nhanh-tien-do-giai-ngan-von-dau-tu-cong-nhung-thang-con-lai-Quang-Binh-538983.aspx
2025-06-23 09:05:11,277 - INFO - ✅ Đã lấy link: https://thuvienphapluat.vn/van-ban/Cong-nghe-thong-tin/Chi-thi-11-CT-UBND-2022-tang-cuong-cong-tac-quan-ly-tan-so-vo-tuyen-dien-Binh-Thuan-538536.aspx
2025-06-23 09:05:11,280 - INFO - ✅ Đã lấy link: https://thuvienphapluat.vn/van-ban/Lao-dong-Tien-luong/Chi-thi-11-CT-UBND-2022-cong-tac-quan-ly-chat-luong-xay-dung-cong-trinh-Dien-Bien-540285.aspx
2025-06-23 09:05:11,284 - INFO - ✅ Đã lấy link: https://thuvienphapluat.vn/van-ban/Cong-nghe-thong-tin/Chi-thi-13-CT-UBND-2022-day-manh-an-toan-va-ung-cuu-su-co-an-toan-thong-tin-mang-Thanh-Hoa-542461.aspx
2025-06-23 09:05:11,288 - INFO - ✅ Đã lấy link: https://thuvienphapluat.vn/van-ban/Bao-hiem/Chi-thi-8-CT-UBND-2022-tang-cuong-cong-tac-quan-ly-nha-nuoc-linh-vuc-lao-dong-Bac-Giang-540369.aspx
2025-06-23 09:05:11,291 - INFO - ✅ Đã lấy link: https://thuvienphapluat.vn/van-ban/Thuong-mai/Chi-thi-09-CT-BCT-2022-tang-cuong-kiem-tra-xu-ly-vi-pham-trong-kinh-doanh-xang-dau-537020.aspx
2025-06-23 09:05:11,295 - INFO - ✅ Đã lấy link: https://thuvienphapluat.vn/van-ban/The-thao-Y-te/Chi-thi-20-CT-UBND-2022-tang-cuong-bien-phap-phong-chong-sot-xuat-huyet-Ha-Noi-537383.aspx
2025-06-23 09:05:11,299 - INFO - ✅ Đã lấy link: https://thuvienphapluat.vn/van-ban/Linh-vuc-khac/Chi-thi-10-CT-UBND-2022-trien-khai-giai-phap-phong-chong-dich-benh-dai-o-dong-vat-Dien-Bien-540411.aspx
2025-06-23 09:05:11,303 - INFO - ✅ Đã lấy link: https://thuvienphapluat.vn/van-ban/Quyen-dan-su/Chi-thi-13-CT-UBND-2022-tuyen-chon-goi-cong-dan-nhap-ngu-Yen-Bai-537068.aspx
2025-06-23 09:05:11,306 - INFO - ✅ Đã lấy link: https://thuvienphapluat.vn/van-ban/Giao-duc/Chi-thi-20-CT-TTg-2022-day-manh-hoat-dong-thu-vien-xay-dung-phat-trien-ky-nang-doc-cho-thieu-nhi-536040.aspx
2025-06-23 09:05:11,310 - INFO - ✅ Đã lấy link: https://thuvienphapluat.vn/van-ban/Dau-tu/Chi-thi-06-CT-UBND-2023-day-nhanh-tien-do-giai-ngan-von-dau-tu-cong-Binh-Phuoc-570325.aspx
2025-06-23 09:05:11,314 - INFO - ✅ Đã lấy link: https://thuvienphapluat.vn/van-ban/Xay-dung-Do-thi/Chi-thi-19-CT-UBND-2022-thuc-hien-quy-dinh-khu-dan-cu-dat-tieu-chuan-An-toanan-ninh-trat-tu-Ha-Noi-612193.aspx
2025-06-23 09:05:11,318 - INFO - ✅ Đã lấy link: https://thuvienphapluat.vn/van-ban/Bo-may-hanh-chinh/Chi-thi-18-CT-TW-2022-nang-cao-chat-luong-giam-sat-Mat-tran-To-quoc-va-cac-to-chuc-chinh-tri-xa-hoi-536991.aspx
2025-06-23 09:05:11,321 - INFO - ✅ Đã lấy link: https://thuvienphapluat.vn/van-ban/Quyen-dan-su/Chi-thi-17-CT-UBND-2022-tuyen-chon-goi-cong-dan-nhap-ngu-thuc-hien-nghia-vu-cong-an-Quang-Binh-2023-535697.aspx
2025-06-23 09:05:11,325 - INFO - ✅ Đã lấy link: https://thuvienphapluat.vn/van-ban/Tai-nguyen-Moi-truong/Chi-thi-11-CT-UBND-2022-tang-cuong-quan-ly-nha-nuoc-khoang-san-An-Giang-537582.aspx
2025-06-23 09:05:11,329 - INFO - ✅ Đã lấy link: https://thuvienphapluat.vn/van-ban/The-thao-Y-te/Chi-thi-17-CT-TW-2022-tang-cuong-bao-dam-an-toan-thuc-pham-trong-tinh-hinh-moi-536233.aspx
2025-06-23 09:05:11,332 - INFO - ✅ Đã lấy link: https://thuvienphapluat.vn/van-ban/Bo-may-hanh-chinh/Chi-thi-24-CT-UBND-2022-tang-cuong-quan-ly-van-thu-luu-tru-va-luu-tru-dien-tu-Vinh-Phuc-2022-2025-537384.aspx
2025-06-23 09:05:11,336 - INFO - ✅ Đã lấy link: https://thuvienphapluat.vn/van-ban/Giao-duc/Chi-thi-11-CT-UBND-2022-thuc-hien-nhiem-vu-trong-tam-nam-hoc-2022-2023-Vung-Tau-537379.aspx
2025-06-23 09:05:11,340 - INFO - ✅ Đã lấy link: https://thuvienphapluat.vn/van-ban/The-thao-Y-te/Chi-thi-10-CT-UBND-2022-nang-cao-cong-tac-cham-soc-suc-khoe-Nhan-dan-Thua-Thien-Hue-535612.aspx
2025-06-23 09:05:11,344 - INFO - ✅ Đã lấy link: https://thuvienphapluat.vn/van-ban/Lao-dong-Tien-luong/Chi-thi-06-CT-UBND-2022-chan-chinh-cong-tac-an-toan-ve-sinh-lao-dong-kinh-doanh-than-Quang-Ninh-536387.aspx
2025-06-23 09:05:11,344 - INFO - ➡️ Đang truy cập: https://thuvienphapluat.vn/page/tim-van-ban.aspx?keyword=&area=0&match=True&type=1&status=1&signer=0&sort=1&lan=1&scan=0&org=0&fields=&chlbg=23/06/1945&chlend=23/06/2035&page=72
2025-06-23 09:05:11,956 - INFO - ⏳ Chờ 5.44s giả lập người dùng...
2025-06-23 09:05:19,404 - INFO - 🧭 Tiêu đề trang: Tra cứu Văn Bản Pháp Luật
2025-06-23 09:05:19,419 - INFO - ✅ Đã lấy link: https://thuvienphapluat.vn/van-ban/Lao-dong-Tien-luong/Chi-thi-26-CT-UBND-2022-trien-khai-nhiem-vu-giao-duc-va-giao-duc-nghe-nghiep-Nghe-An-2022-2023-535065.aspx
2025-06-23 09:05:19,423 - INFO - ✅ Đã lấy link: https://thuvienphapluat.vn/van-ban/Dau-tu/Chi-thi-13-CT-UBND-2022-tang-cuong-thuc-hien-ke-hoach-dau-tu-cong-Ho-Chi-Minh-2021-2025-542270.aspx
2025-06-23 09:05:19,427 - INFO - ✅ Đã lấy link: https://thuvienphapluat.vn/van-ban/Thuong-mai/Chi-thi-15-CT-UBND-2022-tang-cuong-quan-ly-hoat-dong-quang-cao-Binh-Dinh-534859.aspx
2025-06-23 09:05:19,430 - INFO - ✅ Đã lấy link: https://thuvienphapluat.vn/van-ban/Thu-tuc-To-tung/Chi-thi-05-CT-VKSTC-2022-nang-cao-chat-luong-kiem-sat-giai-quyet-vu-an-hanh-chinh-vu-viec-dan-su-532911.aspx
2025-06-23 09:05:19,434 - INFO - ✅ Đã lấy link: https://thuvienphapluat.vn/van-ban/Lao-dong-Tien-luong/Chi-thi-18-CT-UBND-2022-quan-ly-an-toan-lao-dong-trong-thi-cong-xay-dung-Vinh-Long-533164.aspx
2025-06-23 09:05:19,438 - INFO - ✅ Đã lấy link: https://thuvienphapluat.vn/van-ban/Tai-chinh-nha-nuoc/Chi-thi-19-CT-TTg-2022-day-nhanh-giai-ngan-von-dau-tu-cong-thuc-hien-Chuong-trinh-quoc-gia-532680.aspx
2025-06-23 09:05:19,442 - INFO - ✅ Đã lấy link: https://thuvienphapluat.vn/van-ban/Quyen-dan-su/Chi-thi-12-CT-UBND-2022-tuyen-chon-va-goi-cong-dan-nhap-ngu-Thanh-Hoa-2023-540555.aspx
2025-06-23 09:05:19,446 - INFO - ✅ Đã lấy link: https://thuvienphapluat.vn/van-ban/Quyen-dan-su/Chi-thi-18-CT-UBND-2022-goi-cong-dan-nhap-ngu-va-tham-gia-Cong-an-nhan-dan-Ha-Noi-2023-532581.aspx
2025-06-23 09:05:19,450 - INFO - ✅ Đã lấy link: https://thuvienphapluat.vn/van-ban/Cong-nghe-thong-tin/Chi-thi-18-CT-TTg-2022-day-manh-hoat-dong-ung-cuu-su-co-an-toan-thong-tin-mang-532175.aspx
2025-06-23 09:05:19,453 - INFO - ✅ Đã lấy link: https://thuvienphapluat.vn/van-ban/Bat-dong-san/Chi-thi-16-CT-UBND-2022-thuc-day-thi-truong-bat-dong-san-phat-trien-an-toan-Quang-Binh-532489.aspx
2025-06-23 09:05:19,457 - INFO - ✅ Đã lấy link: https://thuvienphapluat.vn/van-ban/Cong-nghe-thong-tin/Chi-thi-10-CT-UBND-2022-day-manh-thuc-hien-De-an-phat-trien-ung-dung-du-lieu-dan-cu-Vung-Tau-540364.aspx
2025-06-23 09:05:19,461 - INFO - ✅ Đã lấy link: https://thuvienphapluat.vn/van-ban/The-thao-Y-te/Chi-thi-14-CT-UBND-2022-nang-cao-cham-soc-suc-khoe-nhan-dan-phat-trien-ben-vung-Ninh-Thuan-532089.aspx
2025-06-23 09:05:19,465 - INFO - ✅ Đã lấy link: https://thuvienphapluat.vn/van-ban/Tai-nguyen-Moi-truong/Chi-thi-23-CT-UBND-2022-tang-cuong-quan-ly-cung-cap-nuoc-sach-cho-khu-vuc-do-thi-Vinh-Phuc-533474.aspx
2025-06-23 09:05:19,469 - INFO - ✅ Đã lấy link: https://thuvienphapluat.vn/van-ban/Giao-duc/Chi-thi-15-CT-UBND-2022-dieu-kien-bao-dam-hieu-qua-chat-luong-giao-duc-mam-non-Phu-Yen-532578.aspx
2025-06-23 09:05:19,473 - INFO - ✅ Đã lấy link: https://thuvienphapluat.vn/van-ban/Dau-tu/Chi-thi-11-CT-UBND-2022-giai-phap-thuc-day-giai-ngan-von-dau-tu-cong-thang-cuoi-nam-Thanh-Hoa-540554.aspx
2025-06-23 09:05:19,476 - INFO - ✅ Đã lấy link: https://thuvienphapluat.vn/van-ban/Thue-Phi-Le-Phi/Chi-thi-17-CT-UBND-2022-trien-khai-ung-dung-thue-dien-tu-ho-tro-cho-nguoi-nop-thue-Vinh-Long-531566.aspx
2025-06-23 09:05:19,480 - INFO - ✅ Đã lấy link: https://thuvienphapluat.vn/van-ban/Dau-tu/Chi-thi-17-CT-TTg-2022-hoan-thien-thu-tuc-du-an-du-kien-bo-tri-ke-hoach-dau-tu-cong-trung-han-531340.aspx
2025-06-23 09:05:19,484 - INFO - ✅ Đã lấy link: https://thuvienphapluat.vn/van-ban/Bo-may-hanh-chinh/Chi-thi-13-CT-UBND-2022-tang-cuong-trach-nhiem-thuc-thi-cong-vu-can-bo-cong-chuc-Dak-Nong-531265.aspx
2025-06-23 09:05:19,488 - INFO - ✅ Đã lấy link: https://thuvienphapluat.vn/van-ban/Tai-nguyen-Moi-truong/Chi-thi-14-CT-UBND-2022-tang-cuong-quan-ly-an-toan-dap-ho-chua-thuy-loi-Hai-Duong-531565.aspx
2025-06-23 09:05:19,491 - INFO - ✅ Đã lấy link: https://thuvienphapluat.vn/van-ban/Tai-nguyen-Moi-truong/Chi-thi-12-CT-UBND-2022-tang-cuong-quan-ly-bao-ve-va-phong-chua-chay-rung-mua-kho-Lai-Chau-531863.aspx
2025-06-23 09:05:19,491 - INFO - ➡️ Đang truy cập: https://thuvienphapluat.vn/page/tim-van-ban.aspx?keyword=&area=0&match=True&type=1&status=1&signer=0&sort=1&lan=1&scan=0&org=0&fields=&chlbg=23/06/1945&chlend=23/06/2035&page=73
2025-06-23 09:05:19,989 - INFO - ⏳ Chờ 3.35s giả lập người dùng...
2025-06-23 09:05:25,348 - INFO - 🧭 Tiêu đề trang: Tra cứu Văn Bản Pháp Luật
2025-06-23 09:05:25,364 - INFO - ✅ Đã lấy link: https://thuvienphapluat.vn/van-ban/Linh-vuc-khac/Chi-thi-06-CT-UBND-2022-tang-cuong-cong-tac-quan-ly-vat-tu-nong-nghiep-Lam-Dong-531996.aspx
2025-06-23 09:05:25,368 - INFO - ✅ Đã lấy link: https://thuvienphapluat.vn/van-ban/Xay-dung-Do-thi/Chi-thi-12-CT-UBND-2022-san-xuat-vat-lieu-xay-khong-nung-thay-the-gach-dat-set-nung-Dak-Lak-531358.aspx
2025-06-23 09:05:25,371 - INFO - ✅ Đã lấy link: https://thuvienphapluat.vn/van-ban/Linh-vuc-khac/Chi-thi-24-CT-UBND-2022-trien-khai-giai-phap-phong-chong-benh-Dai-o-dong-vat-Nghe-An-532100.aspx
2025-06-23 09:05:25,375 - INFO - ✅ Đã lấy link: https://thuvienphapluat.vn/van-ban/Tai-nguyen-Moi-truong/Chi-thi-23-CT-UBND-2022-to-chuc-ra-quan-lam-thuy-loi-nong-thon-moi-phong-chong-han-han-Nghe-An-531089.aspx
2025-06-23 09:05:25,379 - INFO - ✅ Đã lấy link: https://thuvienphapluat.vn/van-ban/Xay-dung-Do-thi/Chi-thi-15-CT-UBND-2022-tang-cuong-cong-tac-phong-chay-chua-chay-va-cuu-nan-cuu-ho-Quang-Binh-551526.aspx
2025-06-23 09:05:25,383 - INFO - ✅ Đã lấy link: https://thuvienphapluat.vn/van-ban/Trach-nhiem-hinh-su/Chi-thi-12-CT-UBND-2022-tang-cuong-phong-ngua-toi-pham-tuoi-thanh-thieu-nien-Hung-Yen-546341.aspx
2025-06-23 09:05:25,387 - INFO - ✅ Đã lấy link: https://thuvienphapluat.vn/van-ban/Bat-dong-san/Chi-thi-14-CT-UBND-2022-tang-cuong-quan-ly-thi-truong-bat-dong-san-phat-trien-an-toan-Phu-Yen-531334.aspx
2025-06-23 09:05:25,390 - INFO - ✅ Đã lấy link: https://thuvienphapluat.vn/van-ban/Giao-thong-Van-tai/Chi-thi-07-CT-UBND-2022-tang-cuong-giai-phap-giam-tai-nan-giao-thong-Can-Tho-530956.aspx
2025-06-23 09:05:25,394 - INFO - ✅ Đã lấy link: https://thuvienphapluat.vn/van-ban/Bo-may-hanh-chinh/Chi-thi-06-CT-UBND-2022-tang-cuong-cong-tac-quan-ly-dao-tao-boi-duong-can-bo-Can-Tho-530869.aspx
2025-06-23 09:05:25,398 - INFO - ✅ Đã lấy link: https://thuvienphapluat.vn/van-ban/Giao-thong-Van-tai/Chi-thi-13-CT-UBND-2022-tang-cuong-bien-phap-bao-dam-an-toan-giao-thong-Hai-Duong-530899.aspx
2025-06-23 09:05:25,402 - INFO - ✅ Đã lấy link: https://thuvienphapluat.vn/van-ban/Linh-vuc-khac/Chi-thi-11-CT-UBND-2022-trien-khai-giai-phap-phong-chong-benh-dai-dong-vat-Dak-Lak-531564.aspx
2025-06-23 09:05:25,405 - INFO - ✅ Đã lấy link: https://thuvienphapluat.vn/van-ban/Van-hoa-Xa-hoi/Chi-thi-274-CT-BVHTTDL-2022-tang-cuong-quan-ly-hoat-dong-van-hoa-nghe-thuat-le-hoi-530640.aspx
2025-06-23 09:05:25,409 - INFO - ✅ Đã lấy link: https://thuvienphapluat.vn/van-ban/Thuong-mai/Chi-thi-05-CT-UBND-2022-giai-phap-trong-tam-phat-trien-kinh-te-xa-hoi-thang-cuoi-nam-Lam-Dong-531161.aspx
2025-06-23 09:05:25,412 - INFO - ✅ Đã lấy link: https://thuvienphapluat.vn/van-ban/Tai-chinh-nha-nuoc/Chi-thi-14-CT-UBND-2022-tang-cuong-quan-ly-hoat-dong-dau-gia-tai-san-Quang-Binh-531256.aspx
2025-06-23 09:05:25,416 - INFO - ✅ Đã lấy link: https://thuvienphapluat.vn/van-ban/The-thao-Y-te/Chi-thi-13-CT-UBND-2022-tang-cuong-cong-tac-phong-chong-dich-benh-sot-xuat-huyet-Ninh-Thuan-530577.aspx
2025-06-23 09:05:25,420 - INFO - ✅ Đã lấy link: https://thuvienphapluat.vn/van-ban/Bo-may-hanh-chinh/Chi-thi-08-CT-UBND-2022-tang-cuong-cong-tac-thong-ke-nha-nuoc-Dong-Thap-530895.aspx
2025-06-23 09:05:25,424 - INFO - ✅ Đã lấy link: https://thuvienphapluat.vn/van-ban/Quyen-dan-su/Chi-thi-22-CT-UBND-2022-tuyen-chon-goi-cong-dan-nhap-ngu-quan-doi-Nam-Dinh-2023-530283.aspx
2025-06-23 09:05:25,428 - INFO - ✅ Đã lấy link: https://thuvienphapluat.vn/van-ban/Lao-dong-Tien-luong/Chi-thi-7-CT-UBND-2022-tang-cuong-quan-ly-chat-luong-an-toan-lao-dong-thi-cong-Bac-Giang-530105.aspx
2025-06-23 09:05:25,432 - INFO - ✅ Đã lấy link: https://thuvienphapluat.vn/van-ban/Giao-thong-Van-tai/Chi-thi-19-CT-UBND-2022-chan-chinh-cong-tac-bao-dam-trat-tu-an-toan-giao-thong-Nghe-An-530413.aspx
2025-06-23 09:05:25,436 - INFO - ✅ Đã lấy link: https://thuvienphapluat.vn/van-ban/The-thao-Y-te/Chi-thi-16-CT-TTg-2022-nang-cao-cong-tac-cham-soc-suc-khoe-Nhan-dan-thich-ung-linh-hoat-530043.aspx
2025-06-23 09:05:25,436 - INFO - ➡️ Đang truy cập: https://thuvienphapluat.vn/page/tim-van-ban.aspx?keyword=&area=0&match=True&type=1&status=1&signer=0&sort=1&lan=1&scan=0&org=0&fields=&chlbg=23/06/1945&chlend=23/06/2035&page=74
2025-06-23 09:05:25,953 - INFO - ⏳ Chờ 5.69s giả lập người dùng...
2025-06-23 09:05:33,655 - INFO - 🧭 Tiêu đề trang: Tra cứu Văn Bản Pháp Luật
2025-06-23 09:05:33,671 - INFO - ✅ Đã lấy link: https://thuvienphapluat.vn/van-ban/Dau-tu/Chi-thi-11-CT-UBND-2022-chan-chinh-cong-tac-dau-thau-du-an-su-dung-ngan-sach-Binh-Duong-530334.aspx
2025-06-23 09:05:33,674 - INFO - ✅ Đã lấy link: https://thuvienphapluat.vn/van-ban/Quyen-dan-su/Chi-thi-06-CT-UBND-2022-tuyen-chon-cong-dan-nhap-ngu-tham-gia-cong-an-nhan-dan-Bac-Kan-2023-529917.aspx
2025-06-23 09:05:33,678 - INFO - ✅ Đã lấy link: https://thuvienphapluat.vn/van-ban/Quyen-dan-su/Chi-thi-09-CT-UBND-2022-tuyen-chon-goi-cong-dan-phuc-vu-tai-ngu-Quan-doi-Thua-Thien-Hue-2023-530693.aspx
2025-06-23 09:05:33,682 - INFO - ✅ Đã lấy link: https://thuvienphapluat.vn/van-ban/Bo-may-hanh-chinh/Chi-thi-12-CT-UBND-2022-tang-cuong-cong-tac-thong-ke-Nha-nuoc-Ho-Chi-Minh-543913.aspx
2025-06-23 09:05:33,685 - INFO - ✅ Đã lấy link: https://thuvienphapluat.vn/van-ban/Giao-duc/Chi-thi-13-CT-UBND-2022-bao-dam-chat-luong-giao-duc-mam-non-pho-thong-Quang-Nam-530504.aspx
2025-06-23 09:05:33,689 - INFO - ✅ Đã lấy link: https://thuvienphapluat.vn/van-ban/Thuong-mai/Chi-thi-15-CT-TTg-2022-giai-phap-trong-tam-giu-vung-on-dinh-kinh-te-vi-mo-kiem-soat-lam-phat-529825.aspx
2025-06-23 09:05:33,692 - INFO - ✅ Đã lấy link: https://thuvienphapluat.vn/van-ban/Giao-thong-Van-tai/Chi-thi-12-CT-UBND-2022-tang-cuong-bien-phap-bao-dam-trat-tu-an-toan-giao-thong-Thai-Binh-566798.aspx
2025-06-23 09:05:33,696 - INFO - ✅ Đã lấy link: https://thuvienphapluat.vn/van-ban/Bat-dong-san/Chi-thi-09-CT-UBND-2022-tang-cuong-cong-tac-quan-ly-su-dung-dat-ven-bien-Quang-Ngai-529827.aspx
2025-06-23 09:05:33,700 - INFO - ✅ Đã lấy link: https://thuvienphapluat.vn/van-ban/Giao-duc/Chi-thi-11-CT-UBND-2022-thuc-hien-nhiem-vu-trong-tam-nam-hoc-2022-2023-Ho-Chi-Minh-529703.aspx
2025-06-23 09:05:33,703 - INFO - ✅ Đã lấy link: https://thuvienphapluat.vn/van-ban/Giao-duc/Chi-thi-05-CT-UBND-2022-thuc-hien-nhiem-vu-trong-tam-nam-hoc-2022-2023-Bac-Kan-529916.aspx
2025-06-23 09:05:33,707 - INFO - ✅ Đã lấy link: https://thuvienphapluat.vn/van-ban/Van-hoa-Xa-hoi/Chi-thi-12-CT-UBND-2022-tang-cuong-quan-ly-gia-tri-di-tich-lich-su-van-hoa-Phu-Yen-529644.aspx
2025-06-23 09:05:33,711 - INFO - ✅ Đã lấy link: https://thuvienphapluat.vn/van-ban/Giao-duc/Chi-thi-10-CT-UBND-2022-thuc-hien-nhiem-vu-trong-tam-nam-hoc-2022-2023-Dak-Lak-529737.aspx
2025-06-23 09:05:33,714 - INFO - ✅ Đã lấy link: https://thuvienphapluat.vn/van-ban/Bo-may-hanh-chinh/Chi-thi-14-CT-UBND-2022-tang-cuong-cong-tac-thong-ke-trong-co-quan-don-vi-Cao-Bang-532221.aspx
2025-06-23 09:05:33,718 - INFO - ✅ Đã lấy link: https://thuvienphapluat.vn/van-ban/Bo-may-hanh-chinh/Chi-thi-11-CT-UBND-2022-tang-cuong-cong-tac-tiep-cong-dan-giai-quyet-khieu-nai-to-cao-Dak-Nong-529659.aspx
2025-06-23 09:05:33,722 - INFO - ✅ Đã lấy link: https://thuvienphapluat.vn/van-ban/Van-hoa-Xa-hoi/Chi-thi-13-CT-UBND-2022-tang-cuong-quan-ly-hoat-dong-bao-chi-cong-tac-phat-ngon-Cao-Bang-532228.aspx
2025-06-23 09:05:33,725 - INFO - ✅ Đã lấy link: https://thuvienphapluat.vn/van-ban/Giao-duc/Chi-thi-17-CT-UBND-2022-thuc-hien-nhiem-vu-trong-tam-nam-hoc-2022-2023-Ha-Noi-529180.aspx
2025-06-23 09:05:33,729 - INFO - ✅ Đã lấy link: https://thuvienphapluat.vn/van-ban/Giao-duc/Chi-thi-16-CT-UBND-2022-tang-cuong-cong-tac-xay-dung-van-hoa-hoc-duong-Ha-Noi-529149.aspx
2025-06-23 09:05:33,733 - INFO - ✅ Đã lấy link: https://thuvienphapluat.vn/van-ban/Van-hoa-Xa-hoi/Chi-thi-13-CT-UBND-2022-nhiem-vu-nang-cao-chat-luong-du-lich-Lao-Cai-529341.aspx
2025-06-23 09:05:33,737 - INFO - ✅ Đã lấy link: https://thuvienphapluat.vn/van-ban/Giao-duc/Chi-thi-13-CT-UBND-2022-thuc-hien-nhiem-vu-trong-tam-nam-hoc-2022-2023-Tien-Giang-528954.aspx
2025-06-23 09:05:33,740 - INFO - ✅ Đã lấy link: https://thuvienphapluat.vn/van-ban/Linh-vuc-khac/Chi-thi-5804-CT-BNN-TY-2022-trien-khai-giai-phap-phong-chong-benh-Dai-dong-vat-528466.aspx
2025-06-23 09:05:33,740 - INFO - ➡️ Đang truy cập: https://thuvienphapluat.vn/page/tim-van-ban.aspx?keyword=&area=0&match=True&type=1&status=1&signer=0&sort=1&lan=1&scan=0&org=0&fields=&chlbg=23/06/1945&chlend=23/06/2035&page=75
2025-06-23 09:05:34,275 - INFO - ⏳ Chờ 4.93s giả lập người dùng...
2025-06-23 09:05:41,212 - INFO - 🧭 Tiêu đề trang: Tra cứu Văn Bản Pháp Luật
2025-06-23 09:05:41,227 - INFO - ✅ Đã lấy link: https://thuvienphapluat.vn/van-ban/Giao-duc/Chi-thi-04-CT-UBND-2022-thuc-hien-nhiem-vu-trong-tam-nam-hoc-2022-2023-Lam-Dong-529340.aspx
2025-06-23 09:05:41,230 - INFO - ✅ Đã lấy link: https://thuvienphapluat.vn/van-ban/Tai-nguyen-Moi-truong/Chi-thi-15-CT-UBND-2022-tang-cuong-quan-ly-khai-thac-kinh-doanh-khoang-san-Ha-Noi-528453.aspx
2025-06-23 09:05:41,234 - INFO - ✅ Đã lấy link: https://thuvienphapluat.vn/van-ban/Giao-duc/Chi-thi-05-CT-UBND-2022-thuc-hien-nhiem-vu-nam-hoc-2022-2023-Can-Tho-528313.aspx
2025-06-23 09:05:41,237 - INFO - ✅ Đã lấy link: https://thuvienphapluat.vn/van-ban/The-thao-Y-te/Chi-thi-05-CT-BYT-2022-tang-cuong-phap-che-nganh-y-te-528382.aspx
2025-06-23 09:05:41,241 - INFO - ✅ Đã lấy link: https://thuvienphapluat.vn/van-ban/Chung-khoan/Chi-thi-2-CT-BTC-2022-tang-cuong-quan-ly-dam-bao-an-toan-on-dinh-thi-truong-chung-khoan-530745.aspx
2025-06-23 09:05:41,245 - INFO - ✅ Đã lấy link: https://thuvienphapluat.vn/van-ban/Giao-duc/Chi-thi-03-CT-UBND-2022-thuc-hien-nhiem-vu-trong-tam-nam-hoc-2022-2023-Tuyen-Quang-528873.aspx
2025-06-23 09:05:41,249 - INFO - ✅ Đã lấy link: https://thuvienphapluat.vn/van-ban/Giao-duc/Chi-thi-05-CT-UBND-2022-thuc-hien-nhiem-vu-trong-tam-nam-hoc-2022-2023-Bac-Ninh-529215.aspx
2025-06-23 09:05:41,252 - INFO - ✅ Đã lấy link: https://thuvienphapluat.vn/van-ban/Giao-duc/Chi-thi-02-CT-UBND-2022-thuc-hien-nhiem-vu-nam-hoc-2022-2023-Bac-Lieu-529623.aspx
2025-06-23 09:05:41,256 - INFO - ✅ Đã lấy link: https://thuvienphapluat.vn/van-ban/Tai-chinh-nha-nuoc/Chi-thi-10-CT-UBND-2022-nhiem-vu-quan-ly-su-dung-tai-san-cong-Ho-Chi-Minh-529461.aspx
2025-06-23 09:05:41,259 - INFO - ✅ Đã lấy link: https://thuvienphapluat.vn/van-ban/Giao-duc/Chi-thi-12-CT-UBND-2022-thuc-hien-nhiem-vu-trong-tam-nam-hoc-2022-2023-Yen-Bai-528951.aspx
2025-06-23 09:05:41,263 - INFO - ✅ Đã lấy link: https://thuvienphapluat.vn/van-ban/Tai-nguyen-Moi-truong/Chi-thi-08-CT-UBND-2022-tang-cuong-cong-tac-quan-ly-chat-thai-ran-Quang-Ngai-529122.aspx
2025-06-23 09:05:41,266 - INFO - ✅ Đã lấy link: https://thuvienphapluat.vn/van-ban/Bo-may-hanh-chinh/Chi-thi-09-CT-UBND-2022-tang-cuong-cong-tac-thong-ke-Ba-Ria-Vung-Tau-529643.aspx
2025-06-23 09:05:41,270 - INFO - ✅ Đã lấy link: https://thuvienphapluat.vn/van-ban/Giao-duc/Chi-thi-14-CT-TTg-2022-dieu-kien-bao-dam-thuc-hien-hieu-qua-chat-luong-giao-duc-mam-non-528236.aspx
2025-06-23 09:05:41,274 - INFO - ✅ Đã lấy link: https://thuvienphapluat.vn/van-ban/Giao-duc/Chi-thi-03-CT-UBND-2022-thuc-hien-nhiem-vu-trong-tam-nam-hoc-2022-2023-Ben-Tre-529339.aspx
2025-06-23 09:05:41,278 - INFO - ✅ Đã lấy link: https://thuvienphapluat.vn/van-ban/Giao-duc/Chi-thi-11-CT-CTUBND-2022-nhiem-vu-trong-tam-nganh-giao-duc-Hung-Yen-2022-2023-535790.aspx
2025-06-23 09:05:41,281 - INFO - ✅ Đã lấy link: https://thuvienphapluat.vn/van-ban/Dau-tu/Chi-thi-08-CT-UBND-2022-tang-cuong-giai-ngan-ke-hoach-dau-tu-cong-Vung-Tau-529727.aspx
2025-06-23 09:05:41,285 - INFO - ✅ Đã lấy link: https://thuvienphapluat.vn/van-ban/Giao-duc/Chi-thi-12-CT-UBND-2022-thuc-hien-nhiem-vu-trong-tam-nam-hoc-2022-2023-Ninh-Thuan-528452.aspx
2025-06-23 09:05:41,288 - INFO - ✅ Đã lấy link: https://thuvienphapluat.vn/van-ban/Linh-vuc-khac/Chi-thi-10-CT-UBND-2022-tang-cuong-quan-ly-hoat-dong-kinh-doanh-giong-cay-trong-Dak-Nong-529124.aspx
2025-06-23 09:05:41,292 - INFO - ✅ Đã lấy link: https://thuvienphapluat.vn/van-ban/Linh-vuc-khac/Chi-thi-09-CT-UBND-2022-tang-cuong-quan-ly-kinh-doanh-phan-bon-thuoc-bao-ve-thuc-vat-Dak-Nong-529123.aspx
2025-06-23 09:05:41,296 - INFO - ✅ Đã lấy link: https://thuvienphapluat.vn/van-ban/Thu-tuc-To-tung/Chi-thi-04-CT-UBND-2022-tang-cuong-nang-luc-hoat-dong-giam-dinh-tu-phap-Bac-Kan-531950.aspx
2025-06-23 09:05:41,296 - INFO - ➡️ Đang truy cập: https://thuvienphapluat.vn/page/tim-van-ban.aspx?keyword=&area=0&match=True&type=1&status=1&signer=0&sort=1&lan=1&scan=0&org=0&fields=&chlbg=23/06/1945&chlend=23/06/2035&page=76
2025-06-23 09:05:41,872 - INFO - ⏳ Chờ 5.49s giả lập người dùng...
2025-06-23 09:05:49,370 - INFO - 🧭 Tiêu đề trang: Tra cứu Văn Bản Pháp Luật
2025-06-23 09:05:49,385 - INFO - ✅ Đã lấy link: https://thuvienphapluat.vn/van-ban/Giao-duc/Chi-thi-12-CT-UBND-2022-nhiem-vu-trong-tam-nam-hoc-2022-2023-Hai-Duong-528043.aspx
2025-06-23 09:05:49,389 - INFO - ✅ Đã lấy link: https://thuvienphapluat.vn/van-ban/Giao-duc/Chi-thi-12-CT-UBND-2022-thuc-hien-nhiem-vu-trong-tam-nam-hoc-nganh-giao-duc-Dong-Nai-529056.aspx
2025-06-23 09:05:49,393 - INFO - ✅ Đã lấy link: https://thuvienphapluat.vn/van-ban/Bat-dong-san/Chi-thi-13-CT-TT-2022-giai-phap-thuc-day-thi-truong-bat-dong-san-phat-trien-an-toan-lanh-manh-527903.aspx
2025-06-23 09:05:49,396 - INFO - ✅ Đã lấy link: https://thuvienphapluat.vn/van-ban/Giao-duc/Chi-thi-6-CT-UBND-2022-trien-khai-nhiem-vu-giao-duc-nam-hoc-2022-2023-Bac-Giang-527842.aspx
2025-06-23 09:05:49,400 - INFO - ✅ Đã lấy link: https://thuvienphapluat.vn/van-ban/Cong-nghe-thong-tin/Chi-thi-so-17-CT-TU-2022-day-manh-chuyen-doi-so-Thanh-pho-Ho-Chi-Minh-541060.aspx
2025-06-23 09:05:49,404 - INFO - ✅ Đã lấy link: https://thuvienphapluat.vn/van-ban/Giao-duc/Chi-thi-13-CT-UBND-2022-thuc-hien-nhiem-vu-trong-tam-nam-hoc-2022-2023-Quang-Binh-529179.aspx
2025-06-23 09:05:49,408 - INFO - ✅ Đã lấy link: https://thuvienphapluat.vn/van-ban/Giao-duc/Chi-thi-12-CT-UBND-2022-thuc-hien-nhiem-vu-nam-hoc-2022-2023-Son-La-528748.aspx
2025-06-23 09:05:49,412 - INFO - ✅ Đã lấy link: https://thuvienphapluat.vn/van-ban/Giao-duc/Chi-thi-11-CT-UBND-2022-thuc-hien-nhiem-vu-trong-tam-nam-hoc-2022-2023-Lai-Chau-528511.aspx
2025-06-23 09:05:49,415 - INFO - ✅ Đã lấy link: https://thuvienphapluat.vn/van-ban/Giao-duc/Chi-thi-17-CT-UBND-2022-thuc-hien-nhiem-vu-trong-tam-nam-hoc-2022-2023-Khanh-Hoa-528504.aspx
2025-06-23 09:05:49,419 - INFO - ✅ Đã lấy link: https://thuvienphapluat.vn/van-ban/Bat-dong-san/Chi-thi-14-CT-UBND-2022-xu-ly-vi-pham-cong-trinh-chua-nghiem-thu-phong-chua-chay-Ha-Noi-527728.aspx
2025-06-23 09:05:49,422 - INFO - ✅ Đã lấy link: https://thuvienphapluat.vn/van-ban/Tai-nguyen-Moi-truong/Chi-thi-10-CT-UBND-2022-tang-cuong-quan-ly-khoang-san-va-bao-ve-moi-truong-Thanh-Hoa-527583.aspx
2025-06-23 09:05:49,426 - INFO - ✅ Đã lấy link: https://thuvienphapluat.vn/van-ban/Giao-thong-Van-tai/Chi-thi-16-CT-UBND-2022-tang-cuong-quan-ly-tau-ca-Nghe-An-528484.aspx
2025-06-23 09:05:49,430 - INFO - ✅ Đã lấy link: https://thuvienphapluat.vn/van-ban/Giao-duc/Chi-thi-12-CT-UBND-2022-nhiem-vu-trong-tam-nam-hoc-2022-2023-Quang-Nam-527363.aspx
2025-06-23 09:05:49,433 - INFO - ✅ Đã lấy link: https://thuvienphapluat.vn/van-ban/Giao-duc/Chi-thi-12-CT-UBND-2022-nhiem-vu-trong-tam-nam-hoc-2022-2023-Lao-Cai-528521.aspx
2025-06-23 09:05:49,437 - INFO - ✅ Đã lấy link: https://thuvienphapluat.vn/van-ban/Thuong-mai/Chi-thi-13-CT-UBND-2022-nang-cao-chi-so-nang-luc-canh-tranh-cap-tinh-Ha-Noi-527459.aspx
2025-06-23 09:05:49,440 - INFO - ✅ Đã lấy link: https://thuvienphapluat.vn/van-ban/Giao-duc/Chi-thi-09-CT-UBND-2022-nhiem-vu-trong-tam-nam-hoc-2022-2023-Dien-Bien-528745.aspx
2025-06-23 09:05:49,444 - INFO - ✅ Đã lấy link: https://thuvienphapluat.vn/van-ban/Bo-may-hanh-chinh/Chi-thi-05-CT-UBND-2022-tang-cuong-cong-tac-thong-ke-Ha-Nam-528481.aspx
2025-06-23 09:05:49,449 - INFO - ✅ Đã lấy link: https://thuvienphapluat.vn/van-ban/Bat-dong-san/Chi-thi-11-CT-UBND-2022-chan-chinh-cong-tac-quan-ly-dat-dai-Thai-Binh-527250.aspx
2025-06-23 09:05:49,453 - INFO - ✅ Đã lấy link: https://thuvienphapluat.vn/van-ban/Giao-duc/Chi-thi-1112-CT-BGDDT-2022-thuc-hien-nhiem-vu-trong-tam-nam-hoc-2022-2023-526612.aspx
2025-06-23 09:05:49,457 - INFO - ✅ Đã lấy link: https://thuvienphapluat.vn/van-ban/Giao-thong-Van-tai/Chi-thi-10-CT-UBND-2022-tang-cuong-cong-tac-quan-ly-tau-ca-ung-pho-su-co-Binh-Thuan-527636.aspx
2025-06-23 09:05:49,457 - INFO - ➡️ Đang truy cập: https://thuvienphapluat.vn/page/tim-van-ban.aspx?keyword=&area=0&match=True&type=1&status=1&signer=0&sort=1&lan=1&scan=0&org=0&fields=&chlbg=23/06/1945&chlend=23/06/2035&page=77
2025-06-23 09:05:50,030 - INFO - ⏳ Chờ 4.06s giả lập người dùng...
2025-06-23 09:05:56,101 - INFO - 🧭 Tiêu đề trang: Tra cứu Văn Bản Pháp Luật
2025-06-23 09:05:56,115 - INFO - ✅ Đã lấy link: https://thuvienphapluat.vn/van-ban/Bo-may-hanh-chinh/Chi-thi-03-CT-UBND-2022-tang-cuong-cong-tac-thong-ke-Nha-nuoc-Bac-Kan-527276.aspx
2025-06-23 09:05:56,119 - INFO - ✅ Đã lấy link: https://thuvienphapluat.vn/van-ban/Thuong-mai/Chi-thi-15-CT-UBND-2022-ke-hoach-phat-trien-kinh-te-xa-hoi-du-toan-ngan-sach-Nghe-An-2023-527701.aspx
2025-06-23 09:05:56,123 - INFO - ✅ Đã lấy link: https://thuvienphapluat.vn/van-ban/Tien-te-Ngan-hang/Chi-thi-03-CT-NHNN-2022-ho-tro-lai-suat-theo-Nghi-dinh-31-2022-ND-CP-va-03-2022-TT-NHNN-535336.aspx
2025-06-23 09:05:56,126 - INFO - ✅ Đã lấy link: https://thuvienphapluat.vn/van-ban/Thuong-mai/Chi-thi-11-CT-UBND-2022-ke-hoach-phat-trien-kinh-te-xa-hoi-va-du-toan-ngan-sach-Dong-Nai-2023-528237.aspx
2025-06-23 09:05:56,130 - INFO - ✅ Đã lấy link: https://thuvienphapluat.vn/van-ban/Bo-may-hanh-chinh/Chi-thi-08-CT-BCA-2022-tang-cuong-cong-tac-pho-bien-giao-duc-phap-luat-cua-luc-luong-Cong-an-532496.aspx
2025-06-23 09:05:56,133 - INFO - ✅ Đã lấy link: https://thuvienphapluat.vn/van-ban/Bo-may-hanh-chinh/Chi-thi-11-CT-UBND-2022-tang-cuong-cong-tac-thong-ke-nha-nuoc-Son-La-525989.aspx
2025-06-23 09:05:56,137 - INFO - ✅ Đã lấy link: https://thuvienphapluat.vn/van-ban/Cong-nghe-thong-tin/Chi-thi-12-CT-UBND-2022-tang-cuong-thuc-hien-Quyet-dinh-06-QD-TTg-Ha-Noi-525656.aspx
2025-06-23 09:05:56,141 - INFO - ✅ Đã lấy link: https://thuvienphapluat.vn/van-ban/Thuong-mai/Chi-thi-11-CT-UBND-2022-xay-dung-ke-hoach-phat-trien-kinh-te-xa-hoi-Ha-Noi-2023-525865.aspx
2025-06-23 09:05:56,145 - INFO - ✅ Đã lấy link: https://thuvienphapluat.vn/van-ban/Bo-may-hanh-chinh/Chi-thi-16-CT-UBND-2022-dot-pha-chi-so-cai-cach-hanh-chinh-chi-so-hai-long-hanh-chinh-Vinh-Long-526727.aspx
2025-06-23 09:05:56,148 - INFO - ✅ Đã lấy link: https://thuvienphapluat.vn/van-ban/Thuong-mai/Chi-thi-15-CT-TW-2022-cong-tac-ngoai-giao-kinh-te-phuc-vu-phat-trien-dat-nuoc-den-2030-527361.aspx
2025-06-23 09:05:56,152 - INFO - ✅ Đã lấy link: https://thuvienphapluat.vn/van-ban/Bo-may-hanh-chinh/Chi-thi-16-CT-TW-2022-lanh-dao-Dai-hoi-hoi-nong-dan-cac-cap-va-Dai-hoi-dai-bieu-Hoi-Nong-dan-526889.aspx
2025-06-23 09:05:56,156 - INFO - ✅ Đã lấy link: https://thuvienphapluat.vn/van-ban/Bo-may-hanh-chinh/Chi-thi-15-CT-UBND-2022-chan-chinh-le-loi-lam-viec-tang-cuong-ky-luat-ky-cuong-hanh-chinh-Khanh-Hoa-578877.aspx
2025-06-23 09:05:56,159 - INFO - ✅ Đã lấy link: https://thuvienphapluat.vn/van-ban/Thuong-mai/Chi-thi-11-CT-UBND-2022-xay-dung-ke-hoach-phat-trien-kinh-te-xa-hoi-Quang-Nam-525466.aspx
2025-06-23 09:05:56,163 - INFO - ✅ Đã lấy link: https://thuvienphapluat.vn/van-ban/Bo-may-hanh-chinh/Chi-thi-12-CT-UBND-2022-tang-cuong-cong-tac-thong-ke-nha-nuoc-Quang-Binh-527776.aspx
2025-06-23 09:05:56,167 - INFO - ✅ Đã lấy link: https://thuvienphapluat.vn/van-ban/Bo-may-hanh-chinh/Chi-thi-07-CT-UBND-2022-tang-cuong-cong-tac-thong-ke-nha-nuoc-Ninh-Binh-526035.aspx
2025-06-23 09:05:56,170 - INFO - ✅ Đã lấy link: https://thuvienphapluat.vn/van-ban/Bo-may-hanh-chinh/Chi-thi-09-CT-UBND-2022-tang-cuong-ky-luat-ky-cuong-hanh-chinh-trong-co-quan-Thai-Binh-528448.aspx
2025-06-23 09:05:56,174 - INFO - ✅ Đã lấy link: https://thuvienphapluat.vn/van-ban/Bo-may-hanh-chinh/Chi-thi-15-CT-UBND-2022-tang-cuong-cong-tac-thong-ke-nha-nuoc-Vinh-Long-525176.aspx
2025-06-23 09:05:56,181 - INFO - ✅ Đã lấy link: https://thuvienphapluat.vn/van-ban/Giao-thong-Van-tai/Chi-thi-3537-CT-CHK-2022-tang-cuong-dam-bam-an-toan-hoat-dong-bay-mua-mua-bao-524818.aspx
2025-06-23 09:05:56,186 - INFO - ✅ Đã lấy link: https://thuvienphapluat.vn/van-ban/Thuong-mai/Chi-thi-09-CT-UBND-2022-Ke-hoach-phat-trien-kinh-te-xa-hoi-va-du-toan-ngan-sach-Thanh-Hoa-2023-530220.aspx
2025-06-23 09:05:56,190 - INFO - ✅ Đã lấy link: https://thuvienphapluat.vn/van-ban/Dau-tu/Chi-thi-19-CT-UBND-2022-tang-cuong-giam-sat-danh-gia-dau-tu-su-dung-ngan-sach-Vinh-Phuc-526681.aspx
2025-06-23 09:05:56,191 - INFO - ➡️ Đang truy cập: https://thuvienphapluat.vn/page/tim-van-ban.aspx?keyword=&area=0&match=True&type=1&status=1&signer=0&sort=1&lan=1&scan=0&org=0&fields=&chlbg=23/06/1945&chlend=23/06/2035&page=78
2025-06-23 09:05:56,745 - INFO - ⏳ Chờ 4.33s giả lập người dùng...
2025-06-23 09:06:03,087 - INFO - 🧭 Tiêu đề trang: Tra cứu Văn Bản Pháp Luật
2025-06-23 09:06:03,102 - INFO - ✅ Đã lấy link: https://thuvienphapluat.vn/van-ban/Thuong-mai/Chi-thi-10-CT-UBND-2022-xay-dung-ke-hoach-phat-trien-kinh-te-xa-hoi-Phu-Yen-2023-525299.aspx
2025-06-23 09:06:03,105 - INFO - ✅ Đã lấy link: https://thuvienphapluat.vn/van-ban/Bo-may-hanh-chinh/Chi-thi-07-CT-UBND-2022-tang-cuong-cong-tac-thong-ke-trong-co-quan-don-vi-Da-Nang-526086.aspx
2025-06-23 09:06:03,109 - INFO - ✅ Đã lấy link: https://thuvienphapluat.vn/van-ban/Thuong-mai/Chi-thi-06-CT-UBND-2022-ke-hoach-phat-trien-kinh-te-xa-hoi-du-toan-ngan-sach-Ninh-Binh-2023-525152.aspx
2025-06-23 09:06:03,113 - INFO - ✅ Đã lấy link: https://thuvienphapluat.vn/van-ban/Bo-may-hanh-chinh/Chi-thi-06-CT-UBND-2022-quan-ly-bien-che-va-tinh-gian-bien-che-co-cau-can-bo-Da-Nang-527880.aspx
2025-06-23 09:06:03,117 - INFO - ✅ Đã lấy link: https://thuvienphapluat.vn/van-ban/Thuong-mai/Chi-thi-05-CT-UBND-2022-xay-dung-ke-hoach-phat-trien-kinh-te-xa-hoi-Phu-Tho-2023-527618.aspx
2025-06-23 09:06:03,120 - INFO - ✅ Đã lấy link: https://thuvienphapluat.vn/van-ban/Thuong-mai/Chi-thi-11-CT-UBND-2022-tang-cuong-san-xuat-nong-nghiep-huu-co-Lao-Cai-2022-2025-524888.aspx
2025-06-23 09:06:03,124 - INFO - ✅ Đã lấy link: https://thuvienphapluat.vn/van-ban/Thuong-mai/Chi-thi-11-CT-UBND-2022-xay-dung-Ke-hoach-phat-trien-kinh-te-xa-hoi-Quang-Binh-2023-525438.aspx
2025-06-23 09:06:03,127 - INFO - ✅ Đã lấy link: https://thuvienphapluat.vn/van-ban/Thuong-mai/Chi-thi-07-CT-UBND-2022-xay-dung-phat-trien-kinh-te-xa-hoi-Dong-Thap-2023-525979.aspx
2025-06-23 09:06:03,131 - INFO - ✅ Đã lấy link: https://thuvienphapluat.vn/van-ban/Bo-may-hanh-chinh/Chi-thi-10-CT-UBND-2022-nang-cao-chat-luong-thi-hanh-an-hinh-su-tai-cong-dong-Lao-Cai-524887.aspx
2025-06-23 09:06:03,135 - INFO - ✅ Đã lấy link: https://thuvienphapluat.vn/van-ban/Bo-may-hanh-chinh/Chi-thi-16-CT-UBND-2022-tang-cuong-cong-tac-thong-ke-nha-nuoc-Nam-Dinh-525045.aspx
2025-06-23 09:06:03,138 - INFO - ✅ Đã lấy link: https://thuvienphapluat.vn/van-ban/Thuong-mai/Chi-thi-12-CT-UBND-2022-Ke-hoach-phat-trien-kinh-te-xa-hoi-du-toan-ngan-sach-Tien-Giang-2023-526671.aspx
2025-06-23 09:06:03,142 - INFO - ✅ Đã lấy link: https://thuvienphapluat.vn/van-ban/Thuong-mai/Chi-thi-12-CT-TTg-2022-xay-dung-ke-hoach-phat-trien-kinh-te-xa-hoi-du-toan-ngan-sach-2023-523074.aspx
2025-06-23 09:06:03,145 - INFO - ✅ Đã lấy link: https://thuvienphapluat.vn/van-ban/Thuong-mai/Chi-thi-14-CT-UBND-2022-phat-dong-thi-dua-xay-dung-va-phat-trien-Khanh-Hoa-den-2030-524865.aspx
2025-06-23 09:06:03,149 - INFO - ✅ Đã lấy link: https://thuvienphapluat.vn/van-ban/Dau-tu/Chi-thi-10-CT-UBND-2022-tang-cuong-giai-ngan-ke-hoach-dau-tu-cong-Ha-Noi-523581.aspx
2025-06-23 09:06:03,153 - INFO - ✅ Đã lấy link: https://thuvienphapluat.vn/van-ban/Bo-may-hanh-chinh/Chi-thi-08-CT-UBND-2022-tang-cuong-cong-tac-thong-ke-nha-nuoc-Hue-523524.aspx
2025-06-23 09:06:03,156 - INFO - ✅ Đã lấy link: https://thuvienphapluat.vn/van-ban/Bat-dong-san/Chi-thi-03-CT-UBND-2022-tang-cuong-cong-tac-quan-ly-dat-dai-Ha-Nam-523954.aspx
2025-06-23 09:06:03,160 - INFO - ✅ Đã lấy link: https://thuvienphapluat.vn/van-ban/Bo-may-hanh-chinh/Chi-thi-1158-CT-UBND-2022-tang-cuong-cong-tac-thong-ke-nha-nuoc-Ha-Giang-524669.aspx
2025-06-23 09:06:03,163 - INFO - ✅ Đã lấy link: https://thuvienphapluat.vn/van-ban/Bo-may-hanh-chinh/Chi-thi-09-CT-UBND-2022-tang-cuong-cong-tac-thong-ke-nha-nuoc-Binh-Thuan-522677.aspx
2025-06-23 09:06:03,167 - INFO - ✅ Đã lấy link: https://thuvienphapluat.vn/van-ban/Bo-may-hanh-chinh/Chi-thi-08-CT-UBND-2022-day-nhanh-chuong-trinh-muc-tieu-quoc-gia-Dak-Nong-2021-2025-524117.aspx
2025-06-23 09:06:03,171 - INFO - ✅ Đã lấy link: https://thuvienphapluat.vn/van-ban/Bo-may-hanh-chinh/Chi-thi-08-CT-UBND-2022-tang-cuong-cong-tac-thong-ke-nha-nuoc-Dien-Bien-528133.aspx
2025-06-23 09:06:03,171 - INFO - ➡️ Đang truy cập: https://thuvienphapluat.vn/page/tim-van-ban.aspx?keyword=&area=0&match=True&type=1&status=1&signer=0&sort=1&lan=1&scan=0&org=0&fields=&chlbg=23/06/1945&chlend=23/06/2035&page=79
2025-06-23 09:06:03,744 - INFO - ⏳ Chờ 3.01s giả lập người dùng...
2025-06-23 09:06:08,766 - INFO - 🧭 Tiêu đề trang: Tra cứu Văn Bản Pháp Luật
2025-06-23 09:06:08,784 - INFO - ✅ Đã lấy link: https://thuvienphapluat.vn/van-ban/Thue-Phi-Le-Phi/Chi-thi-11-CT-TTg-2022-day-nhanh-tien-do-dan-the-dinh-danh-o-to-de-thu-phi-dien-tu-522581.aspx
2025-06-23 09:06:08,787 - INFO - ✅ Đã lấy link: https://thuvienphapluat.vn/van-ban/Bo-may-hanh-chinh/Chi-thi-08-CT-UBND-2022-nang-cao-Chi-so-cai-cach-hanh-chinh-Lai-Chau-522756.aspx
2025-06-23 09:06:08,791 - INFO - ✅ Đã lấy link: https://thuvienphapluat.vn/van-ban/Thue-Phi-Le-Phi/Chi-thi-09-CT-UBND-2022-trien-khai-ung-dung-thue-dien-tu-cho-thiet-bi-di-dong-Dak-Lak-524099.aspx
2025-06-23 09:06:08,795 - INFO - ✅ Đã lấy link: https://thuvienphapluat.vn/van-ban/Bo-may-hanh-chinh/Chi-thi-10-CT-UBND-2022-tang-cuong-cong-tac-thong-ke-nha-nuoc-Hai-Duong-522270.aspx
2025-06-23 09:06:08,799 - INFO - ✅ Đã lấy link: https://thuvienphapluat.vn/van-ban/Bo-may-hanh-chinh/Chi-thi-495-CT-UBND-2022-tang-cuong-cong-tac-thong-ke-nha-nuoc-Nghe-An-522398.aspx
2025-06-23 09:06:08,802 - INFO - ✅ Đã lấy link: https://thuvienphapluat.vn/van-ban/Bo-may-hanh-chinh/Chi-thi-10-CT-UBND-2022-tang-cuong-chi-dao-thi-hanh-an-hinh-su-tai-cong-dong-Quang-Nam-524334.aspx
2025-06-23 09:06:08,806 - INFO - ✅ Đã lấy link: https://thuvienphapluat.vn/van-ban/Bo-may-hanh-chinh/Chi-thi-10-CT-UBND-2022-tang-cuong-cong-tac-thong-ke-nha-nuoc-Hung-Yen-523103.aspx
2025-06-23 09:06:08,809 - INFO - ✅ Đã lấy link: https://thuvienphapluat.vn/van-ban/Van-hoa-Xa-hoi/Chi-thi-09-CT-UBND-2022-tang-cuong-phong-ngua-dau-tranh-voi-toi-pham-Hung-Yen-523077.aspx
2025-06-23 09:06:08,813 - INFO - ✅ Đã lấy link: https://thuvienphapluat.vn/van-ban/Tai-nguyen-Moi-truong/Chi-thi-08-CT-UBND-2022-tang-cuong-quan-ly-bao-ve-khoang-san-hoat-dong-khoang-san-Dak-Lak-521716.aspx
2025-06-23 09:06:08,817 - INFO - ✅ Đã lấy link: https://thuvienphapluat.vn/van-ban/Tai-nguyen-Moi-truong/Chi-thi-08-CT-UBND-2022-tang-cuong-cong-tac-phong-chong-thien-tai-tim-kiem-cuu-nan-Binh-Thuan-522519.aspx
2025-06-23 09:06:08,820 - INFO - ✅ Đã lấy link: https://thuvienphapluat.vn/van-ban/Tai-nguyen-Moi-truong/Chi-thi-14-CT-UBND-2022-tang-cuong-cong-tac-phong-chong-thien-tai-tim-kiem-cuu-nan-Vinh-Long-521285.aspx
2025-06-23 09:06:08,824 - INFO - ✅ Đã lấy link: https://thuvienphapluat.vn/van-ban/Thuong-mai/Chi-thi-09-CT-UBND-2022-cong-tac-quan-ly-kinh-doanh-xang-dau-Lao-Cai-522240.aspx
2025-06-23 09:06:08,828 - INFO - ✅ Đã lấy link: https://thuvienphapluat.vn/van-ban/Giao-thong-Van-tai/Chi-thi-2975-CT-CHK-2022-tang-cuong-an-toan-giao-thong-cang-hang-khong-cao-diem-he-520377.aspx
2025-06-23 09:06:08,832 - INFO - ✅ Đã lấy link: https://thuvienphapluat.vn/van-ban/Bat-dong-san/Chi-thi-09-CT-UBND-2022-tang-cuong-cong-tac-quan-ly-bao-ve-rung-dat-lam-nghiep-Hai-Duong-522268.aspx
2025-06-23 09:06:08,835 - INFO - ✅ Đã lấy link: https://thuvienphapluat.vn/van-ban/Thuong-mai/Chi-thi-13-CT-UBND-2022-tang-cuong-cai-thien-chi-so-nang-luc-canh-tranh-Vinh-Long-521138.aspx
2025-06-23 09:06:08,839 - INFO - ✅ Đã lấy link: https://thuvienphapluat.vn/van-ban/Bo-may-hanh-chinh/Chi-thi-06-CT-UBND-2022-tang-cuong-cong-tac-thong-ke-nha-nuoc-An-Giang-523472.aspx
2025-06-23 09:06:08,843 - INFO - ✅ Đã lấy link: https://thuvienphapluat.vn/van-ban/Dich-vu-phap-ly/Chi-thi-14-CT-TW-2022-tiep-tuc-tang-cuong-su-lanh-dao-cua-Dang-doi-voi-Hoi-Luat-gia-Viet-Nam-520593.aspx
2025-06-23 09:06:08,847 - INFO - ✅ Đã lấy link: https://thuvienphapluat.vn/van-ban/Tai-nguyen-Moi-truong/Chi-thi-06-CT-UBND-2022-tang-cuong-phong-chong-thien-tai-tim-kiem-cuu-nan-Gia-Lai-520276.aspx
2025-06-23 09:06:08,850 - INFO - ✅ Đã lấy link: https://thuvienphapluat.vn/van-ban/Bo-may-hanh-chinh/Chi-thi-16-CT-CTUBND-2022-cong-tac-tiep-cong-dan-giai-quyet-khieu-nai-to-cao-Vinh-Phuc-521357.aspx
2025-06-23 09:06:08,854 - INFO - ✅ Đã lấy link: https://thuvienphapluat.vn/van-ban/Giao-duc/Chi-thi-12-CT-UBND-2022-phoi-hop-to-chuc-ky-thi-tot-nghiep-trung-hoc-pho-thong-Vinh-Long-521137.aspx
2025-06-23 09:06:08,854 - INFO - ➡️ Đang truy cập: https://thuvienphapluat.vn/page/tim-van-ban.aspx?keyword=&area=0&match=True&type=1&status=1&signer=0&sort=1&lan=1&scan=0&org=0&fields=&chlbg=23/06/1945&chlend=23/06/2035&page=80
2025-06-23 09:06:09,386 - INFO - ⏳ Chờ 3.62s giả lập người dùng...
2025-06-23 09:06:15,015 - INFO - 🧭 Tiêu đề trang: Tra cứu Văn Bản Pháp Luật
2025-06-23 09:06:15,030 - INFO - ✅ Đã lấy link: https://thuvienphapluat.vn/van-ban/Bo-may-hanh-chinh/Chi-thi-11-CT-UBND-2022-tang-cuong-cong-tac-thong-ke-nha-nuoc-Ninh-Thuan-520568.aspx
2025-06-23 09:06:15,034 - INFO - ✅ Đã lấy link: https://thuvienphapluat.vn/van-ban/Bo-may-hanh-chinh/Chi-thi-06-CT-UBND-2022-thuc-hien-Chi-so-Hieu-qua-quan-tri-va-hanh-chinh-cong-cap-tinh-Dong-Thap-519922.aspx
2025-06-23 09:06:15,037 - INFO - ✅ Đã lấy link: https://thuvienphapluat.vn/van-ban/Bo-may-hanh-chinh/Chi-thi-09-CT-UBND-2022-tang-cuong-cong-tac-thong-ke-nha-nuoc-Ha-Noi-520110.aspx
2025-06-23 09:06:15,041 - INFO - ✅ Đã lấy link: https://thuvienphapluat.vn/van-ban/Linh-vuc-khac/Chi-thi-08-CT-UBND-2022-tang-cuong-phat-trien-tuoi-tien-tien-tiet-kiem-nuoc-cho-cay-trong-Lao-Cai-522222.aspx
2025-06-23 09:06:15,045 - INFO - ✅ Đã lấy link: https://thuvienphapluat.vn/van-ban/Tai-nguyen-Moi-truong/Chi-thi-10-CT-UBND-2022-tang-cuong-cong-tac-phong-chong-thien-tai-Ninh-Thuan-519638.aspx
2025-06-23 09:06:15,049 - INFO - ✅ Đã lấy link: https://thuvienphapluat.vn/van-ban/Cong-nghe-thong-tin/Chi-thi-10-CT-UBND-2022-phat-dong-phong-trao-thi-dua-thuc-hien-chuyen-doi-so-Son-La-523314.aspx
2025-06-23 09:06:15,052 - INFO - ✅ Đã lấy link: https://thuvienphapluat.vn/van-ban/Giao-duc/Chi-thi-02-CT-UBND-2022-chi-dao-phoi-hop-to-chuc-ky-thi-tot-nghiep-trung-hoc-pho-thong-Tuyen-Quang-519921.aspx
2025-06-23 09:06:15,056 - INFO - ✅ Đã lấy link: https://thuvienphapluat.vn/van-ban/Tai-nguyen-Moi-truong/Chi-thi-07-CT-UBND-2022-tang-cuong-bien-phap-cap-bach-phong-chay-chua-chay-rung-Ha-Tinh-520498.aspx
2025-06-23 09:06:15,060 - INFO - ✅ Đã lấy link: https://thuvienphapluat.vn/van-ban/Bo-may-hanh-chinh/Chi-thi-06-CT-UBND-2022-tang-cuong-cong-tac-thong-ke-nha-nuoc-Kon-Tum-521867.aspx
2025-06-23 09:06:15,063 - INFO - ✅ Đã lấy link: https://thuvienphapluat.vn/van-ban/Tai-nguyen-Moi-truong/Chi-thi-08-CT-UBND-2022-tang-cuong-cong-tac-phong-chong-thien-tai-tim-kiem-cuu-nan-Hai-Duong-520456.aspx
2025-06-23 09:06:15,067 - INFO - ✅ Đã lấy link: https://thuvienphapluat.vn/van-ban/Tai-nguyen-Moi-truong/Chi-thi-09-CT-UBND-2022-tang-cuong-phong-chong-thien-tai-tim-kiem-cuu-nan-Quang-Nam-518438.aspx
2025-06-23 09:06:15,070 - INFO - ✅ Đã lấy link: https://thuvienphapluat.vn/van-ban/Thuong-mai/Chi-thi-2677-CT-CHK-2022-tang-cuong-phong-chong-buon-lau-thanh-vien-to-bay-hang-khong-518517.aspx
2025-06-23 09:06:15,074 - INFO - ✅ Đã lấy link: https://thuvienphapluat.vn/van-ban/Tai-nguyen-Moi-truong/Chi-thi-10-CT-TTG-2022-thuc-day-phat-trien-nong-nghiep-dong-bang-song-Cuu-Long-517820.aspx
2025-06-23 09:06:15,078 - INFO - ✅ Đã lấy link: https://thuvienphapluat.vn/van-ban/Giao-duc/Chi-thi-07-CT-UBND-2022-cong-tac-to-chuc-Ky-thi-tot-nghiep-trung-hoc-pho-thong-Vung-Tau-521379.aspx
2025-06-23 09:06:15,081 - INFO - ✅ Đã lấy link: https://thuvienphapluat.vn/van-ban/Thuong-mai/Chi-thi-11-CT-UBND-2022-tang-cuong-cong-tac-dam-bao-an-toan-dien-Vinh-Long-517612.aspx
2025-06-23 09:06:15,085 - INFO - ✅ Đã lấy link: https://thuvienphapluat.vn/van-ban/Giao-duc/Chi-thi-11-CT-UBND-2022-chi-dao-to-chuc-Ky-thi-tot-nghiep-trung-hoc-pho-thong-Nam-Dinh-518445.aspx
2025-06-23 09:06:15,088 - INFO - ✅ Đã lấy link: https://thuvienphapluat.vn/van-ban/Giao-duc/Chi-thi-10-CT-UBND-2022-to-chuc-ky-thi-tot-nghiep-trung-hoc-pho-thong-Tien-Giang-518121.aspx
2025-06-23 09:06:15,092 - INFO - ✅ Đã lấy link: https://thuvienphapluat.vn/van-ban/Bo-may-hanh-chinh/Chi-thi-12-CT-UBND-2022-tang-cuong-trach-nhiem-cai-thien-chi-so-nang-luc-canh-tranh-Dak-Nong-529660.aspx
2025-06-23 09:06:15,096 - INFO - ✅ Đã lấy link: https://thuvienphapluat.vn/van-ban/Cong-nghe-thong-tin/Chi-thi-07-CT-UBND-2022-nang-cao-hieu-qua-ung-dung-cong-nghe-thong-tin-su-dung-von-nha-nuoc-Lao-Cai-602070.aspx
2025-06-23 09:06:15,100 - INFO - ✅ Đã lấy link: https://thuvienphapluat.vn/van-ban/Giao-duc/Chi-thi-10-CT-UBND-2022-chi-dao-phoi-hop-to-chuc-Ky-thi-tot-nghiep-trung-hoc-pho-thong-Quang-Binh-519274.aspx
2025-06-23 09:06:15,100 - INFO - ➡️ Đang truy cập: https://thuvienphapluat.vn/page/tim-van-ban.aspx?keyword=&area=0&match=True&type=1&status=1&signer=0&sort=1&lan=1&scan=0&org=0&fields=&chlbg=23/06/1945&chlend=23/06/2035&page=81
2025-06-23 09:06:15,882 - INFO - ⏳ Chờ 3.27s giả lập người dùng...
2025-06-23 09:06:21,160 - INFO - 🧭 Tiêu đề trang: Tra cứu Văn Bản Pháp Luật
2025-06-23 09:06:21,176 - INFO - ✅ Đã lấy link: https://thuvienphapluat.vn/van-ban/Giao-duc/Chi-thi-09-CT-UBND-2022-to-chuc-Ky-thi-tot-nghiep-va-tuyen-sinh-vao-cac-lop-dau-cap-Ho-Chi-Minh-517089.aspx
2025-06-23 09:06:21,180 - INFO - ✅ Đã lấy link: https://thuvienphapluat.vn/van-ban/Giao-duc/Chi-thi-807-CT-UBND-2022-chi-dao-phoi-hop-to-chuc-ky-thi-tot-nghiep-trung-hoc-pho-thong-Ha-Giang-521227.aspx
2025-06-23 09:06:21,185 - INFO - ✅ Đã lấy link: https://thuvienphapluat.vn/van-ban/Giao-duc/Chi-thi-643-CT-BGDDT-2022-su-dung-sach-giao-khoa-va-sach-tham-khao-trong-co-so-giao-duc-516762.aspx
2025-06-23 09:06:21,188 - INFO - ✅ Đã lấy link: https://thuvienphapluat.vn/van-ban/Tai-nguyen-Moi-truong/Chi-thi-09-CT-UBND-2022-tang-cuong-quan-ly-bao-ton-loai-chim-hoang-da-Quang-Binh-516549.aspx
2025-06-23 09:06:21,195 - INFO - ✅ Đã lấy link: https://thuvienphapluat.vn/van-ban/Giao-duc/Chi-thi-07-CT-UBND-2022-chi-dao-phoi-hop-to-chuc-Ky-thi-tot-nghiep-trung-hoc-pho-thong-Phu-Yen-518880.aspx
2025-06-23 09:06:21,199 - INFO - ✅ Đã lấy link: https://thuvienphapluat.vn/van-ban/Giao-duc/Chi-thi-05-CT-UBND-2022-tang-cuong-chi-dao-to-chuc-Ky-thi-tot-nghiep-pho-thong-Kon-Tum-517386.aspx
2025-06-23 09:06:21,203 - INFO - ✅ Đã lấy link: https://thuvienphapluat.vn/van-ban/Giao-duc/Chi-thi-5-CT-UBND-2022-cong-tac-to-chuc-ky-thi-tot-nghiep-trung-hoc-pho-thong-Bac-Giang-516097.aspx
2025-06-23 09:06:21,206 - INFO - ✅ Đã lấy link: https://thuvienphapluat.vn/van-ban/Giao-duc/Chi-thi-07-CT-UBND-2022-chi-dao-phoi-hop-to-chuc-ky-thi-tot-nghiep-trung-hoc-pho-thong-Lai-Chau-517489.aspx
2025-06-23 09:06:21,210 - INFO - ✅ Đã lấy link: https://thuvienphapluat.vn/van-ban/Giao-duc/Chi-thi-04-CT-UBND-2022-chi-dao-phoi-hop-to-chuc-ky-thi-tot-nghiep-trung-hoc-pho-thong-Bac-Ninh-517588.aspx
2025-06-23 09:06:21,214 - INFO - ✅ Đã lấy link: https://thuvienphapluat.vn/van-ban/Giao-duc/Chi-thi-05-CT-UBND-2022-tang-cuong-chi-dao-Ky-thi-tot-nghiep-pho-thong-Gia-Lai-516253.aspx
2025-06-23 09:06:21,218 - INFO - ✅ Đã lấy link: https://thuvienphapluat.vn/van-ban/Thuong-mai/Chi-thi-08-CT-UBND-2022-xay-dung-Ke-hoach-phat-trien-kinh-te-xa-hoi-Son-La-518776.aspx
2025-06-23 09:06:21,221 - INFO - ✅ Đã lấy link: https://thuvienphapluat.vn/van-ban/Giao-duc/Chi-thi-09-CT-UBND-2022-to-chuc-ky-thi-tot-nghiep-trung-hoc-pho-thong-Ninh-Thuan-518847.aspx
2025-06-23 09:06:21,225 - INFO - ✅ Đã lấy link: https://thuvienphapluat.vn/van-ban/Cong-nghe-thong-tin/Chi-thi-06-CT-UBND-2022-phat-trien-chinh-quyen-dien-tu-huong-toi-chinh-quyen-so-Dien-Bien-519621.aspx
2025-06-23 09:06:21,229 - INFO - ✅ Đã lấy link: https://thuvienphapluat.vn/van-ban/Giao-duc/Chi-thi-01-CT-UBND-2022-chi-dao-phoi-hop-to-chuc-ky-thi-tot-nghiep-trung-hoc-pho-thong-Bac-Kan-517726.aspx
2025-06-23 09:06:21,233 - INFO - ✅ Đã lấy link: https://thuvienphapluat.vn/van-ban/Giao-duc/Chi-thi-06-CT-UBND-2022-to-chuc-Ky-thi-tot-nghiep-trung-hoc-pho-thong-Lao-Cai-517727.aspx
2025-06-23 09:06:21,237 - INFO - ✅ Đã lấy link: https://thuvienphapluat.vn/van-ban/Thuong-mai/Chi-thi-03-CT-UBND-2022-quan-ly-thue-hoat-dong-kinh-doanh-tren-nen-tang-so-Lam-Dong-518118.aspx
2025-06-23 09:06:21,242 - INFO - ✅ Đã lấy link: https://thuvienphapluat.vn/van-ban/Tai-nguyen-Moi-truong/Chi-thi-09-CT-TTg-2022-tang-cuong-phong-chong-thien-tai-tim-kiem-cuu-nan-629028.aspx
2025-06-23 09:06:21,245 - INFO - ✅ Đã lấy link: https://thuvienphapluat.vn/van-ban/Van-hoa-Xa-hoi/Chi-thi-09-CT-UBND-2022-cong-tac-phong-chong-tai-nan-thuong-tich-duoi-nuoc-tre-em-Dong-Nai-519839.aspx
2025-06-23 09:06:21,249 - INFO - ✅ Đã lấy link: https://thuvienphapluat.vn/van-ban/Tai-nguyen-Moi-truong/Chi-thi-9-CT-TTg-2022-tang-cuong-phong-chong-thien-tai-tim-kiem-cuu-nan-515416.aspx
2025-06-23 09:06:21,253 - INFO - ✅ Đã lấy link: https://thuvienphapluat.vn/van-ban/Giao-duc/Chi-thi-08-CT-TTg-2022-tang-cuong-cong-tac-xay-dung-van-hoa-hoc-duong-515359.aspx
2025-06-23 09:06:21,254 - INFO - ➡️ Đang truy cập: https://thuvienphapluat.vn/page/tim-van-ban.aspx?keyword=&area=0&match=True&type=1&status=1&signer=0&sort=1&lan=1&scan=0&org=0&fields=&chlbg=23/06/1945&chlend=23/06/2035&page=82
2025-06-23 09:06:22,023 - INFO - ⏳ Chờ 3.29s giả lập người dùng...
2025-06-23 09:06:27,323 - INFO - 🧭 Tiêu đề trang: Tra cứu Văn Bản Pháp Luật
2025-06-23 09:06:27,338 - INFO - ✅ Đã lấy link: https://thuvienphapluat.vn/van-ban/Giao-duc/Chi-thi-06-CT-UBND-2022-tang-cuong-chi-dao-ky-thi-tot-nghiep-trung-hoc-pho-thong-Ha-Tinh-517639.aspx
2025-06-23 09:06:27,342 - INFO - ✅ Đã lấy link: https://thuvienphapluat.vn/van-ban/Bat-dong-san/Chi-thi-05-CT-UBND-2022-tang-cuong-quan-ly-dat-dai-khoang-san-moi-truong-Dien-Bien-515532.aspx
2025-06-23 09:06:27,346 - INFO - ✅ Đã lấy link: https://thuvienphapluat.vn/van-ban/Bo-may-hanh-chinh/Chi-thi-07-CT-UBND-2022-nang-cao-cong-tac-xay-dung-van-ban-quy-pham-phap-luat-Binh-Thuan-555248.aspx
2025-06-23 09:06:27,350 - INFO - ✅ Đã lấy link: https://thuvienphapluat.vn/van-ban/Linh-vuc-khac/Chi-thi-08-CT-UBND-2022-tang-cuong-quan-ly-san-xuat-giong-cay-trong-lam-nghiep-Quang-Nam-515371.aspx
2025-06-23 09:06:27,353 - INFO - ✅ Đã lấy link: https://thuvienphapluat.vn/van-ban/Tai-chinh-nha-nuoc/Chi-thi-1955-CT-TCHQ-2022-nang-cao-hieu-qua-quan-ly-tai-san-cong-nganh-Hai-quan-515392.aspx
2025-06-23 09:06:27,357 - INFO - ✅ Đã lấy link: https://thuvienphapluat.vn/van-ban/Bo-may-hanh-chinh/Chi-thi-7-CT-TTg-2022-tang-cuong-cong-tac-thong-ke-Nha-nuoc-515051.aspx
2025-06-23 09:06:27,361 - INFO - ✅ Đã lấy link: https://thuvienphapluat.vn/van-ban/Giao-duc/Chi-thi-06-CT-TTg-2022-chi-dao-to-chuc-Ky-thi-tot-nghiep-va-tuyen-sinh-dai-hoc-514819.aspx
2025-06-23 09:06:27,365 - INFO - ✅ Đã lấy link: https://thuvienphapluat.vn/van-ban/Tai-nguyen-Moi-truong/Chi-thi-08-CT-UBND-2022-thuc-hien-dau-noi-nuoc-thai-thanh-pho-Phan-Rang-Thap-Cham-Ninh-Thuan-518846.aspx
2025-06-23 09:06:27,368 - INFO - ✅ Đã lấy link: https://thuvienphapluat.vn/van-ban/Thue-Phi-Le-Phi/Chi-thi-06-CT-UBND-2022-trien-khai-thue-dien-tu-cho-nguoi-nop-thue-tren-thiet-bi-di-dong-Lai-Chau-517488.aspx
2025-06-23 09:06:27,372 - INFO - ✅ Đã lấy link: https://thuvienphapluat.vn/van-ban/Giao-duc/Chi-thi-05-CT-UBND-2022-chi-dao-cong-tac-to-chuc-ky-thi-tot-nghiep-trung-hoc-pho-thong-Kien-Giang-517638.aspx
2025-06-23 09:06:27,376 - INFO - ✅ Đã lấy link: https://thuvienphapluat.vn/van-ban/Bo-may-hanh-chinh/Chi-thi-05-CT-UBND-2022-nang-cao-chat-luong-xay-dung-phap-luat-Quang-Ngai-515170.aspx
2025-06-23 09:06:27,379 - INFO - ✅ Đã lấy link: https://thuvienphapluat.vn/van-ban/Bat-dong-san/Chi-thi-03-CT-UBND-2022-quan-ly-quy-hoach-ke-hoach-su-dung-dat-An-Giang-517200.aspx
2025-06-23 09:06:27,383 - INFO - ✅ Đã lấy link: https://thuvienphapluat.vn/van-ban/Dau-tu/Chi-thi-02-CT-BGTVT-2022-nang-cao-chat-luong-dau-tu-xay-dung-ket-cau-ha-tang-giao-thong-514316.aspx
2025-06-23 09:06:27,387 - INFO - ✅ Đã lấy link: https://thuvienphapluat.vn/van-ban/Thuong-mai/Chi-thi-05-CT-BCT-2022-thuc-hien-nghiem-tuc-thi-hanh-an-hanh-chinh-cua-Bo-Cong-thuong-513868.aspx
2025-06-23 09:06:27,390 - INFO - ✅ Đã lấy link: https://thuvienphapluat.vn/van-ban/Van-hoa-Xa-hoi/Chi-thi-14-CT-UBND-2022-phong-chong-tai-nan-duoi-nuoc-tre-em-Vinh-Phuc-516915.aspx
2025-06-23 09:06:27,394 - INFO - ✅ Đã lấy link: https://thuvienphapluat.vn/van-ban/Bat-dong-san/Chi-thi-4-CT-UBND-2022-tang-cuong-quan-ly-bao-ve-rung-va-dat-lam-nghiep-Bac-Giang-513924.aspx
2025-06-23 09:06:27,398 - INFO - ✅ Đã lấy link: https://thuvienphapluat.vn/van-ban/Giao-duc/Chi-thi-08-CT-UBND-2022-to-chuc-ky-thi-tot-nghiep-pho-thong-Dong-Nai-515646.aspx
2025-06-23 09:06:27,402 - INFO - ✅ Đã lấy link: https://thuvienphapluat.vn/van-ban/Quyen-dan-su/Chi-thi-07-CT-UBND-2022-chuan-bi-thuc-luc-tuyen-chon-goi-cong-dan-nhap-ngu-Ninh-Thuan-514800.aspx
2025-06-23 09:06:27,407 - INFO - ✅ Đã lấy link: https://thuvienphapluat.vn/van-ban/Bat-dong-san/Chi-thi-05-CT-TTg-2022-tang-cuong-quan-ly-bao-ve-rung-xu-ly-tinh-trang-pha-rung-trai-phap-luat-513658.aspx
2025-06-23 09:06:27,410 - INFO - ✅ Đã lấy link: https://thuvienphapluat.vn/van-ban/Dau-tu/Chi-thi-04-CT-UBND-2022-nang-cao-quan-ly-cong-tac-dau-gia-tai-san-dau-thau-Quang-Ngai-515605.aspx
2025-06-23 09:06:27,411 - INFO - ➡️ Đang truy cập: https://thuvienphapluat.vn/page/tim-van-ban.aspx?keyword=&area=0&match=True&type=1&status=1&signer=0&sort=1&lan=1&scan=0&org=0&fields=&chlbg=23/06/1945&chlend=23/06/2035&page=83
2025-06-23 09:06:28,004 - INFO - ⏳ Chờ 4.52s giả lập người dùng...
2025-06-23 09:06:34,537 - INFO - 🧭 Tiêu đề trang: Tra cứu Văn Bản Pháp Luật
2025-06-23 09:06:34,553 - INFO - ✅ Đã lấy link: https://thuvienphapluat.vn/van-ban/Tai-nguyen-Moi-truong/Chi-thi-04-CT-TTg-2022-giai-phap-cap-bach-de-bao-ton-cac-loai-chim-hoang-da-di-cu-tai-Viet-Nam-513478.aspx
2025-06-23 09:06:34,556 - INFO - ✅ Đã lấy link: https://thuvienphapluat.vn/van-ban/Cong-nghe-thong-tin/Chi-thi-06-CT-UBND-2022-phat-trien-Chinh-quyen-dien-tu-huong-toi-Chinh-quyen-so-Thanh-Hoa-548929.aspx
2025-06-23 09:06:34,560 - INFO - ✅ Đã lấy link: https://thuvienphapluat.vn/van-ban/Linh-vuc-khac/Chi-thi-11-CT-UBND-2022-tang-cuong-chi-dao-san-xuat-vu-he-thu-Nghe-An-513872.aspx
2025-06-23 09:06:34,564 - INFO - ✅ Đã lấy link: https://thuvienphapluat.vn/van-ban/Xay-dung-Do-thi/Chi-thi-05-CT-UBND-2022-day-nhanh-tien-do-lap-quy-hoach-Dong-Thap-2021-2030-515985.aspx
2025-06-23 09:06:34,568 - INFO - ✅ Đã lấy link: https://thuvienphapluat.vn/van-ban/Giao-duc/Chi-thi-07-CT-UBND-2022-to-chuc-ky-thi-tot-nghiep-trung-hoc-pho-thong-Quang-Nam-513392.aspx
2025-06-23 09:06:34,571 - INFO - ✅ Đã lấy link: https://thuvienphapluat.vn/van-ban/Bo-may-hanh-chinh/Chi-thi-3-CT-UBND-2022-tang-cuong-cong-tac-dan-van-cua-co-quan-nha-nuoc-Bac-Giang-513509.aspx
2025-06-23 09:06:34,575 - INFO - ✅ Đã lấy link: https://thuvienphapluat.vn/van-ban/Giao-duc/Chi-thi-05-CT-UBND-2022-to-chuc-cac-ky-thi-Binh-Dinh-514484.aspx
2025-06-23 09:06:34,578 - INFO - ✅ Đã lấy link: https://thuvienphapluat.vn/van-ban/Van-hoa-Xa-hoi/Chi-thi-06-CT-UBND-2022-tang-cuong-cong-tac-phong-chong-duoi-nuoc-tre-em-Dak-Lak-515423.aspx
2025-06-23 09:06:34,582 - INFO - ✅ Đã lấy link: https://thuvienphapluat.vn/van-ban/Bo-may-hanh-chinh/Chi-thi-08-CT-UBND-2022-thuc-hien-hieu-qua-cai-cach-hanh-chinh-Ho-Chi-Minh-2022-2025-514679.aspx
2025-06-23 09:06:34,585 - INFO - ✅ Đã lấy link: https://thuvienphapluat.vn/van-ban/Giao-duc/Chi-thi-02-CT-UBND-2022-to-chuc-thi-va-xet-cong-nhan-tot-nghiep-cac-cap-hoc-Ben-Tre-514069.aspx
2025-06-23 09:06:34,589 - INFO - ✅ Đã lấy link: https://thuvienphapluat.vn/van-ban/Van-hoa-Xa-hoi/Chi-thi-07-CT-UBND-2022-phong-chong-tai-nan-thuong-tich-duoi-nuoc-tre-em-Hai-Phong-517007.aspx
2025-06-23 09:06:34,592 - INFO - ✅ Đã lấy link: https://thuvienphapluat.vn/van-ban/Bo-may-hanh-chinh/Chi-thi-07-CT-UBND-2022-nang-cao-hieu-qua-thuc-hien-Chi-thi-10-CT-TTg-Dong-Nai-515645.aspx
2025-06-23 09:06:34,596 - INFO - ✅ Đã lấy link: https://thuvienphapluat.vn/van-ban/Bo-may-hanh-chinh/Chi-thi-06-CT-UBND-2022-nang-cao-cong-tac-dan-van-cua-co-quan-hanh-chinh-Quang-Nam-515182.aspx
2025-06-23 09:06:34,600 - INFO - ✅ Đã lấy link: https://thuvienphapluat.vn/van-ban/Lao-dong-Tien-luong/Chi-thi-03-CT-TTg-2022-nang-cao-chat-luong-dao-tao-nhan-luc-trinh-do-cao-513021.aspx
2025-06-23 09:06:34,603 - INFO - ✅ Đã lấy link: https://thuvienphapluat.vn/van-ban/Tai-nguyen-Moi-truong/Chi-thi-05-CT-UBND-2022-tang-cuong-cong-tac-quan-ly-Nha-nuoc-ve-khoang-san-Lao-Cai-529260.aspx
2025-06-23 09:06:34,607 - INFO - ✅ Đã lấy link: https://thuvienphapluat.vn/van-ban/Tai-nguyen-Moi-truong/Chi-thi-13-CT-UBND-2022-tang-cuong-phong-chong-thien-tai-tim-kiem-cuu-nan-Vinh-Phuc-516914.aspx
2025-06-23 09:06:34,611 - INFO - ✅ Đã lấy link: https://thuvienphapluat.vn/van-ban/Thuong-mai/Chi-thi-04-CT-UBND-2022-tang-cuong-cong-tac-quan-ly-dau-gia-tai-san-Dong-Thap-515865.aspx
2025-06-23 09:06:34,615 - INFO - ✅ Đã lấy link: https://thuvienphapluat.vn/van-ban/Tai-nguyen-Moi-truong/Chi-thi-09-CT-UBND-2022-tang-cuong-phong-chong-thien-tai-tim-kiem-cuu-nan-Binh-Duong-514518.aspx
2025-06-23 09:06:34,619 - INFO - ✅ Đã lấy link: https://thuvienphapluat.vn/van-ban/Giao-duc/Chi-thi-08-CT-UBND-2022-tang-cuong-chi-dao-to-chuc-ky-thi-tot-nghiep-pho-thong-Binh-Duong-514326.aspx
2025-06-23 09:06:34,623 - INFO - ✅ Đã lấy link: https://thuvienphapluat.vn/van-ban/Vi-pham-hanh-chinh/Chi-thi-615-CT-UBND-2022-tang-cuong-thi-hanh-phap-luat-xu-ly-vi-pham-Ha-Giang-516202.aspx
2025-06-23 09:06:34,623 - INFO - ➡️ Đang truy cập: https://thuvienphapluat.vn/page/tim-van-ban.aspx?keyword=&area=0&match=True&type=1&status=1&signer=0&sort=1&lan=1&scan=0&org=0&fields=&chlbg=23/06/1945&chlend=23/06/2035&page=84
2025-06-23 09:06:35,185 - INFO - ⏳ Chờ 3.04s giả lập người dùng...
2025-06-23 09:06:40,232 - INFO - 🧭 Tiêu đề trang: Tra cứu Văn Bản Pháp Luật
2025-06-23 09:06:40,247 - INFO - ✅ Đã lấy link: https://thuvienphapluat.vn/van-ban/Tai-nguyen-Moi-truong/Chi-thi-06-CT-UBND-2022-tang-cuong-bao-dam-an-toan-cong-trinh-thuy-loi-mua-mua-Hung-Yen-517048.aspx
2025-06-23 09:06:40,251 - INFO - ✅ Đã lấy link: https://thuvienphapluat.vn/van-ban/Tai-nguyen-Moi-truong/Chi-thi-10-CT-UBND-2022-tang-cuong-bao-dam-cong-trinh-thuy-loi-mua-mua-lu-Vinh-Long-512879.aspx
2025-06-23 09:06:40,255 - INFO - ✅ Đã lấy link: https://thuvienphapluat.vn/van-ban/Cong-nghe-thong-tin/Chi-thi-595-CT-UBND-2022-thuc-hien-thu-tuc-hanh-chinh-tren-moi-truong-dien-tu-Ha-Giang-516201.aspx
2025-06-23 09:06:40,258 - INFO - ✅ Đã lấy link: https://thuvienphapluat.vn/van-ban/Bo-may-hanh-chinh/Chi-thi-09-CT-UBND-2022-chan-chinh-cong-tac-tiep-cong-dan-giai-quyet-khieu-nai-Yen-Bai-513232.aspx
2025-06-23 09:06:40,262 - INFO - ✅ Đã lấy link: https://thuvienphapluat.vn/van-ban/Quyen-dan-su/Chi-thi-08-CT-UBND-2022-tuyen-chon-va-goi-cong-dan-nhap-ngu-Tien-Giang-2023-512201.aspx
2025-06-23 09:06:40,266 - INFO - ✅ Đã lấy link: https://thuvienphapluat.vn/van-ban/Cong-nghe-thong-tin/Chi-thi-03-CT-UBND-2022-phong-trao-toan-dan-bao-ve-an-ninh-To-quoc-khong-gian-mang-Quang-Ngai-554720.aspx
2025-06-23 09:06:40,270 - INFO - ✅ Đã lấy link: https://thuvienphapluat.vn/van-ban/Giao-duc/Chi-thi-08-CT-UBND-2022-chi-dao-cong-tac-tuyen-sinh-vao-cac-truong-mam-non-Ha-Noi-511885.aspx
2025-06-23 09:06:40,274 - INFO - ✅ Đã lấy link: https://thuvienphapluat.vn/van-ban/Bat-dong-san/Chi-thi-04-CT-UBND-2022-chan-chinh-cong-tac-quan-ly-dat-dai-Lao-Cai-514005.aspx
2025-06-23 09:06:40,277 - INFO - ✅ Đã lấy link: https://thuvienphapluat.vn/van-ban/Cong-nghe-thong-tin/Chi-thi-2-CT-TTg-2022-phat-trien-Chinh-phu-dien-tu-huong-toi-Chinh-phu-so-511477.aspx
2025-06-23 09:06:40,281 - INFO - ✅ Đã lấy link: https://thuvienphapluat.vn/van-ban/Tai-chinh-nha-nuoc/Chi-thi-04-CT-UBND-2022-tang-cuong-cong-tac-quan-ly-gia-Quang-Ninh-515512.aspx
2025-06-23 09:06:40,285 - INFO - ✅ Đã lấy link: https://thuvienphapluat.vn/van-ban/Chung-khoan/Chi-thi-01-CT-BTC-2022-chan-chinh-cung-cap-dich-vu-tren-thi-truong-trai-phieu-phat-hanh-rieng-le-511629.aspx
2025-06-23 09:06:40,288 - INFO - ✅ Đã lấy link: https://thuvienphapluat.vn/van-ban/Thue-Phi-Le-Phi/Chi-thi-08-CT-UBND-2022-tang-cuong-cong-tac-quan-ly-trong-linh-vuc-kinh-doanh-Quang-Binh-515618.aspx
2025-06-23 09:06:40,292 - INFO - ✅ Đã lấy link: https://thuvienphapluat.vn/van-ban/Giao-duc/Chi-thi-08-CT-UBND-2022-to-chuc-ky-thi-tot-nghiep-va-cong-tac-tuyen-sinh-Khanh-Hoa-513424.aspx
2025-06-23 09:06:40,296 - INFO - ✅ Đã lấy link: https://thuvienphapluat.vn/van-ban/Tai-nguyen-Moi-truong/Chi-thi-07-CT-UBND-2022-cong-tac-phong-chong-thien-tai-va-tim-kiem-cuu-nan-Ho-Chi-Minh-511712.aspx
2025-06-23 09:06:40,300 - INFO - ✅ Đã lấy link: https://thuvienphapluat.vn/van-ban/Tai-nguyen-Moi-truong/Chi-thi-03-CT-UBND-2022-tang-cuong-cong-tac-phong-chong-thien-tai-tim-kiem-cuu-nan-Phu-Tho-514841.aspx
2025-06-23 09:06:40,304 - INFO - ✅ Đã lấy link: https://thuvienphapluat.vn/van-ban/Van-hoa-Xa-hoi/Chi-thi-03-CT-UBND-2022-tang-cuong-lanh-dao-chi-dao-thuc-hien-cong-tac-thuong-binh-liet-si-Quang-Ninh-515511.aspx
2025-06-23 09:06:40,308 - INFO - ✅ Đã lấy link: https://thuvienphapluat.vn/van-ban/Dau-tu/Chi-thi-04-CT-UBND-2022-thuc-hien-ke-hoach-dau-tu-cong-Kien-Giang-514070.aspx
2025-06-23 09:06:40,312 - INFO - ✅ Đã lấy link: https://thuvienphapluat.vn/van-ban/Bo-may-hanh-chinh/Chi-thi-12-CT-UBND-2022-tang-cuong-cong-tac-lanh-dao-van-hoa-cong-vu-Vinh-Phuc-512982.aspx
2025-06-23 09:06:40,315 - INFO - ✅ Đã lấy link: https://thuvienphapluat.vn/van-ban/Tai-nguyen-Moi-truong/Chi-thi-04-CT-BCT-2022-tang-cuong-phong-chong-thien-tai-va-tim-kiem-cuu-nan-519778.aspx
2025-06-23 09:06:40,319 - INFO - ✅ Đã lấy link: https://thuvienphapluat.vn/van-ban/Tai-nguyen-Moi-truong/Chi-thi-06-CT-UBND-2022-tang-cuong-cong-tac-quan-ly-bao-ve-rung-Dong-Nai-515644.aspx
2025-06-23 09:06:40,319 - INFO - ➡️ Đang truy cập: https://thuvienphapluat.vn/page/tim-van-ban.aspx?keyword=&area=0&match=True&type=1&status=1&signer=0&sort=1&lan=1&scan=0&org=0&fields=&chlbg=23/06/1945&chlend=23/06/2035&page=85
2025-06-23 09:06:40,838 - INFO - ⏳ Chờ 4.74s giả lập người dùng...
2025-06-23 09:06:47,586 - INFO - 🧭 Tiêu đề trang: Tra cứu Văn Bản Pháp Luật
2025-06-23 09:06:47,601 - INFO - ✅ Đã lấy link: https://thuvienphapluat.vn/van-ban/Tai-nguyen-Moi-truong/Chi-thi-04-CT-UBND-2022-quan-ly-bao-dam-an-toan-cong-trinh-de-dieu-thuy-loi-Thai-Binh-510528.aspx
2025-06-23 09:06:47,605 - INFO - ✅ Đã lấy link: https://thuvienphapluat.vn/van-ban/Tai-nguyen-Moi-truong/Chi-thi-4-CT-UBND-2022-bao-dam-an-toan-cong-trinh-thuy-loi-trong-mua-mua-lu-Gia-Lai-509894.aspx
2025-06-23 09:06:47,609 - INFO - ✅ Đã lấy link: https://thuvienphapluat.vn/van-ban/Tai-nguyen-Moi-truong/Chi-thi-05-CT-UBND-2022-cong-tac-quan-ly-de-dieu-va-chuan-bi-san-sang-ho-de-chong-lu-bao-Hung-Yen-517047.aspx
2025-06-23 09:06:47,612 - INFO - ✅ Đã lấy link: https://thuvienphapluat.vn/van-ban/Tai-nguyen-Moi-truong/Chi-thi-02-CT-BTTTT-2022-cong-tac-phong-chong-thien-tai-tim-kiem-cuu-nan-509648.aspx
2025-06-23 09:06:47,616 - INFO - ✅ Đã lấy link: https://thuvienphapluat.vn/van-ban/Bo-may-hanh-chinh/Chi-thi-02-CT-UBND-2022-day-manh-Chuong-trinh-tong-the-cai-cach-hanh-chinh-Ca-Mau-510333.aspx
2025-06-23 09:06:47,620 - INFO - ✅ Đã lấy link: https://thuvienphapluat.vn/van-ban/Tai-nguyen-Moi-truong/Chi-thi-07-CT-UBND-2022-bao-dam-an-toan-cong-trinh-thuy-loi-chong-lu-bao-Yen-Bai-509544.aspx
2025-06-23 09:06:47,624 - INFO - ✅ Đã lấy link: https://thuvienphapluat.vn/van-ban/Tai-nguyen-Moi-truong/Chi-thi-07-CT-UBND-2022-cong-tac-phong-chong-thien-tai-tim-kiem-cuu-nan-Ha-Noi-509795.aspx
2025-06-23 09:06:47,628 - INFO - ✅ Đã lấy link: https://thuvienphapluat.vn/van-ban/Xuat-nhap-khau/Chi-thi-02-CT-BXD-2022-chuyen-doi-so-nganh-Xay-dung-509460.aspx
2025-06-23 09:06:47,631 - INFO - ✅ Đã lấy link: https://thuvienphapluat.vn/van-ban/Thue-Phi-Le-Phi/Chi-thi-07-CT-UBND-2022-hoa-don-dien-tu-Tien-Giang-510271.aspx
2025-06-23 09:06:47,635 - INFO - ✅ Đã lấy link: https://thuvienphapluat.vn/van-ban/Tai-nguyen-Moi-truong/Chi-thi-09-CT-UBND-2022-tang-cuong-cong-tac-quan-ly-de-dieu-cong-trinh-thuy-loi-Nam-Dinh-510124.aspx
2025-06-23 09:06:47,639 - INFO - ✅ Đã lấy link: https://thuvienphapluat.vn/van-ban/Bo-may-hanh-chinh/Chi-thi-08-CT-UBND-2022-tang-cuong-quan-ly-nha-nuoc-doi-voi-hoi-quan-chung-Nghe-An-510272.aspx
2025-06-23 09:06:47,642 - INFO - ✅ Đã lấy link: https://thuvienphapluat.vn/van-ban/Xay-dung-Do-thi/Chi-thi-03-CT-UBND-2022-quan-ly-trat-tu-xay-dung-khong-de-phat-sinh-vi-pham-moi-Dong-Thap-511669.aspx
2025-06-23 09:06:47,646 - INFO - ✅ Đã lấy link: https://thuvienphapluat.vn/van-ban/Bo-may-hanh-chinh/Chi-thi-02-CT-UBND-2022-tang-cuong-hieu-qua-tiep-cong-dan-tiep-nhan-xu-ly-khieu-nai-Tra-Vinh-512790.aspx
2025-06-23 09:06:47,649 - INFO - ✅ Đã lấy link: https://thuvienphapluat.vn/van-ban/Xay-dung-Do-thi/Chi-thi-02-CT-UBND-2022-tang-cuong-cong-tac-quan-ly-quy-hoach-xay-dung-Dak-Nong-511344.aspx
2025-06-23 09:06:47,653 - INFO - ✅ Đã lấy link: https://thuvienphapluat.vn/van-ban/Cong-nghe-thong-tin/Chi-thi-09-CT-UBND-2022-su-dung-dich-vu-buu-chinh-KT1-gui-tai-lieu-Vinh-Long-512878.aspx
2025-06-23 09:06:47,657 - INFO - ✅ Đã lấy link: https://thuvienphapluat.vn/van-ban/Tai-nguyen-Moi-truong/Chi-thi-06-CT-UBND-2022-tang-cuong-cong-tac-quan-ly-bao-ve-rung-Cao-Bang-519003.aspx
2025-06-23 09:06:47,660 - INFO - ✅ Đã lấy link: https://thuvienphapluat.vn/van-ban/Tai-chinh-nha-nuoc/Chi-thi-02-CT-UBND-2022-day-manh-thi-hanh-Luat-quan-ly-su-dung-tai-san-cong-Quang-Ninh-547979.aspx
2025-06-23 09:06:47,664 - INFO - ✅ Đã lấy link: https://thuvienphapluat.vn/van-ban/Linh-vuc-khac/Chi-thi-1838-CT-BNN-BVTV-2022-tang-cuong-quan-ly-ma-so-vung-trong-co-so-dong-goi-nong-san-508436.aspx
2025-06-23 09:06:47,668 - INFO - ✅ Đã lấy link: https://thuvienphapluat.vn/van-ban/Linh-vuc-khac/Chi-thi-2-CT-UBND-2022-nang-cao-chat-luong-nhiem-vu-khoa-hoc-cong-nghe-Bac-Giang-509358.aspx
2025-06-23 09:06:47,671 - INFO - ✅ Đã lấy link: https://thuvienphapluat.vn/van-ban/Tai-nguyen-Moi-truong/Chi-thi-06-CT-UBND-2022-thuc-hien-nep-song-van-minh-ve-sinh-moi-truong-Ha-Noi-508181.aspx
2025-06-23 09:06:47,671 - INFO - ➡️ Đang truy cập: https://thuvienphapluat.vn/page/tim-van-ban.aspx?keyword=&area=0&match=True&type=1&status=1&signer=0&sort=1&lan=1&scan=0&org=0&fields=&chlbg=23/06/1945&chlend=23/06/2035&page=86
2025-06-23 09:06:48,334 - INFO - ⏳ Chờ 4.18s giả lập người dùng...
2025-06-23 09:06:54,523 - INFO - 🧭 Tiêu đề trang: Tra cứu Văn Bản Pháp Luật
2025-06-23 09:06:54,539 - INFO - ✅ Đã lấy link: https://thuvienphapluat.vn/van-ban/Tien-te-Ngan-hang/Chi-thi-06-CT-UBND-2022-day-manh-thanh-toan-khong-dung-tien-mat-linh-vuc-kho-bac-Ho-Chi-Minh-508330.aspx
2025-06-23 09:06:54,542 - INFO - ✅ Đã lấy link: https://thuvienphapluat.vn/van-ban/Giao-thong-Van-tai/Chi-thi-11-CT-CTUBND-2022-kiem-soat-tai-trong-o-to-van-tai-hang-hoa-Vinh-Phuc-516913.aspx
2025-06-23 09:06:54,546 - INFO - ✅ Đã lấy link: https://thuvienphapluat.vn/van-ban/Van-hoa-Xa-hoi/Chi-thi-05-CT-UBND-2022-huong-ung-Bo-Tieu-chi-du-lich-xanh-Quang-Nam-507932.aspx
2025-06-23 09:06:54,549 - INFO - ✅ Đã lấy link: https://thuvienphapluat.vn/van-ban/Tai-nguyen-Moi-truong/Chi-thi-06-CT-UBND-2022-cong-tac-phong-chong-thien-tai-va-tim-kiem-cuu-nan-Tien-Giang-510270.aspx
2025-06-23 09:06:54,553 - INFO - ✅ Đã lấy link: https://thuvienphapluat.vn/van-ban/Quyen-dan-su/Chi-thi-06-CT-UBND-2022-tuyen-chon-goi-cong-dan-nhap-ngu-Vung-Tau-2023-508785.aspx
2025-06-23 09:06:54,557 - INFO - ✅ Đã lấy link: https://thuvienphapluat.vn/van-ban/Thue-Phi-Le-Phi/Chi-thi-03-CT-UBND-2022-trien-khai-hoa-don-dien-tu-Kien-Giang-509102.aspx
2025-06-23 09:06:54,560 - INFO - ✅ Đã lấy link: https://thuvienphapluat.vn/van-ban/Dau-tu/Chi-thi-02-CT-UBND-2022-day-nhanh-tien-do-thuc-hien-ke-hoach-von-dau-tu-cong-Quang-Tri-522157.aspx
2025-06-23 09:06:54,564 - INFO - ✅ Đã lấy link: https://thuvienphapluat.vn/van-ban/Tai-nguyen-Moi-truong/Chi-thi-07-CT-UBND-2022-bien-phap-phong-chay-chua-chay-rung-Nghe-An-510342.aspx
2025-06-23 09:06:54,568 - INFO - ✅ Đã lấy link: https://thuvienphapluat.vn/van-ban/Thue-Phi-Le-Phi/Chi-thi-02-CT-UBND-2022-trien-khai-hoa-don-dien-tu-Lam-Dong-507601.aspx
2025-06-23 09:06:54,571 - INFO - ✅ Đã lấy link: https://thuvienphapluat.vn/van-ban/Thue-Phi-Le-Phi/Chi-thi-07-CT-UBND-2022-trien-khai-hoa-don-dien-tu-Binh-Duong-510040.aspx
2025-06-23 09:06:54,575 - INFO - ✅ Đã lấy link: https://thuvienphapluat.vn/van-ban/Van-hoa-Xa-hoi/Chi-thi-05-CT-UBND-2022-thuc-hien-Thong-tu-124-2021-TT-BCA-Dong-Nai-511873.aspx
2025-06-23 09:06:54,578 - INFO - ✅ Đã lấy link: https://thuvienphapluat.vn/van-ban/Thue-Phi-Le-Phi/Chi-thi-04-CT-UBND-2022-trien-khai-hoa-don-dien-tu-Dong-Nai-511788.aspx
2025-06-23 09:06:54,582 - INFO - ✅ Đã lấy link: https://thuvienphapluat.vn/van-ban/Thue-Phi-Le-Phi/Chi-thi-03-CT-UBND-2022-hoa-don-dien-tu-Da-Nang-511023.aspx
2025-06-23 09:06:54,585 - INFO - ✅ Đã lấy link: https://thuvienphapluat.vn/van-ban/Tai-nguyen-Moi-truong/Chi-thi-1651-CT-BNN-PCTT-2022-tang-cuong-cong-tac-quan-ly-de-dieu-chong-lu-bao-509573.aspx
2025-06-23 09:06:54,589 - INFO - ✅ Đã lấy link: https://thuvienphapluat.vn/van-ban/Tai-nguyen-Moi-truong/Chi-thi-1652-CT-BNN-TCTL-2022-tang-cuong-an-toan-cong-trinh-thuy-loi-mua-mua-lu-507755.aspx
2025-06-23 09:06:54,593 - INFO - ✅ Đã lấy link: https://thuvienphapluat.vn/van-ban/Thue-Phi-Le-Phi/Chi-thi-04-CT-UBND-2022-trien-khai-hoa-don-dien-tu-Can-Tho-510858.aspx
2025-06-23 09:06:54,597 - INFO - ✅ Đã lấy link: https://thuvienphapluat.vn/van-ban/Thue-Phi-Le-Phi/Chi-thi-06-CT-UBND-2022-hoa-don-dien-tu-Ninh-Thuan-510452.aspx
2025-06-23 09:06:54,600 - INFO - ✅ Đã lấy link: https://thuvienphapluat.vn/van-ban/Tai-nguyen-Moi-truong/Chi-thi-07-CT-UBND-2022-cong-tac-phong-chong-thien-tai-tim-kiem-cuu-nan-Khanh-Hoa-508700.aspx
2025-06-23 09:06:54,604 - INFO - ✅ Đã lấy link: https://thuvienphapluat.vn/van-ban/Dau-tu/Chi-thi-02-CT-BTP-2022-thuc-hien-ke-hoach-dau-tu-cong-trung-han-2021-2025-506903.aspx
2025-06-23 09:06:54,608 - INFO - ✅ Đã lấy link: https://thuvienphapluat.vn/van-ban/Thuong-mai/Chi-thi-05-CT-UBND-2022-quan-ly-thue-doi-voi-kinh-doanh-tren-nen-tang-so-Quang-Binh-510965.aspx
2025-06-23 09:06:54,608 - INFO - ➡️ Đang truy cập: https://thuvienphapluat.vn/page/tim-van-ban.aspx?keyword=&area=0&match=True&type=1&status=1&signer=0&sort=1&lan=1&scan=0&org=0&fields=&chlbg=23/06/1945&chlend=23/06/2035&page=87
2025-06-23 09:06:55,141 - INFO - ⏳ Chờ 3.73s giả lập người dùng...
2025-06-23 09:07:00,881 - INFO - 🧭 Tiêu đề trang: Tra cứu Văn Bản Pháp Luật
2025-06-23 09:07:00,897 - INFO - ✅ Đã lấy link: https://thuvienphapluat.vn/van-ban/Bo-may-hanh-chinh/Chi-thi-08-CT-UBND-2022-doi-moi-cong-tac-dan-van-cua-co-quan-hanh-chinh-nha-nuoc-Vinh-Long-507805.aspx
2025-06-23 09:07:00,900 - INFO - ✅ Đã lấy link: https://thuvienphapluat.vn/van-ban/Thu-tuc-To-tung/Chi-thi-02-2022-CT-CA-cong-tac-hoa-giai-doi-thoai-theo-Luat-hoa-giai-doi-thoai-tai-Toa-an-508973.aspx
2025-06-23 09:07:00,904 - INFO - ✅ Đã lấy link: https://thuvienphapluat.vn/van-ban/Thue-Phi-Le-Phi/Chi-thi-05-CT-UBND-2022-trien-khai-hoa-don-dien-tu-Thua-Thien-Hue-506862.aspx
2025-06-23 09:07:00,908 - INFO - ✅ Đã lấy link: https://thuvienphapluat.vn/van-ban/Van-hoa-Xa-hoi/Chi-thi-04-CT-UBND-2022-tang-cuong-cong-tac-dan-so-ke-hoach-hoa-gia-dinh-Quang-Binh-511024.aspx
2025-06-23 09:07:00,912 - INFO - ✅ Đã lấy link: https://thuvienphapluat.vn/van-ban/Thue-Phi-Le-Phi/Chi-thi-06-CT-UBND-2022-trien-khai-hoa-don-dien-tu-Khanh-Hoa-508792.aspx
2025-06-23 09:07:00,916 - INFO - ✅ Đã lấy link: https://thuvienphapluat.vn/van-ban/Tai-nguyen-Moi-truong/Chi-thi-05-CT-UBND-2022-cong-tac-phong-chong-thien-tai-va-tim-kiem-cuu-nan-Hai-Phong-516635.aspx
2025-06-23 09:07:00,920 - INFO - ✅ Đã lấy link: https://thuvienphapluat.vn/van-ban/Bat-dong-san/Chi-thi-10-CT-UBND-2022-tang-cuong-quan-ly-hoat-dong-kinh-doanh-bat-dong-san-Vinh-Phuc-508184.aspx
2025-06-23 09:07:00,924 - INFO - ✅ Đã lấy link: https://thuvienphapluat.vn/van-ban/Xay-dung-Do-thi/Chi-thi-06-CT-UBND-2022-tang-cuong-quan-ly-quy-hoach-phat-trien-do-thi-Son-La-506667.aspx
2025-06-23 09:07:00,928 - INFO - ✅ Đã lấy link: https://thuvienphapluat.vn/van-ban/Bao-hiem/Chi-thi-06-CT-UBND-2022-day-manh-bao-hiem-xa-hoi-bao-hiem-y-te-toan-dan-Binh-Duong-506643.aspx
2025-06-23 09:07:00,931 - INFO - ✅ Đã lấy link: https://thuvienphapluat.vn/van-ban/Xay-dung-Do-thi/Chi-thi-05-CT-UBND-2022-day-nhanh-tien-do-lap-cac-do-an-quy-hoach-xay-dung-Vung-Tau-508784.aspx
2025-06-23 09:07:00,935 - INFO - ✅ Đã lấy link: https://thuvienphapluat.vn/van-ban/Cong-nghe-thong-tin/Chi-thi-05-CT-UBND-2022-cong-tac-quan-ly-tan-so-vo-tuyen-dien-Ninh-Thuan-510464.aspx
2025-06-23 09:07:00,938 - INFO - ✅ Đã lấy link: https://thuvienphapluat.vn/van-ban/Bat-dong-san/Chi-thi-02-CT-UBND-2022-tang-cuong-quan-ly-dat-dai-Quang-Binh-511022.aspx
2025-06-23 09:07:00,942 - INFO - ✅ Đã lấy link: https://thuvienphapluat.vn/van-ban/Bo-may-hanh-chinh/Chi-thi-08-CT-UBND-2022-day-manh-cai-cach-hanh-chinh-Vinh-Phuc-2022-2025-508182.aspx
2025-06-23 09:07:00,946 - INFO - ✅ Đã lấy link: https://thuvienphapluat.vn/van-ban/Tai-nguyen-Moi-truong/Chi-thi-1-CT-UBND-2022-dien-tap-phong-chong-thien-tai-tim-kiem-cuu-nan-Bac-Giang-509357.aspx
2025-06-23 09:07:00,949 - INFO - ✅ Đã lấy link: https://thuvienphapluat.vn/van-ban/Bo-may-hanh-chinh/Chi-thi-02-CT-UBND-2022-cong-tac-quoc-phong-dia-phuong-Kien-Giang-508662.aspx
2025-06-23 09:07:00,953 - INFO - ✅ Đã lấy link: https://thuvienphapluat.vn/van-ban/Dau-tu/Chi-thi-07-CT-UBND-2022-day-nhanh-thuc-hien-ke-hoach-von-dau-tu-cong-Vinh-Long-507804.aspx
2025-06-23 09:07:00,957 - INFO - ✅ Đã lấy link: https://thuvienphapluat.vn/van-ban/Xay-dung-Do-thi/Chi-thi-04-CT-UBND-2022-trach-nhiem-cua-cac-don-vi-trong-xay-dung-nong-thon-moi-Kon-Tum-509040.aspx
2025-06-23 09:07:00,961 - INFO - ✅ Đã lấy link: https://thuvienphapluat.vn/van-ban/Dau-tu/Chi-thi-07-CT-CTUBND-2022-nang-cao-chat-luong-cong-trinh-du-an-giao-thong-Vinh-Phuc-508032.aspx
2025-06-23 09:07:00,965 - INFO - ✅ Đã lấy link: https://thuvienphapluat.vn/van-ban/Cong-nghe-thong-tin/Chi-thi-04-CT-UBND-2022-giai-quyet-thu-tuc-hanh-chinh-tren-moi-truong-dien-tu-Quang-Nam-505122.aspx
2025-06-23 09:07:00,968 - INFO - ✅ Đã lấy link: https://thuvienphapluat.vn/van-ban/Tai-chinh-nha-nuoc/Chi-thi-03-CT-UBND-2022-cong-tac-thu-ngan-sach-nha-nuoc-Gia-Lai-505208.aspx
2025-06-23 09:07:00,968 - INFO - ➡️ Đang truy cập: https://thuvienphapluat.vn/page/tim-van-ban.aspx?keyword=&area=0&match=True&type=1&status=1&signer=0&sort=1&lan=1&scan=0&org=0&fields=&chlbg=23/06/1945&chlend=23/06/2035&page=88
2025-06-23 09:07:01,519 - INFO - ⏳ Chờ 3.68s giả lập người dùng...
2025-06-23 09:07:07,209 - INFO - 🧭 Tiêu đề trang: Tra cứu Văn Bản Pháp Luật
2025-06-23 09:07:07,224 - INFO - ✅ Đã lấy link: https://thuvienphapluat.vn/van-ban/Bo-may-hanh-chinh/Chi-thi-03-CT-VKSTC-2022-thanh-tra-trong-nganh-Kiem-sat-nhan-dan-505172.aspx
2025-06-23 09:07:07,227 - INFO - ✅ Đã lấy link: https://thuvienphapluat.vn/van-ban/Tai-nguyen-Moi-truong/Chi-thi-04-CT-UBND-2022-cong-tac-phong-chong-thien-tai-va-tim-kiem-cuu-nan-Yen-Bai-505081.aspx
2025-06-23 09:07:07,231 - INFO - ✅ Đã lấy link: https://thuvienphapluat.vn/van-ban/Cong-nghe-thong-tin/Chi-thi-05-CT-UBND-2022-tang-cuong-bao-dam-an-toan-an-ninh-mang-Yen-Bai-508154.aspx
2025-06-23 09:07:07,235 - INFO - ✅ Đã lấy link: https://thuvienphapluat.vn/van-ban/Giao-duc/Chi-thi-04-CT-UBND-2022-day-manh-cong-tac-khuyen-hoc-khuyen-tai-Hai-Phong-517079.aspx
2025-06-23 09:07:07,238 - INFO - ✅ Đã lấy link: https://thuvienphapluat.vn/van-ban/The-thao-Y-te/Chi-thi-03-CT-BYT-2022-cong-tac-quoc-phong-trong-nganh-Y-te-504603.aspx
2025-06-23 09:07:07,242 - INFO - ✅ Đã lấy link: https://thuvienphapluat.vn/van-ban/The-thao-Y-te/Chi-thi-05-CT-UBND-2022-tang-cuong-phong-ngua-ngo-doc-thuc-pham-Binh-Duong-510030.aspx
2025-06-23 09:07:07,246 - INFO - ✅ Đã lấy link: https://thuvienphapluat.vn/van-ban/Thuong-mai/Chi-thi-04-CT-UBND-2022-thi-dua-thuc-hien-nhiem-vu-phat-trien-kinh-te-xa-hoi-Binh-Duong-510338.aspx
2025-06-23 09:07:07,249 - INFO - ✅ Đã lấy link: https://thuvienphapluat.vn/van-ban/Bo-may-hanh-chinh/Chi-thi-06-CT-UBND-2022-tang-cuong-thuc-hien-cong-tac-tiep-cong-dan-Vinh-Long-507953.aspx
2025-06-23 09:07:07,253 - INFO - ✅ Đã lấy link: https://thuvienphapluat.vn/van-ban/Cong-nghe-thong-tin/Chi-thi-05-CT-UBND-2022-thuc-hien-nhiem-vu-chuyen-doi-so-co-quan-nha-nuoc-Nghe-An-510209.aspx
2025-06-23 09:07:07,256 - INFO - ✅ Đã lấy link: https://thuvienphapluat.vn/van-ban/Bo-may-hanh-chinh/Chi-thi-03-CT-UBND-2022-tang-cuong-cong-tac-dan-van-trong-tinh-hinh-moi-Hung-Yen-508026.aspx
2025-06-23 09:07:07,260 - INFO - ✅ Đã lấy link: https://thuvienphapluat.vn/van-ban/Bo-may-hanh-chinh/Chi-thi-05-CT-UBND-2022-cong-tac-quoc-phong-dia-phuong-Tien-Giang-507653.aspx
2025-06-23 09:07:07,263 - INFO - ✅ Đã lấy link: https://thuvienphapluat.vn/van-ban/Thuong-mai/Chi-thi-04-CT-UBND-2022-tap-trung-thuc-hien-hieu-qua-cac-nhiem-vu-Thanh-Hoa-516526.aspx
2025-06-23 09:07:07,267 - INFO - ✅ Đã lấy link: https://thuvienphapluat.vn/van-ban/Tai-nguyen-Moi-truong/Chi-thi-03-CT-UBND-2022-phong-chong-thien-tai-tim-kiem-cuu-nan-Dien-Bien-503867.aspx
2025-06-23 09:07:07,270 - INFO - ✅ Đã lấy link: https://thuvienphapluat.vn/van-ban/Dau-tu/Chi-thi-04-CT-UBND-2022-quyet-toan-von-dau-tu-cong-Thua-Thien-Hue-505236.aspx
2025-06-23 09:07:07,274 - INFO - ✅ Đã lấy link: https://thuvienphapluat.vn/van-ban/Bo-may-hanh-chinh/Chi-thi-04-CT-UBND-2022-cong-tac-quan-su-dia-phuong-Vinh-Long-507961.aspx
2025-06-23 09:07:07,278 - INFO - ✅ Đã lấy link: https://thuvienphapluat.vn/van-ban/Bo-may-hanh-chinh/Chi-thi-04-CT-UBND-2022-nang-cao-nang-luc-hoat-dong-thong-ke-Ha-Tinh-507263.aspx
2025-06-23 09:07:07,281 - INFO - ✅ Đã lấy link: https://thuvienphapluat.vn/van-ban/Bo-may-hanh-chinh/Chi-thi-04-CT-UBND-2022-tang-cuong-cong-tac-hoa-giai-o-co-so-Cao-Bang-519427.aspx
2025-06-23 09:07:07,285 - INFO - ✅ Đã lấy link: https://thuvienphapluat.vn/van-ban/Tai-chinh-nha-nuoc/Chi-thi-03-CT-UBND-2022-thuc-hien-nhiem-vu-thu-ngan-sach-nha-nuoc-Vinh-Long-507951.aspx
2025-06-23 09:07:07,289 - INFO - ✅ Đã lấy link: https://thuvienphapluat.vn/van-ban/Tai-nguyen-Moi-truong/Chi-thi-04-CT-UBND-2022-cong-tac-phong-chong-thien-tai-tim-kiem-cuu-nan-Lai-Chau-509167.aspx
2025-06-23 09:07:07,292 - INFO - ✅ Đã lấy link: https://thuvienphapluat.vn/van-ban/Dau-tu/Chi-thi-01-CT-BXD-2022-day-nhanh-tien-do-thuc-hien-cac-du-an-dau-tu-thuoc-Bo-Xay-dung-503651.aspx
2025-06-23 09:07:07,292 - INFO - ➡️ Đang truy cập: https://thuvienphapluat.vn/page/tim-van-ban.aspx?keyword=&area=0&match=True&type=1&status=1&signer=0&sort=1&lan=1&scan=0&org=0&fields=&chlbg=23/06/1945&chlend=23/06/2035&page=89
2025-06-23 09:07:07,846 - INFO - ⏳ Chờ 4.98s giả lập người dùng...
2025-06-23 09:07:14,835 - INFO - 🧭 Tiêu đề trang: Tra cứu Văn Bản Pháp Luật
2025-06-23 09:07:14,850 - INFO - ✅ Đã lấy link: https://thuvienphapluat.vn/van-ban/Giao-thong-Van-tai/Chi-thi-05-CT-CTUBND-2022-nhiem-vu-trong-tam-bao-dam-trat-tu-an-toan-giao-thong-Vinh-Phuc-508031.aspx
2025-06-23 09:07:14,854 - INFO - ✅ Đã lấy link: https://thuvienphapluat.vn/van-ban/Linh-vuc-khac/Chi-thi-05-CT-UBND-2022-tang-cuong-cong-tac-quan-ly-phat-trien-nuoi-trong-thuy-san-Ha-Noi-503083.aspx
2025-06-23 09:07:14,858 - INFO - ✅ Đã lấy link: https://thuvienphapluat.vn/van-ban/The-thao-Y-te/Chi-thi-03-CT-UBND-2022-tang-cuong-bien-phap-phong-chong-dich-COVID19-Hai-Duong-507484.aspx
2025-06-23 09:07:14,861 - INFO - ✅ Đã lấy link: https://thuvienphapluat.vn/van-ban/Linh-vuc-khac/Chi-thi-04-CT-UBND-2022-trien-khai-phong-chong-dich-benh-gia-suc-gia-cam-Ha-Noi-503388.aspx
2025-06-23 09:07:14,865 - INFO - ✅ Đã lấy link: https://thuvienphapluat.vn/van-ban/Tai-chinh-nha-nuoc/Chi-thi-439-CT-TCHQ-2022-giai-phap-tao-thuan-loi-thuong-mai-chong-that-thu-ngan-sach-502719.aspx
2025-06-23 09:07:14,868 - INFO - ✅ Đã lấy link: https://thuvienphapluat.vn/van-ban/Tai-chinh-nha-nuoc/Chi-thi-04-CT-UBND-2022-tang-cuong-cong-tac-thu-ngan-sach-nha-nuoc-Tien-Giang-507652.aspx
2025-06-23 09:07:14,872 - INFO - ✅ Đã lấy link: https://thuvienphapluat.vn/van-ban/Tai-nguyen-Moi-truong/Chi-thi-05-CT-UBND-2022-tang-cuong-bien-phap-cap-bach-quan-ly-bao-ve-rung-Son-La-506578.aspx
2025-06-23 09:07:14,876 - INFO - ✅ Đã lấy link: https://thuvienphapluat.vn/van-ban/The-thao-Y-te/Chi-thi-03-CT-UBND-2022-tang-cuong-cham-soc-tre-em-bi-anh-huong-COVID19-Dong-Nai-506067.aspx
2025-06-23 09:07:14,879 - INFO - ✅ Đã lấy link: https://thuvienphapluat.vn/van-ban/Tai-chinh-nha-nuoc/Chi-thi-03-CT-UBND-2022-dieu-hanh-thu-chi-ngan-sach-nha-nuoc-Can-Tho-504747.aspx
2025-06-23 09:07:14,883 - INFO - ✅ Đã lấy link: https://thuvienphapluat.vn/van-ban/Bo-may-hanh-chinh/Chi-thi-05-CT-UBND-2022-phat-dong-phong-trao-thi-dua-yeu-nuoc-Ho-Chi-Minh-504748.aspx
2025-06-23 09:07:14,886 - INFO - ✅ Đã lấy link: https://thuvienphapluat.vn/van-ban/Thuong-mai/Chi-thi-01-CT-TTg-2022-thuc-hien-hieu-qua-nhiem-vu-sau-ky-nghi-Tet-Nguyen-dan-Nham-Dan-502275.aspx
2025-06-23 09:07:14,890 - INFO - ✅ Đã lấy link: https://thuvienphapluat.vn/van-ban/Xuat-nhap-khau/Chi-thi-384-CT-TCHQ-2022-day-manh-cai-cach-hanh-chinh-huong-toi-hai-quan-phi-giay-to-503137.aspx
2025-06-23 09:07:14,894 - INFO - ✅ Đã lấy link: https://thuvienphapluat.vn/van-ban/Bo-may-hanh-chinh/Chi-thi-03-CT-UBND-2022-nang-cao-chat-luong-cong-tac-xay-dung-he-thong-phap-luat-Vung-Tau-508985.aspx
2025-06-23 09:07:14,897 - INFO - ✅ Đã lấy link: https://thuvienphapluat.vn/van-ban/Bo-may-hanh-chinh/Chi-thi-02-CT-UBND-2022-tang-cuong-ky-cuong-hanh-chinh-can-bo-cong-chuc-Can-Tho-504387.aspx
2025-06-23 09:07:14,901 - INFO - ✅ Đã lấy link: https://thuvienphapluat.vn/van-ban/Bo-may-hanh-chinh/Chi-thi-04-CT-UBND-2022-nang-cao-cong-tac-xay-dung-hoan-thien-he-thong-phap-luat-Vung-Tau-502617.aspx
2025-06-23 09:07:14,905 - INFO - ✅ Đã lấy link: https://thuvienphapluat.vn/van-ban/Linh-vuc-khac/Chi-thi-03-CT-UBND-2022-bien-phap-phong-chong-dich-benh-dong-vat-Kon-Tum-502484.aspx
2025-06-23 09:07:14,909 - INFO - ✅ Đã lấy link: https://thuvienphapluat.vn/van-ban/Linh-vuc-khac/Chi-thi-02-CT-UBND-2022-tang-cuong-phong-chong-sinh-vat-hai-cay-trong-Kon-Tum-502483.aspx
2025-06-23 09:07:14,912 - INFO - ✅ Đã lấy link: https://thuvienphapluat.vn/van-ban/Dau-tu/Chi-thi-01-CT-BGTVT-2022-day-nhanh-tien-do-thuc-hien-giai-ngan-ke-hoach-dau-tu-cong-502128.aspx
2025-06-23 09:07:14,916 - INFO - ✅ Đã lấy link: https://thuvienphapluat.vn/van-ban/Tai-chinh-nha-nuoc/Chi-thi-02-CT-UBND-2022-thuc-hien-du-toan-ngan-sach-nha-nuoc-Khanh-Hoa-508519.aspx
2025-06-23 09:07:14,919 - INFO - ✅ Đã lấy link: https://thuvienphapluat.vn/van-ban/The-thao-Y-te/Chi-thi-02-CT-UBND-2022-dieu-chinh-bien-phap-thich-ung-an-toan-COVID19-Dong-Nai-506058.aspx
2025-06-23 09:07:14,919 - INFO - ➡️ Đang truy cập: https://thuvienphapluat.vn/page/tim-van-ban.aspx?keyword=&area=0&match=True&type=1&status=1&signer=0&sort=1&lan=1&scan=0&org=0&fields=&chlbg=23/06/1945&chlend=23/06/2035&page=90
2025-06-23 09:07:15,531 - INFO - ⏳ Chờ 3.70s giả lập người dùng...
2025-06-23 09:07:21,236 - INFO - 🧭 Tiêu đề trang: Tra cứu Văn Bản Pháp Luật
2025-06-23 09:07:21,252 - INFO - ✅ Đã lấy link: https://thuvienphapluat.vn/van-ban/Lao-dong-Tien-luong/Chi-thi-02-CT-UBND-2022-tang-cuong-quan-ly-chat-luong-lao-dong-thi-cong-xay-dung-An-Giang-508311.aspx
2025-06-23 09:07:21,256 - INFO - ✅ Đã lấy link: https://thuvienphapluat.vn/van-ban/Bo-may-hanh-chinh/Chi-thi-02-CT-UBND-2022-tang-cuong-cong-tac-xay-dung-va-hoan-thien-the-che-Hung-Yen-517046.aspx
2025-06-23 09:07:21,260 - INFO - ✅ Đã lấy link: https://thuvienphapluat.vn/van-ban/Cong-nghe-thong-tin/Chi-thi-04-CT-UBND-2022-thuc-day-chuyen-doi-so-Vinh-Phuc-508253.aspx
2025-06-23 09:07:21,263 - INFO - ✅ Đã lấy link: https://thuvienphapluat.vn/van-ban/Tai-chinh-nha-nuoc/Chi-thi-02-CT-UBND-2022-to-chuc-thuc-hien-du-toan-ngan-sach-nha-nuoc-Binh-Duong-509991.aspx
2025-06-23 09:07:21,267 - INFO - ✅ Đã lấy link: https://thuvienphapluat.vn/van-ban/Linh-vuc-khac/Chi-thi-653-CT-BNN-BVTV-2022-su-dung-phan-bon-tiet-kiem-can-doi-hieu-qua-505734.aspx
2025-06-23 09:07:21,270 - INFO - ✅ Đã lấy link: https://thuvienphapluat.vn/van-ban/Van-hoa-Xa-hoi/Chi-thi-03-CT-UBND-2022-su-dung-vu-khi-vat-lieu-no-cong-cu-ho-tro-va-phao-Quang-Nam-505433.aspx
2025-06-23 09:07:21,274 - INFO - ✅ Đã lấy link: https://thuvienphapluat.vn/van-ban/Bo-may-hanh-chinh/Chi-thi-03-CT-UBND-2022-tiep-tuc-tang-cuong-va-doi-moi-cong-tac-dan-van-cua-co-quan-Ha-Tinh-507274.aspx
2025-06-23 09:07:21,278 - INFO - ✅ Đã lấy link: https://thuvienphapluat.vn/van-ban/Bo-may-hanh-chinh/Chi-thi-04-CT-UBND-2022-doi-moi-cong-tac-dan-van-trong-co-quan-hanh-chinh-Ho-Chi-Minh-502618.aspx
2025-06-23 09:07:21,281 - INFO - ✅ Đã lấy link: https://thuvienphapluat.vn/van-ban/Bao-hiem/Chi-thi-04-CT-UBND-2022-tang-cuong-cong-tac-thu-ngan-sach-va-bao-hiem-xa-hoi-Nghe-An-514324.aspx
2025-06-23 09:07:21,285 - INFO - ✅ Đã lấy link: https://thuvienphapluat.vn/van-ban/Dau-tu/Chi-thi-03-CT-UBND-2022-day-nhanh-tien-do-thuc-hien-giai-ngan-ke-hoach-von-dau-tu-cong-Thanh-Hoa-516523.aspx
2025-06-23 09:07:21,289 - INFO - ✅ Đã lấy link: https://thuvienphapluat.vn/van-ban/The-thao-Y-te/Chi-thi-03-CT-UBND-2022-tang-cuong-phong-chong-dich-benh-dip-Tet-Ha-Noi-501353.aspx
2025-06-23 09:07:21,292 - INFO - ✅ Đã lấy link: https://thuvienphapluat.vn/van-ban/Tai-nguyen-Moi-truong/Chi-thi-03-CT-UBND-2022-tang-cuong-phong-chong-thien-tai-va-tim-kiem-cuu-nan-Lao-Cai-501582.aspx
2025-06-23 09:07:21,295 - INFO - ✅ Đã lấy link: https://thuvienphapluat.vn/van-ban/Tai-nguyen-Moi-truong/Chi-thi-02-CT-BYT-2022-phong-chong-thien-tai-va-tim-kiem-cuu-nan-trong-nganh-y-te-501021.aspx
2025-06-23 09:07:21,299 - INFO - ✅ Đã lấy link: https://thuvienphapluat.vn/van-ban/Thuong-mai/Chi-so-03-CT-UBND-2022-nhiem-vu-giai-phap-trong-tam-phat-trien-kinh-te-xa-hoi-Hoa-Binh-516972.aspx
2025-06-23 09:07:21,303 - INFO - ✅ Đã lấy link: https://thuvienphapluat.vn/van-ban/Bo-may-hanh-chinh/Chi-thi-02-CT-UBND-2022-day-manh-cong-tac-cai-cach-hanh-chinh-Tuyen-Quang-501107.aspx
2025-06-23 09:07:21,307 - INFO - ✅ Đã lấy link: https://thuvienphapluat.vn/van-ban/Bo-may-hanh-chinh/Chi-thi-02-CT-UBND-2022-doi-moi-cong-tac-dan-van-co-quan-hanh-chinh-tinh-hinh-moi-Ha-Noi-501237.aspx
2025-06-23 09:07:21,310 - INFO - ✅ Đã lấy link: https://thuvienphapluat.vn/van-ban/Van-hoa-Xa-hoi/Chi-thi-03-CT-UBND-2022-cham-lo-Tet-Nham-Dan-Ho-Chi-Minh-508697.aspx
2025-06-23 09:07:21,314 - INFO - ✅ Đã lấy link: https://thuvienphapluat.vn/van-ban/Thuong-mai/Chi-thi-02-CT-UBND-2022-thuc-hien-Nghi-quyet-02-NQ-CP-cai-thien-moi-truong-kinh-doanh-Bac-Ninh-509673.aspx
2025-06-23 09:07:21,318 - INFO - ✅ Đã lấy link: https://thuvienphapluat.vn/van-ban/Cong-nghe-thong-tin/Chi-thi-01-CT-BTTTT-2022-dinh-huong-phat-trien-nganh-Thong-tin-Truyen-thong-556434.aspx
2025-06-23 09:07:21,322 - INFO - ✅ Đã lấy link: https://thuvienphapluat.vn/van-ban/Lao-dong-Tien-luong/Chi-thi-13-CT-TW-2022-lanh-dao-dai-hoi-cong-doan-cac-cap-501610.aspx
2025-06-23 09:07:21,322 - INFO - ➡️ Đang truy cập: https://thuvienphapluat.vn/page/tim-van-ban.aspx?keyword=&area=0&match=True&type=1&status=1&signer=0&sort=1&lan=1&scan=0&org=0&fields=&chlbg=23/06/1945&chlend=23/06/2035&page=91
2025-06-23 09:07:22,138 - INFO - ⏳ Chờ 5.06s giả lập người dùng...
2025-06-23 09:07:29,205 - INFO - 🧭 Tiêu đề trang: Tra cứu Văn Bản Pháp Luật
2025-06-23 09:07:29,220 - INFO - ✅ Đã lấy link: https://thuvienphapluat.vn/van-ban/Quyen-dan-su/Chi-thi-02-CT-UBND-2022-tuyen-chon-goi-nhap-ngu-tham-gia-Cong-an-nhan-dan-Ho-Chi-Minh-500834.aspx
2025-06-23 09:07:29,224 - INFO - ✅ Đã lấy link: https://thuvienphapluat.vn/van-ban/Bo-may-hanh-chinh/Chi-thi-01-CT-UBND-2022-ky-luat-hanh-chinh-can-bo-cong-chuc-vien-chuc-Ha-Noi-501085.aspx
2025-06-23 09:07:29,228 - INFO - ✅ Đã lấy link: https://thuvienphapluat.vn/van-ban/Thuong-mai/Chi-thi-01-CT-UBND-2022-phat-trien-mang-luoi-buon-ban-le-ha-tang-thuong-mai-Can-Tho-500611.aspx
2025-06-23 09:07:29,232 - INFO - ✅ Đã lấy link: https://thuvienphapluat.vn/van-ban/Tai-nguyen-Moi-truong/Chi-thi-03-CT-UBND-2022-tang-cuong-phong-chay-chua-chay-cuu-nan-cuu-ho-Son-La-504186.aspx
2025-06-23 09:07:29,236 - INFO - ✅ Đã lấy link: https://thuvienphapluat.vn/van-ban/Tien-te-Ngan-hang/Chi-thi-02-CT-NHNN-2022-day-manh-chuyen-doi-so-vao-bao-dam-an-ninh-hoat-dong-ngan-hang-500763.aspx
2025-06-23 09:07:29,240 - INFO - ✅ Đã lấy link: https://thuvienphapluat.vn/van-ban/Bo-may-hanh-chinh/Chi-thi-02-CT-UBND-2022-doi-moi-cong-tac-dan-van-cua-co-quan-hanh-chinh-nha-nuoc-Da-Nang-504934.aspx
2025-06-23 09:07:29,244 - INFO - ✅ Đã lấy link: https://thuvienphapluat.vn/van-ban/Tai-chinh-nha-nuoc/Chi-thi-01-CT-UBND-2022-to-chuc-quan-ly-ngan-sach-nha-nuoc-Vung-Tau-508984.aspx
2025-06-23 09:07:29,247 - INFO - ✅ Đã lấy link: https://thuvienphapluat.vn/van-ban/Tai-nguyen-Moi-truong/Chi-thi-01-CT-UBND-2022-tang-cuong-quan-ly-bao-ve-rung-va-phong-chay-chua-chay-rung-Kon-Tum-521447.aspx
2025-06-23 09:07:29,251 - INFO - ✅ Đã lấy link: https://thuvienphapluat.vn/van-ban/The-thao-Y-te/Chi-thi-01-CT-BYT-2022-tang-cuong-cac-bien-phap-phong-chong-dich-benh-dip-Tet-500285.aspx
2025-06-23 09:07:29,255 - INFO - ✅ Đã lấy link: https://thuvienphapluat.vn/van-ban/Thuong-mai/Chi-thi-01-CT-UBND-2022-thuc-hien-nhiem-vu-phat-trien-kinh-te-xa-hoi-Ho-Chi-Minh-500940.aspx
2025-06-23 09:07:29,258 - INFO - ✅ Đã lấy link: https://thuvienphapluat.vn/van-ban/Tai-chinh-nha-nuoc/Chi-thi-04-CT-UBND-2022-tang-cuong-bien-phap-quan-ly-thu-ngan-sach-Ninh-Thuan-504106.aspx
2025-06-23 09:07:29,262 - INFO - ✅ Đã lấy link: https://thuvienphapluat.vn/van-ban/Cong-nghe-thong-tin/Chi-thi-01-CT-UBND-2022-khan-truong-nang-cao-chi-so-chinh-quyen-so-Dak-Nong-505552.aspx
2025-06-23 09:07:29,266 - INFO - ✅ Đã lấy link: https://thuvienphapluat.vn/van-ban/Tai-nguyen-Moi-truong/Chi-thi-02-CT-UBND-2022-tang-cuong-bien-phap-quan-ly-bao-ve-rung-Vinh-Phuc-513057.aspx
2025-06-23 09:07:29,270 - INFO - ✅ Đã lấy link: https://thuvienphapluat.vn/van-ban/Dau-tu/Chi-thi-01-CT-UBND-2022-thuc-hien-ke-hoach-phat-trien-kinh-te-xa-hoi-Vinh-Long-517762.aspx
2025-06-23 09:07:29,274 - INFO - ✅ Đã lấy link: https://thuvienphapluat.vn/van-ban/Tai-chinh-nha-nuoc/Chi-thi-01-CT-UBND-2022-cong-tac-quan-ly-thu-ngan-sach-nha-nuoc-Quang-Nam-505431.aspx
2025-06-23 09:07:29,278 - INFO - ✅ Đã lấy link: https://thuvienphapluat.vn/van-ban/Bo-may-hanh-chinh/Chi-thi-02-CT-UBND-2022-chan-chinh-cong-tac-van-thu-luu-tru-Thanh-Hoa-516522.aspx
2025-06-23 09:07:29,282 - INFO - ✅ Đã lấy link: https://thuvienphapluat.vn/van-ban/Thuong-mai/Chi-thi-01-CT-UBND-2022-nhiem-vu-trong-tam-phat-trien-kinh-te-xa-hoi-Bac-Ninh-514151.aspx
2025-06-23 09:07:29,285 - INFO - ✅ Đã lấy link: https://thuvienphapluat.vn/van-ban/Bo-may-hanh-chinh/Chi-thi-02-CT-UBND-2022-thuc-hien-nhiem-vu-quoc-phong-quan-su-Nam-Dinh-503668.aspx
2025-06-23 09:07:29,289 - INFO - ✅ Đã lấy link: https://thuvienphapluat.vn/van-ban/Xay-dung-Do-thi/Chi-thi-01-CT-UBND-2022-tang-cuong-chat-luong-lap-tham-dinh-quy-hoach-xay-dung-Binh-Dinh-502937.aspx
2025-06-23 09:07:29,293 - INFO - ✅ Đã lấy link: https://thuvienphapluat.vn/van-ban/Van-hoa-Xa-hoi/Chi-thi-01-CT-UBND-2022-tang-cuong-quan-ly-su-dung-phao-Lao-Cai-501735.aspx
2025-06-23 09:07:29,293 - INFO - ➡️ Đang truy cập: https://thuvienphapluat.vn/page/tim-van-ban.aspx?keyword=&area=0&match=True&type=1&status=1&signer=0&sort=1&lan=1&scan=0&org=0&fields=&chlbg=23/06/1945&chlend=23/06/2035&page=92
2025-06-23 09:07:29,858 - INFO - ⏳ Chờ 4.26s giả lập người dùng...
2025-06-23 09:07:36,127 - INFO - 🧭 Tiêu đề trang: Tra cứu Văn Bản Pháp Luật
2025-06-23 09:07:36,145 - INFO - ✅ Đã lấy link: https://thuvienphapluat.vn/van-ban/Thuong-mai/Chi-thi-02-CT-UBND-2022-nhiem-vu-phat-trien-kinh-te-xa-hoi-quoc-phong-an-ninh-Hai-Phong-518117.aspx
2025-06-23 09:07:36,149 - INFO - ✅ Đã lấy link: https://thuvienphapluat.vn/van-ban/Van-hoa-Xa-hoi/Chi-thi-12-CT-TW-2022-tang-cuong-lanh-dao-cong-tac-doi-ngoai-nhan-dan-tinh-hinh-moi-511840.aspx
2025-06-23 09:07:36,153 - INFO - ✅ Đã lấy link: https://thuvienphapluat.vn/van-ban/The-thao-Y-te/Chi-thi-01-CT-UBND-2022-phat-dong-yeu-nuoc-bao-dam-thich-ung-an-toan-Covid-19-Hai-Phong-499727.aspx
2025-06-23 09:07:36,158 - INFO - ✅ Đã lấy link: https://thuvienphapluat.vn/van-ban/Tai-nguyen-Moi-truong/Chi-thi-23-CT-UBND-2021-tang-cuong-cong-tac-thu-gom-xu-ly-rac-thai-sinh-hoat-Vinh-Phuc-508033.aspx
2025-06-23 09:07:36,163 - INFO - ✅ Đã lấy link: https://thuvienphapluat.vn/van-ban/Bo-may-hanh-chinh/Chi-thi-26-CT-UBND-2021-doi-moi-cong-tac-dan-van-co-quan-hanh-chinh-Hai-Phong-517199.aspx
2025-06-23 09:07:36,166 - INFO - ✅ Đã lấy link: https://thuvienphapluat.vn/van-ban/Bat-dong-san/Chi-thi-2908-CT-UBND-2021-tang-cuong-cong-tac-quan-ly-nha-nuoc-dat-dai-Ha-Giang-506718.aspx
2025-06-23 09:07:36,171 - INFO - ✅ Đã lấy link: https://thuvienphapluat.vn/van-ban/Tai-nguyen-Moi-truong/Chi-thi-15-CT-UBND-2021-tang-cuong-quan-ly-tham-do-khai-thac-che-bien-khoang-san-Vung-Tau-508974.aspx
2025-06-23 09:07:36,174 - INFO - ✅ Đã lấy link: https://thuvienphapluat.vn/van-ban/The-thao-Y-te/Chi-thi-36-CT-TTg-2021-bao-ve-cham-soc-tre-em-bi-anh-huong-dich-COVID19-499288.aspx
2025-06-23 09:07:36,178 - INFO - ✅ Đã lấy link: https://thuvienphapluat.vn/van-ban/Thuong-mai/Chi-thi-14-CT-BCT-2021-ho-tro-tieu-thu-nong-san-thi-truong-trong-nuoc-giam-ap-luc-xuat-khau-500214.aspx
2025-06-23 09:07:36,182 - INFO - ✅ Đã lấy link: https://thuvienphapluat.vn/van-ban/Bo-may-hanh-chinh/Chi-thi-13-CT-BCT-2021-nang-cao-chat-luong-cong-vu-luc-luong-Quan-ly-thi-truong-499775.aspx
2025-06-23 09:07:36,185 - INFO - ✅ Đã lấy link: https://thuvienphapluat.vn/van-ban/Van-hoa-Xa-hoi/Chi-thi-11-CT-UBND-2021-cong-tac-quan-ly-giai-phap-ngan-chan-tai-nan-bom-min-Bac-Ninh-502016.aspx
2025-06-23 09:07:36,189 - INFO - ✅ Đã lấy link: https://thuvienphapluat.vn/van-ban/Bo-may-hanh-chinh/Chi-thi-14-CT-UBND-2021-doi-moi-cong-tac-dan-van-cua-co-quan-hanh-chinh-nha-nuoc-Gia-Lai-506553.aspx
2025-06-23 09:07:36,193 - INFO - ✅ Đã lấy link: https://thuvienphapluat.vn/van-ban/Van-hoa-Xa-hoi/Chi-thi-14-CT-UBND-2021-phong-ngua-toi-pham-co-benh-ly-ve-tam-than-kinh-Hung-Yen-499248.aspx
2025-06-23 09:07:36,197 - INFO - ✅ Đã lấy link: https://thuvienphapluat.vn/van-ban/Tai-nguyen-Moi-truong/Chi-thi-13-CT-UBND-2021-phong-chua-chay-cuu-nan-cuu-ho-mua-hanh-kho-Hung-Yen-500378.aspx
2025-06-23 09:07:36,201 - INFO - ✅ Đã lấy link: https://thuvienphapluat.vn/van-ban/Bo-may-hanh-chinh/Chi-thi-20-CT-UBND-2021-doi-moi-cong-tac-dan-van-co-quan-hanh-chinh-nha-nuoc-Ninh-Thuan-504080.aspx
2025-06-23 09:07:36,205 - INFO - ✅ Đã lấy link: https://thuvienphapluat.vn/van-ban/Giao-duc/Chi-thi-34-CT-TTg-2021-De-an-dua-noi-dung-quyen-con-nguoi-vao-chuong-trinh-giao-duc-498072.aspx
2025-06-23 09:07:36,210 - INFO - ✅ Đã lấy link: https://thuvienphapluat.vn/van-ban/Bo-may-hanh-chinh/Chi-thi-19-CT-UBND-2021-tang-cuong-hieu-qua-tiep-cong-dan-giai-quyet-khieu-nai-Ho-Chi-Minh-498311.aspx
2025-06-23 09:07:36,215 - INFO - ✅ Đã lấy link: https://thuvienphapluat.vn/van-ban/Linh-vuc-khac/Chi-thi-42-CT-UBND-2021-giai-phap-phong-chong-dich-benh-Dich-ta-lon-Chau-Phi-Nghe-An-503370.aspx
2025-06-23 09:07:36,219 - INFO - ✅ Đã lấy link: https://thuvienphapluat.vn/van-ban/Bat-dong-san/Chi-thi-15-CT-UBND-2021-chan-chinh-cong-tac-quan-ly-dat-dai-Bac-Giang-501332.aspx
2025-06-23 09:07:36,225 - INFO - ✅ Đã lấy link: https://thuvienphapluat.vn/van-ban/The-thao-Y-te/Chi-thi-35-CT-UBND-2021-thuc-hien-nep-song-van-minh-trong-viec-cuoi-viec-tang-Son-La-497341.aspx
2025-06-23 09:07:36,225 - INFO - ➡️ Đang truy cập: https://thuvienphapluat.vn/page/tim-van-ban.aspx?keyword=&area=0&match=True&type=1&status=1&signer=0&sort=1&lan=1&scan=0&org=0&fields=&chlbg=23/06/1945&chlend=23/06/2035&page=93
2025-06-23 09:07:36,726 - INFO - ⏳ Chờ 5.18s giả lập người dùng...
2025-06-23 09:07:43,912 - INFO - 🧭 Tiêu đề trang: Tra cứu Văn Bản Pháp Luật
2025-06-23 09:07:43,927 - INFO - ✅ Đã lấy link: https://thuvienphapluat.vn/van-ban/Linh-vuc-khac/Chi-thi-44-CT-UBND-2021-trien-khai-giai-phap-phong-chong-dich-ta-lon-Chau-Phi-Nam-Dinh-503676.aspx
2025-06-23 09:07:43,931 - INFO - ✅ Đã lấy link: https://thuvienphapluat.vn/van-ban/The-thao-Y-te/Chi-thi-5616-CT-CHK-2021-tang-cuong-phong-chong-dich-benh-COVID19-496642.aspx
2025-06-23 09:07:43,934 - INFO - ✅ Đã lấy link: https://thuvienphapluat.vn/van-ban/Linh-vuc-khac/Chi-thi-11-CT-UBND-2021-giai-phap-phong-chong-benh-dich-ta-lon-Chau-Phi-Binh-Phuoc-503411.aspx
2025-06-23 09:07:43,938 - INFO - ✅ Đã lấy link: https://thuvienphapluat.vn/van-ban/Van-hoa-Xa-hoi/Chi-thi-32-CT-UBND-2021-quan-ly-su-dung-vu-khi-vat-lieu-no-cong-cu-ho-tro-va-phao-Son-La-497290.aspx
2025-06-23 09:07:43,942 - INFO - ✅ Đã lấy link: https://thuvienphapluat.vn/van-ban/Trach-nhiem-hinh-su/Chi-thi-08-CT-VKSTC-2021-giai-quyet-yeu-cau-boi-thuong-Nha-nuoc-trong-to-tung-hinh-su-496660.aspx
2025-06-23 09:07:43,946 - INFO - ✅ Đã lấy link: https://thuvienphapluat.vn/van-ban/Bo-may-hanh-chinh/Chi-thi-33-CT-TTg-2021-cong-tac-dan-van-co-quan-hanh-chinh-Nha-nuoc-tinh-hinh-moi-495729.aspx
2025-06-23 09:07:43,949 - INFO - ✅ Đã lấy link: https://thuvienphapluat.vn/van-ban/Linh-vuc-khac/Chi-thi-32-CT-TTg-2021-trien-khai-quyet-liet-giai-phap-phong-chong-benh-Dich-ta-lon-Chau-Phi-495559.aspx
2025-06-23 09:07:43,953 - INFO - ✅ Đã lấy link: https://thuvienphapluat.vn/van-ban/Thuong-mai/Chi-thi-31-CT-TTg-2021-doi-moi-Chien-luoc-phat-trien-ben-vung-kinh-te-bien-Viet-Nam-495490.aspx
2025-06-23 09:07:43,957 - INFO - ✅ Đã lấy link: https://thuvienphapluat.vn/van-ban/Dau-tu/Chi-thi-30-CT-TTg-2021-trien-khai-thi-hanh-van-ban-ve-dau-tu-theo-phuong-thuc-doi-tac-cong-tu-495403.aspx
2025-06-23 09:07:43,961 - INFO - ✅ Đã lấy link: https://thuvienphapluat.vn/van-ban/Thu-tuc-To-tung/Chi-thi-10-CT-UBND-2021-tang-cuong-thi-hanh-an-dan-su-Da-Nang-505109.aspx
2025-06-23 09:07:43,965 - INFO - ✅ Đã lấy link: https://thuvienphapluat.vn/van-ban/Lao-dong-Tien-luong/Chi-thi-lien-tich-09-CTLT-BGTVT-CDGTVTVN-2021-to-chuc-Hoi-nghi-can-bo-trong-co-quan-Nha-nuoc-495007.aspx
2025-06-23 09:07:43,969 - INFO - ✅ Đã lấy link: https://thuvienphapluat.vn/van-ban/Thuong-mai/Chi-thi-04-CT-UBND-2021-tang-cuong-chi-dao-kinh-doanh-quan-ly-cho-Ca-Mau-503901.aspx
2025-06-23 09:07:43,975 - INFO - ✅ Đã lấy link: https://thuvienphapluat.vn/van-ban/Linh-vuc-khac/Chi-thi-23-CT-UBND-2021-chi-dao-bien-phap-phong-chong-benh-dich-ta-lon-Chau-Phi-Thanh-Hoa-497955.aspx
2025-06-23 09:07:43,980 - INFO - ✅ Đã lấy link: https://thuvienphapluat.vn/van-ban/Ke-toan-Kiem-toan/Chi-thi-19-CT-UBND-2021-hoa-don-dien-tu-Binh-Dinh-495770.aspx
2025-06-23 09:07:43,985 - INFO - ✅ Đã lấy link: https://thuvienphapluat.vn/van-ban/The-thao-Y-te/Chi-thi-31-CT-UBND-2021-tang-cuong-phong-chong-dich-Covid19-tinh-Son-La-493837.aspx
2025-06-23 09:07:43,991 - INFO - ✅ Đã lấy link: https://thuvienphapluat.vn/van-ban/The-thao-Y-te/Chi-thi-13-CT-UBND-2021-trien-khai-phong-chong-dich-gan-voi-phat-trien-kinh-te-tinh-Gia-Lai-494210.aspx
2025-06-23 09:07:43,996 - INFO - ✅ Đã lấy link: https://thuvienphapluat.vn/van-ban/Vi-pham-hanh-chinh/Chi-thi-16-CT-UBND-2021-ho-so-dua-nguoi-vi-pham-phap-luat-vao-truong-giao-duong-Quang-Binh-496721.aspx
2025-06-23 09:07:44,001 - INFO - ✅ Đã lấy link: https://thuvienphapluat.vn/van-ban/Tai-nguyen-Moi-truong/Chi-thi-29-CT-TTg-2021-giai-phap-cap-bach-quan-ly-khu-bao-ton-bien-Viet-Nam-492999.aspx
2025-06-23 09:07:44,006 - INFO - ✅ Đã lấy link: https://thuvienphapluat.vn/van-ban/Van-hoa-Xa-hoi/Chi-thi-14-CT-UBND-2021-quan-ly-cong-tac-ra-pha-bom-min-vat-no-sau-chien-tranh-Tien-Giang-498081.aspx
2025-06-23 09:07:44,011 - INFO - ✅ Đã lấy link: https://thuvienphapluat.vn/van-ban/Bo-may-hanh-chinh/Chi-thi-09-CT-UBND-2021-nang-cao-chat-luong-xay-dung-he-thong-phap-luat-Dong-Thap-497272.aspx
2025-06-23 09:07:44,011 - INFO - ➡️ Đang truy cập: https://thuvienphapluat.vn/page/tim-van-ban.aspx?keyword=&area=0&match=True&type=1&status=1&signer=0&sort=1&lan=1&scan=0&org=0&fields=&chlbg=23/06/1945&chlend=23/06/2035&page=94
2025-06-23 09:07:44,583 - INFO - ⏳ Chờ 3.61s giả lập người dùng...
2025-06-23 09:07:50,205 - INFO - 🧭 Tiêu đề trang: Tra cứu Văn Bản Pháp Luật
2025-06-23 09:07:50,220 - INFO - ✅ Đã lấy link: https://thuvienphapluat.vn/van-ban/Thuong-mai/Chi-thi-28-CT-TTg-2021-thuc-hien-Cuoc-van-dong-Nguoi-Viet-Nam-uu-tien-dung-hang-Viet-Nam-492483.aspx
2025-06-23 09:07:50,224 - INFO - ✅ Đã lấy link: https://thuvienphapluat.vn/van-ban/Cong-nghe-thong-tin/Chi-thi-73-CT-BTTTT-2021-thuc-hien-Chi-thi-19-CT-TTg-thi-dua-nhiem-vu-phat-trien-kinh-te-xa-hoi-492807.aspx
2025-06-23 09:07:50,227 - INFO - ✅ Đã lấy link: https://thuvienphapluat.vn/van-ban/Bo-may-hanh-chinh/Chi-thi-38-CT-UBND-2021-tap-trung-trien-khai-nhiem-vu-cai-cach-hanh-chinh-tinh-Nghe-An-496085.aspx
2025-06-23 09:07:50,231 - INFO - ✅ Đã lấy link: https://thuvienphapluat.vn/van-ban/Bo-may-hanh-chinh/Chi-thi-08-CT-UBND-2021-day-manh-thuc-hien-cong-tac-cai-cach-hanh-chinh-tinh-Dong-Thap-492541.aspx
2025-06-23 09:07:50,235 - INFO - ✅ Đã lấy link: https://thuvienphapluat.vn/van-ban/Doanh-nghiep/Chi-thi-30-CT-UBND-2021-tang-cuong-thuc-hien-Quy-che-dan-chu-o-co-so-tinh-Son-La-492529.aspx
2025-06-23 09:07:50,238 - INFO - ✅ Đã lấy link: https://thuvienphapluat.vn/van-ban/Bo-may-hanh-chinh/Chi-thi-07-CT-UBND-2021-to-chuc-cuoc-bau-cu-Truong-ap-Truong-khom-tinh-Dong-Thap-492540.aspx
2025-06-23 09:07:50,242 - INFO - ✅ Đã lấy link: https://thuvienphapluat.vn/van-ban/Thuong-mai/Chi-thi-16-CT-UBND-2021-tang-cuong-cong-tac-quan-ly-hoat-dong-van-hoa-tinh-Vinh-Long-493314.aspx
2025-06-23 09:07:50,246 - INFO - ✅ Đã lấy link: https://thuvienphapluat.vn/van-ban/Linh-vuc-khac/Chi-thi-22-CT-UBND-2021-trien-khai-phong-chong-dich-benh-gia-suc-gia-cam-Thanh-Hoa-497954.aspx
2025-06-23 09:07:50,249 - INFO - ✅ Đã lấy link: https://thuvienphapluat.vn/van-ban/Thuong-mai/Chi-thi-14-CT-UBND-2021-tang-cuong-cong-tac-quan-ly-hoat-dong-san-xuat-ruou-tinh-Lai-Chau-495086.aspx
2025-06-23 09:07:50,253 - INFO - ✅ Đã lấy link: https://thuvienphapluat.vn/van-ban/Xay-dung-Do-thi/Chi-thi-12-CT-UBND-2021-tang-cuong-quan-ly-cong-trinh-ha-tang-ky-thuat-do-thi-tinh-Ba-Ria-Vung-Tau-494793.aspx
2025-06-23 09:07:50,256 - INFO - ✅ Đã lấy link: https://thuvienphapluat.vn/van-ban/Cong-nghe-thong-tin/Chi-thi-14-CT-UBND-2021-tang-cuong-to-chuc-su-dung-dong-bo-he-thong-thong-tin-dung-chung-Tra-Vinh-597426.aspx
2025-06-23 09:07:50,260 - INFO - ✅ Đã lấy link: https://thuvienphapluat.vn/van-ban/The-thao-Y-te/Chi-thi-19-CT-UBND-2021-thuc-hien-bien-phap-phong-chong-dich-Covid19-tinh-Dong-Nai-492296.aspx
2025-06-23 09:07:50,263 - INFO - ✅ Đã lấy link: https://thuvienphapluat.vn/van-ban/Giao-duc/Chi-thi-17-CT-UBND-2021-giai-phap-day-hoc-an-toan-ung-pho-voi-dai-dich-Covid19-Cao-Bang-496187.aspx
2025-06-23 09:07:50,267 - INFO - ✅ Đã lấy link: https://thuvienphapluat.vn/van-ban/Cong-nghe-thong-tin/Chi-thi-15-CT-UBND-2021-khai-thac-su-dung-dich-vu-cong-truc-tuyen-muc-do-3-tinh-Vinh-Long-493313.aspx
2025-06-23 09:07:50,271 - INFO - ✅ Đã lấy link: https://thuvienphapluat.vn/van-ban/Bo-may-hanh-chinh/Chi-thi-34-CT-UBND-2021-Chuong-trinh-tong-the-cai-cach-hanh-chinh-nha-nuoc-tinh-Nam-Dinh-490836.aspx
2025-06-23 09:07:50,274 - INFO - ✅ Đã lấy link: https://thuvienphapluat.vn/van-ban/Dau-tu/Chi-thi-11-CT-UBND-2021-tang-cuong-quan-ly-du-an-dau-tu-xay-dung-nha-o-tinh-Ba-Ria-Vung-Tau-494792.aspx
2025-06-23 09:07:50,278 - INFO - ✅ Đã lấy link: https://thuvienphapluat.vn/van-ban/Bo-may-hanh-chinh/Chi-thi-16-CT-UBND-2021-nang-cao-chat-luong-xay-dung-van-ban-quy-pham-phap-luat-Vinh-Phuc-493362.aspx
2025-06-23 09:07:50,282 - INFO - ✅ Đã lấy link: https://thuvienphapluat.vn/van-ban/Xay-dung-Do-thi/Chi-thi-08-CT-UBND-2021-chan-chinh-cong-tac-lap-tham-dinh-quy-hoach-xay-dung-tinh-Quang-Ninh-492303.aspx
2025-06-23 09:07:50,285 - INFO - ✅ Đã lấy link: https://thuvienphapluat.vn/van-ban/Doanh-nghiep/Chi-thi-27-CT-TTg-2021-phuc-hoi-san-xuat-khu-vuc-san-xuat-cong-nghiep-phong-chong-dich-benh-COVID19-489895.aspx
2025-06-23 09:07:50,289 - INFO - ✅ Đã lấy link: https://thuvienphapluat.vn/van-ban/Thuong-mai/Chi-thi-18-CT-UBND-2021-kiem-soat-dieu-chinh-bien-phap-phong-chong-dich-COVID19-Ho-Chi-Minh-489736.aspx
2025-06-23 09:07:50,289 - INFO - ➡️ Đang truy cập: https://thuvienphapluat.vn/page/tim-van-ban.aspx?keyword=&area=0&match=True&type=1&status=1&signer=0&sort=1&lan=1&scan=0&org=0&fields=&chlbg=23/06/1945&chlend=23/06/2035&page=95
2025-06-23 09:07:51,085 - INFO - ⏳ Chờ 4.75s giả lập người dùng...
2025-06-23 09:07:57,846 - INFO - 🧭 Tiêu đề trang: Tra cứu Văn Bản Pháp Luật
2025-06-23 09:07:57,867 - INFO - ✅ Đã lấy link: https://thuvienphapluat.vn/van-ban/Van-hoa-Xa-hoi/Chi-thi-07-CT-UBND-2021-bien-phap-phong-ngua-dau-tranh-chong-toi-pham-ve-phao-tinh-Quang-Ninh-492302.aspx
2025-06-23 09:07:57,871 - INFO - ✅ Đã lấy link: https://thuvienphapluat.vn/van-ban/Thue-Phi-Le-Phi/Chi-thi-24-CT-UBND-2021-tang-cuong-bien-phap-chong-that-thu-thue-linh-vuc-xay-dung-nha-o-Hue-493410.aspx
2025-06-23 09:07:57,875 - INFO - ✅ Đã lấy link: https://thuvienphapluat.vn/van-ban/Tai-nguyen-Moi-truong/Chi-thi-10-CT-TW-2021-tang-cuong-su-lanh-dao-cua-Dang-doi-voi-cong-tac-khi-tuong-thuy-van-489926.aspx
2025-06-23 09:07:57,879 - INFO - ✅ Đã lấy link: https://thuvienphapluat.vn/van-ban/Bo-may-hanh-chinh/Chi-thi-12-CT-CTUBND-2021-giai-phap-nang-cao-y-thuc-thuc-thi-cong-vu-cua-can-bo-tinh-Hung-Yen-489759.aspx
2025-06-23 09:07:57,883 - INFO - ✅ Đã lấy link: https://thuvienphapluat.vn/van-ban/Tai-nguyen-Moi-truong/Chi-thi-15-CT-UBND-2021-phoi-hop-xu-ly-ngan-chan-khai-thac-hai-san-trai-phep-tinh-Quang-Binh-491799.aspx
2025-06-23 09:07:57,886 - INFO - ✅ Đã lấy link: https://thuvienphapluat.vn/van-ban/Giao-thong-Van-tai/Chi-thi-08-CT-BGTVT-2021-van-tai-ho-tro-tieu-thu-nong-san-trong-thoi-gian-phong-chong-Covid19-488682.aspx
2025-06-23 09:07:57,890 - INFO - ✅ Đã lấy link: https://thuvienphapluat.vn/van-ban/Xuat-nhap-khau/Chi-thi-26-CT-TTg-2021-thuc-day-san-xuat-nong-san-trong-boi-canh-phong-chong-dich-benh-COVID19-488604.aspx
2025-06-23 09:07:57,893 - INFO - ✅ Đã lấy link: https://thuvienphapluat.vn/van-ban/The-thao-Y-te/Chi-thi-22-CT-UBND-2021-dieu-chinh-bien-phap-phong-chong-dich-COVID19-Ha-Noi-488565.aspx
2025-06-23 09:07:57,897 - INFO - ✅ Đã lấy link: https://thuvienphapluat.vn/van-ban/Doanh-nghiep/Chi-thi-14-CT-UBND-2021-phong-chong-Covid19-tai-doanh-nghiep-san-xuat-cong-nghiep-tinh-Bac-Giang-488910.aspx
2025-06-23 09:07:57,901 - INFO - ✅ Đã lấy link: https://thuvienphapluat.vn/van-ban/Dau-tu/Chi-thi-10-CT-UBND-2021-tang-cuong-cong-tac-quan-ly-nha-nuoc-hoat-dong-dau-tu-cong-tinh-Bac-Ninh-490071.aspx
2025-06-23 09:07:57,904 - INFO - ✅ Đã lấy link: https://thuvienphapluat.vn/van-ban/Giao-duc/Chi-thi-22-CT-UBND-2021-to-chuc-day-hoc-an-toan-ung-pho-voi-dai-dich-COVID-19-Hai-Phong-488347.aspx
2025-06-23 09:07:57,908 - INFO - ✅ Đã lấy link: https://thuvienphapluat.vn/van-ban/Giao-duc/Chi-thi-11-CT-UBND-2021-trien-khai-nhiem-vu-giai-phap-to-chuc-day-hoc-an-toan-tinh-Lam-Dong-490425.aspx
2025-06-23 09:07:57,912 - INFO - ✅ Đã lấy link: https://thuvienphapluat.vn/van-ban/Cong-nghe-thong-tin/Chi-thi-60-CT-BTTTT-2021-trien-khai-dien-tap-thuc-chien-bao-dam-an-toan-thong-tin-mang-504837.aspx
2025-06-23 09:07:57,916 - INFO - ✅ Đã lấy link: https://thuvienphapluat.vn/van-ban/Van-hoa-Xa-hoi/Chi-thi-13-CT-UBND-2021-quan-ly-co-so-kinh-doanh-dich-vu-de-phat-sinh-te-nan-xa-hoi-Ho-Chi-Minh-494584.aspx
2025-06-23 09:07:57,919 - INFO - ✅ Đã lấy link: https://thuvienphapluat.vn/van-ban/Xay-dung-Do-thi/Chi-thi-02-CT-BXD-2021-tang-cuong-quan-ly-kinh-phi-bao-tri-phan-so-huu-chung-nha-chung-cu-488401.aspx
2025-06-23 09:07:57,923 - INFO - ✅ Đã lấy link: https://thuvienphapluat.vn/van-ban/Thuong-mai/Chi-thi-14-CT-UBND-2021-bien-phap-nham-nang-cao-chi-so-nang-luc-canh-tranh-tinh-Vinh-Long-488356.aspx
2025-06-23 09:07:57,928 - INFO - ✅ Đã lấy link: https://thuvienphapluat.vn/van-ban/Thuong-mai/Chi-thi-16-CT-UBND-2021-phat-dong-thi-dua-nhiem-vu-phat-trien-kinh-te-xa-hoi-Binh-Thuan-556242.aspx
2025-06-23 09:07:57,931 - INFO - ✅ Đã lấy link: https://thuvienphapluat.vn/van-ban/Bo-may-hanh-chinh/Chi-thi-06-CT-UBND-2021-nang-cao-chat-luong-xay-dung-hoan-thien-he-thong-phap-luat-Dien-Bien-491842.aspx
2025-06-23 09:07:57,935 - INFO - ✅ Đã lấy link: https://thuvienphapluat.vn/van-ban/Bat-dong-san/Chi-thi-13-CT-UBND-2021-quan-ly-Nha-nuoc-doi-voi-hoat-dong-cai-tao-dat-nong-nghiep-tinh-Tra-Vinh-488384.aspx
2025-06-23 09:07:57,939 - INFO - ✅ Đã lấy link: https://thuvienphapluat.vn/van-ban/Van-hoa-Xa-hoi/Chi-thi-25-CT-TTg-2021-trien-khai-Chien-luoc-van-hoa-doi-ngoai-cua-Viet-Nam-487518.aspx
2025-06-23 09:07:57,939 - INFO - ➡️ Đang truy cập: https://thuvienphapluat.vn/page/tim-van-ban.aspx?keyword=&area=0&match=True&type=1&status=1&signer=0&sort=1&lan=1&scan=0&org=0&fields=&chlbg=23/06/1945&chlend=23/06/2035&page=96
2025-06-23 09:07:58,472 - INFO - ⏳ Chờ 4.34s giả lập người dùng...
2025-06-23 09:08:04,823 - INFO - 🧭 Tiêu đề trang: Tra cứu Văn Bản Pháp Luật
2025-06-23 09:08:04,839 - INFO - ✅ Đã lấy link: https://thuvienphapluat.vn/van-ban/Dau-tu/Chi-thi-17-CT-UBND-2021-thi-dua-thuc-hien-thang-loi-nhiem-vu-phat-trien-kinh-te-xa-hoi-tinh-Dong-Nai-492245.aspx
2025-06-23 09:08:04,843 - INFO - ✅ Đã lấy link: https://thuvienphapluat.vn/van-ban/Giao-duc/Chi-thi-16-CT-UBND-2021-thuc-hien-nhiem-vu-nam-hoc-ung-pho-voi-dich-Covid19-tinh-Khanh-Hoa-489090.aspx
2025-06-23 09:08:04,847 - INFO - ✅ Đã lấy link: https://thuvienphapluat.vn/van-ban/Giao-duc/Chi-thi-09-CT-UBND-2021-thuc-hien-nhiem-vu-nam-hoc-dam-bao-an-toan-truong-hoc-tinh-Bac-Ninh-490070.aspx
2025-06-23 09:08:04,851 - INFO - ✅ Đã lấy link: https://thuvienphapluat.vn/van-ban/Giao-duc/Chi-thi-01-CT-UBND-2021-thuc-hien-nhiem-vu-nam-hoc-ung-pho-voi-dich-Covid-19-tinh-Tuyen-Quang-488355.aspx
2025-06-23 09:08:04,855 - INFO - ✅ Đã lấy link: https://thuvienphapluat.vn/van-ban/Giao-duc/Chi-thi-12-CT-UBND-2021-thuc-hien-nhiem-vu-nam-hoc-vuot-qua-dai-dich-Ho-Chi-Minh-487168.aspx
2025-06-23 09:08:04,859 - INFO - ✅ Đã lấy link: https://thuvienphapluat.vn/van-ban/The-thao-Y-te/Chi-thi-20-CT-UBND-2021-tang-cuong-bien-phap-phong-chong-dich-benh-COVID19-Ha-Noi-486774.aspx
2025-06-23 09:08:04,863 - INFO - ✅ Đã lấy link: https://thuvienphapluat.vn/van-ban/Giao-duc/Chi-thi-07-CT-UBND-2021-thuc-hien-nhiem-vu-nam-hoc-ung-pho-voi-dich-Covid19-tinh-Kien-Giang-489258.aspx
2025-06-23 09:08:04,867 - INFO - ✅ Đã lấy link: https://thuvienphapluat.vn/van-ban/Giao-duc/Chi-thi-24-CT-TTg-2021-trien-khai-nhiem-vu-giai-phap-to-chuc-day-hoc-an-toan-ung-pho-COVID19-486905.aspx
2025-06-23 09:08:04,871 - INFO - ✅ Đã lấy link: https://thuvienphapluat.vn/van-ban/Bo-may-hanh-chinh/Chi-thi-23-CT-TTg-2021-day-manh-thuc-hien-Chuong-trinh-tong-the-cai-cach-hanh-chinh-nha-nuoc-486641.aspx
2025-06-23 09:08:04,875 - INFO - ✅ Đã lấy link: https://thuvienphapluat.vn/van-ban/Van-hoa-Xa-hoi/Chi-thi-14-CT-UBND-2021-tang-cuong-dau-tranh-phong-chong-te-nan-co-bac-so-lo-so-de-tinh-Yen-Bai-488806.aspx
2025-06-23 09:08:04,879 - INFO - ✅ Đã lấy link: https://thuvienphapluat.vn/van-ban/Giao-duc/Chi-thi-28-CT-UBND-2021-thuc-hien-nhiem-vu-nam-hoc-ung-pho-voi-dich-covid19-tinh-Son-La-492609.aspx
2025-06-23 09:08:04,883 - INFO - ✅ Đã lấy link: https://thuvienphapluat.vn/van-ban/Giao-duc/Chi-thi-11-CT-UBND-2021-nhiem-vu-nam-hoc-tinh-Lai-Chau-2021-2022-489879.aspx
2025-06-23 09:08:04,887 - INFO - ✅ Đã lấy link: https://thuvienphapluat.vn/van-ban/Giao-duc/Chi-thi-10-CT-CTUBND-2021-to-chuc-day-hoc-an-toan-ung-pho-voi-dich-benh-COVID19-tinh-Hung-Yen-488743.aspx
2025-06-23 09:08:04,891 - INFO - ✅ Đã lấy link: https://thuvienphapluat.vn/van-ban/Giao-duc/Chi-thi-13-CT-UBND-2021-thuc-hien-nhiem-vu-nam-hoc-ung-pho-voi-dich-COVID-19-tinh-Quang-Binh-487065.aspx
2025-06-23 09:08:04,895 - INFO - ✅ Đã lấy link: https://thuvienphapluat.vn/van-ban/The-thao-Y-te/Chi-thi-09-CT-BYT-2021-tang-cuong-trien-khai-cac-bien-phap-kiem-soat-dich-COVID19-486608.aspx
2025-06-23 09:08:04,899 - INFO - ✅ Đã lấy link: https://thuvienphapluat.vn/van-ban/Tai-chinh-nha-nuoc/Chi-thi-07-CT-BGTVT-2021-tang-cuong-bien-phap-phong-ngua-tieu-cuc-trong-hoat-dong-cong-vu-486704.aspx
2025-06-23 09:08:04,903 - INFO - ✅ Đã lấy link: https://thuvienphapluat.vn/van-ban/Giao-duc/Chi-thi-13-CT-UBND-2021-thuc-hien-nhiem-vu-nam-hoc-2021-2022-tinh-Bac-Giang-489760.aspx
2025-06-23 09:08:04,907 - INFO - ✅ Đã lấy link: https://thuvienphapluat.vn/van-ban/Giao-duc/Chi-thi-11-CT-UBND-2021-thuc-hien-nhiem-vu-nam-hoc-ung-pho-voi-dich-COVID19-tinh-Bac-Kan-489795.aspx
2025-06-23 09:08:04,911 - INFO - ✅ Đã lấy link: https://thuvienphapluat.vn/van-ban/Giao-duc/Chi-thi-12-CT-UBND-2021-nhiem-vu-trong-tam-tinh-Quang-Nam-nam-hoc-2021-2022-487408.aspx
2025-06-23 09:08:04,915 - INFO - ✅ Đã lấy link: https://thuvienphapluat.vn/van-ban/Bo-may-hanh-chinh/Chi-thi-10-CT-UBND-2021-nang-cao-chat-luong-cong-tac-xay-dung-va-thi-hanh-phap-luat-tinh-Bac-Kan-489794.aspx
2025-06-23 09:08:04,915 - INFO - ➡️ Đang truy cập: https://thuvienphapluat.vn/page/tim-van-ban.aspx?keyword=&area=0&match=True&type=1&status=1&signer=0&sort=1&lan=1&scan=0&org=0&fields=&chlbg=23/06/1945&chlend=23/06/2035&page=97
2025-06-23 09:08:05,470 - INFO - ⏳ Chờ 4.36s giả lập người dùng...
2025-06-23 09:08:11,838 - INFO - 🧭 Tiêu đề trang: Tra cứu Văn Bản Pháp Luật
2025-06-23 09:08:11,853 - INFO - ✅ Đã lấy link: https://thuvienphapluat.vn/van-ban/Thuong-mai/Chi-thi-10-CT-UBND-2021-phat-dong-thi-dua-nhiem-vu-phat-trien-kinh-te-xa-hoi-Ninh-Binh-656739.aspx
2025-06-23 09:08:11,857 - INFO - ✅ Đã lấy link: https://thuvienphapluat.vn/van-ban/Dau-tu/Chi-thi-15-CT-UBND-2021-thi-dua-thuc-hien-thang-loi-nhiem-vu-phat-trien-kinh-te-xa-hoi-Khanh-Hoa-489076.aspx
2025-06-23 09:08:11,861 - INFO - ✅ Đã lấy link: https://thuvienphapluat.vn/van-ban/Van-hoa-Xa-hoi/Chi-thi-14-CT-UBND-2021-tang-cuong-cong-tac-quan-ly-phao-tinh-Hai-Duong-488545.aspx
2025-06-23 09:08:11,864 - INFO - ✅ Đã lấy link: https://thuvienphapluat.vn/van-ban/Dau-tu/Chi-thi-20-CT-UBND-2021-nang-cao-hieu-qua-dau-tu-du-an-su-dung-von-dau-tu-cong-Thanh-Hoa-517523.aspx
2025-06-23 09:08:11,868 - INFO - ✅ Đã lấy link: https://thuvienphapluat.vn/van-ban/Dau-tu/Chi-thi-13-CT-UBND-2021-phat-dong-thi-dua-thang-loi-nhiem-vu-phat-trien-kinh-te-xa-hoi-Hai-Duong-488544.aspx
2025-06-23 09:08:11,871 - INFO - ✅ Đã lấy link: https://thuvienphapluat.vn/van-ban/Giao-duc/Chi-thi-13-CT-UBND-2021-thuc-hien-nhiem-vu-nam-hoc-ung-pho-voi-dich-covid19-tinh-Yen-Bai-488877.aspx
2025-06-23 09:08:11,875 - INFO - ✅ Đã lấy link: https://thuvienphapluat.vn/van-ban/Bat-dong-san/Chi-thi-27-CT-UBND-2021-day-manh-cong-tac-quy-hoach-su-dung-dat-tinh-Son-La-488145.aspx
2025-06-23 09:08:11,878 - INFO - ✅ Đã lấy link: https://thuvienphapluat.vn/van-ban/Giao-duc/Chi-thi-05-CT-UBND-2021-thuc-hien-nhiem-vu-nam-hoc-ung-pho-voi-dich-Covid19-tinh-Dien-Bien-491841.aspx
2025-06-23 09:08:11,882 - INFO - ✅ Đã lấy link: https://thuvienphapluat.vn/van-ban/Tai-nguyen-Moi-truong/Chi-thi-06-CT-UBND-2021-hoat-dong-khoang-san-trai-phep-tinh-Kien-Giang-489216.aspx
2025-06-23 09:08:11,885 - INFO - ✅ Đã lấy link: https://thuvienphapluat.vn/van-ban/Giao-duc/Chi-thi-16-CT-UBND-2021-nhiem-vu-nam-hoc-tinh-Lao-Cai-2021-2022-490096.aspx
2025-06-23 09:08:11,889 - INFO - ✅ Đã lấy link: https://thuvienphapluat.vn/van-ban/The-thao-Y-te/Chi-thi-14-CT-UBND-2021-tang-cuong-gian-cach-xa-hoi-tinh-Binh-Duong-490665.aspx
2025-06-23 09:08:11,893 - INFO - ✅ Đã lấy link: https://thuvienphapluat.vn/van-ban/Giao-duc/Chi-thi-800-CT-BGDDT-2021-thuc-hien-nhiem-vu-nam-hoc-ung-pho-voi-dich-COVID19-485711.aspx
2025-06-23 09:08:11,897 - INFO - ✅ Đã lấy link: https://thuvienphapluat.vn/van-ban/Thuong-mai/Chi-thi-26-CT-UBND-2021-thuc-hien-Nghi-quyet-88-NQ-CP-tinh-Son-La-488187.aspx
2025-06-23 09:08:11,900 - INFO - ✅ Đã lấy link: https://thuvienphapluat.vn/van-ban/Thuong-mai/Chi-thi-10-CT-BCT-2021-quan-ly-xuat-nhap-khau-de-ho-tro-cho-hoat-dong-san-xuat-trong-nuoc-485657.aspx
2025-06-23 09:08:11,904 - INFO - ✅ Đã lấy link: https://thuvienphapluat.vn/van-ban/The-thao-Y-te/Chi-thi-11-CT-UBND-2021-tang-cuong-gian-cach-xa-hoi-phong-chong-dich-COVID19-Ho-Chi-Minh-485513.aspx
2025-06-23 09:08:11,909 - INFO - ✅ Đã lấy link: https://thuvienphapluat.vn/van-ban/Bo-may-hanh-chinh/Chi-thi-08-CT-TW-2021-lanh-dao-dai-hoi-doan-cac-cap-nhiem-ky-2022-2027-486022.aspx
2025-06-23 09:08:11,913 - INFO - ✅ Đã lấy link: https://thuvienphapluat.vn/van-ban/Dau-tu/Chi-thi-15-CT-UBND-2021-tang-cuong-quan-ly-bao-ve-cong-trinh-luoi-dien-cao-ap-tinh-Vinh-Phuc-488698.aspx
2025-06-23 09:08:11,916 - INFO - ✅ Đã lấy link: https://thuvienphapluat.vn/van-ban/Quyen-dan-su/Chi-thi-17-CT-UBND-2021-chuan-bi-thuc-luc-goi-cong-dan-nhap-ngu-tinh-Ninh-Thuan-nam-2022-486662.aspx
2025-06-23 09:08:11,920 - INFO - ✅ Đã lấy link: https://thuvienphapluat.vn/van-ban/Bo-may-hanh-chinh/Chi-thi-06-CT-UBND-2021-nang-cao-chat-luong-xay-dung-van-ban-quy-pham-phap-luat-tinh-Quang-Ninh-487554.aspx
2025-06-23 09:08:11,924 - INFO - ✅ Đã lấy link: https://thuvienphapluat.vn/van-ban/Tai-nguyen-Moi-truong/Chi-thi-14-CT-UBND-2021-trien-khai-thi-hanh-Luat-Bao-ve-moi-truong-tinh-Binh-Thuan-486584.aspx
2025-06-23 09:08:11,924 - INFO - ➡️ Đang truy cập: https://thuvienphapluat.vn/page/tim-van-ban.aspx?keyword=&area=0&match=True&type=1&status=1&signer=0&sort=1&lan=1&scan=0&org=0&fields=&chlbg=23/06/1945&chlend=23/06/2035&page=98
2025-06-23 09:08:12,455 - INFO - ⏳ Chờ 4.28s giả lập người dùng...
2025-06-23 09:08:18,747 - INFO - 🧭 Tiêu đề trang: Tra cứu Văn Bản Pháp Luật
2025-06-23 09:08:18,763 - INFO - ✅ Đã lấy link: https://thuvienphapluat.vn/van-ban/Cong-nghe-thong-tin/Chi-thi-49-CT-BTTTT-2021-thuc-day-phat-trien-su-dung-nen-tang-so-an-toan-lanh-manh-485196.aspx
2025-06-23 09:08:18,767 - INFO - ✅ Đã lấy link: https://thuvienphapluat.vn/van-ban/Thuong-mai/Chi-thi-09-CT-BCT-2021-tang-cuong-cong-tac-phong-chay-chua-chay-nganh-Cong-Thuong-562903.aspx
2025-06-23 09:08:18,770 - INFO - ✅ Đã lấy link: https://thuvienphapluat.vn/van-ban/Dau-tu/Chi-thi-19-CT-UBND-2021-thi-dua-thuc-hien-nhiem-vu-phat-trien-kinh-te-xa-hoi-hang-nam-Ha-Noi-485263.aspx
2025-06-23 09:08:18,774 - INFO - ✅ Đã lấy link: https://thuvienphapluat.vn/van-ban/Bo-may-hanh-chinh/Chi-thi-10-CT-UBND-2021-nang-cao-hieu-qua-cai-cach-hanh-chinh-tinh-Ba-Ria-Vung-Tau-489259.aspx
2025-06-23 09:08:18,778 - INFO - ✅ Đã lấy link: https://thuvienphapluat.vn/van-ban/The-thao-Y-te/Chi-thi-22-CT-UBND-2021-bien-phap-cap-bach-phong-chong-dich-Covid19-tinh-Thua-Thien-Hue-489153.aspx
2025-06-23 09:08:18,781 - INFO - ✅ Đã lấy link: https://thuvienphapluat.vn/van-ban/Dau-tu/Chi-thi-12-CT-UBND-2021-xay-dung-ke-hoach-phat-trien-kinh-te-xa-hoi-tinh-Phu-Tho-2022-486929.aspx
2025-06-23 09:08:18,785 - INFO - ✅ Đã lấy link: https://thuvienphapluat.vn/van-ban/Thuong-mai/Chi-thi-21-CT-UBND-2021-quan-ly-thue-voi-to-chuc-cung-cap-hang-hoa-dich-vu-tren-nen-tang-so-Hue-485450.aspx
2025-06-23 09:08:18,789 - INFO - ✅ Đã lấy link: https://thuvienphapluat.vn/van-ban/Tai-chinh-nha-nuoc/Chi-thi-10-CT-UBND-2021-xay-dung-Ke-hoach-phat-trien-kinh-te-xa-hoi-tinh-Lam-Dong-2022-485974.aspx
2025-06-23 09:08:18,793 - INFO - ✅ Đã lấy link: https://thuvienphapluat.vn/van-ban/Van-hoa-Xa-hoi/Chi-thi-11-CT-UBND-2021-nang-cao-hieu-qua-cong-tac-thong-tin-cua-co-quan-bao-chi-tinh-Quang-Nam-487641.aspx
2025-06-23 09:08:18,796 - INFO - ✅ Đã lấy link: https://thuvienphapluat.vn/van-ban/Bat-dong-san/Chi-thi-22-CT-TTg-2021-day-manh-cong-tac-quy-hoach-ke-hoach-su-dung-dat-cac-cap-484405.aspx
2025-06-23 09:08:18,800 - INFO - ✅ Đã lấy link: https://thuvienphapluat.vn/van-ban/Thuong-mai/Chi-thi-19-CT-UBND-2021-xay-dung-ke-hoach-phat-trien-kinh-te-xa-hoi-Hai-Phong-2022-521391.aspx
2025-06-23 09:08:18,803 - INFO - ✅ Đã lấy link: https://thuvienphapluat.vn/van-ban/Van-hoa-Xa-hoi/Chi-thi-12-CT-UBND-2021-phong-trao-thi-dua-thuc-hien-thang-loi-ke-hoach-phat-trien-kinh-te-Bac-Giang-485658.aspx
2025-06-23 09:08:18,808 - INFO - ✅ Đã lấy link: https://thuvienphapluat.vn/van-ban/Thuong-mai/Chi-thi-14-CT-UBND-2021-thuc-hien-thang-loi-nhiem-vu-phat-trien-kinh-te-xa-hoi-hang-nam-Quang-Ngai-596701.aspx
2025-06-23 09:08:18,811 - INFO - ✅ Đã lấy link: https://thuvienphapluat.vn/van-ban/Bo-may-hanh-chinh/Chi-thi-so-09-CT-UBND-2021-tang-cuong-lap-ho-so-vao-Luu-tru-co-quan-tai-cac-co-quan-Bac-Kan-513764.aspx
2025-06-23 09:08:18,815 - INFO - ✅ Đã lấy link: https://thuvienphapluat.vn/van-ban/Thu-tuc-To-tung/Chi-thi-07-CT-VKSTC-2021-tang-cuong-khang-nghi-phuc-tham-giam-doc-tham-vu-an-hanh-chinh-484153.aspx
2025-06-23 09:08:18,819 - INFO - ✅ Đã lấy link: https://thuvienphapluat.vn/van-ban/Dau-tu/Chi-thi-11-CT-UBND-2021-thi-dua-thuc-hien-nhiem-vu-phat-trien-kinh-te-xa-hoi-hang-nam-Can-Tho-486928.aspx
2025-06-23 09:08:18,823 - INFO - ✅ Đã lấy link: https://thuvienphapluat.vn/van-ban/Dau-tu/Chi-thi-25-CT-UBND-2021-xay-dung-ke-hoach-phat-trien-kinh-te-xa-hoi-tinh-Nghe-An-486395.aspx
2025-06-23 09:08:18,827 - INFO - ✅ Đã lấy link: https://thuvienphapluat.vn/van-ban/Bo-may-hanh-chinh/Chi-thi-21-CT-TTg-2021-nang-cao-hieu-qua-thuc-hien-va-doi-moi-co-che-quan-ly-tai-chinh-483681.aspx
2025-06-23 09:08:18,830 - INFO - ✅ Đã lấy link: https://thuvienphapluat.vn/van-ban/Bo-may-hanh-chinh/Chi-thi-07-CT-UBND-2021-tang-cuong-cong-tac-van-thu-tinh-Ha-Nam-492808.aspx
2025-06-23 09:08:18,834 - INFO - ✅ Đã lấy link: https://thuvienphapluat.vn/van-ban/Tai-nguyen-Moi-truong/Chi-thi-09-CT-UBND-2021-tang-cuong-cong-tac-quan-ly-hoat-dong-khoang-san-tinh-Lam-Dong-486308.aspx
2025-06-23 09:08:18,834 - INFO - ➡️ Đang truy cập: https://thuvienphapluat.vn/page/tim-van-ban.aspx?keyword=&area=0&match=True&type=1&status=1&signer=0&sort=1&lan=1&scan=0&org=0&fields=&chlbg=23/06/1945&chlend=23/06/2035&page=99
2025-06-23 09:08:19,616 - INFO - ⏳ Chờ 5.26s giả lập người dùng...
2025-06-23 09:08:26,888 - INFO - 🧭 Tiêu đề trang: Tra cứu Văn Bản Pháp Luật
2025-06-23 09:08:26,904 - INFO - ✅ Đã lấy link: https://thuvienphapluat.vn/van-ban/Dau-tu/Chi-thi-10-CT-UBND-2021-xay-dung-ke-hoach-phat-trien-kinh-te-xa-hoi-tinh-Quang-Nam-487640.aspx
2025-06-23 09:08:26,908 - INFO - ✅ Đã lấy link: https://thuvienphapluat.vn/van-ban/Linh-vuc-khac/Chi-thi-15-CT-UBND-2021-cong-tac-phong-chong-sinh-vat-hai-cay-trong-tinh-Kon-Tum-485062.aspx
2025-06-23 09:08:26,912 - INFO - ✅ Đã lấy link: https://thuvienphapluat.vn/van-ban/Linh-vuc-khac/Chi-thi-15-CT-UBND-2021-tang-cuong-cong-tac-quan-ly-phan-bon-tinh-Dak-Lak-487395.aspx
2025-06-23 09:08:26,916 - INFO - ✅ Đã lấy link: https://thuvienphapluat.vn/van-ban/Thuong-mai/Chi-thi-14-CT-UBND-2021-tang-cuong-quan-ly-hoat-dong-san-xuat-giong-cay-trong-tinh-Dak-Lak-487380.aspx
2025-06-23 09:08:26,919 - INFO - ✅ Đã lấy link: https://thuvienphapluat.vn/van-ban/Tai-chinh-nha-nuoc/Chi-thi-18-CT-UBND-2021-xay-dung-ke-hoach-phat-trien-kinh-te-xa-hoi-Ha-Noi-483386.aspx
2025-06-23 09:08:26,923 - INFO - ✅ Đã lấy link: https://thuvienphapluat.vn/van-ban/Xay-dung-Do-thi/Chi-thi-25-CT-UBND-2021-tang-cuong-quan-ly-hanh-lang-an-toan-luoi-dien-cao-ap-tinh-Son-La-486742.aspx
2025-06-23 09:08:26,927 - INFO - ✅ Đã lấy link: https://thuvienphapluat.vn/van-ban/Vi-pham-hanh-chinh/Chi-thi-12-CT-UBND-2021-tuyen-truyen-dinh-huong-hoat-dong-truyen-thong-bao-chi-tinh-Thai-Binh-488448.aspx
2025-06-23 09:08:26,931 - INFO - ✅ Đã lấy link: https://thuvienphapluat.vn/van-ban/Thuong-mai/Chi-thi-08-CT-BYT-2021-cat-giam-don-gian-hoa-quy-dinh-lien-quan-hoat-dong-kinh-doanh-483012.aspx
2025-06-23 09:08:26,934 - INFO - ✅ Đã lấy link: https://thuvienphapluat.vn/van-ban/Dau-tu/Chi-thi-06-CT-UBND-2021-xay-dung-Ke-hoach-phat-trien-kinh-te-xa-hoi-tinh-Dong-Thap-nam-2022-488157.aspx
2025-06-23 09:08:26,938 - INFO - ✅ Đã lấy link: https://thuvienphapluat.vn/van-ban/Tai-chinh-nha-nuoc/Chi-thi-12-CT-UBND-2021-xay-dung-ke-hoach-phat-trien-kinh-te-xa-hoi-tinh-Quang-Binh-487223.aspx
2025-06-23 09:08:26,942 - INFO - ✅ Đã lấy link: https://thuvienphapluat.vn/van-ban/The-thao-Y-te/Chi-thi-11-CT-UBND-2021-phong-chong-dich-COVID-19-trong-tinh-hinh-moi-tinh-Bac-Giang-485785.aspx
2025-06-23 09:08:26,945 - INFO - ✅ Đã lấy link: https://thuvienphapluat.vn/van-ban/Tai-nguyen-Moi-truong/Chi-thi-10-CT-UBND-2021-tang-cuong-cong-tac-quan-ly-bao-ve-cac-loai-dong-vat-tinh-Phu-Tho-484046.aspx
2025-06-23 09:08:26,949 - INFO - ✅ Đã lấy link: https://thuvienphapluat.vn/van-ban/Tai-nguyen-Moi-truong/Chi-thi-43-CT-BTTTT-2021-cong-tac-phong-chong-thien-tai-va-tim-kiem-cuu-nan-482791.aspx
2025-06-23 09:08:26,953 - INFO - ✅ Đã lấy link: https://thuvienphapluat.vn/van-ban/Bo-may-hanh-chinh/Chi-thi-11-CT-UBND-2021-nang-cao-chat-luong-xay-dung-he-thong-phap-luat-tinh-Thai-Binh-482906.aspx
2025-06-23 09:08:26,956 - INFO - ✅ Đã lấy link: https://thuvienphapluat.vn/van-ban/Thue-Phi-Le-Phi/Chi-thi-13-CT-UBND-2021-quan-ly-thue-hoat-dong-kinh-doanh-thuong-mai-dien-tu-tinh-Vinh-Phuc-484209.aspx
2025-06-23 09:08:26,960 - INFO - ✅ Đã lấy link: https://thuvienphapluat.vn/van-ban/Tai-nguyen-Moi-truong/Chi-thi-12-CT-UBND-2021-phong-chong-thien-tai-trong-boi-canh-dich-benh-Covid19-tinh-Binh-Dinh-485993.aspx
2025-06-23 09:08:26,964 - INFO - ✅ Đã lấy link: https://thuvienphapluat.vn/van-ban/The-thao-Y-te/Chi-thi-17-CT-UBND-2021-thuc-hien-gian-cach-xa-hoi-de-phong-chong-dich-COVID-19-Ha-Noi-482229.aspx
2025-06-23 09:08:26,968 - INFO - ✅ Đã lấy link: https://thuvienphapluat.vn/van-ban/Dau-tu/Chi-thi-20-CT-TTg-2021-xay-dung-Ke-hoach-phat-trien-kinh-te-xa-hoi-2022-482231.aspx
2025-06-23 09:08:26,971 - INFO - ✅ Đã lấy link: https://thuvienphapluat.vn/van-ban/The-thao-Y-te/Chi-thi-12-CT-TU-2021-tang-cuong-bien-phap-thuc-hien-Chi-thi-16-CT-TTg-Ho-Chi-Minh-482106.aspx
2025-06-23 09:08:26,975 - INFO - ✅ Đã lấy link: https://thuvienphapluat.vn/van-ban/Ke-toan-Kiem-toan/Chi-thi-09-CT-UBND-2021-to-chuc-thuc-hien-ket-luan-kien-nghi-cua-kiem-toan-nha-nuoc-Vung-Tau-484517.aspx
2025-06-23 09:08:26,975 - INFO - ➡️ Đang truy cập: https://thuvienphapluat.vn/page/tim-van-ban.aspx?keyword=&area=0&match=True&type=1&status=1&signer=0&sort=1&lan=1&scan=0&org=0&fields=&chlbg=23/06/1945&chlend=23/06/2035&page=100
2025-06-23 09:08:27,778 - INFO - ⏳ Chờ 3.42s giả lập người dùng...
2025-06-23 09:08:33,207 - INFO - 🧭 Tiêu đề trang: Tra cứu Văn Bản Pháp Luật
2025-06-23 09:08:33,223 - INFO - ✅ Đã lấy link: https://thuvienphapluat.vn/van-ban/The-thao-Y-te/Chi-thi-20-CT-UBND-2021-trien-khai-bien-phap-phong-chong-dich-COVID19-tinh-Thua-Thien-Hue-483778.aspx
2025-06-23 09:08:33,226 - INFO - ✅ Đã lấy link: https://thuvienphapluat.vn/van-ban/Bao-hiem/Chi-thi-2165-CT-BHXH-2021-tang-cuong-trach-nhiem-nguoi-dung-dau-don-vi-cua-Nganh-Bao-hiem-481950.aspx
2025-06-23 09:08:33,230 - INFO - ✅ Đã lấy link: https://thuvienphapluat.vn/van-ban/Bo-may-hanh-chinh/Chi-thi-13-CT-UBND-2021-tang-cuong-quan-ly-van-thu-luu-tru-tinh-Dak-Lak-482521.aspx
2025-06-23 09:08:33,233 - INFO - ✅ Đã lấy link: https://thuvienphapluat.vn/van-ban/The-thao-Y-te/Chi-thi-09-CT-UBND-2021-gian-cach-xa-hoi-phong-chong-dich-benh-COVID-19-tinh-Tra-Vinh-484567.aspx
2025-06-23 09:08:33,237 - INFO - ✅ Đã lấy link: https://thuvienphapluat.vn/van-ban/The-thao-Y-te/Chi-thi-4840-CT-VPCP-2021-bo-sung-cac-bien-phap-phong-chong-dich-Covid-19-482018.aspx
2025-06-23 09:08:33,240 - INFO - ✅ Đã lấy link: https://thuvienphapluat.vn/van-ban/The-thao-Y-te/Chi-thi-16-CT-UBND-2021-trien-khai-phong-chong-dich-COVID-19-tinh-Ninh-Thuan-481859.aspx
2025-06-23 09:08:33,244 - INFO - ✅ Đã lấy link: https://thuvienphapluat.vn/van-ban/The-thao-Y-te/Chi-thi-1369-CT-KTNN-2021-tiep-tuc-thuc-hien-nghiem-quy-dinh-phong-chong-dich-Covid-19-481479.aspx
2025-06-23 09:08:33,247 - INFO - ✅ Đã lấy link: https://thuvienphapluat.vn/van-ban/Dau-tu/Chi-thi-19-CT-TTg-2021-phat-dong-thi-dua-thuc-hien-nhiem-vu-phat-trien-kinh-te-xa-hoi-hang-nam-481379.aspx
2025-06-23 09:08:33,251 - INFO - ✅ Đã lấy link: https://thuvienphapluat.vn/van-ban/Tai-nguyen-Moi-truong/Chi-thi-12-CT-UBND-2021-tang-cuong-bien-phap-bao-ve-rung-phong-chay-chua-chay-Hai-Duong-557345.aspx
2025-06-23 09:08:33,254 - INFO - ✅ Đã lấy link: https://thuvienphapluat.vn/van-ban/Bo-may-hanh-chinh/Chi-thi-07-CT-BYT-2021-kien-toan-to-chuc-kham-benh-chua-benh-Lao-481206.aspx
2025-06-23 09:08:33,258 - INFO - ✅ Đã lấy link: https://thuvienphapluat.vn/van-ban/Cong-nghe-thong-tin/Chi-thi-09-CT-UBND-2021-ung-dung-cong-nghe-trong-cong-tac-phong-chong-dich-covid-19-Can-Tho-482234.aspx
2025-06-23 09:08:33,261 - INFO - ✅ Đã lấy link: https://thuvienphapluat.vn/van-ban/Bat-dong-san/Chi-thi-17-CT-UBND-2021-tang-cuong-cong-tac-quan-ly-dat-dai-Thanh-Hoa-615269.aspx
2025-06-23 09:08:33,266 - INFO - ✅ Đã lấy link: https://thuvienphapluat.vn/van-ban/Bat-dong-san/Chi-thi-12-CT-UBND-2021-quy-dinh-chan-chinh-tinh-trang-tang-gia-dat-Soc-Trang-617529.aspx
2025-06-23 09:08:33,270 - INFO - ✅ Đã lấy link: https://thuvienphapluat.vn/van-ban/The-thao-Y-te/Chi-thi-13-CT-UBND-2021-bien-phap-cap-bach-phong-chong-dich-COVID-19-tinh-Kon-Tum-485019.aspx
2025-06-23 09:08:33,274 - INFO - ✅ Đã lấy link: https://thuvienphapluat.vn/van-ban/Tai-nguyen-Moi-truong/Chi-thi-12-CT-UBND-2021-trong-rung-tap-trung-tinh-Kon-Tum-485017.aspx
2025-06-23 09:08:33,278 - INFO - ✅ Đã lấy link: https://thuvienphapluat.vn/van-ban/Cong-nghe-thong-tin/Chi-thi-08-CT-UBND-2021-day-manh-trien-khai-cai-dat-su-dung-ung-dung-Bluezone-Ba-Ria-Vung-Tau-484427.aspx
2025-06-23 09:08:33,281 - INFO - ✅ Đã lấy link: https://thuvienphapluat.vn/van-ban/Tai-nguyen-Moi-truong/Chi-thi-11-CT-UBND-2021-tang-cuong-bien-phap-cap-bach-phong-chay-rung-tinh-Binh-Dinh-485992.aspx
2025-06-23 09:08:33,285 - INFO - ✅ Đã lấy link: https://thuvienphapluat.vn/van-ban/Bat-dong-san/Chi-thi-05-CT-UBND-2021-tang-cuong-cong-tac-quan-ly-dat-dai-tinh-Dong-Thap-483023.aspx
2025-06-23 09:08:33,289 - INFO - ✅ Đã lấy link: https://thuvienphapluat.vn/van-ban/Dich-vu-phap-ly/Chi-thi-11-CT-UBND-2021-tang-cuong-cong-tac-quan-ly-doi-voi-cong-chung-tinh-Quang-Binh-482797.aspx
2025-06-23 09:08:33,292 - INFO - ✅ Đã lấy link: https://thuvienphapluat.vn/van-ban/Giao-duc/Chi-thi-09-CT-CTUBND-2021-day-manh-cong-tac-khuyen-hoc-khuyen-tinh-Hung-Yen-481549.aspx
2025-06-23 09:08:33,292 - INFO - ➡️ Đang truy cập: https://thuvienphapluat.vn/page/tim-van-ban.aspx?keyword=&area=0&match=True&type=1&status=1&signer=0&sort=1&lan=1&scan=0&org=0&fields=&chlbg=23/06/1945&chlend=23/06/2035&page=101
2025-06-23 09:08:33,877 - INFO - ⏳ Chờ 3.01s giả lập người dùng...
2025-06-23 09:08:38,894 - INFO - 🧭 Tiêu đề trang: Tra cứu Văn Bản Pháp Luật
2025-06-23 09:08:38,909 - INFO - ✅ Đã lấy link: https://thuvienphapluat.vn/van-ban/Tai-nguyen-Moi-truong/Chi-thi-12-CT-UBND-2021-tang-cuong-bien-phap-cap-bach-trong-cong-tac-bao-ve-rung-tinh-Hai-Duong-483808.aspx
2025-06-23 09:08:38,912 - INFO - ✅ Đã lấy link: https://thuvienphapluat.vn/van-ban/Dau-tu/Chi-thi-01-CT-BXD-2021-day-nhanh-tien-do-thuc-hien-va-giai-ngan-ke-hoach-von-dau-tu-cong-480995.aspx
2025-06-23 09:08:38,916 - INFO - ✅ Đã lấy link: https://thuvienphapluat.vn/van-ban/Tai-nguyen-Moi-truong/Chi-thi-18-CT-TTg-2021-nang-cao-nang-luc-luc-luong-xung-kich-phong-chong-thien-tai-cap-xa-480592.aspx
2025-06-23 09:08:38,920 - INFO - ✅ Đã lấy link: https://thuvienphapluat.vn/van-ban/The-thao-Y-te/Chi-thi-15-CT-UBND-2021-thuc-hien-bien-phap-phong-chong-dich-COVID-19-tinh-Dong-Nai-484780.aspx
2025-06-23 09:08:38,924 - INFO - ✅ Đã lấy link: https://thuvienphapluat.vn/van-ban/Giao-thong-Van-tai/Chi-thi-2965-CT-CHK-2021-tang-cuong-cong-tac-phong-chong-dich-Covid19-482167.aspx
2025-06-23 09:08:38,928 - INFO - ✅ Đã lấy link: https://thuvienphapluat.vn/van-ban/Xay-dung-Do-thi/Chi-thi-08-CT-UBND-2021-tang-cuong-cong-tac-lap-quy-hoach-thanh-pho-Can-Tho-482233.aspx
2025-06-23 09:08:38,933 - INFO - ✅ Đã lấy link: https://thuvienphapluat.vn/van-ban/The-thao-Y-te/Chi-thi-07-CT-TW-2021-tang-cuong-phong-chong-HIV-AIDS-cham-dut-AIDS-tai-Viet-Nam-truoc-2030-481276.aspx
2025-06-23 09:08:38,937 - INFO - ✅ Đã lấy link: https://thuvienphapluat.vn/van-ban/Thu-tuc-To-tung/Chi-thi-17-CT-UBND-2021-phoi-hop-thi-hanh-an-hinh-su-va-tai-hoa-nhap-cong-dong-Hai-Phong-483968.aspx
2025-06-23 09:08:38,941 - INFO - ✅ Đã lấy link: https://thuvienphapluat.vn/van-ban/The-thao-Y-te/Chi-thi-12-CT-UBND-2021-nang-cao-hieu-qua-hoat-dong-cua-To-Covid-cong-dong-tinh-Binh-Duong-481652.aspx
2025-06-23 09:08:38,945 - INFO - ✅ Đã lấy link: https://thuvienphapluat.vn/van-ban/Giao-duc/Chi-thi-08-CT-UBND-2021-day-manh-cong-tac-khuyen-hoc-khuyen-tai-tinh-Lam-Dong-481650.aspx
2025-06-23 09:08:38,949 - INFO - ✅ Đã lấy link: https://thuvienphapluat.vn/van-ban/Dau-tu/Chi-thi-22-CT-UBND-2021-nhiem-vu-giai-phap-chu-yeu-de-thuc-day-tang-truong-kinh-te-tinh-Son-La-483517.aspx
2025-06-23 09:08:38,953 - INFO - ✅ Đã lấy link: https://thuvienphapluat.vn/van-ban/Tai-chinh-nha-nuoc/Chi-thi-10-CT-UBND-2021-tang-cuong-cong-tac-quan-ly-thu-ngan-sach-nha-nuoc-tinh-Binh-Dinh-482192.aspx
2025-06-23 09:08:38,958 - INFO - ✅ Đã lấy link: https://thuvienphapluat.vn/van-ban/Thuong-mai/Chi-thi-09-CT-UBND-2021-quan-ly-thue-doi-voi-hoat-dong-kinh-doanh-tren-nen-tang-so-tinh-Binh-Dinh-482191.aspx
2025-06-23 09:08:38,962 - INFO - ✅ Đã lấy link: https://thuvienphapluat.vn/van-ban/Dau-tu/Chi-thi-11-CT-CTUBND-2021-thuc-day-nhanh-tien-do-thuc-hien-ke-hoach-dau-tu-cong-tinh-Vinh-Phuc-484206.aspx
2025-06-23 09:08:38,965 - INFO - ✅ Đã lấy link: https://thuvienphapluat.vn/van-ban/The-thao-Y-te/Chi-thi-06-CT-UBND-2021-thuc-hien-bien-phap-phong-chong-dich-benh-Covid19-tinh-Tra-Vinh-485353.aspx
2025-06-23 09:08:38,969 - INFO - ✅ Đã lấy link: https://thuvienphapluat.vn/van-ban/Van-hoa-Xa-hoi/Chi-thi-12-CT-UBND-2021-phong-chong-te-nan-co-bac-trong-tinh-hinh-moi-tinh-Quang-Ngai-482755.aspx
2025-06-23 09:08:38,972 - INFO - ✅ Đã lấy link: https://thuvienphapluat.vn/van-ban/The-thao-Y-te/Chi-thi-11-CT-UBND-2021-tphong-chong-dich-COVID-19-trong-tinh-hinh-moi-tinh-Vinh-Long-484093.aspx
2025-06-23 09:08:38,976 - INFO - ✅ Đã lấy link: https://thuvienphapluat.vn/van-ban/Trach-nhiem-hinh-su/Chi-thi-06-CT-VKSTC-2021-thi-hanh-bien-phap-tu-phap-bat-buoc-chua-benh-trong-dieu-tra-hinh-su-479427.aspx
2025-06-23 09:08:38,980 - INFO - ✅ Đã lấy link: https://thuvienphapluat.vn/van-ban/Linh-vuc-khac/Chi-thi-22-CT-UBND-2021-giai-phap-phong-chong-benh-Dai-o-dong-vat-tinh-Nghe-An-481960.aspx
2025-06-23 09:08:38,983 - INFO - ✅ Đã lấy link: https://thuvienphapluat.vn/van-ban/Cong-nghe-thong-tin/Chi-thi-11-CT-UBND-2021-ung-dung-cong-nghe-so-vao-cong-tac-phong-chong-dich-tinh-Binh-Duong-481651.aspx
2025-06-23 09:08:38,983 - INFO - ➡️ Đang truy cập: https://thuvienphapluat.vn/page/tim-van-ban.aspx?keyword=&area=0&match=True&type=1&status=1&signer=0&sort=1&lan=1&scan=0&org=0&fields=&chlbg=23/06/1945&chlend=23/06/2035&page=102
2025-06-23 09:08:39,569 - INFO - ⏳ Chờ 4.71s giả lập người dùng...
2025-06-23 09:08:46,288 - INFO - 🧭 Tiêu đề trang: Tra cứu Văn Bản Pháp Luật
2025-06-23 09:08:46,304 - INFO - ✅ Đã lấy link: https://thuvienphapluat.vn/van-ban/Bat-dong-san/Chi-thi-10-CT-UBND-2021-chan-chinh-tang-cuong-quan-ly-nha-nuoc-ve-dat-dai-tinh-Thai-Binh-483501.aspx
2025-06-23 09:08:46,308 - INFO - ✅ Đã lấy link: https://thuvienphapluat.vn/van-ban/Xay-dung-Do-thi/Chi-thi-10-CT-UBND-2021-cong-tac-quan-ly-chat-luong-cong-trinh-xay-dung-tinh-Vinh-Phuc-479973.aspx
2025-06-23 09:08:46,311 - INFO - ✅ Đã lấy link: https://thuvienphapluat.vn/van-ban/Thuong-mai/Chi-thi-17-CT-TTg-2021-phoi-hop-xu-ly-thong-tin-ngan-chan-cham-dut-khai-thac-hai-san-bat-hop-phap-478924.aspx
2025-06-23 09:08:46,315 - INFO - ✅ Đã lấy link: https://thuvienphapluat.vn/van-ban/Van-hoa-Xa-hoi/Chi-thi-06-CT-TW-2021-tang-cuong-su-lanh-dao-cua-Dang-doi-voi-cong-tac-xay-dung-gia-dinh-479330.aspx
2025-06-23 09:08:46,319 - INFO - ✅ Đã lấy link: https://thuvienphapluat.vn/van-ban/Van-hoa-Xa-hoi/Chi-thi-05-CT-TW-2021-tang-cuong-su-lanh-dao-cua-Dang-voi-cong-tac-giam-ngheo-ben-vung-479134.aspx
2025-06-23 09:08:46,322 - INFO - ✅ Đã lấy link: https://thuvienphapluat.vn/van-ban/The-thao-Y-te/Chi-thi-10-CT-UBND-2021-thuc-hien-bien-phap-phong-chong-dich-benh-Covid-19-tinh-Binh-Duong-481694.aspx
2025-06-23 09:08:46,326 - INFO - ✅ Đã lấy link: https://thuvienphapluat.vn/van-ban/Tai-chinh-nha-nuoc/Chi-thi-07-CT-UBND-2021-ke-hoach-phat-trien-kinh-te-xa-hoi-du-toan-ngan-sach-nha-nuoc-Bac-Kan-480800.aspx
2025-06-23 09:08:46,330 - INFO - ✅ Đã lấy link: https://thuvienphapluat.vn/van-ban/Van-hoa-Xa-hoi/Chi-thi-12-CT-UBND-2021-bien-phap-phong-chong-tai-nan-thuong-tich-cho-tre-em-tinh-Dak-Lak-482520.aspx
2025-06-23 09:08:46,333 - INFO - ✅ Đã lấy link: https://thuvienphapluat.vn/van-ban/Dich-vu-phap-ly/Chi-thi-13-CT-UBND-2021-cong-tac-tro-giup-phap-ly-tinh-Binh-Thuan-479601.aspx
2025-06-23 09:08:46,337 - INFO - ✅ Đã lấy link: https://thuvienphapluat.vn/van-ban/The-thao-Y-te/Chi-thi-10-CT-UBND-2021-siet-chat-tang-cuong-bien-phap-phong-chong-dich-Covid19-Ho-Chi-Minh-478396.aspx
2025-06-23 09:08:46,341 - INFO - ✅ Đã lấy link: https://thuvienphapluat.vn/van-ban/Van-hoa-Xa-hoi/Chi-thi-09-CT-CTUBND-2021-tang-cuong-quan-ly-bao-ve-di-tich-lich-su-van-hoa-tinh-Vinh-Phuc-479972.aspx
2025-06-23 09:08:46,345 - INFO - ✅ Đã lấy link: https://thuvienphapluat.vn/van-ban/Tai-nguyen-Moi-truong/Chi-thi-15-CT-UBND-2021-tang-cuong-cong-tac-quan-ly-bao-ve-rung-Ha-Noi-477941.aspx
2025-06-23 09:08:46,348 - INFO - ✅ Đã lấy link: https://thuvienphapluat.vn/van-ban/Lao-dong-Tien-luong/Chi-thi-16-CT-TTg-2021-nang-cao-muc-song-cai-thien-dieu-kien-lam-viec-cua-cong-nhan-lao-dong-477742.aspx
2025-06-23 09:08:46,352 - INFO - ✅ Đã lấy link: https://thuvienphapluat.vn/van-ban/Dau-tu/Chi-thi-06-CT-BGTVT-2021-day-nhanh-tien-do-thuc-hien-giai-ngan-ke-hoach-dau-tu-cong-477759.aspx
2025-06-23 09:08:46,356 - INFO - ✅ Đã lấy link: https://thuvienphapluat.vn/van-ban/Bo-may-hanh-chinh/Chi-thi-11-CT-UBND-2021-dam-bao-an-ninh-quoc-gia-trong-linh-vuc-du-lich-tinh-Gia-Lai-478625.aspx
2025-06-23 09:08:46,359 - INFO - ✅ Đã lấy link: https://thuvienphapluat.vn/van-ban/Linh-vuc-khac/Chi-thi-11-CT-UBND-2021-phong-chong-dich-benh-dong-vat-trong-dich-COVID19-tinh-Kon-Tum-480712.aspx
2025-06-23 09:08:46,363 - INFO - ✅ Đã lấy link: https://thuvienphapluat.vn/van-ban/Thu-tuc-To-tung/Chi-thi-09-CT-UBND-2021-tang-cuong-cong-tac-thi-hanh-an-dan-su-tinh-Hai-Duong-479211.aspx
2025-06-23 09:08:46,367 - INFO - ✅ Đã lấy link: https://thuvienphapluat.vn/van-ban/Cong-nghe-thong-tin/Chi-thi-13-CT-UBND-2021-bao-dam-an-toan-trong-cung-ung-dich-vu-buu-chinh-tinh-Thanh-Hoa-478806.aspx
2025-06-23 09:08:46,371 - INFO - ✅ Đã lấy link: https://thuvienphapluat.vn/van-ban/Linh-vuc-khac/Chi-thi-11-CT-UBND-2021-trien-khai-giai-phap-phong-chong-benh-dai-o-dong-vat-tinh-Dak-Lak-477613.aspx
2025-06-23 09:08:46,375 - INFO - ✅ Đã lấy link: https://thuvienphapluat.vn/van-ban/Bo-may-hanh-chinh/Chi-thi-05-CT-VKSTC-2021-nang-cao-chat-luong-cong-tac-tuyen-truyen-nganh-Kiem-sat-nhan-dan-477105.aspx
2025-06-23 09:08:46,375 - INFO - ➡️ Đang truy cập: https://thuvienphapluat.vn/page/tim-van-ban.aspx?keyword=&area=0&match=True&type=1&status=1&signer=0&sort=1&lan=1&scan=0&org=0&fields=&chlbg=23/06/1945&chlend=23/06/2035&page=103
2025-06-23 09:08:47,053 - INFO - ⏳ Chờ 3.18s giả lập người dùng...
2025-06-23 09:08:52,243 - INFO - 🧭 Tiêu đề trang: Tra cứu Văn Bản Pháp Luật
2025-06-23 09:08:52,258 - INFO - ✅ Đã lấy link: https://thuvienphapluat.vn/van-ban/Linh-vuc-khac/Chi-thi-09-CT-UBND-2021-tap-trung-trien-khai-phong-chong-benh-dai-o-dong-vat-tinh-Quang-Nam-477690.aspx
2025-06-23 09:08:52,261 - INFO - ✅ Đã lấy link: https://thuvienphapluat.vn/van-ban/Xay-dung-Do-thi/Chi-thi-12-CT-UBND-2021-tang-cuong-cong-tac-quan-ly-quy-hoach-xay-dung-Thanh-Hoa-615268.aspx
2025-06-23 09:08:52,265 - INFO - ✅ Đã lấy link: https://thuvienphapluat.vn/van-ban/The-thao-Y-te/Chi-thi-09-CT-UBND-2021-giai-phap-trong-tam-nham-kiem-soat-dich-benh-COVID19-Ho-Chi-Minh-508714.aspx
2025-06-23 09:08:52,269 - INFO - ✅ Đã lấy link: https://thuvienphapluat.vn/van-ban/Thuong-mai/Chi-thi-21-CT-UBND-2021-cong-tac-quan-ly-thuong-hieu-cac-san-pham-chu-luc-tinh-Son-La-478704.aspx
2025-06-23 09:08:52,273 - INFO - ✅ Đã lấy link: https://thuvienphapluat.vn/van-ban/Dau-tu/Chi-thi-05-CT-BGTVT-2021-tang-cuong-day-manh-cong-tac-quyet-toan-du-an-hoan-thanh-476603.aspx
2025-06-23 09:08:52,276 - INFO - ✅ Đã lấy link: https://thuvienphapluat.vn/van-ban/The-thao-Y-te/Chi-thi-9-CT-UBND-2021-ung-dung-cong-nghe-thong-tin-trong-khai-bao-y-te-dien-tu-tinh-Bac-Giang-481061.aspx
2025-06-23 09:08:52,280 - INFO - ✅ Đã lấy link: https://thuvienphapluat.vn/van-ban/Thuong-mai/Chi-thi-14-CT-UBND-2021-nang-cao-chi-so-nang-luc-canh-tranh-PCI-Ha-Noi-476574.aspx
2025-06-23 09:08:52,284 - INFO - ✅ Đã lấy link: https://thuvienphapluat.vn/van-ban/Trach-nhiem-hinh-su/Chi-thi-04-CT-TW-2021-tang-cuong-su-lanh-dao-cua-Dang-doi-voi-thu-hoi-tai-san-bi-that-thoat-477476.aspx
2025-06-23 09:08:52,288 - INFO - ✅ Đã lấy link: https://thuvienphapluat.vn/van-ban/Giao-duc/Chi-thi-19-CT-UBND-2021-to-chuc-Ky-thi-tot-nghiep-trung-hoc-pho-thong-tinh-Thua-Thien-Hue-479848.aspx
2025-06-23 09:08:52,291 - INFO - ✅ Đã lấy link: https://thuvienphapluat.vn/van-ban/Van-hoa-Xa-hoi/Chi-thi-10-CT-UBND-2021-phat-huy-gia-tri-di-san-van-hoa-tinh-Gia-Lai-478624.aspx
2025-06-23 09:08:52,295 - INFO - ✅ Đã lấy link: https://thuvienphapluat.vn/van-ban/Van-hoa-Xa-hoi/Chi-thi-15-CT-UBND-2021-tang-cuong-phong-chay-chua-chay-khu-dan-cu-ho-gia-dinh-tinh-Ninh-Thuan-476510.aspx
2025-06-23 09:08:52,299 - INFO - ✅ Đã lấy link: https://thuvienphapluat.vn/van-ban/The-thao-Y-te/Chi-thi-04-CT-UBND-2021-khan-truong-thuc-hien-bien-phap-phong-chong-Covid19-tinh-Tra-Vinh-485352.aspx
2025-06-23 09:08:52,303 - INFO - ✅ Đã lấy link: https://thuvienphapluat.vn/van-ban/Bo-may-hanh-chinh/Chi-thi-07-CT-UBND-2021-chan-chinh-le-loi-lam-viec-doi-voi-can-bo-cong-chuc-vien-chuc-tinh-Lam-Dong-481649.aspx
2025-06-23 09:08:52,307 - INFO - ✅ Đã lấy link: https://thuvienphapluat.vn/van-ban/Tai-nguyen-Moi-truong/Chi-thi-06-CT-UBND-2021-tang-cuong-thuc-hien-cong-tac-phong-chay-chua-chay-tinh-Lam-Dong-481648.aspx
2025-06-23 09:08:52,310 - INFO - ✅ Đã lấy link: https://thuvienphapluat.vn/van-ban/Bo-may-hanh-chinh/Chi-thi-15-CT-TTg-2021-tong-ket-thi-hanh-phap-luat-ve-Phong-khong-nhan-dan-2015-2021-476048.aspx
2025-06-23 09:08:52,314 - INFO - ✅ Đã lấy link: https://thuvienphapluat.vn/van-ban/Thuong-mai/Chi-thi-20-CT-UBND-2021-xay-dung-Ke-hoach-phat-trien-kinh-te-xa-hoi-tinh-Son-La-478762.aspx
2025-06-23 09:08:52,318 - INFO - ✅ Đã lấy link: https://thuvienphapluat.vn/van-ban/Tai-chinh-nha-nuoc/Chi-thi-18-CT-UBND-2021-tang-cuong-cong-tac-quan-ly-tai-san-cong-tinh-Son-La-478760.aspx
2025-06-23 09:08:52,322 - INFO - ✅ Đã lấy link: https://thuvienphapluat.vn/van-ban/Dau-tu/Chi-thi-19-CT-UBND-2021-day-nhanh-tien-do-xay-dung-ke-hoach-dau-tu-cong-trung-han-tinh-Son-La-478761.aspx
2025-06-23 09:08:52,326 - INFO - ✅ Đã lấy link: https://thuvienphapluat.vn/van-ban/Bo-may-hanh-chinh/Chi-thi-14-CT-UBND-2021-thuc-hien-cong-tac-cai-cach-hanh-chinh-tinh-Lao-Cai-481314.aspx
2025-06-23 09:08:52,329 - INFO - ✅ Đã lấy link: https://thuvienphapluat.vn/van-ban/Linh-vuc-khac/Chi-thi-06-CT-UBND-2021-giai-phap-phong-chong-benh-Viem-da-noi-cuc-tren-trau-bo-tinh-Binh-Dinh-475937.aspx
2025-06-23 09:08:52,329 - INFO - ➡️ Đang truy cập: https://thuvienphapluat.vn/page/tim-van-ban.aspx?keyword=&area=0&match=True&type=1&status=1&signer=0&sort=1&lan=1&scan=0&org=0&fields=&chlbg=23/06/1945&chlend=23/06/2035&page=104
2025-06-23 09:08:52,851 - INFO - ⏳ Chờ 4.02s giả lập người dùng...
2025-06-23 09:08:58,881 - INFO - 🧭 Tiêu đề trang: Tra cứu Văn Bản Pháp Luật
2025-06-23 09:08:58,896 - INFO - ✅ Đã lấy link: https://thuvienphapluat.vn/van-ban/Cong-nghe-thong-tin/Chi-thi-22-CT-BTTTT-2021-tang-cuong-phong-ngua-chong-vi-pham-phap-luat-tren-mang-Internet-475636.aspx
2025-06-23 09:08:58,900 - INFO - ✅ Đã lấy link: https://thuvienphapluat.vn/van-ban/Giao-duc/Chi-thi-14-CT-TTg-2021-day-manh-cong-tac-khuyen-hoc-xay-dung-xa-hoi-hoc-tap-2021-2030-475373.aspx
2025-06-23 09:08:58,904 - INFO - ✅ Đã lấy link: https://thuvienphapluat.vn/van-ban/Doanh-nghiep/Chi-thi-08-CT-UBND-2021-thanh-lap-Quy-phat-trien-khoa-hoc-cua-doanh-nghiep-tinh-Binh-Duong-481692.aspx
2025-06-23 09:08:58,908 - INFO - ✅ Đã lấy link: https://thuvienphapluat.vn/van-ban/Linh-vuc-khac/Chi-thi-10-CT-UBND-2021-trien-khai-phong-chong-benh-viem-da-noi-cuc-tren-trau-bo-tinh-Thanh-Hoa-479090.aspx
2025-06-23 09:08:58,912 - INFO - ✅ Đã lấy link: https://thuvienphapluat.vn/van-ban/The-thao-Y-te/Chi-thi-04-CT-VKSTC-2021-cong-tac-phong-chong-dich-Covid19-tai-co-quan-477939.aspx
2025-06-23 09:08:58,916 - INFO - ✅ Đã lấy link: https://thuvienphapluat.vn/van-ban/Dau-tu/Chi-thi-13-CT-TTg-2021-nang-cao-chat-luong-xay-dung-Ke-hoach-dau-tu-cong-trung-han-2021-2025-475120.aspx
2025-06-23 09:08:58,919 - INFO - ✅ Đã lấy link: https://thuvienphapluat.vn/van-ban/Van-hoa-Xa-hoi/Chi-thi-18-CT-UBND-2021-quan-ly-cong-tac-ra-pha-bom-min-vat-no-tinh-Thua-Thien-Hue-479588.aspx
2025-06-23 09:08:58,924 - INFO - ✅ Đã lấy link: https://thuvienphapluat.vn/van-ban/Giao-duc/Chi-thi-10-CT-UBND-2021-chi-dao-ky-thi-tot-nghiep-trung-hoc-pho-thong-tinh-Dak-Nong-477827.aspx
2025-06-23 09:08:58,929 - INFO - ✅ Đã lấy link: https://thuvienphapluat.vn/van-ban/Van-hoa-Xa-hoi/Chi-thi-10-CT-UBND-2021-tang-cuong-phong-ngua-trong-cay-co-chua-chat-ma-tuy-tinh-Dak-Lak-477404.aspx
2025-06-23 09:08:58,933 - INFO - ✅ Đã lấy link: https://thuvienphapluat.vn/van-ban/Linh-vuc-khac/Chi-thi-13-CT-UBND-2021-tang-cuong-hoat-dong-Khoa-hoc-va-Cong-nghe-Lao-Cai-568210.aspx
2025-06-23 09:08:58,938 - INFO - ✅ Đã lấy link: https://thuvienphapluat.vn/van-ban/Thuong-mai/Chi-thi-11-CT-UBND-2021-quan-ly-hoat-dong-buon-ban-su-dung-thuoc-bao-ve-thuc-vat-tinh-Lao-Cai-481313.aspx
2025-06-23 09:08:58,942 - INFO - ✅ Đã lấy link: https://thuvienphapluat.vn/van-ban/Cong-nghe-thong-tin/Chi-thi-17-CT-UBND-2021-tang-cuong-phong-chong-toi-pham-su-dung-cong-nghe-cao-tinh-Nghe-An-481965.aspx
2025-06-23 09:08:58,947 - INFO - ✅ Đã lấy link: https://thuvienphapluat.vn/van-ban/Giao-duc/Chi-thi-17-CT-UBND-2021-chi-dao-to-chuc-Ky-thi-tot-nghiep-trung-hoc-pho-thong-tinh-Son-La-478703.aspx
2025-06-23 09:08:58,951 - INFO - ✅ Đã lấy link: https://thuvienphapluat.vn/van-ban/Thuong-mai/Chi-thi-03-CT-TW-2021-tang-cuong-lanh-dao-doi-voi-Nguoi-Viet-Nam-uu-tien-dung-hang-Viet-Nam-475697.aspx
2025-06-23 09:08:58,955 - INFO - ✅ Đã lấy link: https://thuvienphapluat.vn/van-ban/Giao-duc/Chi-thi-916-CT-UBND-2021-chi-dao-Ky-thi-tot-nghiep-trung-hoc-pho-thong-tinh-Ha-Giang-475552.aspx
2025-06-23 09:08:58,959 - INFO - ✅ Đã lấy link: https://thuvienphapluat.vn/van-ban/Linh-vuc-khac/Chi-thi-2894-CT-BNN-TY-2021-trien-khai-dong-bo-giai-phap-phong-chong-benh-Dai-o-dong-vat-474619.aspx
2025-06-23 09:08:58,963 - INFO - ✅ Đã lấy link: https://thuvienphapluat.vn/van-ban/Tai-chinh-nha-nuoc/Chi-thi-06-CT-UBND-2021-tang-cuong-cong-tac-quan-ly-tai-san-cong-tai-cac-co-quan-to-chuc-Can-Tho-476908.aspx
2025-06-23 09:08:58,966 - INFO - ✅ Đã lấy link: https://thuvienphapluat.vn/van-ban/Tai-chinh-nha-nuoc/Chi-thi-03-CT-BGTVT-2021-tang-cuong-cong-tac-quan-ly-tai-chinh-nha-nuoc-tai-co-quan-hanh-chinh-476611.aspx
2025-06-23 09:08:58,970 - INFO - ✅ Đã lấy link: https://thuvienphapluat.vn/van-ban/Cong-nghe-thong-tin/Chi-thi-03-CT-VKSTC-2021-tang-cuong-ung-dung-cong-nghe-thong-tin-trong-nganh-Kiem-sat-nhan-dan-474845.aspx
2025-06-23 09:08:58,974 - INFO - ✅ Đã lấy link: https://thuvienphapluat.vn/van-ban/Tai-nguyen-Moi-truong/Chi-thi-08-CT-UBND-2021-tang-cuong-quan-ly-de-dieu-san-sang-ho-de-chong-lu-bao-Hung-Yen-474658.aspx
2025-06-23 09:08:58,974 - INFO - ➡️ Đang truy cập: https://thuvienphapluat.vn/page/tim-van-ban.aspx?keyword=&area=0&match=True&type=1&status=1&signer=0&sort=1&lan=1&scan=0&org=0&fields=&chlbg=23/06/1945&chlend=23/06/2035&page=105
2025-06-23 09:08:59,457 - INFO - ⏳ Chờ 5.13s giả lập người dùng...
2025-06-23 09:09:06,592 - INFO - 🧭 Tiêu đề trang: Tra cứu Văn Bản Pháp Luật
2025-06-23 09:09:06,608 - INFO - ✅ Đã lấy link: https://thuvienphapluat.vn/van-ban/Tai-nguyen-Moi-truong/Chi-thi-12-CT-UBND-2021-tang-cuong-thuc-hien-cong-tac-phong-chay-chua-chay-tinh-Cao-Bang-482002.aspx
2025-06-23 09:09:06,612 - INFO - ✅ Đã lấy link: https://thuvienphapluat.vn/van-ban/Tai-nguyen-Moi-truong/Chi-thi-10-CT-UBND-2021-trien-khai-giai-phap-phong-chong-han-thieu-nuoc-tinh-Khanh-Hoa-480277.aspx
2025-06-23 09:09:06,615 - INFO - ✅ Đã lấy link: https://thuvienphapluat.vn/van-ban/Giao-duc/Chi-thi-07-CT-UBND-2021-cong-tac-to-chuc-Ky-thi-tot-nghiep-trung-hoc-pho-thong-Ho-Chi-Minh-474165.aspx
2025-06-23 09:09:06,619 - INFO - ✅ Đã lấy link: https://thuvienphapluat.vn/van-ban/Bo-may-hanh-chinh/Chi-thi-14-CT-UBND-2021-tang-cuong-quan-ly-ve-vu-khi-vat-lieu-no-cong-cu-ho-tro-Ninh-Thuan-474385.aspx
2025-06-23 09:09:06,623 - INFO - ✅ Đã lấy link: https://thuvienphapluat.vn/van-ban/Giao-duc/Chi-thi-05-CT-UBND-2021-cong-tac-to-chuc-ky-thi-tuyen-sinh-vao-lop-10-tinh-Quang-Ninh-2021-2022-478445.aspx
2025-06-23 09:09:06,626 - INFO - ✅ Đã lấy link: https://thuvienphapluat.vn/van-ban/Giao-duc/Chi-thi-08-CT-UBND-2021-chi-dao-to-chuc-ky-thi-tot-nghiep-trung-hoc-pho-thong-Lai-Chau-474297.aspx
2025-06-23 09:09:06,630 - INFO - ✅ Đã lấy link: https://thuvienphapluat.vn/van-ban/Giao-duc/Chi-thi-13-CT-UBND-2021-tang-cuong-chi-dao-ky-thi-tot-nghiep-trung-hoc-pho-thong-Ha-Noi-474412.aspx
2025-06-23 09:09:06,634 - INFO - ✅ Đã lấy link: https://thuvienphapluat.vn/van-ban/Vi-pham-hanh-chinh/Chi-thi-12-CT-TTg-2021-cong-tac-tuyen-truyen-hoat-dong-truyen-thong-bao-chi-phuc-vu-bao-ve-to-quoc-473999.aspx
2025-06-23 09:09:06,638 - INFO - ✅ Đã lấy link: https://thuvienphapluat.vn/van-ban/Thuong-mai/Chi-thi-07-CT-BCT-2021-bao-dam-can-doi-cung-cau-binh-on-thi-truong-trong-tinh-hinh-COVID19-478784.aspx
2025-06-23 09:09:06,641 - INFO - ✅ Đã lấy link: https://thuvienphapluat.vn/van-ban/The-thao-Y-te/Chi-thi-06-CT-BYT-2021-tang-cuong-bien-phap-phong-chong-va-kiem-soat-dich-COVID-19-473966.aspx
2025-06-23 09:09:06,645 - INFO - ✅ Đã lấy link: https://thuvienphapluat.vn/van-ban/Giao-duc/Chi-thi-11-CT-UBND-2021-chi-dao-Ky-thi-tot-nghiep-trung-hoc-pho-thong-tinh-Quang-Ngai-478306.aspx
2025-06-23 09:09:06,649 - INFO - ✅ Đã lấy link: https://thuvienphapluat.vn/van-ban/Giao-duc/Chi-thi-19-CT-UBND-2021-to-chuc-Ky-thi-tot-nghiep-trung-hoc-pho-thong-tinh-Nam-Dinh-475234.aspx
2025-06-23 09:09:06,652 - INFO - ✅ Đã lấy link: https://thuvienphapluat.vn/van-ban/The-thao-Y-te/Chi-thi-12-CT-UBND-2021-bien-phap-cap-bach-phong-chong-dich-COVID-19-Ha-Noi-473818.aspx
2025-06-23 09:09:06,656 - INFO - ✅ Đã lấy link: https://thuvienphapluat.vn/van-ban/Bo-may-hanh-chinh/Chi-thi-6-CT-UBND-2021-cong-tac-van-thu-luu-tru-tinh-Bac-Giang-474081.aspx
2025-06-23 09:09:06,661 - INFO - ✅ Đã lấy link: https://thuvienphapluat.vn/van-ban/Bao-hiem/Chi-thi-08-CT-UBND-2021-tang-cuong-phat-trien-doi-tuong-bao-hiem-xa-hoi-bat-buoc-Binh-Phuoc-2021-2025-570313.aspx
2025-06-23 09:09:06,667 - INFO - ✅ Đã lấy link: https://thuvienphapluat.vn/van-ban/Tai-chinh-nha-nuoc/Chi-thi-09-CT-UBND-2021-tang-cuong-thu-ngan-sach-nha-nuoc-tinh-Tien-Giang-479319.aspx
2025-06-23 09:09:06,673 - INFO - ✅ Đã lấy link: https://thuvienphapluat.vn/van-ban/Giao-duc/Chi-thi-05-CT-UBND-2021-tang-cuong-chi-dao-to-chuc-ky-thi-tot-nghiep-trung-hoc-pho-thong-Bac-Kan-475046.aspx
2025-06-23 09:09:06,678 - INFO - ✅ Đã lấy link: https://thuvienphapluat.vn/van-ban/Giao-duc/Chi-thi-03-CT-UBND-2021-to-chuc-thi-va-xet-cong-nhan-tot-nghiep-cac-cap-hoc-tinh-Ben-Tre-474777.aspx
2025-06-23 09:09:06,683 - INFO - ✅ Đã lấy link: https://thuvienphapluat.vn/van-ban/Dau-tu/Chi-thi-7-CT-UBND-2021-day-nhanh-tien-do-thuc-hien-ke-hoach-von-dau-tu-cong-tinh-Phu-Tho-477035.aspx
2025-06-23 09:09:06,688 - INFO - ✅ Đã lấy link: https://thuvienphapluat.vn/van-ban/Giao-duc/Chi-thi-9-CT-UBND-2021-Tang-cuong-chi-dao-ky-thi-tot-nghiep-trung-hoc-pho-thong-Gia-Lai-473803.aspx
2025-06-23 09:09:06,688 - INFO - ➡️ Đang truy cập: https://thuvienphapluat.vn/page/tim-van-ban.aspx?keyword=&area=0&match=True&type=1&status=1&signer=0&sort=1&lan=1&scan=0&org=0&fields=&chlbg=23/06/1945&chlend=23/06/2035&page=106
2025-06-23 09:09:07,284 - INFO - ⏳ Chờ 3.72s giả lập người dùng...
2025-06-23 09:09:13,012 - INFO - 🧭 Tiêu đề trang: Tra cứu Văn Bản Pháp Luật
2025-06-23 09:09:13,029 - INFO - ✅ Đã lấy link: https://thuvienphapluat.vn/van-ban/Tai-nguyen-Moi-truong/Chi-thi-10-CT-UBND-2021-tang-cuong-cong-tac-quan-ly-bao-ve-rung-tinh-Quang-Ngai-478304.aspx
2025-06-23 09:09:13,033 - INFO - ✅ Đã lấy link: https://thuvienphapluat.vn/van-ban/Bo-may-hanh-chinh/Chi-thi-05-CT-UBND-2021-cong-tac-tang-cuong-ky-luat-ky-cuong-hanh-chinh-thanh-pho-Can-Tho-473800.aspx
2025-06-23 09:09:13,038 - INFO - ✅ Đã lấy link: https://thuvienphapluat.vn/van-ban/Linh-vuc-khac/Chi-thi-16-CT-UBND-2021-tang-cuong-cong-tac-chi-dao-san-xuat-vu-he-thu-tinh-Nghe-An-475862.aspx
2025-06-23 09:09:13,042 - INFO - ✅ Đã lấy link: https://thuvienphapluat.vn/van-ban/Giao-duc/Chi-thi-13-CT-UBND-2021-to-chuc-Ky-thi-tot-nghiep-trung-hoc-pho-thong-Ninh-Thuan-473442.aspx
2025-06-23 09:09:13,047 - INFO - ✅ Đã lấy link: https://thuvienphapluat.vn/van-ban/Giao-duc/Chi-thi-10-CT-UBND-2021-tang-cuong-chi-dao-ky-thi-tot-nghiep-trung-hoc-pho-thong-tinh-Quang-Binh-477290.aspx
2025-06-23 09:09:13,052 - INFO - ✅ Đã lấy link: https://thuvienphapluat.vn/van-ban/Bo-may-hanh-chinh/Chi-thi-02-CT-TW-2021-lanh-dao-dai-hoi-cuu-chien-binh-cac-cap-474217.aspx
2025-06-23 09:09:13,057 - INFO - ✅ Đã lấy link: https://thuvienphapluat.vn/van-ban/The-thao-Y-te/Chi-thi-10-CT-TU-2021-tiep-tuc-cong-tac-phong-chong-dich-Covid-19-Thanh-uy-Ho-Chi-Minh-544580.aspx
2025-06-23 09:09:13,061 - INFO - ✅ Đã lấy link: https://thuvienphapluat.vn/van-ban/Bat-dong-san/Chi-thi-8-CT-UBND-2021-tang-cuong-quan-ly-thi-truong-bat-dong-san-va-gia-dat-tinh-Gia-Lai-478536.aspx
2025-06-23 09:09:13,066 - INFO - ✅ Đã lấy link: https://thuvienphapluat.vn/van-ban/The-thao-Y-te/Chi-thi-11-CT-UBND-2021-tang-cuong-phong-chong-dich-Covid-19-trong-tinh-hinh-moi-Ha-Noi-473343.aspx
2025-06-23 09:09:13,070 - INFO - ✅ Đã lấy link: https://thuvienphapluat.vn/van-ban/Tai-nguyen-Moi-truong/Chi-thi-07-CT-UBND-2021-tang-cuong-cong-tac-phong-chong-thien-tai-tinh-Binh-Duong-475356.aspx
2025-06-23 09:09:13,075 - INFO - ✅ Đã lấy link: https://thuvienphapluat.vn/van-ban/Bo-may-hanh-chinh/Chi-thi-12-CT-UBND-2021-bao-ve-an-ninh-quoc-gia-trong-linh-vuc-du-lich-tinh-Ninh-Thuan-476774.aspx
2025-06-23 09:09:13,079 - INFO - ✅ Đã lấy link: https://thuvienphapluat.vn/van-ban/Giao-duc/Chi-thi-11-CT-UBND-2021-chi-dao-ky-thi-tot-nghiep-trung-hoc-pho-thong-tinh-Cao-Bang-476763.aspx
2025-06-23 09:09:13,083 - INFO - ✅ Đã lấy link: https://thuvienphapluat.vn/van-ban/Tai-chinh-nha-nuoc/Chi-thi-01-CT-BGTVT-2021-quan-ly-chat-luong-Du-an-duong-bo-cao-toc-tren-tuyen-cao-toc-Bac-Nam-476612.aspx
2025-06-23 09:09:13,086 - INFO - ✅ Đã lấy link: https://thuvienphapluat.vn/van-ban/Giao-thong-Van-tai/Chi-thi-08-CT-UBND-2021-tang-cuong-thuc-hien-cac-giai-phap-bao-dam-trat-tu-an-toan-giao-thong-Thanh-Hoa-621964.aspx
2025-06-23 09:09:13,090 - INFO - ✅ Đã lấy link: https://thuvienphapluat.vn/van-ban/Tai-nguyen-Moi-truong/Chi-thi-5-CT-UBND-2021-tang-cuong-quan-ly-bao-ve-hanh-lang-luoi-dien-cao-ap-Bac-Giang-473770.aspx
2025-06-23 09:09:13,093 - INFO - ✅ Đã lấy link: https://thuvienphapluat.vn/van-ban/Giao-duc/Chi-thi-05-CT-UBND-2021-tang-cuong-chi-dao-Ky-thi-tot-nghiep-Trung-hoc-pho-thong-Bac-Ninh-473952.aspx
2025-06-23 09:09:13,097 - INFO - ✅ Đã lấy link: https://thuvienphapluat.vn/van-ban/Giao-duc/Chi-thi-10-CT-UBND-2021-to-chuc-ky-thi-tot-nghiep-trung-hoc-pho-thong-Kon-Tum-473207.aspx
2025-06-23 09:09:13,101 - INFO - ✅ Đã lấy link: https://thuvienphapluat.vn/van-ban/Lao-dong-Tien-luong/Chi-thi-07-CT-UBND-2021-tang-cuong-cong-tac-dam-bao-an-toan-ve-sinh-lao-dong-Thanh-Hoa-516619.aspx
2025-06-23 09:09:13,105 - INFO - ✅ Đã lấy link: https://thuvienphapluat.vn/van-ban/Giao-duc/Chi-thi-07-CT-CTUBND-2021-trien-khai-to-chuc-Ky-thi-tot-nghiep-trung-hoc-pho-thong-Hung-Yen-473072.aspx
2025-06-23 09:09:13,108 - INFO - ✅ Đã lấy link: https://thuvienphapluat.vn/van-ban/Bo-may-hanh-chinh/Chi-thi-09-CT-UBND-2021-cai-cach-hanh-chinh-tinh-Quang-Ngai-478349.aspx
2025-06-23 09:09:13,108 - INFO - ➡️ Đang truy cập: https://thuvienphapluat.vn/page/tim-van-ban.aspx?keyword=&area=0&match=True&type=1&status=1&signer=0&sort=1&lan=1&scan=0&org=0&fields=&chlbg=23/06/1945&chlend=23/06/2035&page=107
2025-06-23 09:09:13,653 - INFO - ⏳ Chờ 5.96s giả lập người dùng...
2025-06-23 09:09:21,632 - INFO - 🧭 Tiêu đề trang: Tra cứu Văn Bản Pháp Luật
2025-06-23 09:09:21,649 - INFO - ✅ Đã lấy link: https://thuvienphapluat.vn/van-ban/Giao-duc/Chi-thi-06-CT-UBND-2021-tang-cuong-chi-dao-Ky-thi-tot-nghiep-trung-hoc-pho-thong-tinh-Phu-Tho-477027.aspx
2025-06-23 09:09:21,653 - INFO - ✅ Đã lấy link: https://thuvienphapluat.vn/van-ban/Van-hoa-Xa-hoi/Chi-thi-11-CT-UBND-2021-quan-ly-hoat-dong-van-hoa-gay-tieng-on-tai-khu-dan-cu-Ninh-Thuan-473020.aspx
2025-06-23 09:09:21,658 - INFO - ✅ Đã lấy link: https://thuvienphapluat.vn/van-ban/Thuong-mai/Chi-thi-06-CT-UBND-2021-su-dung-va-phat-huy-cac-nguon-luc-nham-phat-trien-kinh-te-Ho-Chi-Minh-508712.aspx
2025-06-23 09:09:21,662 - INFO - ✅ Đã lấy link: https://thuvienphapluat.vn/van-ban/The-thao-Y-te/Chi-thi-09-CT-UBND-2021-tang-cuong-phong-chong-dich-benh-COVID-19-tinh-Kon-Tum-473202.aspx
2025-06-23 09:09:21,666 - INFO - ✅ Đã lấy link: https://thuvienphapluat.vn/van-ban/Linh-vuc-khac/Chi-thi-09-CT-UBND-2021-phat-trien-nong-nghiep-huu-co-tinh-Dong-Nai-478267.aspx
2025-06-23 09:09:21,671 - INFO - ✅ Đã lấy link: https://thuvienphapluat.vn/van-ban/Giao-duc/Chi-thi-06-CT-UBND-2021-huong-dan-to-chuc-ky-thi-tot-nghiep-trung-hoc-pho-thong-tinh-Quang-Nam-477887.aspx
2025-06-23 09:09:21,676 - INFO - ✅ Đã lấy link: https://thuvienphapluat.vn/van-ban/Bo-may-hanh-chinh/Chi-thi-07-CT-UBND-2021-bao-ve-an-ninh-trat-tu-linh-vuc-du-lich-trong-tinh-hinh-moi-Quang-Nam-478181.aspx
2025-06-23 09:09:21,679 - INFO - ✅ Đã lấy link: https://thuvienphapluat.vn/van-ban/Bo-may-hanh-chinh/Chi-thi-09-CT-UBND-2021-vai-tro-cua-doi-ngu-tri-thuc-tham-gia-tu-van-chu-truong-chinh-sach-Lao-Cai-474520.aspx
2025-06-23 09:09:21,684 - INFO - ✅ Đã lấy link: https://thuvienphapluat.vn/van-ban/Van-hoa-Xa-hoi/Chi-thi-10-CT-UBND-2021-cong-tac-phong-chay-chua-chay-voi-co-so-nha-de-o-ket-hop-san-xuat-Ha-Noi-473047.aspx
2025-06-23 09:09:21,688 - INFO - ✅ Đã lấy link: https://thuvienphapluat.vn/van-ban/Tai-nguyen-Moi-truong/Chi-thi-07-CT-UBND-2021-tang-cuong-dam-bao-an-toan-cong-trinh-thuy-loi-mua-mua-lu-Phu-Yen-477037.aspx
2025-06-23 09:09:21,692 - INFO - ✅ Đã lấy link: https://thuvienphapluat.vn/van-ban/Giao-duc/Chi-thi-08-CT-UBND-2021-huong-dan-to-chuc-ky-thi-tot-nghiep-trung-hoc-pho-thong-tinh-Lao-Cai-474526.aspx
2025-06-23 09:09:21,696 - INFO - ✅ Đã lấy link: https://thuvienphapluat.vn/van-ban/Cong-nghe-thong-tin/Chi-thi-07-CT-UBND-2021-day-manh-cap-the-can-cuoc-cong-dan-co-gan-chip-dien-tu-Ba-Ria-Vung-Tau-472657.aspx
2025-06-23 09:09:21,701 - INFO - ✅ Đã lấy link: https://thuvienphapluat.vn/van-ban/Tai-nguyen-Moi-truong/Chi-thi-07-CT-UBND-2021-tang-cuong-quan-ly-bao-ve-va-phat-trien-rung-tinh-Dak-Nong-477824.aspx
2025-06-23 09:09:21,704 - INFO - ✅ Đã lấy link: https://thuvienphapluat.vn/van-ban/Tai-nguyen-Moi-truong/Chi-thi-12-CT-UBND-2021-tang-cuong-kiem-soat-o-nhiem-moi-truong-khong-khi-Hai-Phong-520874.aspx
2025-06-23 09:09:21,708 - INFO - ✅ Đã lấy link: https://thuvienphapluat.vn/van-ban/Tai-nguyen-Moi-truong/Chi-thi-04-CT-UBND-2021-dam-bao-an-toan-cong-trinh-thuy-loi-trong-mua-mua-lu-tinh-Quang-Tri-471563.aspx
2025-06-23 09:09:21,712 - INFO - ✅ Đã lấy link: https://thuvienphapluat.vn/van-ban/Tai-nguyen-Moi-truong/Chi-thi-03-CT-UBND-2021-kiem-soat-o-nhiem-moi-truong-khong-khi-tinh-Vinh-Phuc-471932.aspx
2025-06-23 09:09:21,716 - INFO - ✅ Đã lấy link: https://thuvienphapluat.vn/van-ban/Giao-duc/Chi-thi-09-CT-UBND-2021-to-chuc-ky-thi-tot-nghiep-trung-hoc-pho-thong-tinh-Khanh-Hoa-472373.aspx
2025-06-23 09:09:21,720 - INFO - ✅ Đã lấy link: https://thuvienphapluat.vn/van-ban/Bo-may-hanh-chinh/Chi-thi-06-CT-UBND-2021-nang-cao-chat-luong-cong-tac-xay-dung-phap-luat-Binh-Duong-475223.aspx
2025-06-23 09:09:21,724 - INFO - ✅ Đã lấy link: https://thuvienphapluat.vn/van-ban/Giao-duc/Chi-thi-11-CT-TTg-2021-tang-cuong-chi-dao-Ky-thi-tot-nghiep-trung-hoc-pho-thong-471101.aspx
2025-06-23 09:09:21,728 - INFO - ✅ Đã lấy link: https://thuvienphapluat.vn/van-ban/Tai-nguyen-Moi-truong/Chi-thi-05-CT-UBND-2021-tang-cuong-cong-tac-phong-chong-thien-tai-Ho-Chi-Minh-508711.aspx
2025-06-23 09:09:21,728 - INFO - ➡️ Đang truy cập: https://thuvienphapluat.vn/page/tim-van-ban.aspx?keyword=&area=0&match=True&type=1&status=1&signer=0&sort=1&lan=1&scan=0&org=0&fields=&chlbg=23/06/1945&chlend=23/06/2035&page=108
2025-06-23 09:09:22,550 - INFO - ⏳ Chờ 4.89s giả lập người dùng...
2025-06-23 09:09:29,443 - INFO - 🧭 Tiêu đề trang: Tra cứu Văn Bản Pháp Luật
2025-06-23 09:09:29,460 - INFO - ✅ Đã lấy link: https://thuvienphapluat.vn/van-ban/Tai-nguyen-Moi-truong/Chi-thi-12-CT-UBND-2021-tang-cuong-cong-tac-quan-ly-de-dieu-Nam-Dinh-475424.aspx
2025-06-23 09:09:29,464 - INFO - ✅ Đã lấy link: https://thuvienphapluat.vn/van-ban/Tai-nguyen-Moi-truong/Chi-thi-04-CT-UBND-2021-nghiem-cam-su-dung-chat-no-xung-dien-de-khai-thac-thuy-san-Ninh-Binh-471462.aspx
2025-06-23 09:09:29,468 - INFO - ✅ Đã lấy link: https://thuvienphapluat.vn/van-ban/Thuong-mai/Chi-thi-10-CT-UBND-2021-thu-hut-nguon-luc-phat-trien-kinh-te-xa-hoi-khu-vuc-bien-gioi-Cao-Bang-476773.aspx
2025-06-23 09:09:29,472 - INFO - ✅ Đã lấy link: https://thuvienphapluat.vn/van-ban/Tai-nguyen-Moi-truong/Chi-thi-7-CT-UBND-2021-bao-dam-an-toan-cong-trinh-thuy-loi-trong-mua-mua-lu-Gia-Lai-497401.aspx
2025-06-23 09:09:29,476 - INFO - ✅ Đã lấy link: https://thuvienphapluat.vn/van-ban/Giao-duc/Chi-thi-05-CT-UBND-2021-cong-tac-to-chuc-Ky-thi-tot-nghiep-trung-hoc-pho-thong-Binh-Duong-475395.aspx
2025-06-23 09:09:29,479 - INFO - ✅ Đã lấy link: https://thuvienphapluat.vn/van-ban/Bo-may-hanh-chinh/Chi-thi-04-CT-UBND-2021-tang-cuong-ky-luat-ky-cuong-trong-co-quan-hanh-chinh-nha-nuoc-Phu-Tho-477026.aspx
2025-06-23 09:09:29,483 - INFO - ✅ Đã lấy link: https://thuvienphapluat.vn/van-ban/Cong-nghe-thong-tin/Chi-thi-03-CT-UBND-2021-thuc-hien-Du-an-xay-dung-co-so-du-lieu-quoc-gia-ve-dan-cu-Lam-Dong-475220.aspx
2025-06-23 09:09:29,487 - INFO - ✅ Đã lấy link: https://thuvienphapluat.vn/van-ban/Linh-vuc-khac/Chi-thi-16-CT-UBND-2021-cong-tac-phong-chong-benh-kham-la-san-tinh-Thua-Thien-Hue-479587.aspx
2025-06-23 09:09:29,491 - INFO - ✅ Đã lấy link: https://thuvienphapluat.vn/van-ban/Van-hoa-Xa-hoi/Chi-thi-08-CT-UBND-2021-phong-trao-toan-dan-bao-ve-an-ninh-to-quoc-bao-dam-an-ninh-Quang-Ngai-478381.aspx
2025-06-23 09:09:29,495 - INFO - ✅ Đã lấy link: https://thuvienphapluat.vn/van-ban/Bo-may-hanh-chinh/Chi-thi-07-CT-UBND-2021-tang-cuong-dang-ky-va-quan-ly-ho-tich-tinh-Tien-Giang-470951.aspx
2025-06-23 09:09:29,498 - INFO - ✅ Đã lấy link: https://thuvienphapluat.vn/van-ban/Bo-may-hanh-chinh/Chi-thi-08-CT-UBND-2021-day-manh-cong-tac-lap-ho-so-cong-viec-tai-cac-cap-tinh-Kon-Tum-473206.aspx
2025-06-23 09:09:29,502 - INFO - ✅ Đã lấy link: https://thuvienphapluat.vn/van-ban/Quyen-dan-su/Chi-thi-06-CT-UBND-2021-tang-cuong-xay-dung-quan-ly-Co-so-du-lieu-ly-lich-tu-phap-Dak-Nong-477992.aspx
2025-06-23 09:09:29,506 - INFO - ✅ Đã lấy link: https://thuvienphapluat.vn/van-ban/Bat-dong-san/Chi-thi-15-CT-UBND-2021-tang-cuong-quan-ly-gia-dat-va-thi-truong-bat-dong-san-Hue-470905.aspx
2025-06-23 09:09:29,510 - INFO - ✅ Đã lấy link: https://thuvienphapluat.vn/van-ban/Bo-may-hanh-chinh/Chi-thi-07-CT-TU-2021-day-manh-thuc-hien-Nghi-quyet-131-2020-QH14-Thanh-uy-Ho-Chi-Minh-540882.aspx
2025-06-23 09:09:29,513 - INFO - ✅ Đã lấy link: https://thuvienphapluat.vn/van-ban/Tai-nguyen-Moi-truong/Chi-thi-07-CT-UBND-2021-phong-chong-thien-tai-va-tim-kiem-cuu-nan-tinh-Lai-Chau-473612.aspx
2025-06-23 09:09:29,518 - INFO - ✅ Đã lấy link: https://thuvienphapluat.vn/van-ban/Tai-nguyen-Moi-truong/Chi-thi-05-CT-BCT-2021-tang-cuong-cong-tac-phong-chong-thien-tai-tim-kiem-cuu-nan-cuu-ho-470133.aspx
2025-06-23 09:09:29,521 - INFO - ✅ Đã lấy link: https://thuvienphapluat.vn/van-ban/Tai-nguyen-Moi-truong/Chi-thi-08-CT-UBND-2021-giai-phap-cap-bach-quan-ly-chat-thai-ran-tinh-Thai-Nguyen-487630.aspx
2025-06-23 09:09:29,525 - INFO - ✅ Đã lấy link: https://thuvienphapluat.vn/van-ban/Cong-nghe-thong-tin/Chi-thi-07-CT-UBND-2021-day-manh-thuc-hien-du-an-co-so-du-lieu-quoc-gia-ve-dan-cu-tinh-Quang-Ngai-478354.aspx
2025-06-23 09:09:29,529 - INFO - ✅ Đã lấy link: https://thuvienphapluat.vn/van-ban/Cong-nghe-thong-tin/Chi-thi-07-CT-UBND-2021-day-manh-thuc-hien-xay-dung-co-so-du-lieu-quoc-gia-ve-dan-cu-Lao-Cai-474552.aspx
2025-06-23 09:09:29,532 - INFO - ✅ Đã lấy link: https://thuvienphapluat.vn/van-ban/Tai-nguyen-Moi-truong/Chi-thi-04-CT-UBND-2021-tang-cuong-dam-bam-an-toan-cong-trinh-thuy-loi-mua-mua-lu-tinh-Ha-Tinh-471150.aspx
2025-06-23 09:09:29,532 - INFO - ➡️ Đang truy cập: https://thuvienphapluat.vn/page/tim-van-ban.aspx?keyword=&area=0&match=True&type=1&status=1&signer=0&sort=1&lan=1&scan=0&org=0&fields=&chlbg=23/06/1945&chlend=23/06/2035&page=109
2025-06-23 09:09:30,043 - INFO - ⏳ Chờ 3.04s giả lập người dùng...
2025-06-23 09:09:35,090 - INFO - 🧭 Tiêu đề trang: Tra cứu Văn Bản Pháp Luật
2025-06-23 09:09:35,106 - INFO - ✅ Đã lấy link: https://thuvienphapluat.vn/van-ban/Tai-nguyen-Moi-truong/Chi-thi-09-CT-UBND-2021-cong-tac-phong-chong-thien-tai-va-tim-kiem-cuu-nan-Ha-Noi-470136.aspx
2025-06-23 09:09:35,110 - INFO - ✅ Đã lấy link: https://thuvienphapluat.vn/van-ban/Tai-nguyen-Moi-truong/Chi-thi-07-CT-UBND-2021-tang-cuong-cong-tac-quan-ly-loai-ngoai-lai-xam-hai-tinh-Thai-Nguyen-470458.aspx
2025-06-23 09:09:35,114 - INFO - ✅ Đã lấy link: https://thuvienphapluat.vn/van-ban/Quyen-dan-su/Chi-thi-06-CT-UBND-2021-tuyen-chon-goi-cong-dan-nhap-ngu-tinh-Ba-Ria-Vung-Tau-2022-472656.aspx
2025-06-23 09:09:35,117 - INFO - ✅ Đã lấy link: https://thuvienphapluat.vn/van-ban/Giao-thong-Van-tai/Chi-thi-1394-CT-CHK-2021-thuc-hien-nghiem-cong-tac-khai-bao-y-te-truoc-chuyen-bay-469851.aspx
2025-06-23 09:09:35,121 - INFO - ✅ Đã lấy link: https://thuvienphapluat.vn/van-ban/Tai-nguyen-Moi-truong/Chi-thi-08-CT-UBND-2021-giai-phap-tang-cuong-quan-ly-chat-thai-ran-tinh-Quang-Binh-477402.aspx
2025-06-23 09:09:35,125 - INFO - ✅ Đã lấy link: https://thuvienphapluat.vn/van-ban/Bo-may-hanh-chinh/Chi-thi-09-CT-UBND-2021-tang-cuong-cong-tac-quan-ly-van-thu-luu-tru-Cao-Bang-519833.aspx
2025-06-23 09:09:35,129 - INFO - ✅ Đã lấy link: https://thuvienphapluat.vn/van-ban/Bo-may-hanh-chinh/Chi-thi-09-CT-TTg-2021-nang-cao-hieu-qua-cong-tac-thong-tin-tuyen-truyen-phuc-vu-chinh-tri-469332.aspx
2025-06-23 09:09:35,132 - INFO - ✅ Đã lấy link: https://thuvienphapluat.vn/van-ban/Bo-may-hanh-chinh/Chi-thi-623-CT-UBND-2021-tang-cuong-ky-luat-ky-cuong-hanh-chinh-trong-co-quan-don-vi-Ha-Giang-469749.aspx
2025-06-23 09:09:35,136 - INFO - ✅ Đã lấy link: https://thuvienphapluat.vn/van-ban/Van-hoa-Xa-hoi/Chi-thi-10-CT-TTg-2021-cong-tac-bao-ve-an-ninh-quoc-gia-trat-tu-an-toan-xa-hoi-trong-linh-vuc-du-lich-469453.aspx
2025-06-23 09:09:35,140 - INFO - ✅ Đã lấy link: https://thuvienphapluat.vn/van-ban/Cong-nghe-thong-tin/Chi-thi-10-CT-UBND-2021-thuc-hien-cong-tac-cap-can-cuoc-cong-dan-gan-chip-dien-tu-Nam-Dinh-475421.aspx
2025-06-23 09:09:35,144 - INFO - ✅ Đã lấy link: https://thuvienphapluat.vn/van-ban/Tai-chinh-nha-nuoc/Chi-thi-04-CT-UBND-2021-thu-chi-ngan-sach-nha-nuoc-thanh-pho-Can-Tho-476887.aspx
2025-06-23 09:09:35,147 - INFO - ✅ Đã lấy link: https://thuvienphapluat.vn/van-ban/Tai-nguyen-Moi-truong/Chi-thi-1819-CT-BNN-PCTT-2021-tang-cuong-cong-tac-quan-ly-de-dieu-469333.aspx
2025-06-23 09:09:35,151 - INFO - ✅ Đã lấy link: https://thuvienphapluat.vn/van-ban/The-thao-Y-te/Chi-thi-05-CT-BYT-2021-tang-cuong-cong-tac-tiem-chung-vac-xin-COVID19-469183.aspx
2025-06-23 09:09:35,155 - INFO - ✅ Đã lấy link: https://thuvienphapluat.vn/van-ban/Linh-vuc-khac/Chi-thi-15-CT-UBND-2021-tang-cuong-quan-ly-giong-cay-trong-nong-lam-nghiep-tinh-Son-La-470961.aspx
2025-06-23 09:09:35,158 - INFO - ✅ Đã lấy link: https://thuvienphapluat.vn/van-ban/Cong-nghe-thong-tin/Chi-thi-08-CT-UBND-2021-tang-cuong-su-lanh-dao-cong-tac-cap-can-cuoc-cong-dan-gan-chip-Ha-Noi-470135.aspx
2025-06-23 09:09:35,162 - INFO - ✅ Đã lấy link: https://thuvienphapluat.vn/van-ban/Vi-pham-hanh-chinh/Chi-thi-07-CT-UBND-2021-phong-ngua-ngan-chan-vi-pham-phap-luat-ve-de-dieu-thuy-loi-Ha-Noi-470125.aspx
2025-06-23 09:09:35,167 - INFO - ✅ Đã lấy link: https://thuvienphapluat.vn/van-ban/Cong-nghe-thong-tin/Chi-thi-08-CT-UBND-2021-day-manh-thuc-hien-du-an-co-so-du-lieu-quoc-gia-ve-dan-cu-Cao-Bang-476770.aspx
2025-06-23 09:09:35,171 - INFO - ✅ Đã lấy link: https://thuvienphapluat.vn/van-ban/Bo-may-hanh-chinh/Chi-thi-08-CT-UBND-2021-nang-cao-chat-luong-cong-tac-xay-dung-hoan-thien-phap-luat-Khanh-Hoa-472453.aspx
2025-06-23 09:09:35,174 - INFO - ✅ Đã lấy link: https://thuvienphapluat.vn/van-ban/The-thao-Y-te/Chi-thi-04-CT-BYT-2021-tang-cuong-thuc-hien-cong-tac-thi-dua-trong-nganh-y-te-2021-2025-470614.aspx
2025-06-23 09:09:35,178 - INFO - ✅ Đã lấy link: https://thuvienphapluat.vn/van-ban/Thuong-mai/Chi-thi-14-CT-UBND-2021-thu-hut-nguon-luc-phat-trien-kinh-te-xa-hoi-khu-vuc-bien-gioi-Son-La-473859.aspx
2025-06-23 09:09:35,178 - INFO - ➡️ Đang truy cập: https://thuvienphapluat.vn/page/tim-van-ban.aspx?keyword=&area=0&match=True&type=1&status=1&signer=0&sort=1&lan=1&scan=0&org=0&fields=&chlbg=23/06/1945&chlend=23/06/2035&page=110
2025-06-23 09:09:35,761 - INFO - ⏳ Chờ 5.01s giả lập người dùng...
2025-06-23 09:09:42,775 - INFO - 🧭 Tiêu đề trang: Tra cứu Văn Bản Pháp Luật
2025-06-23 09:09:42,795 - INFO - ✅ Đã lấy link: https://thuvienphapluat.vn/van-ban/Trach-nhiem-hinh-su/Chi-thi-06-CT-UBND-2021-phong-ngua-toi-pham-va-vi-pham-phap-luat-lua-tuoi-thanh-nien-Quang-Ngai-478348.aspx
2025-06-23 09:09:42,800 - INFO - ✅ Đã lấy link: https://thuvienphapluat.vn/van-ban/Xay-dung-Do-thi/Chi-thi-08-CT-TTg-2021-day-manh-xu-ly-su-dung-tro-xi-lam-nguyen-lieu-san-xuat-vat-lieu-xay-dung-468863.aspx
2025-06-23 09:09:42,804 - INFO - ✅ Đã lấy link: https://thuvienphapluat.vn/van-ban/Thuong-mai/Chi-thi-05-CT-UBND-2021-cai-thien-chi-so-nang-luc-canh-tranh-cap-tinh-Ba-Ria-Vung-Tau-472757.aspx
2025-06-23 09:09:42,808 - INFO - ✅ Đã lấy link: https://thuvienphapluat.vn/van-ban/Bo-may-hanh-chinh/Chi-thi-14-CT-UBND-2021-tang-cuong-cong-tac-quan-ly-nha-nuoc-ve-hoi-quy-xa-hoi-Hue-471281.aspx
2025-06-23 09:09:42,812 - INFO - ✅ Đã lấy link: https://thuvienphapluat.vn/van-ban/Lao-dong-Tien-luong/Chi-thi-04-CT-UBND-2021-bien-phap-dam-bao-an-toan-ve-sinh-lao-dong-tinh-Bac-Kan-470159.aspx
2025-06-23 09:09:42,816 - INFO - ✅ Đã lấy link: https://thuvienphapluat.vn/van-ban/Bat-dong-san/Chi-thi-04-CT-UBND-2021-tang-cuong-cong-tac-quan-ly-dat-dai-Bac-Giang-473882.aspx
2025-06-23 09:09:42,820 - INFO - ✅ Đã lấy link: https://thuvienphapluat.vn/van-ban/Quyen-dan-su/Chi-thi-13-CT-UBND-2021-day-manh-Du-an-san-xuat-cap-va-quan-ly-Can-cuoc-cong-dan-Hue-471280.aspx
2025-06-23 09:09:42,824 - INFO - ✅ Đã lấy link: https://thuvienphapluat.vn/van-ban/Tai-nguyen-Moi-truong/Chi-thi-11-CT-UBND-2021-trien-khai-cong-tac-phong-chong-thien-tai-va-tim-kiem-cuu-nan-Hai-Phong-471466.aspx
2025-06-23 09:09:42,828 - INFO - ✅ Đã lấy link: https://thuvienphapluat.vn/van-ban/Giao-thong-Van-tai/Chi-thi-06-CT-UBND-2021-tang-cuong-thuc-hien-giai-phap-bao-dam-trat-tu-an-toan-giao-thong-Lai-Chau-471074.aspx
2025-06-23 09:09:42,831 - INFO - ✅ Đã lấy link: https://thuvienphapluat.vn/van-ban/Tai-nguyen-Moi-truong/Chi-thi-1611-CT-BNN-TCTL-2021-tang-cuong-bao-dam-an-toan-cong-trinh-thuy-loi-mua-mua-lu-468285.aspx
2025-06-23 09:09:42,835 - INFO - ✅ Đã lấy link: https://thuvienphapluat.vn/van-ban/Bo-may-hanh-chinh/Chi-thi-12-CT-UBND-2021-tiep-tuc-day-manh-cong-tac-phong-trao-toan-dan-bao-ve-an-ninh-To-quoc-Hue-471279.aspx
2025-06-23 09:09:42,839 - INFO - ✅ Đã lấy link: https://thuvienphapluat.vn/van-ban/Vi-pham-hanh-chinh/Chi-thi-05-CT-UBND-2021-tang-cuong-quan-ly-ve-thi-hanh-xu-ly-vi-pham-hanh-chinh-tinh-Tien-Giang-471227.aspx
2025-06-23 09:09:42,843 - INFO - ✅ Đã lấy link: https://thuvienphapluat.vn/van-ban/Bo-may-hanh-chinh/Chi-thi-06-CT-UBND-2021-dang-ky-Tuyen-sinh-quan-su-tinh-Tien-Giang-471228.aspx
2025-06-23 09:09:42,847 - INFO - ✅ Đã lấy link: https://thuvienphapluat.vn/van-ban/Dau-tu/Chi-thi-02-CT-UBND-2021-ke-hoach-dau-tu-cong-tinh-Kien-Giang-472810.aspx
2025-06-23 09:09:42,851 - INFO - ✅ Đã lấy link: https://thuvienphapluat.vn/van-ban/Thuong-mai/Chi-thi-04-CT-UBND-2021-tang-cuong-lanh-dao-to-chuc-Tong-dieu-tra-kinh-te-Ho-Chi-Minh-508709.aspx
2025-06-23 09:09:42,855 - INFO - ✅ Đã lấy link: https://thuvienphapluat.vn/van-ban/Thuong-mai/Chi-thi-03-CT-UBND-2021-to-chuc-thuc-hien-tong-dieu-tra-kinh-te-tinh-Ca-Mau-468308.aspx
2025-06-23 09:09:42,859 - INFO - ✅ Đã lấy link: https://thuvienphapluat.vn/van-ban/Tai-chinh-nha-nuoc/Chi-thi-3-CT-UBND-2021-nang-cao-chat-luong-cong-tac-phong-chong-tham-nhung-Bac-Giang-473758.aspx
2025-06-23 09:09:42,864 - INFO - ✅ Đã lấy link: https://thuvienphapluat.vn/van-ban/Cong-nghe-thong-tin/Chi-thi-07-CT-UBND-2021-thu-nhan-ho-so-cap-can-cuoc-cong-dan-co-gan-chip-dien-tu-tinh-Kon-Tum-468346.aspx
2025-06-23 09:09:42,869 - INFO - ✅ Đã lấy link: https://thuvienphapluat.vn/van-ban/Cong-nghe-thong-tin/Chi-thi-06-CT-UBND-2021-thuc-hien-cap-the-can-cuoc-cong-dan-gan-chip-dien-tu-tinh-Yen-Bai-472209.aspx
2025-06-23 09:09:42,872 - INFO - ✅ Đã lấy link: https://thuvienphapluat.vn/van-ban/Tai-nguyen-Moi-truong/Chi-thi-03-CT-UBND-2021-phong-chong-thien-tai-va-tim-kiem-cuu-nan-tinh-Dien-Bien-468401.aspx
2025-06-23 09:09:42,872 - INFO - ➡️ Đang truy cập: https://thuvienphapluat.vn/page/tim-van-ban.aspx?keyword=&area=0&match=True&type=1&status=1&signer=0&sort=1&lan=1&scan=0&org=0&fields=&chlbg=23/06/1945&chlend=23/06/2035&page=111
2025-06-23 09:09:43,396 - INFO - ⏳ Chờ 5.53s giả lập người dùng...
2025-06-23 09:09:50,948 - INFO - 🧭 Tiêu đề trang: Tra cứu Văn Bản Pháp Luật
2025-06-23 09:09:50,965 - INFO - ✅ Đã lấy link: https://thuvienphapluat.vn/van-ban/Dau-tu/Chi-thi-07-CT-TTg-2021-thu-hut-cac-nguon-luc-phat-trien-kinh-te-vung-bien-gioi-dat-lien-bien-hai-dao-467708.aspx
2025-06-23 09:09:50,969 - INFO - ✅ Đã lấy link: https://thuvienphapluat.vn/van-ban/Thuong-mai/Chi-thi-04-CT-UBND-2021-to-chuc-thuc-hien-Tong-dieu-tra-kinh-te-tinh-Dak-Nong-468034.aspx
2025-06-23 09:09:50,973 - INFO - ✅ Đã lấy link: https://thuvienphapluat.vn/van-ban/Xay-dung-Do-thi/Chi-thi-06-CT-UBND-2021-Chuong-trinh-muc-tieu-Quoc-gia-xay-dung-nong-thon-moi-tinh-Kon-Tum-467862.aspx
2025-06-23 09:09:50,977 - INFO - ✅ Đã lấy link: https://thuvienphapluat.vn/van-ban/Xay-dung-Do-thi/Chi-thi-03-CT-UBND-2021-chan-chinh-va-tang-cuong-cong-tac-quan-ly-dau-tu-xay-dung-tinh-Dak-Nong-468051.aspx
2025-06-23 09:09:50,982 - INFO - ✅ Đã lấy link: https://thuvienphapluat.vn/van-ban/Cong-nghe-thong-tin/Chi-thi-10-CT-UBND-2021-day-manh-thuc-hien-Du-an-Co-so-du-lieu-quoc-gia-ve-dan-cu-Hai-Phong-471437.aspx
2025-06-23 09:09:50,986 - INFO - ✅ Đã lấy link: https://thuvienphapluat.vn/van-ban/Thuong-mai/Chi-thi-04-CT-UBND-2021-Tong-dieu-tra-kinh-te-va-Dieu-tra-co-so-hanh-chinh-tinh-Tien-Giang-471225.aspx
2025-06-23 09:09:50,990 - INFO - ✅ Đã lấy link: https://thuvienphapluat.vn/van-ban/Thuong-mai/Chi-thi-09-CT-UBND-2021-trien-khai-tong-dieu-tra-kinh-te-tinh-Ninh-Thuan-467543.aspx
2025-06-23 09:09:50,994 - INFO - ✅ Đã lấy link: https://thuvienphapluat.vn/van-ban/Quyen-dan-su/Chi-thi-13-CT-UBND-2021-tang-cuong-cong-tac-cap-can-cuoc-cong-dan-tinh-Son-La-469343.aspx
2025-06-23 09:09:50,999 - INFO - ✅ Đã lấy link: https://thuvienphapluat.vn/van-ban/Bat-dong-san/Chi-thi-06-CT-UBND-2021-chan-chinh-tang-cuong-cong-tac-quan-ly-ve-dat-dai-Lao-Cai-474554.aspx
2025-06-23 09:09:51,003 - INFO - ✅ Đã lấy link: https://thuvienphapluat.vn/van-ban/Bo-may-hanh-chinh/Chi-thi-01-CT-TW-2021-quan-triet-tuyen-truyen-thuc-hien-Nghi-quyet-Dai-hoi-Dang-lan-XIII-467171.aspx
2025-06-23 09:09:51,007 - INFO - ✅ Đã lấy link: https://thuvienphapluat.vn/van-ban/Thuong-mai/Chi-thi-05-CT-UBND-2021-to-chuc-thuc-hien-cuoc-Tong-dieu-tra-kinh-te-tinh-Thanh-Hoa-470299.aspx
2025-06-23 09:09:51,011 - INFO - ✅ Đã lấy link: https://thuvienphapluat.vn/van-ban/Van-hoa-Xa-hoi/Chi-thi-11-CT-UBND-2021-trien-khai-mo-hinh-Xa-phuong-khong-co-nguoi-sinh-con-thu-3-tro-len-Hue-471278.aspx
2025-06-23 09:09:51,015 - INFO - ✅ Đã lấy link: https://thuvienphapluat.vn/van-ban/Bat-dong-san/Chi-thi-07-CT-UBND-2021-chan-chinh-cong-tac-xac-nhan-quan-ly-bien-dong-dat-dai-tinh-Vinh-Long-472377.aspx
2025-06-23 09:09:51,019 - INFO - ✅ Đã lấy link: https://thuvienphapluat.vn/van-ban/Dau-tu/Chi-thi-08-CT-UBND-2021-thuc-hien-va-giai-ngan-ke-hoach-von-dau-tu-cong-tinh-Vinh-Long-472351.aspx
2025-06-23 09:09:51,023 - INFO - ✅ Đã lấy link: https://thuvienphapluat.vn/van-ban/Tai-chinh-nha-nuoc/Chi-thi-06-CT-UBND-2021-tang-cuong-cong-tac-thu-ngan-sach-nha-nuoc-tinh-Gia-Lai-469140.aspx
2025-06-23 09:09:51,028 - INFO - ✅ Đã lấy link: https://thuvienphapluat.vn/van-ban/Bo-may-hanh-chinh/Chi-thi-03-CT-UBND-2021-cong-tac-xay-dung-hoan-thien-he-thong-phap-luat-thanh-pho-Can-Tho-467688.aspx
2025-06-23 09:09:51,031 - INFO - ✅ Đã lấy link: https://thuvienphapluat.vn/van-ban/Tai-chinh-nha-nuoc/Chi-thi-10-CT-UBND-2021-tang-cuong-bien-phap-quan-ly-thu-ngan-sach-nha-nuoc-Thua-Thien-Hue-467887.aspx
2025-06-23 09:09:51,035 - INFO - ✅ Đã lấy link: https://thuvienphapluat.vn/van-ban/Giao-thong-Van-tai/Chi-thi-06-CT-UBND-2021-cong-tac-bao-ve-ket-cau-ha-tang-giao-thong-duong-bo-tinh-Quang-Binh-467788.aspx
2025-06-23 09:09:51,039 - INFO - ✅ Đã lấy link: https://thuvienphapluat.vn/van-ban/Bo-may-hanh-chinh/Chi-thi-01-CT-UBND-2021-tang-cuong-thuc-hien-nghiem-ky-luat-hanh-chinh-doi-voi-can-bo-Vinh-Phuc-471941.aspx
2025-06-23 09:09:51,043 - INFO - ✅ Đã lấy link: https://thuvienphapluat.vn/van-ban/Thuong-mai/Chi-thi-412-CT-UBND-2021-to-chuc-thuc-hien-Tong-dieu-tra-kinh-te-tinh-Ha-Giang-466940.aspx
2025-06-23 09:09:51,043 - INFO - ➡️ Đang truy cập: https://thuvienphapluat.vn/page/tim-van-ban.aspx?keyword=&area=0&match=True&type=1&status=1&signer=0&sort=1&lan=1&scan=0&org=0&fields=&chlbg=23/06/1945&chlend=23/06/2035&page=112
2025-06-23 09:09:51,708 - INFO - ⏳ Chờ 3.11s giả lập người dùng...
2025-06-23 09:09:56,831 - INFO - 🧭 Tiêu đề trang: Tra cứu Văn Bản Pháp Luật
2025-06-23 09:09:56,847 - INFO - ✅ Đã lấy link: https://thuvienphapluat.vn/van-ban/Thuong-mai/Chi-thi-05-CT-UBND-2021-nhiem-vu-giai-phap-thuc-hien-muc-tieu-tang-truong-kinh-te-tinh-Lao-Cai-474575.aspx
2025-06-23 09:09:56,850 - INFO - ✅ Đã lấy link: https://thuvienphapluat.vn/van-ban/Tai-nguyen-Moi-truong/Chi-thi-08-CT-UBND-2021-tang-cuong-kiem-soat-o-nhiem-moi-truong-khong-khi-Thua-Thien-Hue-467236.aspx
2025-06-23 09:09:56,854 - INFO - ✅ Đã lấy link: https://thuvienphapluat.vn/van-ban/Tai-nguyen-Moi-truong/Chi-thi-09-CT-UBND-2021-tai-che-xu-ly-va-giam-thieu-chat-thai-nhua-tinh-Thua-Thien-Hue-467275.aspx
2025-06-23 09:09:56,857 - INFO - ✅ Đã lấy link: https://thuvienphapluat.vn/van-ban/Tai-nguyen-Moi-truong/Chi-thi-05-CT-UBND-2021-tang-cuong-quan-ly-kiem-soat-loai-ngoai-lai-xam-hai-tinh-Quang-Binh-467786.aspx
2025-06-23 09:09:56,861 - INFO - ✅ Đã lấy link: https://thuvienphapluat.vn/van-ban/Trach-nhiem-hinh-su/Chi-thi-03-CT-UBND-2021-tang-cuong-cong-tac-phong-chong-toi-pham-te-nan-danh-bac-tinh-Bac-Kan-467994.aspx
2025-06-23 09:09:56,865 - INFO - ✅ Đã lấy link: https://thuvienphapluat.vn/van-ban/Thuong-mai/Chi-thi-05-CT-UBND-2021-to-chuc-tong-dieu-tra-kinh-te-va-dieu-tra-co-so-hanh-chinh-tinh-Yen-Bai-472228.aspx
2025-06-23 09:09:56,869 - INFO - ✅ Đã lấy link: https://thuvienphapluat.vn/van-ban/Thuong-mai/Chi-thi-04-CT-UBND-2021-to-chuc-Tong-dieu-tra-kinh-te-tinh-Thai-Binh-470498.aspx
2025-06-23 09:09:56,872 - INFO - ✅ Đã lấy link: https://thuvienphapluat.vn/van-ban/Dich-vu-phap-ly/Chi-thi-2-CT-UBND-2021-tang-cuong-quan-ly-nha-nuoc-voi-hoat-dong-dau-gia-tai-san-Bac-Giang-473769.aspx
2025-06-23 09:09:56,876 - INFO - ✅ Đã lấy link: https://thuvienphapluat.vn/van-ban/Tai-nguyen-Moi-truong/Chi-thi-04-CT-UBND-2021-chan-chinh-ngan-chan-tinh-trang-vi-pham-Luat-Lam-nghiep-Kon-Tum-521446.aspx
2025-06-23 09:09:56,879 - INFO - ✅ Đã lấy link: https://thuvienphapluat.vn/van-ban/Tai-chinh-nha-nuoc/Chi-thi-06-CT-UBND-2021-tang-cuong-cong-tac-quyet-toan-du-toan-hoan-thanh-tinh-Thua-Thien-Hue-467273.aspx
2025-06-23 09:09:56,883 - INFO - ✅ Đã lấy link: https://thuvienphapluat.vn/van-ban/Thuong-mai/Chi-thi-07-CT-UBND-2021-to-chuc-thuc-hien-cuoc-tong-dieu-tra-kinh-te-tinh-Thua-Thien-Hue-467274.aspx
2025-06-23 09:09:56,887 - INFO - ✅ Đã lấy link: https://thuvienphapluat.vn/van-ban/Tai-nguyen-Moi-truong/Chi-thi-10-CT-UBND-2021-tang-cuong-bien-phap-phong-chay-chua-chay-rung-tinh-Nghe-An-467395.aspx
2025-06-23 09:09:56,891 - INFO - ✅ Đã lấy link: https://thuvienphapluat.vn/van-ban/Thuong-mai/Chi-thi-04-CT-UBND-2021-Tong-dieu-tra-Kinh-te-tinh-Lai-Chau-473611.aspx
2025-06-23 09:09:56,895 - INFO - ✅ Đã lấy link: https://thuvienphapluat.vn/van-ban/Thuong-mai/Chi-thi-04-CT-UBND-2021-to-chuc-tong-dieu-tra-kinh-te-va-dieu-tra-co-so-hanh-chinh-Dong-Thap-469000.aspx
2025-06-23 09:09:56,898 - INFO - ✅ Đã lấy link: https://thuvienphapluat.vn/van-ban/Tai-nguyen-Moi-truong/Chi-thi-11-CT-UBND-2021-bao-ve-rung-va-phong-chay-chua-chay-rung-tinh-Son-La-469402.aspx
2025-06-23 09:09:56,902 - INFO - ✅ Đã lấy link: https://thuvienphapluat.vn/van-ban/Thuong-mai/Chi-thi-12-CT-UBND-2021-quan-ly-san-xuat-buon-ban-va-su-dung-phan-bon-tinh-Son-La-469403.aspx
2025-06-23 09:09:56,906 - INFO - ✅ Đã lấy link: https://thuvienphapluat.vn/van-ban/Dau-tu/Chi-thi-4-CT-UBND-2021-tang-cuong-cong-tac-giam-sat-danh-gia-dau-tu-tinh-Lao-Cai-466205.aspx
2025-06-23 09:09:56,910 - INFO - ✅ Đã lấy link: https://thuvienphapluat.vn/van-ban/Thuong-mai/Chi-thi-3-CT-UBND-2021-to-chuc-thuc-hien-tong-dieu-tra-kinh-te-tinh-Lao-Cai-466204.aspx
2025-06-23 09:09:56,914 - INFO - ✅ Đã lấy link: https://thuvienphapluat.vn/van-ban/Thuong-mai/Chi-thi-06-CT-UBND-2021-tang-cuong-su-lanh-dao-chi-dao-cuoc-tong-dieu-tra-kinh-te-Ha-Noi-466764.aspx
2025-06-23 09:09:56,917 - INFO - ✅ Đã lấy link: https://thuvienphapluat.vn/van-ban/Bo-may-hanh-chinh/Chi-thi-02-CT-BYT-2021-cong-tac-quoc-phong-an-ninh-trong-Nganh-Y-te-465659.aspx
2025-06-23 09:09:56,918 - INFO - ➡️ Đang truy cập: https://thuvienphapluat.vn/page/tim-van-ban.aspx?keyword=&area=0&match=True&type=1&status=1&signer=0&sort=1&lan=1&scan=0&org=0&fields=&chlbg=23/06/1945&chlend=23/06/2035&page=113
2025-06-23 09:09:57,446 - INFO - ⏳ Chờ 5.66s giả lập người dùng...
2025-06-23 09:10:05,110 - INFO - 🧭 Tiêu đề trang: Tra cứu Văn Bản Pháp Luật
2025-06-23 09:10:05,126 - INFO - ✅ Đã lấy link: https://thuvienphapluat.vn/van-ban/Tai-nguyen-Moi-truong/Chi-thi-03-CT-BYT-2021-trien-khai-phong-chong-thien-tai-tim-kiem-cuu-nan-trong-Nganh-y-te-465660.aspx
2025-06-23 09:10:05,129 - INFO - ✅ Đã lấy link: https://thuvienphapluat.vn/van-ban/Linh-vuc-khac/Chi-thi-05-CT-UBND-2021-chi-dao-bien-phap-phong-chong-dich-benh-gia-suc-gia-cam-Ha-Noi-466749.aspx
2025-06-23 09:10:05,133 - INFO - ✅ Đã lấy link: https://thuvienphapluat.vn/van-ban/Thuong-mai/Chi-thi-04-CT-BCT-2021-day-manh-hoat-dong-khuyen-cong-phat-trien-cong-nghiep-nong-thon-465707.aspx
2025-06-23 09:10:05,136 - INFO - ✅ Đã lấy link: https://thuvienphapluat.vn/van-ban/Thuong-mai/Chi-thi-06-CT-TTg-2021-don-doc-thuc-hien-nhiem-vu-sau-ky-nghi-Tet-Nguyen-dan-Tan-Suu-465438.aspx
2025-06-23 09:10:05,140 - INFO - ✅ Đã lấy link: https://thuvienphapluat.vn/van-ban/Bo-may-hanh-chinh/Chi-thi-06-CT-UBND-2021-tiep-tuc-day-manh-phong-trao-thi-dua-Dan-van-kheo-tinh-Dong-Nai-468726.aspx
2025-06-23 09:10:05,143 - INFO - ✅ Đã lấy link: https://thuvienphapluat.vn/van-ban/Van-hoa-Xa-hoi/Chi-thi-06-CT-UBND-2021-day-manh-thuc-hien-nep-song-van-minh-trong-viec-cuoi-tinh-Vinh-Long-472376.aspx
2025-06-23 09:10:05,147 - INFO - ✅ Đã lấy link: https://thuvienphapluat.vn/van-ban/Tai-chinh-nha-nuoc/Chi-thi-02-CT-UBND-2021-tang-cuong-quan-ly-nha-nuoc-doi-voi-hoat-dong-dau-gia-tai-san-Ha-Tinh-471207.aspx
2025-06-23 09:10:05,151 - INFO - ✅ Đã lấy link: https://thuvienphapluat.vn/van-ban/Xay-dung-Do-thi/Chi-thi-03-CT-UBND-2021-tang-cuong-cong-tac-quan-ly-quy-hoach-va-trat-tu-xay-dung-Dong-Thap-468999.aspx
2025-06-23 09:10:05,155 - INFO - ✅ Đã lấy link: https://thuvienphapluat.vn/van-ban/Bo-may-hanh-chinh/Chi-thi-04-CT-UBND-2021-nang-cao-chat-luong-cong-tac-xay-dung-he-thong-phap-luat-Binh-Dinh-623754.aspx
2025-06-23 09:10:05,158 - INFO - ✅ Đã lấy link: https://thuvienphapluat.vn/van-ban/Bo-may-hanh-chinh/Chi-thi-04-CT-UBND-2021-thuc-hien-ky-luat-hanh-chinh-doi-voi-can-bo-cong-chuc-tai-co-quan-Ha-Noi-466742.aspx
2025-06-23 09:10:05,162 - INFO - ✅ Đã lấy link: https://thuvienphapluat.vn/van-ban/Tai-nguyen-Moi-truong/Chi-thi-08-CT-UBND-2021-tang-cuong-quan-ly-kiem-soat-loai-ngoai-lai-xam-hai-thanh-pho-Hai-Phong-471464.aspx
2025-06-23 09:10:05,166 - INFO - ✅ Đã lấy link: https://thuvienphapluat.vn/van-ban/Van-hoa-Xa-hoi/Chi-thi-02-CT-UBND-2021-cong-tac-thi-dua-khen-thuong-Tien-Giang-601840.aspx
2025-06-23 09:10:05,169 - INFO - ✅ Đã lấy link: https://thuvienphapluat.vn/van-ban/The-thao-Y-te/Chi-thi-09-CT-UBND-2021-tang-cuong-phong-chong-dich-Covid-19-tinh-Son-La-469587.aspx
2025-06-23 09:10:05,173 - INFO - ✅ Đã lấy link: https://thuvienphapluat.vn/van-ban/Tai-nguyen-Moi-truong/Chi-thi-03-CT-UBND-2021-giai-phap-phong-chong-han-han-thieu-nuoc-tinh-Phu-Yen-466741.aspx
2025-06-23 09:10:05,177 - INFO - ✅ Đã lấy link: https://thuvienphapluat.vn/van-ban/Cong-nghe-thong-tin/Chi-thi-03-CT-UBND-2021-triet-de-trien-khai-cai-dat-ung-dung-Bluezone-tinh-Binh-Duong-466953.aspx
2025-06-23 09:10:05,181 - INFO - ✅ Đã lấy link: https://thuvienphapluat.vn/van-ban/Tai-nguyen-Moi-truong/Chi-thi-04-CT-UBND-2021-giai-phap-cap-bach-tang-cuong-quan-ly-chat-thai-ran-tinh-Hung-Yen-467159.aspx
2025-06-23 09:10:05,184 - INFO - ✅ Đã lấy link: https://thuvienphapluat.vn/van-ban/Tai-chinh-nha-nuoc/Chi-thi-05-CT-UBND-2021-to-chuc-thuc-hien-du-toan-ngan-sach-nha-nuoc-tinh-Khanh-Hoa-465517.aspx
2025-06-23 09:10:05,188 - INFO - ✅ Đã lấy link: https://thuvienphapluat.vn/van-ban/Tai-chinh-nha-nuoc/Chi-thi-05-CT-UBND-2021-to-chuc-thuc-hien-nhiem-vu-thu-ngan-sach-nha-nuoc-tinh-Vinh-Long-471538.aspx
2025-06-23 09:10:05,192 - INFO - ✅ Đã lấy link: https://thuvienphapluat.vn/van-ban/Bo-may-hanh-chinh/Chi-thi-07-CT-UBND-2021-nang-cao-chat-luong-xay-dung-hoan-thien-he-thong-phap-luat-Hai-Phong-471463.aspx
2025-06-23 09:10:05,196 - INFO - ✅ Đã lấy link: https://thuvienphapluat.vn/van-ban/The-thao-Y-te/Chi-thi-03-CT-UBND-2021-thuc-hien-quyet-liet-bien-phap-phong-chong-COVID-19-Ha-Noi-464635.aspx
2025-06-23 09:10:05,196 - INFO - ➡️ Đang truy cập: https://thuvienphapluat.vn/page/tim-van-ban.aspx?keyword=&area=0&match=True&type=1&status=1&signer=0&sort=1&lan=1&scan=0&org=0&fields=&chlbg=23/06/1945&chlend=23/06/2035&page=114
2025-06-23 09:10:05,684 - INFO - ⏳ Chờ 4.69s giả lập người dùng...
2025-06-23 09:10:12,379 - INFO - 🧭 Tiêu đề trang: Tra cứu Văn Bản Pháp Luật
2025-06-23 09:10:12,395 - INFO - ✅ Đã lấy link: https://thuvienphapluat.vn/van-ban/Thuong-mai/Chi-thi-01-CT-UBND-2021-to-chuc-thuc-hien-tong-dieu-tra-kinh-te-tinh-An-Giang-465398.aspx
2025-06-23 09:10:12,398 - INFO - ✅ Đã lấy link: https://thuvienphapluat.vn/van-ban/The-thao-Y-te/Chi-thi-04-CT-UBND-2021-bien-phap-cap-bach-phong-chong-dich-Covid-19-tinh-Gia-Lai-465113.aspx
2025-06-23 09:10:12,402 - INFO - ✅ Đã lấy link: https://thuvienphapluat.vn/van-ban/Bo-may-hanh-chinh/Chi-thi-02-CT-UBND-2021-to-chuc-cuoc-bau-cu-dai-bieu-Quoc-hoi-khoa-XV-tinh-Bac-Kan-465709.aspx
2025-06-23 09:10:12,405 - INFO - ✅ Đã lấy link: https://thuvienphapluat.vn/van-ban/Thuong-mai/Chi-thi-08-CT-UBND-2021-to-chuc-Tong-dieu-tra-kinh-te-va-Dieu-tra-co-so-hanh-chinh-Son-La-467911.aspx
2025-06-23 09:10:12,409 - INFO - ✅ Đã lấy link: https://thuvienphapluat.vn/van-ban/Tai-nguyen-Moi-truong/Chi-thi-02-CT-UBND-2021-quan-ly-hoat-dong-tham-do-khai-thac-khoang-san-thanh-pho-Da-Nang-467781.aspx
2025-06-23 09:10:12,413 - INFO - ✅ Đã lấy link: https://thuvienphapluat.vn/van-ban/Dau-tu/Chi-thi-04-CT-UBND-2021-ke-hoach-dieu-hanh-dau-tu-cong-tinh-Ba-Ria-Vung-Tau-472763.aspx
2025-06-23 09:10:12,417 - INFO - ✅ Đã lấy link: https://thuvienphapluat.vn/van-ban/Cong-nghe-thong-tin/Chi-thi-05-CT-BTTTT-2021-cong-tac-thi-dua-khen-thuong-nganh-Thong-tin-va-Truyen-Thong-464618.aspx
2025-06-23 09:10:12,421 - INFO - ✅ Đã lấy link: https://thuvienphapluat.vn/van-ban/Bo-may-hanh-chinh/Chi-thi-02-CT-VKSTC-2021-phat-dong-phong-trao-thi-dua-464402.aspx
2025-06-23 09:10:12,424 - INFO - ✅ Đã lấy link: https://thuvienphapluat.vn/van-ban/Thuong-mai/Chi-thi-03-CT-UBND-2021-to-chuc-thuc-hien-Tong-dieu-tra-kinh-te-tinh-Hung-Yen-465402.aspx
2025-06-23 09:10:12,428 - INFO - ✅ Đã lấy link: https://thuvienphapluat.vn/van-ban/Van-hoa-Xa-hoi/Chi-thi-05-CT-UBND-2021-tang-cuong-cong-tac-phong-ngua-dau-tranh-voi-toi-pham-Quang-Nam-468404.aspx
2025-06-23 09:10:12,432 - INFO - ✅ Đã lấy link: https://thuvienphapluat.vn/van-ban/Bo-may-hanh-chinh/Chi-thi-02-CT-UBND-2021-to-chuc-cuoc-bau-cu-dai-bieu-Quoc-hoi-khoa-XV-tinh-Lam-Dong-466789.aspx
2025-06-23 09:10:12,435 - INFO - ✅ Đã lấy link: https://thuvienphapluat.vn/van-ban/Giao-thong-Van-tai/Chi-thi-05-CT-UBND-2021-tang-cuong-cong-tac-quan-ly-tau-ca-thanh-pho-Hai-Phong-471572.aspx
2025-06-23 09:10:12,438 - INFO - ✅ Đã lấy link: https://thuvienphapluat.vn/van-ban/Bat-dong-san/Chi-thi-4-CT-UBND-2021-cong-tac-don-dien-doi-thua-tinh-Hoa-Binh-471708.aspx
2025-06-23 09:10:12,442 - INFO - ✅ Đã lấy link: https://thuvienphapluat.vn/van-ban/Thuong-mai/Chi-thi-03-CT-UBND-2021-phat-dong-phong-trao-thi-dua-phat-trien-kinh-te-xa-hoi-Vung-Tau-489332.aspx
2025-06-23 09:10:12,446 - INFO - ✅ Đã lấy link: https://thuvienphapluat.vn/van-ban/The-thao-Y-te/Chi-thi-03-CT-BCT-2021-thuc-hien-nghiem-bien-phap-phong-chong-xu-ly-dich-benh-COVID-19-465900.aspx
2025-06-23 09:10:12,449 - INFO - ✅ Đã lấy link: https://thuvienphapluat.vn/van-ban/Bo-may-hanh-chinh/Chi-thi-04-CT-UBND-2021-to-chuc-cuoc-bau-cu-dai-bieu-Quoc-hoi-khoa-XV-tinh-Vinh-Long-472436.aspx
2025-06-23 09:10:12,453 - INFO - ✅ Đã lấy link: https://thuvienphapluat.vn/van-ban/Bo-may-hanh-chinh/Chi-thi-02-CT-UBND-2021-cong-tac-quoc-phong-quan-su-dia-phuong-tinh-Tra-Vinh-471461.aspx
2025-06-23 09:10:12,457 - INFO - ✅ Đã lấy link: https://thuvienphapluat.vn/van-ban/Giao-duc/Chi-thi-79-CT-BGDDT-2021-bien-phap-cap-bach-phong-chong-COVID-19-trong-co-so-giao-duc-dao-tao-463902.aspx
2025-06-23 09:10:12,461 - INFO - ✅ Đã lấy link: https://thuvienphapluat.vn/van-ban/The-thao-Y-te/Chi-thi-405-CT-CHK-2021-tang-cuong-bien-phap-cap-bach-ve-cach-ly-va-phong-chong-Covid-19-466396.aspx
2025-06-23 09:10:12,464 - INFO - ✅ Đã lấy link: https://thuvienphapluat.vn/van-ban/The-thao-Y-te/Chi-thi-04-CT-UBND-2021-bien-phap-cap-bach-phong-chong-dich-Covid-19-tinh-Dong-Nai-468900.aspx
2025-06-23 09:10:12,464 - INFO - ➡️ Đang truy cập: https://thuvienphapluat.vn/page/tim-van-ban.aspx?keyword=&area=0&match=True&type=1&status=1&signer=0&sort=1&lan=1&scan=0&org=0&fields=&chlbg=23/06/1945&chlend=23/06/2035&page=115
2025-06-23 09:10:12,993 - INFO - ⏳ Chờ 5.20s giả lập người dùng...
2025-06-23 09:10:20,200 - INFO - 🧭 Tiêu đề trang: Tra cứu Văn Bản Pháp Luật
2025-06-23 09:10:20,215 - INFO - ✅ Đã lấy link: https://thuvienphapluat.vn/van-ban/Bo-may-hanh-chinh/Chi-thi-06-CT-UBND-2021-to-chuc-cuoc-bau-cu-dai-bieu-quoc-hoi-khoa-XV-tinh-Ninh-Thuan-467587.aspx
2025-06-23 09:10:20,219 - INFO - ✅ Đã lấy link: https://thuvienphapluat.vn/van-ban/Van-hoa-Xa-hoi/Chi-thi-04-CT-UBND-2021-to-chuc-thuc-hien-Nghi-dinh-137-2020-ND-CP-thanh-pho-Hai-Phong-471581.aspx
2025-06-23 09:10:20,223 - INFO - ✅ Đã lấy link: https://thuvienphapluat.vn/van-ban/Thuong-mai/Chi-thi-03-CT-UBND-2021-tong-dieu-tra-kinh-te-va-dieu-tra-co-so-hanh-chinh-Vinh-Long-472442.aspx
2025-06-23 09:10:20,226 - INFO - ✅ Đã lấy link: https://thuvienphapluat.vn/van-ban/Bo-may-hanh-chinh/Chi-thi-03-CT-UBND-2021-tang-cuong-trach-nhiem-trong-cong-tac-tiep-cong-dan-tinh-Gia-Lai-469126.aspx
2025-06-23 09:10:20,230 - INFO - ✅ Đã lấy link: https://thuvienphapluat.vn/van-ban/Bo-may-hanh-chinh/Chi-thi-02-CT-UBND-2021-to-chuc-cuoc-bau-cu-dai-bieu-Quoc-hoi-tinh-Ca-Mau-khoa-XV-465043.aspx
2025-06-23 09:10:20,234 - INFO - ✅ Đã lấy link: https://thuvienphapluat.vn/van-ban/Bo-may-hanh-chinh/Chi-thi-02-CT-UBND-2021-to-chuc-thuc-hien-cuoc-bau-cu-dai-bieu-Quoc-hoi-khoa-XV-tinh-Binh-Duong-466978.aspx
2025-06-23 09:10:20,237 - INFO - ✅ Đã lấy link: https://thuvienphapluat.vn/van-ban/Linh-vuc-khac/Chi-thi-02-CT-UBND-2021-tang-cuong-cong-tac-quan-ly-phat-trien-nuoi-trong-thuy-san-Ha-Noi-466747.aspx
2025-06-23 09:10:20,241 - INFO - ✅ Đã lấy link: https://thuvienphapluat.vn/van-ban/Bo-may-hanh-chinh/Chi-thi-01-CT-UBND-2021-nang-cao-chat-luong-cong-tac-xay-dung-he-thong-phap-luat-Ben-Tre-466148.aspx
2025-06-23 09:10:20,245 - INFO - ✅ Đã lấy link: https://thuvienphapluat.vn/van-ban/Dau-tu/Chi-thi-06-CT-UBND-2021-quan-ly-nha-nuoc-doi-voi-du-an-dau-tu-xay-dung-nha-o-tinh-Nghe-An-467470.aspx
2025-06-23 09:10:20,248 - INFO - ✅ Đã lấy link: https://thuvienphapluat.vn/van-ban/Bo-may-hanh-chinh/Chi-thi-07-CT-UBND-2021-hieu-qua-cong-tac-tiep-cong-dan-giai-quyet-khieu-nai-tinh-Son-La-467910.aspx
2025-06-23 09:10:20,252 - INFO - ✅ Đã lấy link: https://thuvienphapluat.vn/van-ban/Bo-may-hanh-chinh/Chi-thi-05-CT-UBND-2021-can-bo-neu-guong-khong-uong-ruou-bia-trong-gio-hanh-chinh-Thua-Thien-Hue-471543.aspx
2025-06-23 09:10:20,255 - INFO - ✅ Đã lấy link: https://thuvienphapluat.vn/van-ban/Bat-dong-san/Chi-thi-02-CT-UBND-2021-tang-cuong-cong-tac-quan-ly-su-dung-dat-lam-nghiep-Hue-634656.aspx
2025-06-23 09:10:20,259 - INFO - ✅ Đã lấy link: https://thuvienphapluat.vn/van-ban/Van-hoa-Xa-hoi/Chi-thi-01-CT-LDTBXH-2021-to-chuc-Tet-Nguyen-dan-Tan-Suu-463791.aspx
2025-06-23 09:10:20,262 - INFO - ✅ Đã lấy link: https://thuvienphapluat.vn/van-ban/Bo-may-hanh-chinh/Chi-thi-02-CT-UBND-2021-to-chuc-cuoc-bau-cu-dai-bieu-Quoc-hoi-khoa-XV-tinh-Hung-Yen-465400.aspx
2025-06-23 09:10:20,266 - INFO - ✅ Đã lấy link: https://thuvienphapluat.vn/van-ban/Van-hoa-Xa-hoi/Chi-thi-02-CT-UBND-2021-phat-dong-phong-trao-thi-dua-yeu-nuoc-Ho-Chi-Minh-465803.aspx
2025-06-23 09:10:20,270 - INFO - ✅ Đã lấy link: https://thuvienphapluat.vn/van-ban/Bo-may-hanh-chinh/Chi-thi-03-CT-UBND-2021-to-chuc-cuoc-bau-cu-dai-bieu-Quoc-hoi-khoa-XV-Ho-Chi-Minh-465805.aspx
2025-06-23 09:10:20,273 - INFO - ✅ Đã lấy link: https://thuvienphapluat.vn/van-ban/Bo-may-hanh-chinh/Chi-thi-03-CT-UBND-2021-to-chuc-cuoc-bau-cu-dai-bieu-Quoc-hoi-khoa-XV-tinh-Khanh-Hoa-465503.aspx
2025-06-23 09:10:20,277 - INFO - ✅ Đã lấy link: https://thuvienphapluat.vn/van-ban/Bo-may-hanh-chinh/Chi-thi-02-CT-UBND-2021-tang-cuong-ky-luat-trong-dieu-hanh-va-thuc-thi-cong-vu-tinh-Dong-Thap-469149.aspx
2025-06-23 09:10:20,281 - INFO - ✅ Đã lấy link: https://thuvienphapluat.vn/van-ban/Tai-nguyen-Moi-truong/Chi-thi-05-CT-UBND-2021-cong-tac-quan-ly-hoat-dong-tham-do-khoang-san-tinh-Ninh-Thuan-467574.aspx
2025-06-23 09:10:20,284 - INFO - ✅ Đã lấy link: https://thuvienphapluat.vn/van-ban/Bo-may-hanh-chinh/Chi-thi-04-CT-UBND-2021-to-chuc-thuc-hien-cuoc-bau-cu-dai-bieu-quoc-hoi-khoa-XV-tinh-Nghe-An-467416.aspx
2025-06-23 09:10:20,284 - INFO - ➡️ Đang truy cập: https://thuvienphapluat.vn/page/tim-van-ban.aspx?keyword=&area=0&match=True&type=1&status=1&signer=0&sort=1&lan=1&scan=0&org=0&fields=&chlbg=23/06/1945&chlend=23/06/2035&page=116
2025-06-23 09:10:20,890 - INFO - ⏳ Chờ 5.94s giả lập người dùng...
2025-06-23 09:10:28,839 - INFO - 🧭 Tiêu đề trang: Tra cứu Văn Bản Pháp Luật
2025-06-23 09:10:28,855 - INFO - ✅ Đã lấy link: https://thuvienphapluat.vn/van-ban/Cong-nghe-thong-tin/Chi-thi-05-CT-UBND-2021-trien-khai-cap-the-can-cuoc-cong-dan-gan-chip-dien-tu-tinh-Nghe-An-467469.aspx
2025-06-23 09:10:28,859 - INFO - ✅ Đã lấy link: https://thuvienphapluat.vn/van-ban/Bo-may-hanh-chinh/Chi-thi-02-CT-UBND-2021-to-chuc-cuoc-bau-cu-dai-bieu-Quoc-hoi-khoa-XV-tinh-Quang-Binh-467841.aspx
2025-06-23 09:10:28,863 - INFO - ✅ Đã lấy link: https://thuvienphapluat.vn/van-ban/Bo-may-hanh-chinh/Chi-thi-07-CT-UBND-2021-to-chuc-bau-cu-dai-bieu-Quoc-hoi-khoa-XV-dai-bieu-Hoi-dong-nhan-dan-cac-cap-Tay-Ninh-464030.aspx
2025-06-23 09:10:28,867 - INFO - ✅ Đã lấy link: https://thuvienphapluat.vn/van-ban/Cong-nghe-thong-tin/Chi-thi-1-CT-UBND-2021-tang-cuong-hoat-dong-khoa-hoc-va-cong-nghe-Bac-Giang-464059.aspx
2025-06-23 09:10:28,871 - INFO - ✅ Đã lấy link: https://thuvienphapluat.vn/van-ban/Bo-may-hanh-chinh/Chi-thi-04-CT-UBND-2021-to-chuc-cuoc-bau-cu-dai-bieu-Quoc-hoi-khoa-XV-dai-bieu-Hoi-dong-nhan-dan-cac-cap-Hue-464057.aspx
2025-06-23 09:10:28,874 - INFO - ✅ Đã lấy link: https://thuvienphapluat.vn/van-ban/Tai-chinh-nha-nuoc/Chi-thi-01-CT-UBND-2021-to-chuc-quan-ly-dieu-hanh-ngan-sach-nha-nuoc-tinh-Ba-Ria-Vung-Tau-465541.aspx
2025-06-23 09:10:28,878 - INFO - ✅ Đã lấy link: https://thuvienphapluat.vn/van-ban/Bo-may-hanh-chinh/Chi-thi-05-CT-UBND-2021-to-chuc-cuoc-bau-cu-dai-bieu-Quoc-hoi-khoa-XV-tinh-Son-La-467908.aspx
2025-06-23 09:10:28,882 - INFO - ✅ Đã lấy link: https://thuvienphapluat.vn/van-ban/Van-hoa-Xa-hoi/Chi-thi-06-CT-UBND-2021-tang-cuong-cong-tac-giao-nop-ho-so-tai-lieu-vao-Luu-tru-lich-su-tinh-Son-La-467909.aspx
2025-06-23 09:10:28,886 - INFO - ✅ Đã lấy link: https://thuvienphapluat.vn/van-ban/Bao-hiem/Chi-thi-03-CT-UBND-2021-tang-cuong-cong-tac-thu-ngan-sach-nha-nuoc-tinh-Nghe-An-467428.aspx
2025-06-23 09:10:28,890 - INFO - ✅ Đã lấy link: https://thuvienphapluat.vn/van-ban/Bo-may-hanh-chinh/Chi-thi-01-CT-UBND-2021-to-chuc-cuoc-bau-cu-dai-bieu-Quoc-hoi-khoa-XV-tinh-Dien-Bien-468413.aspx
2025-06-23 09:10:28,894 - INFO - ✅ Đã lấy link: https://thuvienphapluat.vn/van-ban/Bo-may-hanh-chinh/Chi-thi-02-CT-UBND-2021-to-chuc-bau-cu-dai-bieu-Quoc-hoi-khoa-XV-dai-bieu-Hoi-dong-Kon-Tum-464055.aspx
2025-06-23 09:10:28,897 - INFO - ✅ Đã lấy link: https://thuvienphapluat.vn/van-ban/Bo-may-hanh-chinh/Chi-thi-03-CT-UBND-2021-to-chuc-bau-cu-dai-bieu-Quoc-hoi-khoa-XV-dai-bieu-Hoi-dong-nhan-dan-cac-cap-Quang-Nam-464056.aspx
2025-06-23 09:10:28,901 - INFO - ✅ Đã lấy link: https://thuvienphapluat.vn/van-ban/Bo-may-hanh-chinh/Chi-thi-02-CT-UBND-2021-to-chuc-cuoc-bau-cu-dai-bieu-Quoc-hoi-khoa-XV-Vung-Tau-465545.aspx
2025-06-23 09:10:28,905 - INFO - ✅ Đã lấy link: https://thuvienphapluat.vn/van-ban/Bo-may-hanh-chinh/Chi-thi-03-CT-UBND-2021-nang-cao-chat-luong-xay-dung-hoan-thien-phap-luat-Thua-Thien-Hue-471547.aspx
2025-06-23 09:10:28,908 - INFO - ✅ Đã lấy link: https://thuvienphapluat.vn/van-ban/Dau-tu/Chi-thi-03-CT-UBND-2021-day-nhanh-tien-do-thuc-hien-ke-hoach-von-dau-tu-cong-Thanh-Hoa-470429.aspx
2025-06-23 09:10:28,912 - INFO - ✅ Đã lấy link: https://thuvienphapluat.vn/van-ban/Bo-may-hanh-chinh/Chi-thi-114-CT-UBND-2021-to-chuc-cuoc-bau-cu-dai-bieu-Quoc-hoi-khoa-XV-tinh-Ha-Giang-465448.aspx
2025-06-23 09:10:28,916 - INFO - ✅ Đã lấy link: https://thuvienphapluat.vn/van-ban/Bo-may-hanh-chinh/Chi-thi-01-CT-UBND-2021-thuc-hien-cuoc-bau-cu-dai-bieu-quoc-hoi-khoa-XV-Ha-Noi-463949.aspx
2025-06-23 09:10:28,920 - INFO - ✅ Đã lấy link: https://thuvienphapluat.vn/van-ban/Bo-may-hanh-chinh/Chi-thi-02-CT-UBND-2021-to-chuc-bau-cu-dai-bieu-Quoc-hoi-khoa-XV-tinh-Cao-Bang-467627.aspx
2025-06-23 09:10:28,924 - INFO - ✅ Đã lấy link: https://thuvienphapluat.vn/van-ban/Bo-may-hanh-chinh/Chi-thi-4-CT-UBND-2021-to-chuc-cuoc-bau-cu-dai-bieu-Quoc-hoi-khoa-XV-tinh-Hai-Duong-471709.aspx
2025-06-23 09:10:28,927 - INFO - ✅ Đã lấy link: https://thuvienphapluat.vn/van-ban/Tai-nguyen-Moi-truong/Chi-thi-03-CT-TTg-2021-tang-cuong-kiem-soat-o-nhiem-moi-truong-khong-khi-462839.aspx
2025-06-23 09:10:28,927 - INFO - ➡️ Đang truy cập: https://thuvienphapluat.vn/page/tim-van-ban.aspx?keyword=&area=0&match=True&type=1&status=1&signer=0&sort=1&lan=1&scan=0&org=0&fields=&chlbg=23/06/1945&chlend=23/06/2035&page=117
2025-06-23 09:10:29,499 - INFO - ⏳ Chờ 3.32s giả lập người dùng...
2025-06-23 09:10:34,830 - INFO - 🧭 Tiêu đề trang: Tra cứu Văn Bản Pháp Luật
2025-06-23 09:10:34,848 - INFO - ✅ Đã lấy link: https://thuvienphapluat.vn/van-ban/Bo-may-hanh-chinh/Chi-thi-03-CT-UBND-2021-dang-ky-nghia-vu-quan-su-dang-ky-cong-dan-trong-do-tuoi-Ninh-Thuan-467572.aspx
2025-06-23 09:10:34,853 - INFO - ✅ Đã lấy link: https://thuvienphapluat.vn/van-ban/Tai-nguyen-Moi-truong/Chi-thi-04-CT-UBND-2021-cong-tac-Phong-chong-thien-tai-va-tim-kiem-cuu-nan-tinh-Son-La-467250.aspx
2025-06-23 09:10:34,857 - INFO - ✅ Đã lấy link: https://thuvienphapluat.vn/van-ban/Tai-chinh-nha-nuoc/Chi-thi-215-CT-TCHQ-2021-quan-ly-chong-that-thu-trong-trien-khai-nhiem-vu-thu-ngan-sach-nha-nuoc-462986.aspx
2025-06-23 09:10:34,861 - INFO - ✅ Đã lấy link: https://thuvienphapluat.vn/van-ban/Tai-nguyen-Moi-truong/Chi-thi-01-CT-UBND-2021-tang-cuong-cong-tac-phong-chay-chua-chay-tinh-Yen-Bai-472143.aspx
2025-06-23 09:10:34,866 - INFO - ✅ Đã lấy link: https://thuvienphapluat.vn/van-ban/Bo-may-hanh-chinh/Chi-thi-02-CT-TTg-2021-to-chuc-cuoc-bau-cu-dai-bieu-Hoi-dong-nhan-dan-2021-2026-462423.aspx
2025-06-23 09:10:34,870 - INFO - ✅ Đã lấy link: https://thuvienphapluat.vn/van-ban/Dau-tu/Chi-thi-01-CT-UBND-2021-thuc-hien-ke-hoach-phat-trien-kinh-te-xa-hoi-tinh-Bac-Ninh-466199.aspx
2025-06-23 09:10:34,873 - INFO - ✅ Đã lấy link: https://thuvienphapluat.vn/van-ban/Tai-nguyen-Moi-truong/Chi-thi-02-CT-UBND-2021-quan-ly-hoat-dong-tham-do-khai-thac-che-bien-khoang-san-tinh-Thai-Nguyen-470875.aspx
2025-06-23 09:10:34,877 - INFO - ✅ Đã lấy link: https://thuvienphapluat.vn/van-ban/Thuong-mai/Chi-thi-03-CT-UBND-2021-giai-phap-phat-trien-kinh-te-nong-nghiep-nong-thon-tinh-Nam-Dinh-467066.aspx
2025-06-23 09:10:34,881 - INFO - ✅ Đã lấy link: https://thuvienphapluat.vn/van-ban/Bo-may-hanh-chinh/Chi-thi-03-CT-UBND-2021-tang-cuong-tuyen-dung-va-su-dung-cong-chuc-vien-chuc-tinh-Son-La-467255.aspx
2025-06-23 09:10:34,884 - INFO - ✅ Đã lấy link: https://thuvienphapluat.vn/van-ban/Linh-vuc-khac/Chi-thi-02-CT-UBND-2021-bien-phap-phong-chong-benh-gia-suc-gia-cam-vu-Dong-Xuan-Khanh-Hoa-465502.aspx
2025-06-23 09:10:34,888 - INFO - ✅ Đã lấy link: https://thuvienphapluat.vn/van-ban/Tai-nguyen-Moi-truong/Chi-thi-02-CT-UBND-2021-tang-cuong-cong-tac-phong-chay-chua-chay-va-cuu-nan-cuu-ho-Son-La-467254.aspx
2025-06-23 09:10:34,891 - INFO - ✅ Đã lấy link: https://thuvienphapluat.vn/van-ban/Tai-nguyen-Moi-truong/Chi-thi-02-CT-UBND-2021-giai-phap-cap-bach-tang-cuong-quan-ly-chat-thai-ran-tinh-Nam-Dinh-467070.aspx
2025-06-23 09:10:34,895 - INFO - ✅ Đã lấy link: https://thuvienphapluat.vn/van-ban/Tai-nguyen-Moi-truong/Chi-thi-01-CT-UBND-2021-tang-cuong-cong-tac-phong-chong-thien-tai-tim-kiem-cuu-nan-Hoa-Binh-471778.aspx
2025-06-23 09:10:34,899 - INFO - ✅ Đã lấy link: https://thuvienphapluat.vn/van-ban/Tai-nguyen-Moi-truong/Chi-thi-01-CT-UBND-2021-cong-tac-phong-chay-chua-chay-va-cuu-nan-cuu-ho-tinh-Ha-Tinh-471202.aspx
2025-06-23 09:10:34,903 - INFO - ✅ Đã lấy link: https://thuvienphapluat.vn/van-ban/Van-hoa-Xa-hoi/Chi-thi-152-CT-BNN-VP-2021-to-chuc-Tet-Nguyen-dan-Tan-Suu-461933.aspx
2025-06-23 09:10:34,907 - INFO - ✅ Đã lấy link: https://thuvienphapluat.vn/van-ban/Cong-nghe-thong-tin/Chi-thi-01-CT-BTTTT-2021-dinh-huong-phat-trien-nganh-thong-tin-va-truyen-thong-466551.aspx
2025-06-23 09:10:34,911 - INFO - ✅ Đã lấy link: https://thuvienphapluat.vn/van-ban/Dau-tu/Chi-thi-04-CT-UBND-2021-day-nhanh-tien-do-thuc-hien-ke-hoach-von-dau-tu-cong-tinh-Quang-Ngai-468424.aspx
2025-06-23 09:10:34,915 - INFO - ✅ Đã lấy link: https://thuvienphapluat.vn/van-ban/Tai-chinh-nha-nuoc/Chi-thi-03-CT-UBND-2021-tang-cuong-cong-tac-quan-ly-thu-ngan-sach-nha-nuoc-tinh-Quang-Ngai-468422.aspx
2025-06-23 09:10:34,918 - INFO - ✅ Đã lấy link: https://thuvienphapluat.vn/van-ban/The-thao-Y-te/Chi-thi-01-CT-CTUBND-2021-tang-cuong-phong-chong-dich-benh-Covid-19-tinh-Hung-Yen-462532.aspx
2025-06-23 09:10:34,922 - INFO - ✅ Đã lấy link: https://thuvienphapluat.vn/van-ban/Tai-nguyen-Moi-truong/Chi-thi-01-CT-UBND-2021-tang-cuong-cong-tac-quan-ly-bao-ve-rung-tinh-Kon-Tum-465880.aspx
2025-06-23 09:10:34,922 - INFO - ➡️ Đang truy cập: https://thuvienphapluat.vn/page/tim-van-ban.aspx?keyword=&area=0&match=True&type=1&status=1&signer=0&sort=1&lan=1&scan=0&org=0&fields=&chlbg=23/06/1945&chlend=23/06/2035&page=118
2025-06-23 09:10:35,460 - INFO - ⏳ Chờ 4.67s giả lập người dùng...
2025-06-23 09:10:42,140 - INFO - 🧭 Tiêu đề trang: Tra cứu Văn Bản Pháp Luật
2025-06-23 09:10:42,158 - INFO - ✅ Đã lấy link: https://thuvienphapluat.vn/van-ban/Tai-chinh-nha-nuoc/Chi-thi-02-CT-UBND-2021-tang-cuong-bien-phap-quan-ly-thu-ngan-sach-tinh-Ninh-Thuan-467585.aspx
2025-06-23 09:10:42,163 - INFO - ✅ Đã lấy link: https://thuvienphapluat.vn/van-ban/Thuong-mai/Chi-thi-01-CT-BKHDT-2021-trien-khai-thuc-hien-Nghi-quyet-01-NQ-CP-phat-trien-kinh-te-xa-hoi-2021-462059.aspx
2025-06-23 09:10:42,169 - INFO - ✅ Đã lấy link: https://thuvienphapluat.vn/van-ban/Tien-te-Ngan-hang/Chi-thi-02-CT-NHNN-2021-phong-chong-ngan-ngua-vi-pham-phap-luat-trong-hoat-dong-the-ngan-hang-461821.aspx
2025-06-23 09:10:42,175 - INFO - ✅ Đã lấy link: https://thuvienphapluat.vn/van-ban/Thuong-mai/Chi-thi-02-CT-UBND-2021-phat-dong-thi-dua-phat-trien-kinh-te-xa-hoi-Hai-Phong-499759.aspx
2025-06-23 09:10:42,184 - INFO - ✅ Đã lấy link: https://thuvienphapluat.vn/van-ban/Bo-may-hanh-chinh/Chi-thi-02-CT-UBND-2021-nang-cao-chat-luong-hoan-thien-he-thong-phap-luat-tinh-Tay-Ninh-470396.aspx
2025-06-23 09:10:42,189 - INFO - ✅ Đã lấy link: https://thuvienphapluat.vn/van-ban/Dau-tu/Chi-thi-01-CT-UBND-2021-thuc-hien-ke-hoach-phat-trien-kinh-te-xa-hoi-quoc-phong-an-ninh-Hai-Phong-462718.aspx
2025-06-23 09:10:42,194 - INFO - ✅ Đã lấy link: https://thuvienphapluat.vn/van-ban/Cong-nghe-thong-tin/Chi-thi-03-CT-UBND-2021-day-manh-thuc-hien-du-an-co-so-du-lieu-quoc-gia-ve-dan-cu-tinh-Dak-Lak-461838.aspx
2025-06-23 09:10:42,199 - INFO - ✅ Đã lấy link: https://thuvienphapluat.vn/van-ban/Dau-tu/Chi-thi-01-CT-UBND-2021-thuc-hien-nhiem-vu-phat-trien-kinh-te-xa-hoi-thanh-pho-Ho-Chi-Minh-465802.aspx
2025-06-23 09:10:42,204 - INFO - ✅ Đã lấy link: https://thuvienphapluat.vn/van-ban/Linh-vuc-khac/Chi-thi-49-CT-BNN-TCTS-2021-quan-ly-tau-ca-dam-bao-an-toan-cho-nguoi-tau-ca-hoat-dong-thuy-san-461530.aspx
2025-06-23 09:10:42,208 - INFO - ✅ Đã lấy link: https://thuvienphapluat.vn/van-ban/The-thao-Y-te/Chi-thi-01-CT-TTg-2021-tang-cuong-phong-chong-dich-benh-Covid-19-461446.aspx
2025-06-23 09:10:42,212 - INFO - ✅ Đã lấy link: https://thuvienphapluat.vn/van-ban/Tai-nguyen-Moi-truong/Chi-thi-02-CT-UBND-2021-giai-phap-phong-chong-han-han-thieu-nuoc-tinh-Binh-Thuan-467391.aspx
2025-06-23 09:10:42,218 - INFO - ✅ Đã lấy link: https://thuvienphapluat.vn/van-ban/Dau-tu/Chi-thi-03-CT-UBND-2021-nhiem-vu-phat-trien-kinh-te-xa-hoi-tinh-Ha-Giang-461873.aspx
2025-06-23 09:10:42,223 - INFO - ✅ Đã lấy link: https://thuvienphapluat.vn/van-ban/Bo-may-hanh-chinh/Chi-thi-01-2021-CT-CA-trien-khai-thuc-hien-cac-nhiem-vu-trong-tam-cong-tac-Toa-an-473920.aspx
2025-06-23 09:10:42,227 - INFO - ✅ Đã lấy link: https://thuvienphapluat.vn/van-ban/Thue-Phi-Le-Phi/Chi-thi-01-CT-UBND-2021-trien-khai-su-dung-hoa-don-dien-tu-tinh-Quang-Ngai-468211.aspx
2025-06-23 09:10:42,230 - INFO - ✅ Đã lấy link: https://thuvienphapluat.vn/van-ban/Bo-may-hanh-chinh/Chi-thi-01-CT-UBND-2021-tang-cuong-ky-luat-trong-co-quan-hanh-chinh-nha-nuoc-tinh-Thanh-Hoa-470412.aspx
2025-06-23 09:10:42,234 - INFO - ✅ Đã lấy link: https://thuvienphapluat.vn/van-ban/Van-hoa-Xa-hoi/Chi-thi-13-CT-UBND-2020-cham-lo-Tet-Tan-Suu-thanh-pho-Ho-Chi-Minh-nam-2021-465597.aspx
2025-06-23 09:10:42,238 - INFO - ✅ Đã lấy link: https://thuvienphapluat.vn/van-ban/Tai-nguyen-Moi-truong/Chi-thi-45-CT-TTg-2020-to-chuc-phong-trao-Tet-trong-cay-va-tang-cuong-cong-tac-bao-ve-phat-trien-rung-461184.aspx
2025-06-23 09:10:42,243 - INFO - ✅ Đã lấy link: https://thuvienphapluat.vn/van-ban/The-thao-Y-te/Chi-thi-26-CT-BYT-2020-tang-cuong-bien-phap-phong-chong-dich-benh-dip-Tet-Nguyen-dan-nam-2021-461181.aspx
2025-06-23 09:10:42,247 - INFO - ✅ Đã lấy link: https://thuvienphapluat.vn/van-ban/Bo-may-hanh-chinh/Chi-thi-01-CT-VKSTC-2020-trien-khai-cong-tac-cua-nganh-Kiem-sat-nhan-dan-2021-461621.aspx
2025-06-23 09:10:42,252 - INFO - ✅ Đã lấy link: https://thuvienphapluat.vn/van-ban/Linh-vuc-khac/Chi-thi-21-CT-UBND-2020-trien-khai-quyet-liet-giai-phap-phong-chong-dich-benh-gia-suc-Binh-Dinh-490571.aspx
2025-06-23 09:10:42,252 - INFO - ➡️ Đang truy cập: https://thuvienphapluat.vn/page/tim-van-ban.aspx?keyword=&area=0&match=True&type=1&status=1&signer=0&sort=1&lan=1&scan=0&org=0&fields=&chlbg=23/06/1945&chlend=23/06/2035&page=119
2025-06-23 09:10:42,772 - INFO - ⏳ Chờ 3.45s giả lập người dùng...
