2025-07-14 04:44:10,960 - INFO - ➡️ Đang truy cập: https://thuvienphapluat.vn/page/searchlegal.aspx?keyword=&area=0&match=True&type=0&status=1&signer=0&sort=1&lan=1&scan=0&org=0&fields=15&chlbg=09/07/1945&chlend=09/07/2035&page=150
2025-07-14 04:44:11,606 - INFO - ⏳ Chờ 5.36s giả lập người dùng...
2025-07-14 04:44:17,178 - INFO - 🤖 CAPTCHA OCR: 683565
2025-07-14 04:44:20,771 - INFO - 🧭 Tiêu đề trang: Tra cứu Văn Bản Pháp Luật
2025-07-14 04:44:20,793 - INFO - ✅ Đã lấy link: https://thuvienphapluat.vn/van-ban/Bo-may-hanh-chinh/Quyet-dinh-747-QD-UBND-2025-Giao-bien-che-can-bo-cong-chuc-cap-tinh-Vinh-Phuc-654925.aspx
2025-07-14 04:44:20,797 - INFO - ✅ Đã lấy link: https://thuvienphapluat.vn/van-ban/Bo-may-hanh-chinh/Quyet-dinh-1003-QD-BNNMT-2025-cong-bo-thu-tuc-hanh-chinh-chuan-hoa-linh-vuc-bien-hai-dao-653875.aspx
2025-07-14 04:44:20,800 - INFO - ✅ Đã lấy link: https://thuvienphapluat.vn/van-ban/Bao-hiem/Quyet-dinh-894-QD-UBND-2025-cong-bo-thu-tuc-hanh-chinh-Bao-hiem-xa-hoi-So-Noi-vu-Tra-Vinh-654186.aspx
2025-07-14 04:44:20,804 - INFO - ✅ Đã lấy link: https://thuvienphapluat.vn/van-ban/Lao-dong-Tien-luong/Quyet-dinh-308-QD-UBND-2025-cong-bo-thu-tuc-hanh-chinh-lao-dong-tien-luong-nganh-Noi-vu-Kon-Tum-654621.aspx
2025-07-14 04:44:20,807 - INFO - ✅ Đã lấy link: https://thuvienphapluat.vn/van-ban/Bo-may-hanh-chinh/Quyet-dinh-537-QD-UBND-2025-cong-bo-thu-tuc-hanh-chinh-thiet-bi-y-te-So-Y-te-Ninh-Thuan-655864.aspx
2025-07-14 04:44:20,811 - INFO - ✅ Đã lấy link: https://thuvienphapluat.vn/van-ban/Bo-may-hanh-chinh/Quyet-dinh-696-QD-UBND-2025-cong-bo-thu-tuc-hanh-chinh-sua-doi-co-quan-thuc-hien-So-Tai-chinh-Bac-Ninh-654176.aspx
2025-07-14 04:44:20,816 - INFO - ✅ Đã lấy link: https://thuvienphapluat.vn/van-ban/Bo-may-hanh-chinh/Quyet-dinh-910-QD-UBND-2025-Danh-muc-dich-vu-cong-truc-tuyen-toan-trinh-So-Van-hoa-Son-La-653845.aspx
2025-07-14 04:44:20,820 - INFO - ✅ Đã lấy link: https://thuvienphapluat.vn/van-ban/Lao-dong-Tien-luong/Quyet-dinh-1120-QD-UBND-2025-cong-bo-thu-tuc-hanh-chinh-An-toan-ve-sinh-lao-dong-So-Noi-vu-Nghe-An-653953.aspx
2025-07-14 04:44:20,824 - INFO - ✅ Đã lấy link: https://thuvienphapluat.vn/van-ban/Bo-may-hanh-chinh/Quyet-dinh-1258-QD-UBND-2025-cong-bo-thu-tuc-hanh-chinh-linh-vuc-cong-thuong-Hai-Phong-654266.aspx
2025-07-14 04:44:20,830 - INFO - ✅ Đã lấy link: https://thuvienphapluat.vn/van-ban/Lao-dong-Tien-luong/Quyet-dinh-1253-QD-UBND-2025-cong-bo-thu-tuc-hanh-chinh-ve-sinh-lao-dong-Hai-Phong-654623.aspx
2025-07-14 04:44:20,834 - INFO - ✅ Đã lấy link: https://thuvienphapluat.vn/van-ban/Bo-may-hanh-chinh/Quyet-dinh-587-QD-UBND-2025-cong-bo-thu-tuc-hanh-chinh-Kinh-te-hop-tac-So-Nong-nghiep-Bac-Giang-653774.aspx
2025-07-14 04:44:20,839 - INFO - ✅ Đã lấy link: https://thuvienphapluat.vn/van-ban/Bo-may-hanh-chinh/Quyet-dinh-916-QD-UBND-2025-cong-bo-thu-tuc-hanh-chinh-tai-nguyen-nuoc-So-Nong-nghiep-Son-La-653952.aspx
2025-07-14 04:44:20,843 - INFO - ✅ Đã lấy link: https://thuvienphapluat.vn/van-ban/Bo-may-hanh-chinh/Quyet-dinh-914-QD-UBND-2025-dich-vu-cong-truc-tuyen-toan-trinh-So-Khoa-hoc-va-Cong-nghe-Son-La-654086.aspx
2025-07-14 04:44:20,849 - INFO - ✅ Đã lấy link: https://thuvienphapluat.vn/van-ban/Bo-may-hanh-chinh/Quyet-dinh-930-QD-UBND-2025-cong-bo-thu-tuc-hanh-chinh-Thiet-bi-y-te-So-Y-te-Lang-Son-653749.aspx
2025-07-14 04:44:20,854 - INFO - ✅ Đã lấy link: https://thuvienphapluat.vn/van-ban/Bo-may-hanh-chinh/Quyet-dinh-929-QD-UBND-2025-cong-bo-thu-tuc-hanh-chinh-Thiet-bi-y-te-So-Y-te-Dak-Lak-654013.aspx
2025-07-14 04:44:20,859 - INFO - ✅ Đã lấy link: https://thuvienphapluat.vn/van-ban/Bo-may-hanh-chinh/Quyet-dinh-1001-QD-UBND-2025-cong-bo-Danh-muc-thu-tuc-hanh-chinh-So-Giao-duc-Can-Tho-653772.aspx
2025-07-14 04:44:20,864 - INFO - ✅ Đã lấy link: https://thuvienphapluat.vn/van-ban/Bo-may-hanh-chinh/Quyet-dinh-1000-QD-UBND-2025-quy-trinh-thu-tuc-hanh-chinh-So-Cong-Thuong-Can-Tho-653773.aspx
2025-07-14 04:44:20,869 - INFO - ✅ Đã lấy link: https://thuvienphapluat.vn/van-ban/Bo-may-hanh-chinh/Quyet-dinh-614-QD-UBND-2025-cong-bo-thu-tuc-hanh-chinh-bien-va-hai-dao-So-Nong-nghiep-Quang-Ngai-654012.aspx
2025-07-14 04:44:20,873 - INFO - ✅ Đã lấy link: https://thuvienphapluat.vn/van-ban/Lao-dong-Tien-luong/Quyet-dinh-781-QD-UBND-2025-cong-bo-thu-tuc-hanh-chinh-lao-dong-ngoai-nuoc-So-Noi-vu-Dien-Bien-654440.aspx
2025-07-14 04:44:20,876 - INFO - ✅ Đã lấy link: https://thuvienphapluat.vn/van-ban/Lao-dong-Tien-luong/Quyet-dinh-780-QD-UBND-2025-cong-bo-thu-tuc-hanh-chinh-ve-sinh-lao-dong-So-Noi-vu-Dien-Bien-654441.aspx
2025-07-14 04:44:20,876 - INFO - ➡️ Đang truy cập: https://thuvienphapluat.vn/page/searchlegal.aspx?keyword=&area=0&match=True&type=0&status=1&signer=0&sort=1&lan=1&scan=0&org=0&fields=15&chlbg=09/07/1945&chlend=09/07/2035&page=151
2025-07-14 04:44:21,352 - INFO - ⏳ Chờ 6.05s giả lập người dùng...
2025-07-14 04:44:27,599 - INFO - 🤖 CAPTCHA OCR: 617614
2025-07-14 04:44:30,709 - INFO - 🧭 Tiêu đề trang: Tra cứu Văn Bản Pháp Luật
2025-07-14 04:44:30,724 - INFO - ✅ Đã lấy link: https://thuvienphapluat.vn/van-ban/Bo-may-hanh-chinh/Quyet-dinh-1089-QD-UBND-2025-cong-bo-thu-tuc-hanh-chinh-linh-vuc-duong-bo-So-Xay-dung-Vung-Tau-653956.aspx
2025-07-14 04:44:30,728 - INFO - ✅ Đã lấy link: https://thuvienphapluat.vn/van-ban/Bo-may-hanh-chinh/Quyet-dinh-869-QD-UBND-2025-cong-bo-thu-tuc-hanh-chinh-Y-te-du-phong-nganh-Y-te-Binh-Phuoc-653821.aspx
2025-07-14 04:44:30,732 - INFO - ✅ Đã lấy link: https://thuvienphapluat.vn/van-ban/Bat-dong-san/Quyet-dinh-868-QD-UBND-2025-cong-bo-thu-tuc-hanh-chinh-linh-vuc-dat-dai-nganh-Nong-nghiep-Binh-Phuoc-654630.aspx
2025-07-14 04:44:30,736 - INFO - ✅ Đã lấy link: https://thuvienphapluat.vn/van-ban/Bo-may-hanh-chinh/Quyet-dinh-1081-QD-UBND-2025-cong-bo-thu-tuc-hanh-chinh-do-dac-ban-do-So-Nong-nghiep-Nam-Dinh-653735.aspx
2025-07-14 04:44:30,739 - INFO - ✅ Đã lấy link: https://thuvienphapluat.vn/van-ban/Ke-toan-Kiem-toan/Quyet-dinh-635-QD-KTNN-2025-chuc-nang-cac-phong-Kiem-toan-Nha-nuoc-chuyen-nganh-VII-654230.aspx
2025-07-14 04:44:30,743 - INFO - ✅ Đã lấy link: https://thuvienphapluat.vn/van-ban/Bo-may-hanh-chinh/Quyet-dinh-1211-QD-UBND-2025-sap-xep-he-thong-co-quan-thanh-tra-tinh-tinh-gon-Thanh-Hoa-653923.aspx
2025-07-14 04:44:30,747 - INFO - ✅ Đã lấy link: https://thuvienphapluat.vn/van-ban/Bo-may-hanh-chinh/Quyet-dinh-1209-QD-UBND-2025-cong-bo-thu-tuc-hanh-chinh-quan-ly-cong-san-Uy-ban-huyen-Thanh-Hoa-653959.aspx
2025-07-14 04:44:30,750 - INFO - ✅ Đã lấy link: https://thuvienphapluat.vn/van-ban/Bo-may-hanh-chinh/Quyet-dinh-491-QD-UBND-2025-cong-bo-thu-tuc-hanh-chinh-Thiet-bi-y-te-So-Y-te-Tuyen-Quang-654004.aspx
2025-07-14 04:44:30,754 - INFO - ✅ Đã lấy link: https://thuvienphapluat.vn/van-ban/Bo-may-hanh-chinh/Quyet-dinh-490-QD-UBND-2025-cong-bo-thu-tuc-hanh-chinh-Kham-benh-So-Y-te-Tuyen-Quang-654003.aspx
2025-07-14 04:44:30,758 - INFO - ✅ Đã lấy link: https://thuvienphapluat.vn/van-ban/Bo-may-hanh-chinh/Quyet-dinh-532-QD-UBND-2025-cong-bo-thu-tuc-hanh-chinh-linh-vuc-Noi-vu-So-Noi-vu-Ninh-Thuan-655866.aspx
2025-07-14 04:44:30,763 - INFO - ✅ Đã lấy link: https://thuvienphapluat.vn/van-ban/Bo-may-hanh-chinh/Quyet-dinh-521-QD-UBND-2025-cong-bo-thu-tuc-hanh-chinh-quan-ly-cong-san-So-Tai-chinh-Ninh-Thuan-655867.aspx
2025-07-14 04:44:30,767 - INFO - ✅ Đã lấy link: https://thuvienphapluat.vn/van-ban/Bo-may-hanh-chinh/Quyet-dinh-1437-QD-BTC-2025-Ke-hoach-so-hoa-ket-qua-giai-quyet-thu-tuc-hanh-chinh-con-hieu-luc-654539.aspx
2025-07-14 04:44:30,772 - INFO - ✅ Đã lấy link: https://thuvienphapluat.vn/van-ban/Bo-may-hanh-chinh/Quyet-dinh-1010-QD-BNNMT-2025-Ke-hoach-xay-dung-van-ban-quy-pham-phap-luat-654150.aspx
2025-07-14 04:44:30,777 - INFO - ✅ Đã lấy link: https://thuvienphapluat.vn/van-ban/Bo-may-hanh-chinh/Quyet-dinh-1017-QD-UBND-2025-cong-bo-Danh-muc-thu-tuc-hanh-chinh-So-Noi-vu-Can-Tho-653922.aspx
2025-07-14 04:44:30,782 - INFO - ✅ Đã lấy link: https://thuvienphapluat.vn/van-ban/Bo-may-hanh-chinh/Quyet-dinh-1016-QD-UBND-2025-cong-bo-Danh-muc-thu-tuc-hanh-chinh-So-Noi-vu-Can-Tho-653954.aspx
2025-07-14 04:44:30,787 - INFO - ✅ Đã lấy link: https://thuvienphapluat.vn/van-ban/Bo-may-hanh-chinh/Quyet-dinh-23-2025-QD-UBND-bai-bo-cac-quyet-dinh-linh-vuc-khoa-hoc-va-cong-nghe-Bac-Kan-654155.aspx
2025-07-14 04:44:30,791 - INFO - ✅ Đã lấy link: https://thuvienphapluat.vn/van-ban/Bo-may-hanh-chinh/Quyet-dinh-908-QD-UBND-2025-dich-vu-cong-truc-tuyen-toan-trinh-So-Tu-phap-Son-La-653846.aspx
2025-07-14 04:44:30,795 - INFO - ✅ Đã lấy link: https://thuvienphapluat.vn/van-ban/Bo-may-hanh-chinh/Quyet-dinh-1017-QD-BNNMT-2025-cong-bo-danh-muc-van-ban-quy-pham-phap-luat-con-hieu-luc-654388.aspx
2025-07-14 04:44:30,800 - INFO - ✅ Đã lấy link: https://thuvienphapluat.vn/van-ban/Bo-may-hanh-chinh/Quyet-dinh-935-QD-UBND-2025-cong-bo-thu-tuc-hanh-chinh-Dia-chat-khoang-san-So-Nong-nghiep-Hung-Yen-656026.aspx
2025-07-14 04:44:30,805 - INFO - ✅ Đã lấy link: https://thuvienphapluat.vn/van-ban/Bo-may-hanh-chinh/Quyet-dinh-933-QD-UBND-2025-cong-bo-thu-tuc-hanh-chinh-linh-vuc-Thuy-loi-So-Nong-nghiep-Hung-Yen-655875.aspx
2025-07-14 04:44:30,805 - INFO - ➡️ Đang truy cập: https://thuvienphapluat.vn/page/searchlegal.aspx?keyword=&area=0&match=True&type=0&status=1&signer=0&sort=1&lan=1&scan=0&org=0&fields=15&chlbg=09/07/1945&chlend=09/07/2035&page=152
2025-07-14 04:44:31,400 - INFO - ⏳ Chờ 7.11s giả lập người dùng...
2025-07-14 04:44:38,725 - INFO - 🤖 CAPTCHA OCR: 785114
2025-07-14 04:44:42,729 - INFO - 🧭 Tiêu đề trang: Tra cứu Văn Bản Pháp Luật
2025-07-14 04:44:42,744 - INFO - ✅ Đã lấy link: https://thuvienphapluat.vn/van-ban/Bo-may-hanh-chinh/Quyet-dinh-931-QD-UBND-2025-cong-bo-thu-tuc-hanh-chinh-Kinh-te-hop-tac-So-Nong-nghiep-Hung-Yen-655872.aspx
2025-07-14 04:44:42,748 - INFO - ✅ Đã lấy link: https://thuvienphapluat.vn/van-ban/Cong-nghe-thong-tin/Quyet-dinh-931-QD-UBND-2025-Dinh-muc-tra-ket-qua-thu-tuc-hanh-chinh-buu-chinh-cong-ich-Lang-Son-660003.aspx
2025-07-14 04:44:42,753 - INFO - ✅ Đã lấy link: https://thuvienphapluat.vn/van-ban/Bo-may-hanh-chinh/Quyet-dinh-928-QD-UBND-2025-cong-bo-thu-tuc-hanh-chinh-Quan-ly-cong-san-So-Tai-chinh-Lang-Son-660001.aspx
2025-07-14 04:44:42,757 - INFO - ✅ Đã lấy link: https://thuvienphapluat.vn/van-ban/Doanh-nghiep/Quyet-dinh-939-QD-UBND-2025-thu-tuc-hanh-chinh-Tai-chinh-doanh-nghiep-So-Tai-chinh-Lang-Son-659986.aspx
2025-07-14 04:44:42,760 - INFO - ✅ Đã lấy link: https://thuvienphapluat.vn/van-ban/Bo-may-hanh-chinh/Quyet-dinh-41-2025-QD-UBND-chuc-nang-nhiem-vu-quyen-han-So-Cong-Thuong-Hue-655402.aspx
2025-07-14 04:44:42,764 - INFO - ✅ Đã lấy link: https://thuvienphapluat.vn/van-ban/Lao-dong-Tien-luong/Quyet-dinh-1261-QD-UBND-2025-cong-bo-thu-tuc-hanh-chinh-linh-vuc-Viec-lam-So-Noi-vu-Quang-Binh-655842.aspx
2025-07-14 04:44:42,768 - INFO - ✅ Đã lấy link: https://thuvienphapluat.vn/van-ban/Bo-may-hanh-chinh/Quyet-dinh-695-QD-UBND-2025-cong-bo-thu-tuc-hanh-chinh-sua-doi-co-quan-So-Nong-nghiep-Bac-Ninh-655642.aspx
2025-07-14 04:44:42,772 - INFO - ✅ Đã lấy link: https://thuvienphapluat.vn/van-ban/Bo-may-hanh-chinh/Quyet-dinh-690-QD-UBND-2025-cong-bo-thu-tuc-hanh-chinh-dia-chat-khoang-san-So-Nong-nghiep-Bac-Ninh-655640.aspx
2025-07-14 04:44:42,775 - INFO - ✅ Đã lấy link: https://thuvienphapluat.vn/van-ban/Bo-may-hanh-chinh/Quyet-dinh-757-QD-UBND-2025-cong-bo-thu-tuc-hanh-chinh-linh-vuc-giam-ngheo-Uy-ban-xa-Ca-Mau-661156.aspx
2025-07-14 04:44:42,779 - INFO - ✅ Đã lấy link: https://thuvienphapluat.vn/van-ban/Bo-may-hanh-chinh/Quyet-dinh-1274-QD-UBND-2025-cong-bo-thu-tuc-hanh-chinh-Phat-trien-nong-thon-nganh-Nong-nghiep-Dong-Nai-661863.aspx
2025-07-14 04:44:42,784 - INFO - ✅ Đã lấy link: https://thuvienphapluat.vn/van-ban/Dau-tu/Quyet-dinh-758-QD-UBND-2025-cong-bo-thu-tuc-hanh-chinh-linh-vuc-dau-thau-Uy-ban-tinh-Ca-Mau-661189.aspx
2025-07-14 04:44:42,787 - INFO - ✅ Đã lấy link: https://thuvienphapluat.vn/van-ban/Bo-may-hanh-chinh/Quyet-dinh-512-QD-UBND-2025-Quy-trinh-thu-tuc-hanh-chinh-tin-nguong-ton-giao-So-Dan-toc-Cao-Bang-662282.aspx
2025-07-14 04:44:42,791 - INFO - ✅ Đã lấy link: https://thuvienphapluat.vn/van-ban/Bo-may-hanh-chinh/Quyet-dinh-511-QD-UBND-2025-quy-trinh-thu-tuc-hanh-chinh-quan-ly-cong-san-So-Tai-chinh-Cao-Bang-662279.aspx
2025-07-14 04:44:42,795 - INFO - ✅ Đã lấy link: https://thuvienphapluat.vn/van-ban/Bo-may-hanh-chinh/Quyet-dinh-538-QD-UBND-2025-Quy-trinh-thu-tuc-hanh-chinh-tin-nguong-ton-giao-So-Dan-toc-Ninh-Thuan-657521.aspx
2025-07-14 04:44:42,798 - INFO - ✅ Đã lấy link: https://thuvienphapluat.vn/van-ban/Bo-may-hanh-chinh/Quyet-dinh-1000-QD-BNNMT-2025-cong-bo-chuan-hoa-thu-tuc-hanh-chinh-linh-vuc-trong-trot-653955.aspx
2025-07-14 04:44:42,802 - INFO - ✅ Đã lấy link: https://thuvienphapluat.vn/van-ban/Bo-may-hanh-chinh/Quyet-dinh-1138-QD-UBND-2025-cong-bo-thu-tuc-hanh-chinh-linh-vuc-Thuy-san-So-Nong-nghiep-Hue-658593.aspx
2025-07-14 04:44:42,806 - INFO - ✅ Đã lấy link: https://thuvienphapluat.vn/van-ban/Bo-may-hanh-chinh/Quyet-dinh-1118-QD-UBND-2025-ap-dung-dinh-muc-ky-thuat-tra-ket-qua-thu-tuc-hanh-chinh-Hue-658592.aspx
2025-07-14 04:44:42,810 - INFO - ✅ Đã lấy link: https://thuvienphapluat.vn/van-ban/Bo-may-hanh-chinh/Quyet-dinh-381-QD-UBND-2025-cong-bo-thu-tuc-hanh-chinh-quan-ly-cong-san-So-Tai-chinh-Gia-Lai-658110.aspx
2025-07-14 04:44:42,813 - INFO - ✅ Đã lấy link: https://thuvienphapluat.vn/van-ban/Bo-may-hanh-chinh/Quyet-dinh-858-QD-UBND-2025-cong-bo-thu-tuc-hanh-chinh-Chinh-quyen-dia-phuong-So-Noi-vu-Yen-Bai-654167.aspx
2025-07-14 04:44:42,817 - INFO - ✅ Đã lấy link: https://thuvienphapluat.vn/van-ban/Lao-dong-Tien-luong/Quyet-dinh-698-QD-UBND-2025-Quy-trinh-thu-tuc-hanh-chinh-Quan-ly-lao-dong-So-Noi-vu-Lai-Chau-654627.aspx
2025-07-14 04:44:42,817 - INFO - ➡️ Đang truy cập: https://thuvienphapluat.vn/page/searchlegal.aspx?keyword=&area=0&match=True&type=0&status=1&signer=0&sort=1&lan=1&scan=0&org=0&fields=15&chlbg=09/07/1945&chlend=09/07/2035&page=153
2025-07-14 04:44:43,360 - INFO - ⏳ Chờ 6.41s giả lập người dùng...
2025-07-14 04:44:49,972 - INFO - 🤖 CAPTCHA OCR: 172337
2025-07-14 04:44:53,082 - INFO - 🧭 Tiêu đề trang: Tra cứu Văn Bản Pháp Luật
2025-07-14 04:44:53,098 - INFO - ✅ Đã lấy link: https://thuvienphapluat.vn/van-ban/Lao-dong-Tien-luong/Quyet-dinh-697-QD-UBND-2025-Quy-trinh-thu-tuc-hanh-chinh-An-toan-ve-sinh-lao-dong-So-Noi-vu-Lai-Chau-654628.aspx
2025-07-14 04:44:53,102 - INFO - ✅ Đã lấy link: https://thuvienphapluat.vn/van-ban/Bo-may-hanh-chinh/Quyet-dinh-455-QD-UBND-2025-quy-trinh-thu-tuc-hanh-chinh-So-Y-te-So-Noi-vu-Ninh-Binh-654174.aspx
2025-07-14 04:44:53,106 - INFO - ✅ Đã lấy link: https://thuvienphapluat.vn/van-ban/Thuong-mai/Quyet-dinh-640-QD-UBND-2025-cong-bo-thu-tuc-hanh-chinh-luu-thong-hang-hoa-So-Cong-Thuong-Phu-Yen-664600.aspx
2025-07-14 04:44:53,110 - INFO - ✅ Đã lấy link: https://thuvienphapluat.vn/van-ban/Bat-dong-san/Quyet-dinh-726-QD-UBND-2025-cong-bo-thu-tuc-hanh-chinh-linh-vuc-Dat-dai-So-Nong-nghiep-Vinh-Long-655212.aspx
2025-07-14 04:44:53,114 - INFO - ✅ Đã lấy link: https://thuvienphapluat.vn/van-ban/Bo-may-hanh-chinh/Quyet-dinh-461-QD-BXD-2025-cong-bo-sua-doi-co-quan-co-tham-quyen-giai-quyet-thu-tuc-hanh-chinh-653662.aspx
2025-07-14 04:44:53,117 - INFO - ✅ Đã lấy link: https://thuvienphapluat.vn/van-ban/Bo-may-hanh-chinh/Quyet-dinh-1072-QD-BGDDT-2025-cong-bo-thu-tuc-hanh-chinh-linh-vuc-Giao-duc-va-Dao-tao-653787.aspx
2025-07-14 04:44:53,121 - INFO - ✅ Đã lấy link: https://thuvienphapluat.vn/van-ban/Bo-may-hanh-chinh/Quyet-dinh-1085-QD-BGDDT-2025-cong-bo-Danh-muc-thu-tuc-hanh-chinh-654132.aspx
2025-07-14 04:44:53,125 - INFO - ✅ Đã lấy link: https://thuvienphapluat.vn/van-ban/Bo-may-hanh-chinh/Quyet-dinh-1084-QD-BGDDT-2025-Quy-che-to-chuc-Bo-phan-giai-quyet-thu-tuc-hanh-chinh-mot-cua-654131.aspx
2025-07-14 04:44:53,128 - INFO - ✅ Đã lấy link: https://thuvienphapluat.vn/van-ban/Bo-may-hanh-chinh/Quyet-dinh-1083-QD-BGDDT-2025-Quy-che-hoat-dong-He-thong-thong-tin-giai-quyet-thu-tuc-hanh-chinh-654128.aspx
2025-07-14 04:44:53,132 - INFO - ✅ Đã lấy link: https://thuvienphapluat.vn/van-ban/Bo-may-hanh-chinh/Quyet-dinh-851-QD-UBND-2025-quy-trinh-thu-tuc-hanh-Linh-vuc-An-toan-dap-Uy-ban-huyen-Phu-Tho-654185.aspx
2025-07-14 04:44:53,136 - INFO - ✅ Đã lấy link: https://thuvienphapluat.vn/van-ban/Bo-may-hanh-chinh/Quyet-dinh-398-QD-UBND-HC-2025-cong-bo-thu-tuc-hanh-chinh-tin-nguong-ton-giao-So-Noi-vu-Dong-Thap-654542.aspx
2025-07-14 04:44:53,139 - INFO - ✅ Đã lấy link: https://thuvienphapluat.vn/van-ban/Bo-may-hanh-chinh/Quyet-dinh-60-2025-QD-UBND-bai-bo-cac-quyet-dinh-cua-Uy-ban-Thanh-pho-Ho-Chi-Minh-654662.aspx
2025-07-14 04:44:53,143 - INFO - ✅ Đã lấy link: https://thuvienphapluat.vn/van-ban/Bo-may-hanh-chinh/Quyet-dinh-47-2025-QD-UBND-chuc-nang-nhiem-vu-quyen-han-So-Cong-Thuong-Vung-Tau-653983.aspx
2025-07-14 04:44:53,147 - INFO - ✅ Đã lấy link: https://thuvienphapluat.vn/van-ban/Bo-may-hanh-chinh/Quyet-dinh-46-2025-QD-UBND-bai-bo-Quyet-dinh-cua-Uy-ban-nhan-dan-Vung-Tau-653984.aspx
2025-07-14 04:44:53,150 - INFO - ✅ Đã lấy link: https://thuvienphapluat.vn/van-ban/Bo-may-hanh-chinh/Thong-tu-31-2025-TT-BCA-the-giay-phep-chung-nhan-an-ninh-hang-khong-654959.aspx
2025-07-14 04:44:53,154 - INFO - ✅ Đã lấy link: https://thuvienphapluat.vn/van-ban/Bo-may-hanh-chinh/Nghi-quyet-77-2025-UBTVQH15-dieu-chinh-Chuong-trinh-lap-phap-655281.aspx
2025-07-14 04:44:53,157 - INFO - ✅ Đã lấy link: https://thuvienphapluat.vn/van-ban/Bo-may-hanh-chinh/Quyet-dinh-44-2025-QD-UBND-bai-bo-Quyet-dinh-20-2015-QD-UBND-Hai-Duong-653607.aspx
2025-07-14 04:44:53,161 - INFO - ✅ Đã lấy link: https://thuvienphapluat.vn/van-ban/Bo-may-hanh-chinh/Quyet-dinh-40-2025-QD-UBND-bai-bo-Quyet-dinh-37-2018-QD-UBND-Phu-Tho-654355.aspx
2025-07-14 04:44:53,166 - INFO - ✅ Đã lấy link: https://thuvienphapluat.vn/van-ban/Bo-may-hanh-chinh/Quyet-dinh-40-2025-QD-UBND-chuc-nang-Ban-Quan-ly-du-an-dau-tu-xay-dung-cong-trinh-giao-thong-Hoa-Binh-653979.aspx
2025-07-14 04:44:53,169 - INFO - ✅ Đã lấy link: https://thuvienphapluat.vn/van-ban/Bo-may-hanh-chinh/Quyet-dinh-29-2025-QD-UBND-chuc-nang-nhiem-vu-Chi-cuc-Trong-trot-va-Bao-ve-thuc-vat-Quang-Tri-653702.aspx
2025-07-14 04:44:53,170 - INFO - ➡️ Đang truy cập: https://thuvienphapluat.vn/page/searchlegal.aspx?keyword=&area=0&match=True&type=0&status=1&signer=0&sort=1&lan=1&scan=0&org=0&fields=15&chlbg=09/07/1945&chlend=09/07/2035&page=154
2025-07-14 04:44:53,640 - INFO - ⏳ Chờ 4.08s giả lập người dùng...
2025-07-14 04:44:57,917 - INFO - 🤖 CAPTCHA OCR: -
2025-07-14 04:45:01,022 - INFO - 🧭 Tiêu đề trang: THƯ VIỆN PHÁP LUẬT _ Tra cứu, Nắm bắt Pháp Luật Việt Nam
2025-07-14 04:45:13,678 - ERROR - ❌ Lỗi tại trang 154: Message: 
Stacktrace:
#0 0x5de36034823a <unknown>
#1 0x5de35fdf2ab0 <unknown>
#2 0x5de35fe446f0 <unknown>
#3 0x5de35fe448e1 <unknown>
#4 0x5de35fe92b94 <unknown>
#5 0x5de35fe6a1cd <unknown>
#6 0x5de35fe8ffee <unknown>
#7 0x5de35fe69f73 <unknown>
#8 0x5de35fe36aeb <unknown>
#9 0x5de35fe37751 <unknown>
#10 0x5de36030cb4b <unknown>
#11 0x5de360310929 <unknown>
#12 0x5de3602f3929 <unknown>
#13 0x5de3603114e8 <unknown>
#14 0x5de3602d80df <unknown>
#15 0x5de3603358e8 <unknown>
#16 0x5de360335ac6 <unknown>
#17 0x5de360347556 <unknown>
#18 0x753b3cc67609 start_thread

2025-07-14 04:45:13,690 - INFO - ➡️ Đang truy cập: https://thuvienphapluat.vn/page/searchlegal.aspx?keyword=&area=0&match=True&type=0&status=1&signer=0&sort=1&lan=1&scan=0&org=0&fields=15&chlbg=09/07/1945&chlend=09/07/2035&page=155
2025-07-14 04:45:14,215 - INFO - ⏳ Chờ 4.72s giả lập người dùng...
2025-07-14 04:45:19,148 - INFO - 🤖 CAPTCHA OCR: 623652
2025-07-14 04:45:22,261 - INFO - 🧭 Tiêu đề trang: Tra cứu Văn Bản Pháp Luật
2025-07-14 04:45:22,276 - INFO - ✅ Đã lấy link: https://thuvienphapluat.vn/van-ban/Bo-may-hanh-chinh/Quyet-dinh-1420-QD-BTC-2025-Ke-hoach-pho-bien-giao-duc-phap-luat-653764.aspx
2025-07-14 04:45:22,280 - INFO - ✅ Đã lấy link: https://thuvienphapluat.vn/van-ban/Bat-dong-san/Quyet-dinh-608-QD-UBND-2025-cong-bo-thu-tuc-hanh-chinh-dat-dai-So-Nong-nghiep-Quang-Ngai-653739.aspx
2025-07-14 04:45:22,285 - INFO - ✅ Đã lấy link: https://thuvienphapluat.vn/van-ban/Bo-may-hanh-chinh/Quyet-dinh-28-2025-QD-UBND-bai-bo-Quyet-dinh-08-2024-QD-UBND-Bac-Ninh-653977.aspx
2025-07-14 04:45:22,288 - INFO - ✅ Đã lấy link: https://thuvienphapluat.vn/van-ban/Bo-may-hanh-chinh/Quyet-dinh-19-2025-QD-UBND-bai-bo-Quyet-dinh-56-2008-QD-UBND-Can-Tho-653698.aspx
2025-07-14 04:45:22,292 - INFO - ✅ Đã lấy link: https://thuvienphapluat.vn/van-ban/Bo-may-hanh-chinh/Quyet-dinh-1073-QD-UBND-2025-quy-trinh-giai-quyet-thu-tuc-hanh-chinh-ho-tich-Uy-ban-xa-Vung-Tau-657788.aspx
2025-07-14 04:45:22,296 - INFO - ✅ Đã lấy link: https://thuvienphapluat.vn/van-ban/Thuong-mai/Quyet-dinh-913-QD-UBND-2025-cong-bo-thu-tuc-hanh-chinh-Luu-thong-hang-hoa-So-Cong-Thuong-Hung-Yen-655871.aspx
2025-07-14 04:45:22,300 - INFO - ✅ Đã lấy link: https://thuvienphapluat.vn/van-ban/Bo-may-hanh-chinh/Quyet-dinh-912-QD-UBND-2025-cong-bo-thu-tuc-hanh-chinh-nguoi-co-cong-So-Noi-vu-Hung-Yen-655868.aspx
2025-07-14 04:45:22,304 - INFO - ✅ Đã lấy link: https://thuvienphapluat.vn/van-ban/Bo-may-hanh-chinh/Quyet-dinh-904-QD-UBND-2025-cong-bo-thu-tuc-hanh-chinh-Chan-nuoi-Thu-y-So-Nong-nghiep-Hung-Yen-655869.aspx
2025-07-14 04:45:22,307 - INFO - ✅ Đã lấy link: https://thuvienphapluat.vn/van-ban/Bo-may-hanh-chinh/Quyet-dinh-1064-QD-UBND-2025-quy-trinh-thu-tuc-hanh-chinh-tham-dinh-to-khai-khi-thai-So-Nong-nghiep-Nam-Dinh-653635.aspx
2025-07-14 04:45:22,311 - INFO - ✅ Đã lấy link: https://thuvienphapluat.vn/van-ban/Bo-may-hanh-chinh/Quyet-dinh-713-QD-UBND-2025-sua-doi-Ke-hoach-cai-cach-hanh-chinh-Vinh-Long-655565.aspx
2025-07-14 04:45:22,316 - INFO - ✅ Đã lấy link: https://thuvienphapluat.vn/van-ban/Bo-may-hanh-chinh/Quyet-dinh-32-2025-QD-UBND-bai-bo-Quyet-dinh-38-2020-QD-UBND-Da-Nang-655413.aspx
2025-07-14 04:45:22,319 - INFO - ✅ Đã lấy link: https://thuvienphapluat.vn/van-ban/Dau-tu/Quyet-dinh-61-2025-QD-UBND-chuc-nang-nhiem-vu-Trung-tam-Xuc-tien-Thuong-mai-va-Dau-tu-Ho-Chi-Minh-655992.aspx
2025-07-14 04:45:22,323 - INFO - ✅ Đã lấy link: https://thuvienphapluat.vn/van-ban/Bo-may-hanh-chinh/Quyet-dinh-1082-QD-BGDDT-2025-chuan-hoa-thu-tuc-hanh-chinh-linh-vuc-thi-tuyen-sinh-653882.aspx
2025-07-14 04:45:22,326 - INFO - ✅ Đã lấy link: https://thuvienphapluat.vn/van-ban/Bo-may-hanh-chinh/Quyet-dinh-4327-QD-UBND-2025-cong-bo-thu-tuc-hanh-chinh-Cong-chuc-vien-chuc-So-Noi-vu-Long-An-660813.aspx
2025-07-14 04:45:22,330 - INFO - ✅ Đã lấy link: https://thuvienphapluat.vn/van-ban/Bo-may-hanh-chinh/Quyet-dinh-4324-QD-UBND-2025-cong-bo-thu-tuc-hanh-chinh-khi-tuong-thuy-van-So-Nong-nghiep-Long-An-660775.aspx
2025-07-14 04:45:22,334 - INFO - ✅ Đã lấy link: https://thuvienphapluat.vn/van-ban/Bo-may-hanh-chinh/Quyet-dinh-4250-QD-UBND-2025-cong-bo-thu-tuc-hanh-chinh-So-Khoa-hoc-Cong-nghe-Long-An-660821.aspx
2025-07-14 04:45:22,337 - INFO - ✅ Đã lấy link: https://thuvienphapluat.vn/van-ban/Bo-may-hanh-chinh/Quyet-dinh-4248-QD-UBND-2025-cong-bo-thu-tuc-hanh-chinh-di-san-van-hoa-So-Van-hoa-Long-An-660770.aspx
2025-07-14 04:45:22,341 - INFO - ✅ Đã lấy link: https://thuvienphapluat.vn/van-ban/Dich-vu-phap-ly/Quyet-dinh-4249-QD-UBND-2025-cong-bo-thu-tuc-hanh-chinh-linh-vuc-chung-thuc-So-Tu-phap-Long-An-660771.aspx
2025-07-14 04:45:22,344 - INFO - ✅ Đã lấy link: https://thuvienphapluat.vn/van-ban/Bo-may-hanh-chinh/Quyet-dinh-1252-QD-UBND-2025-cong-bo-thu-tuc-hanh-chinh-quan-ly-cong-san-So-Tai-chinh-Dong-Nai-661747.aspx
2025-07-14 04:45:22,348 - INFO - ✅ Đã lấy link: https://thuvienphapluat.vn/van-ban/Bo-may-hanh-chinh/Quyet-dinh-501-QD-UBND-2025-Quy-trinh-thu-tuc-hanh-chinh-linh-vuc-tre-em-So-Y-te-Cao-Bang-662276.aspx
2025-07-14 04:45:22,348 - INFO - ➡️ Đang truy cập: https://thuvienphapluat.vn/page/searchlegal.aspx?keyword=&area=0&match=True&type=0&status=1&signer=0&sort=1&lan=1&scan=0&org=0&fields=15&chlbg=09/07/1945&chlend=09/07/2035&page=156
2025-07-14 04:45:23,004 - INFO - ⏳ Chờ 5.76s giả lập người dùng...
2025-07-14 04:45:28,959 - INFO - 🤖 CAPTCHA OCR: -
2025-07-14 04:45:32,086 - INFO - 🧭 Tiêu đề trang: THƯ VIỆN PHÁP LUẬT _ Tra cứu, Nắm bắt Pháp Luật Việt Nam
2025-07-14 04:45:44,727 - ERROR - ❌ Lỗi tại trang 156: Message: 
Stacktrace:
#0 0x5de36034823a <unknown>
#1 0x5de35fdf2ab0 <unknown>
#2 0x5de35fe446f0 <unknown>
#3 0x5de35fe448e1 <unknown>
#4 0x5de35fe92b94 <unknown>
#5 0x5de35fe6a1cd <unknown>
#6 0x5de35fe8ffee <unknown>
#7 0x5de35fe69f73 <unknown>
#8 0x5de35fe36aeb <unknown>
#9 0x5de35fe37751 <unknown>
#10 0x5de36030cb4b <unknown>
#11 0x5de360310929 <unknown>
#12 0x5de3602f3929 <unknown>
#13 0x5de3603114e8 <unknown>
#14 0x5de3602d80df <unknown>
#15 0x5de3603358e8 <unknown>
#16 0x5de360335ac6 <unknown>
#17 0x5de360347556 <unknown>
#18 0x753b3cc67609 start_thread

2025-07-14 04:45:44,739 - INFO - ➡️ Đang truy cập: https://thuvienphapluat.vn/page/searchlegal.aspx?keyword=&area=0&match=True&type=0&status=1&signer=0&sort=1&lan=1&scan=0&org=0&fields=15&chlbg=09/07/1945&chlend=09/07/2035&page=157
2025-07-14 04:45:45,163 - INFO - ⏳ Chờ 7.25s giả lập người dùng...
2025-07-14 04:45:52,611 - INFO - 🤖 CAPTCHA OCR: 823255
2025-07-14 04:45:55,719 - INFO - 🧭 Tiêu đề trang: Tra cứu Văn Bản Pháp Luật
2025-07-14 04:45:55,736 - INFO - ✅ Đã lấy link: https://thuvienphapluat.vn/van-ban/Bo-may-hanh-chinh/Quyet-dinh-498-QD-UBND-2025-cong-bo-thu-tuc-hanh-chinh-bao-ton-thien-nhien-So-Nong-nghiep-Cao-Bang-662273.aspx
2025-07-14 04:45:55,741 - INFO - ✅ Đã lấy link: https://thuvienphapluat.vn/van-ban/Bo-may-hanh-chinh/Nghi-quyet-32-NQ-HDND-2025-thong-qua-chu-truong-sap-xep-don-vi-hanh-chinh-cap-xa-Soc-Trang-654260.aspx
2025-07-14 04:45:55,745 - INFO - ✅ Đã lấy link: https://thuvienphapluat.vn/van-ban/Bo-may-hanh-chinh/Nghi-quyet-31-NQ-HDND-2025-thong-qua-chu-truong-sap-xep-don-vi-hanh-chinh-cap-tinh-Soc-Trang-654261.aspx
2025-07-14 04:45:55,750 - INFO - ✅ Đã lấy link: https://thuvienphapluat.vn/van-ban/Bo-may-hanh-chinh/Nghi-quyet-05-2025-NQ-HDND-bien-phap-bao-dam-thuc-hien-dan-chu-o-co-so-Soc-Trang-653991.aspx
2025-07-14 04:45:55,754 - INFO - ✅ Đã lấy link: https://thuvienphapluat.vn/van-ban/Bo-may-hanh-chinh/Quyet-dinh-634-QD-TTPVHCC-2025-quy-trinh-thu-tuc-hanh-chinh-linh-vuc-Y-te-So-Y-te-Ha-Noi-654145.aspx
2025-07-14 04:45:55,758 - INFO - ✅ Đã lấy link: https://thuvienphapluat.vn/van-ban/Bo-may-hanh-chinh/Quyet-dinh-1345-QD-UBND-2025-cong-bo-thu-tuc-hanh-chinh-linh-vuc-Dia-chat-So-Nong-nghiep-Binh-Dinh-654816.aspx
2025-07-14 04:45:55,763 - INFO - ✅ Đã lấy link: https://thuvienphapluat.vn/van-ban/Bo-may-hanh-chinh/Quyet-dinh-1346-QD-UBND-2025-cong-bo-thu-tuc-hanh-chinh-thiet-bi-y-te-So-Y-te-Binh-Dinh-654245.aspx
2025-07-14 04:45:55,767 - INFO - ✅ Đã lấy link: https://thuvienphapluat.vn/van-ban/Bo-may-hanh-chinh/Quyet-dinh-28-2025-QD-UBND-bai-bo-quyet-dinh-cua-Uy-ban-nhan-dan-Lang-Son-652613.aspx
2025-07-14 04:45:55,771 - INFO - ✅ Đã lấy link: https://thuvienphapluat.vn/van-ban/Bo-may-hanh-chinh/Quyet-dinh-10-2025-QD-TTg-to-chuc-hoat-dong-cua-trung-tam-giao-duc-quoc-phong-va-an-ninh-653785.aspx
2025-07-14 04:45:55,775 - INFO - ✅ Đã lấy link: https://thuvienphapluat.vn/van-ban/Bo-may-hanh-chinh/Quyet-dinh-923-QD-UBND-2025-cong-bo-thu-tuc-hanh-chinh-linh-vuc-Duong-bo-So-Xay-dung-Lang-Son-660000.aspx
2025-07-14 04:45:55,778 - INFO - ✅ Đã lấy link: https://thuvienphapluat.vn/van-ban/Bo-may-hanh-chinh/Quyet-dinh-24-2025-QD-UBND-bai-bo-cac-quyet-dinh-cua-Uy-ban-nhan-dan-Bac-Giang-656897.aspx
2025-07-14 04:45:55,782 - INFO - ✅ Đã lấy link: https://thuvienphapluat.vn/van-ban/Bo-may-hanh-chinh/Quyet-dinh-23-2025-QD-UBND-Quy-che-xet-tang-Giai-thuong-Khoa-hoc-va-Cong-nghe-Bac-Giang-656896.aspx
2025-07-14 04:45:55,785 - INFO - ✅ Đã lấy link: https://thuvienphapluat.vn/van-ban/Bo-may-hanh-chinh/Quyet-dinh-1098-QD-UBND-2025-cong-bo-thu-tuc-hanh-chinh-linh-vuc-Chan-nuoi-So-Nong-nghiep-Hue-658079.aspx
2025-07-14 04:45:55,789 - INFO - ✅ Đã lấy link: https://thuvienphapluat.vn/van-ban/Thuong-mai/Quyet-dinh-1097-QD-UBND-2025-cong-bo-thu-tuc-hanh-chinh-luu-thong-hang-hoa-So-Cong-Thuong-Hue-658068.aspx
2025-07-14 04:45:55,793 - INFO - ✅ Đã lấy link: https://thuvienphapluat.vn/van-ban/Bo-may-hanh-chinh/Nghi-quyet-25-NQ-HDND-2025-tan-thanh-chu-truong-sap-xep-don-vi-hanh-chinh-cap-xa-Ho-Chi-Minh-654464.aspx
2025-07-14 04:45:55,797 - INFO - ✅ Đã lấy link: https://thuvienphapluat.vn/van-ban/Bo-may-hanh-chinh/Quyet-dinh-1340-QD-UBND-2025-cong-bo-thu-tuc-hanh-chinh-Quan-ly-cong-san-So-Tai-chinh-Binh-Dinh-654244.aspx
2025-07-14 04:45:55,801 - INFO - ✅ Đã lấy link: https://thuvienphapluat.vn/van-ban/Bo-may-hanh-chinh/Quyet-dinh-627-QD-KHCN-2025-cong-bo-thu-tuc-hanh-chinh-Tan-so-vo-tuyen-dien-654134.aspx
2025-07-14 04:45:55,804 - INFO - ✅ Đã lấy link: https://thuvienphapluat.vn/van-ban/Bo-may-hanh-chinh/Nghi-quyet-09-2025-NQ-HDND-bai-bo-Nghi-quyet-01-2025-NQ-HDND-Ho-Chi-Minh-654353.aspx
2025-07-14 04:45:55,808 - INFO - ✅ Đã lấy link: https://thuvienphapluat.vn/van-ban/Bo-may-hanh-chinh/Quyet-dinh-627-QD-BKHCN-2025-cong-bo-thu-tuc-hanh-chinh-moi-linh-vuc-Tan-so-vo-tuyen-dien-655010.aspx
2025-07-14 04:45:55,812 - INFO - ✅ Đã lấy link: https://thuvienphapluat.vn/van-ban/Lao-dong-Tien-luong/Quyet-dinh-878-QD-UBND-2025-cong-bo-thu-tuc-hanh-chinh-lao-dong-tien-luong-So-Noi-vu-Tra-Vinh-653835.aspx
2025-07-14 04:45:55,812 - INFO - ➡️ Đang truy cập: https://thuvienphapluat.vn/page/searchlegal.aspx?keyword=&area=0&match=True&type=0&status=1&signer=0&sort=1&lan=1&scan=0&org=0&fields=15&chlbg=09/07/1945&chlend=09/07/2035&page=158
2025-07-14 04:45:56,498 - INFO - ⏳ Chờ 5.28s giả lập người dùng...
2025-07-14 04:46:02,009 - INFO - 🤖 CAPTCHA OCR: 547415
2025-07-14 04:46:05,119 - INFO - 🧭 Tiêu đề trang: Tra cứu Văn Bản Pháp Luật
2025-07-14 04:46:05,134 - INFO - ✅ Đã lấy link: https://thuvienphapluat.vn/van-ban/Bo-may-hanh-chinh/Quyet-dinh-877-QD-UBND-2025-cong-bo-thu-tuc-hanh-chinh-chan-nuoi-So-Nong-nghiep-Tra-Vinh-653834.aspx
2025-07-14 04:46:05,138 - INFO - ✅ Đã lấy link: https://thuvienphapluat.vn/van-ban/Bo-may-hanh-chinh/Quyet-dinh-967-QD-BNNMT-2025-cong-bo-thu-tuc-hanh-chinh-chuan-hoa-linh-vuc-giam-ngheo-652397.aspx
2025-07-14 04:46:05,142 - INFO - ✅ Đã lấy link: https://thuvienphapluat.vn/van-ban/Bo-may-hanh-chinh/Quyet-dinh-1330-QD-BYT-2025-cong-bo-thu-tuc-hanh-chinh-linh-vuc-kham-benh-chua-benh-652389.aspx
2025-07-14 04:46:05,146 - INFO - ✅ Đã lấy link: https://thuvienphapluat.vn/van-ban/Dau-tu/Quyet-dinh-1404-QD-BTC-2025-cong-bo-thu-tuc-hanh-chinh-dau-tu-theo-phuong-thuc-doi-tac-cong-tu-652392.aspx
2025-07-14 04:46:05,150 - INFO - ✅ Đã lấy link: https://thuvienphapluat.vn/van-ban/Bo-may-hanh-chinh/Quyet-dinh-973-QD-BNNMT-2025-cong-bo-chuan-hoa-thu-tuc-hanh-chinh-linh-vuc-moi-truong-654133.aspx
2025-07-14 04:46:05,153 - INFO - ✅ Đã lấy link: https://thuvienphapluat.vn/van-ban/Bo-may-hanh-chinh/Nghi-quyet-104-NQ-CP-2025-du-an-Luat-Can-bo-cong-chuc-sua-doi-653555.aspx
2025-07-14 04:46:05,157 - INFO - ✅ Đã lấy link: https://thuvienphapluat.vn/van-ban/Bo-may-hanh-chinh/Quyet-dinh-475-QD-UBND-2025-cong-bo-thu-tuc-hanh-chinh-quan-ly-cong-san-So-Tai-chinh-Tuyen-Quang-652346.aspx
2025-07-14 04:46:05,161 - INFO - ✅ Đã lấy link: https://thuvienphapluat.vn/van-ban/Bat-dong-san/Quyet-dinh-474-QD-UBND-2025-cong-bo-thu-tuc-hanh-chinh-tai-nguyen-nuoc-So-Nong-nghiep-Tuyen-Quang-652347.aspx
2025-07-14 04:46:05,164 - INFO - ✅ Đã lấy link: https://thuvienphapluat.vn/van-ban/Bo-may-hanh-chinh/Quyet-dinh-43-2025-QD-UBND-chuc-nang-nhiem-vu-Chi-cuc-Trong-trot-Chan-nuoi-Phu-Yen-652499.aspx
2025-07-14 04:46:05,168 - INFO - ✅ Đã lấy link: https://thuvienphapluat.vn/van-ban/Bo-may-hanh-chinh/Quyet-dinh-42-2025-QD-UBND-chuc-nang-nhiem-vu-Chi-cuc-Kiem-lam-thuoc-So-Nong-nghiep-Phu-Yen-652498.aspx
2025-07-14 04:46:05,171 - INFO - ✅ Đã lấy link: https://thuvienphapluat.vn/van-ban/Bo-may-hanh-chinh/Quyet-dinh-40-2025-QD-UBND-bai-bo-Quyet-dinh-39-2022-QD-UBND-Ninh-Thuan-654804.aspx
2025-07-14 04:46:05,175 - INFO - ✅ Đã lấy link: https://thuvienphapluat.vn/van-ban/Ke-toan-Kiem-toan/Quyet-dinh-632-QD-KTNN-2025-chuc-nang-cac-don-vi-thuoc-Truong-Dao-tao-nghiep-kiem-toan-654274.aspx
2025-07-14 04:46:05,180 - INFO - ✅ Đã lấy link: https://thuvienphapluat.vn/van-ban/Cong-nghe-thong-tin/Quyet-dinh-631-QD-KTNN-2025-chuc-nang-nhiem-don-vi-thuoc-Cuc-Cong-nghe-thong-tin-653588.aspx
2025-07-14 04:46:05,184 - INFO - ✅ Đã lấy link: https://thuvienphapluat.vn/van-ban/Lao-dong-Tien-luong/Quyet-dinh-751-QD-UBND-2025-cong-bo-thu-tuc-hanh-chinh-linh-vuc-viec-lam-So-Noi-vu-Dien-Bien-654485.aspx
2025-07-14 04:46:05,188 - INFO - ✅ Đã lấy link: https://thuvienphapluat.vn/van-ban/Thuong-mai/Quyet-dinh-678-QD-UBND-2025-cong-bo-thu-tuc-hanh-chinh-luu-thong-hang-hoa-So-Cong-thuong-Bac-Ninh-654010.aspx
2025-07-14 04:46:05,191 - INFO - ✅ Đã lấy link: https://thuvienphapluat.vn/van-ban/Bo-may-hanh-chinh/Quyet-dinh-670-QD-UBND-2025-cong-bo-thu-tuc-hanh-chinh-quan-ly-cong-san-So-Tai-chinh-Bac-Ninh-653816.aspx
2025-07-14 04:46:05,195 - INFO - ✅ Đã lấy link: https://thuvienphapluat.vn/van-ban/Bo-may-hanh-chinh/Quyet-dinh-669-QD-UBND-2025-cong-bo-thu-tuc-hanh-chinh-Bao-tro-xa-hoi-So-Y-te-Bac-Ninh-653817.aspx
2025-07-14 04:46:05,199 - INFO - ✅ Đã lấy link: https://thuvienphapluat.vn/van-ban/Bo-may-hanh-chinh/Quyet-dinh-668-QD-UBND-2025-Quy-trinh-thu-tuc-hanh-chinh-hoat-dong-xay-dung-So-Xay-dung-Bac-Ninh-654009.aspx
2025-07-14 04:46:05,203 - INFO - ✅ Đã lấy link: https://thuvienphapluat.vn/van-ban/Lao-dong-Tien-luong/Quyet-dinh-1007-QD-UBND-2025-Quy-trinh-giai-quyet-nghi-huu-truoc-tuoi-Khanh-Hoa-654198.aspx
2025-07-14 04:46:05,206 - INFO - ✅ Đã lấy link: https://thuvienphapluat.vn/van-ban/Bo-may-hanh-chinh/Quyet-dinh-851-QD-UBND-2025-cong-bo-thu-tuc-hanh-chinh-To-chuc-Bien-che-So-Noi-vu-Hoa-Binh-655889.aspx
2025-07-14 04:46:05,206 - INFO - ➡️ Đang truy cập: https://thuvienphapluat.vn/page/searchlegal.aspx?keyword=&area=0&match=True&type=0&status=1&signer=0&sort=1&lan=1&scan=0&org=0&fields=15&chlbg=09/07/1945&chlend=09/07/2035&page=159
2025-07-14 04:46:05,634 - INFO - ⏳ Chờ 7.39s giả lập người dùng...
2025-07-14 04:46:13,239 - INFO - 🤖 CAPTCHA OCR: 888447
2025-07-14 04:46:16,362 - INFO - 🧭 Tiêu đề trang: Tra cứu Văn Bản Pháp Luật
2025-07-14 04:46:16,377 - INFO - ✅ Đã lấy link: https://thuvienphapluat.vn/van-ban/Bo-may-hanh-chinh/Quyet-dinh-958-QD-BNNMT-2025-chuc-nang-nhiem-vu-Trung-tam-Dieu-tra-Quan-trac-da-dang-sinh-hoc-653587.aspx
2025-07-14 04:46:16,381 - INFO - ✅ Đã lấy link: https://thuvienphapluat.vn/van-ban/Bo-may-hanh-chinh/Quyet-dinh-979-QD-UBND-2025-quy-trinh-giai-quyet-thu-tuc-hanh-chinh-So-Van-hoa-Can-Tho-653745.aspx
2025-07-14 04:46:16,385 - INFO - ✅ Đã lấy link: https://thuvienphapluat.vn/van-ban/Bo-may-hanh-chinh/Quyet-dinh-976-QD-UBND-2025-cong-bo-thu-tuc-hanh-chinh-So-Nong-nghiep-Moi-truong-Can-Tho-653741.aspx
2025-07-14 04:46:16,389 - INFO - ✅ Đã lấy link: https://thuvienphapluat.vn/van-ban/Bo-may-hanh-chinh/Quyet-dinh-974-QD-UBND-2025-cong-bo-thu-tuc-hanh-chinh-So-Nong-nghiep-va-Moi-truong-Can-Tho-653740.aspx
2025-07-14 04:46:16,393 - INFO - ✅ Đã lấy link: https://thuvienphapluat.vn/van-ban/Bo-may-hanh-chinh/Quyet-dinh-490-QD-UBND-2025-cong-bo-thu-tuc-hanh-chinh-y-te-du-phong-So-Y-te-Cao-Bang-652610.aspx
2025-07-14 04:46:16,396 - INFO - ✅ Đã lấy link: https://thuvienphapluat.vn/van-ban/Bo-may-hanh-chinh/Quyet-dinh-1237-QD-UBND-2025-cong-bo-thu-tuc-hanh-chinh-Phat-trien-nong-thon-Uy-ban-tinh-Quang-Binh-653655.aspx
2025-07-14 04:46:16,400 - INFO - ✅ Đã lấy link: https://thuvienphapluat.vn/van-ban/Bo-may-hanh-chinh/Quyet-dinh-1236-QD-UBND-2025-cong-bo-thu-tuc-hanh-chinh-Tai-nguyen-nuoc-Uy-ban-tinh-Quang-Binh-653671.aspx
2025-07-14 04:46:16,404 - INFO - ✅ Đã lấy link: https://thuvienphapluat.vn/van-ban/Lao-dong-Tien-luong/Quyet-dinh-1224-QD-UBND-2025-cong-bo-thu-tuc-hanh-chinh-linh-vuc-lao-dong-tien-luong-Hai-Phong-654903.aspx
2025-07-14 04:46:16,407 - INFO - ✅ Đã lấy link: https://thuvienphapluat.vn/van-ban/Bo-may-hanh-chinh/Quyet-dinh-294-QD-UBND-2025-cong-bo-thu-tuc-hanh-chinh-Bao-ton-thien-nhien-Kon-Tum-652344.aspx
2025-07-14 04:46:16,411 - INFO - ✅ Đã lấy link: https://thuvienphapluat.vn/van-ban/Thuong-mai/Quyet-dinh-291-QD-UBND-2025-cong-bo-thu-tuc-hanh-chinh-Luu-thong-hang-hoa-Kon-Tum-652343.aspx
2025-07-14 04:46:16,414 - INFO - ✅ Đã lấy link: https://thuvienphapluat.vn/van-ban/Bo-may-hanh-chinh/Nghi-quyet-102-NQ-CP-2025-du-an-Luat-To-chuc-chinh-quyen-dia-phuong-652328.aspx
2025-07-14 04:46:16,418 - INFO - ✅ Đã lấy link: https://thuvienphapluat.vn/van-ban/Bo-may-hanh-chinh/Quyet-dinh-45-2025-QD-UBND-Quy-che-hoat-dong-He-thong-thong-tin-giai-quyet-thu-tuc-hanh-chinh-Nam-Dinh-652274.aspx
2025-07-14 04:46:16,422 - INFO - ✅ Đã lấy link: https://thuvienphapluat.vn/van-ban/Cong-nghe-thong-tin/Quyet-dinh-31-2025-QD-UBND-Quy-che-khieu-nai-phong-chong-tham-nhung-Cong-thong-tin-dien-tu-Kon-Tum-652332.aspx
2025-07-14 04:46:16,426 - INFO - ✅ Đã lấy link: https://thuvienphapluat.vn/van-ban/Bo-may-hanh-chinh/Quyet-dinh-28-2025-QD-UBND-chuc-nang-nhiem-vu-quyen-han-Chi-cuc-Thuy-san-Quang-Tri-653704.aspx
2025-07-14 04:46:16,430 - INFO - ✅ Đã lấy link: https://thuvienphapluat.vn/van-ban/Bo-may-hanh-chinh/Quyet-dinh-27-2025-QD-UBND-bai-bo-Quyet-dinh-24-2023-QD-UBND-Quang-Nam-652564.aspx
2025-07-14 04:46:16,433 - INFO - ✅ Đã lấy link: https://thuvienphapluat.vn/van-ban/Bo-may-hanh-chinh/Chi-thi-04-CT-UBND-2025-tang-cuong-quan-ly-cong-tac-van-thu-luu-tru-theo-Ket-luan-127-KL-TW-Ho-Chi-Minh-654453.aspx
2025-07-14 04:46:16,437 - INFO - ✅ Đã lấy link: https://thuvienphapluat.vn/van-ban/Bo-may-hanh-chinh/%e2%80%8bQuyet-dinh-20-2025-QD-UBND-Bai-bo-Quyet-dinh-38-2022-QD-UBND-02-2024-QD-UBND-Binh-Duong-653672.aspx
2025-07-14 04:46:16,441 - INFO - ✅ Đã lấy link: https://thuvienphapluat.vn/van-ban/Bo-may-hanh-chinh/Quyet-dinh-15-2025-QD-UBND-chuc-nang-Phong-Kinh-te-Ha-tang-va-Do-thi-huyen-Can-Gio-Ho-Chi-Minh-653989.aspx
2025-07-14 04:46:16,445 - INFO - ✅ Đã lấy link: https://thuvienphapluat.vn/van-ban/Bo-may-hanh-chinh/Quyet-dinh-14-2025-QD-UBND-chuc-nang-nhiem-vu-Phong-Noi-vu-huyen-Can-Gio-Ho-Chi-Minh-653990.aspx
2025-07-14 04:46:16,448 - INFO - ✅ Đã lấy link: https://thuvienphapluat.vn/van-ban/Bo-may-hanh-chinh/Nghi-quyet-12-2025-NQ-HDND-bai-bo-Nghi-quyet-02-2017-NQ-HDND-Ho-Chi-Minh-654348.aspx
2025-07-14 04:46:16,448 - INFO - ➡️ Đang truy cập: https://thuvienphapluat.vn/page/searchlegal.aspx?keyword=&area=0&match=True&type=0&status=1&signer=0&sort=1&lan=1&scan=0&org=0&fields=15&chlbg=09/07/1945&chlend=09/07/2035&page=160
2025-07-14 04:46:16,828 - INFO - ⏳ Chờ 5.30s giả lập người dùng...
2025-07-14 04:46:22,353 - INFO - 🤖 CAPTCHA OCR: 661611
2025-07-14 04:46:25,473 - INFO - 🧭 Tiêu đề trang: Tra cứu Văn Bản Pháp Luật
2025-07-14 04:46:25,489 - INFO - ✅ Đã lấy link: https://thuvienphapluat.vn/van-ban/Bo-may-hanh-chinh/Nghi-quyet-11-2025-NQ-HDND-bai-bo-Nghi-quyet-101-2016-NQ-HDND-Ho-Chi-Minh-654351.aspx
2025-07-14 04:46:25,493 - INFO - ✅ Đã lấy link: https://thuvienphapluat.vn/van-ban/Bo-may-hanh-chinh/Nghi-quyet-10-2025-NQ-HDND-bai-bo-khoan-3-Dieu-1-Nghi-quyet-02-2025-NQ-HDND-Ho-Chi-Minh-654352.aspx
2025-07-14 04:46:25,498 - INFO - ✅ Đã lấy link: https://thuvienphapluat.vn/van-ban/Bo-may-hanh-chinh/Chi-thi-09-CT-UBND-2025-tang-cuong-quan-ly-cong-tac-van-thu-luu-tru-trong-sap-xep-bo-may-Kon-Tum-654495.aspx
2025-07-14 04:46:25,502 - INFO - ✅ Đã lấy link: https://thuvienphapluat.vn/van-ban/Bo-may-hanh-chinh/Chi-thi-05-CT-UBND-2025-tang-cuong-quan-ly-cong-tac-van-thu-luu-tru-sap-xep-bo-may-Thanh-Hoa-654201.aspx
2025-07-14 04:46:25,506 - INFO - ✅ Đã lấy link: https://thuvienphapluat.vn/van-ban/Bo-may-hanh-chinh/Quyet-dinh-1094-QD-UBND-2025-cong-bo-thu-tuc-hanh-chinh-Tin-nguong-So-Dan-toc-Nghe-An-652430.aspx
2025-07-14 04:46:25,511 - INFO - ✅ Đã lấy link: https://thuvienphapluat.vn/van-ban/Bo-may-hanh-chinh/Quyet-dinh-1074-QD-UBND-2025-cong-bo-thu-tuc-hanh-chinh-bien-va-hai-dao-So-Nong-nghiep-Hue-652345.aspx
2025-07-14 04:46:25,515 - INFO - ✅ Đã lấy link: https://thuvienphapluat.vn/van-ban/Thuong-mai/Quyet-dinh-713-QD-UBND-2025-cong-bo-thu-tuc-hanh-chinh-luu-thong-hang-hoa-So-Cong-Thuong-Ha-Nam-652432.aspx
2025-07-14 04:46:25,519 - INFO - ✅ Đã lấy link: https://thuvienphapluat.vn/van-ban/Bo-may-hanh-chinh/Quyet-dinh-712-QD-UBND-2025-cong-bo-thu-tuc-hanh-chinh-Thiet-bi-y-te-So-Y-te-Vinh-Long-655564.aspx
2025-07-14 04:46:25,524 - INFO - ✅ Đã lấy link: https://thuvienphapluat.vn/van-ban/Bo-may-hanh-chinh/Quyet-dinh-701-QD-UBND-2025-cong-bo-thu-tuc-hanh-chinh-linh-vuc-Khen-thuong-So-Noi-vu-Vinh-Long-655563.aspx
2025-07-14 04:46:25,528 - INFO - ✅ Đã lấy link: https://thuvienphapluat.vn/van-ban/Bo-may-hanh-chinh/Quyet-dinh-700-QD-UBND-2025-cong-bo-thu-tuc-hanh-chinh-Quan-ly-cong-san-So-Tai-chinh-Vinh-Long-655562.aspx
2025-07-14 04:46:25,533 - INFO - ✅ Đã lấy link: https://thuvienphapluat.vn/van-ban/Bo-may-hanh-chinh/Quyet-dinh-711-QD-UBND-2025-cong-bo-thu-tuc-hanh-chinh-Tin-nguong-Ton-giao-So-Dan-toc-Bac-Lieu-658344.aspx
2025-07-14 04:46:25,538 - INFO - ✅ Đã lấy link: https://thuvienphapluat.vn/van-ban/Bo-may-hanh-chinh/Quyet-dinh-1030-QD-UBND-2025-cong-bo-thu-tuc-hanh-chinh-linh-vuc-To-chuc-Uy-ban-tinh-Khanh-Hoa-655667.aspx
2025-07-14 04:46:25,543 - INFO - ✅ Đã lấy link: https://thuvienphapluat.vn/van-ban/Bo-may-hanh-chinh/Quyet-dinh-681-QD-UBND-2025-cong-bo-thu-tuc-hanh-chinh-Phat-trien-nong-thon-So-Nong-nghiep-Bac-Ninh-655647.aspx
2025-07-14 04:46:25,547 - INFO - ✅ Đã lấy link: https://thuvienphapluat.vn/van-ban/Bo-may-hanh-chinh/Quyet-dinh-735-QD-UBND-2025-cong-bo-thu-tuc-hanh-chinh-linh-vuc-thuy-loi-So-Nong-nghiep-Ca-Mau-661153.aspx
2025-07-14 04:46:25,552 - INFO - ✅ Đã lấy link: https://thuvienphapluat.vn/van-ban/Bo-may-hanh-chinh/Quyet-dinh-734-QD-UBND-2025-cong-bo-thu-tuc-hanh-chinh-dia-chat-khoang-san-Uy-ban-tinh-Ca-Mau-660984.aspx
2025-07-14 04:46:25,555 - INFO - ✅ Đã lấy link: https://thuvienphapluat.vn/van-ban/Thuong-mai/Quyet-dinh-1202-QD-UBND-2025-cong-bo-thu-tuc-hanh-chinh-luu-thong-hang-hoa-So-Cong-Thuong-Dong-Nai-662003.aspx
2025-07-14 04:46:25,560 - INFO - ✅ Đã lấy link: https://thuvienphapluat.vn/van-ban/Bo-may-hanh-chinh/Quyet-dinh-1201-QD-UBND-2025-cong-bo-thu-tuc-hanh-chinh-giao-duc-nganh-Giao-duc-Dong-Nai-660711.aspx
2025-07-14 04:46:25,564 - INFO - ✅ Đã lấy link: https://thuvienphapluat.vn/van-ban/Bo-may-hanh-chinh/Quyet-dinh-25-2025-QD-UBND-bai-bo-van-ban-quy-pham-phap-luat-Ben-Tre-656857.aspx
2025-07-14 04:46:25,568 - INFO - ✅ Đã lấy link: https://thuvienphapluat.vn/van-ban/Bo-may-hanh-chinh/Quyet-dinh-1203-QD-UBND-2025-cong-bo-thu-tuc-hanh-chinh-nganh-Noi-vu-Dong-Nai-661691.aspx
2025-07-14 04:46:25,573 - INFO - ✅ Đã lấy link: https://thuvienphapluat.vn/van-ban/Bo-may-hanh-chinh/Quyet-dinh-733-QD-UBND-2025-cong-bo-thu-tuc-hanh-chinh-linh-vuc-thuy-san-Uy-ban-tinh-Ca-Mau-661188.aspx
2025-07-14 04:46:25,573 - INFO - ➡️ Đang truy cập: https://thuvienphapluat.vn/page/searchlegal.aspx?keyword=&area=0&match=True&type=0&status=1&signer=0&sort=1&lan=1&scan=0&org=0&fields=15&chlbg=09/07/1945&chlend=09/07/2035&page=161
2025-07-14 04:46:26,266 - INFO - ⏳ Chờ 6.79s giả lập người dùng...
2025-07-14 04:46:33,259 - INFO - 🤖 CAPTCHA OCR: 643827
2025-07-14 04:46:36,368 - INFO - 🧭 Tiêu đề trang: Tra cứu Văn Bản Pháp Luật
2025-07-14 04:46:36,386 - INFO - ✅ Đã lấy link: https://thuvienphapluat.vn/van-ban/Bo-may-hanh-chinh/Quyet-dinh-489-QD-UBND-2025-cong-bo-thu-tuc-hanh-chinh-khi-tuong-thuy-van-So-Nong-nghiep-Cao-Bang-662269.aspx
2025-07-14 04:46:36,390 - INFO - ✅ Đã lấy link: https://thuvienphapluat.vn/van-ban/Bo-may-hanh-chinh/Quyet-dinh-1029-QD-UBND-2025-cong-bo-thu-tuc-hanh-chinh-tai-nguyen-nuoc-So-Nong-nghiep-Khanh-Hoa-657288.aspx
2025-07-14 04:46:36,394 - INFO - ✅ Đã lấy link: https://thuvienphapluat.vn/van-ban/Bo-may-hanh-chinh/Quyet-dinh-1534-QD-UBND-2025-cong-bo-thu-tuc-hanh-chinh-Bien-va-Hai-dao-So-Nong-nghiep-Ho-Chi-Minh-661479.aspx
2025-07-14 04:46:36,397 - INFO - ✅ Đã lấy link: https://thuvienphapluat.vn/van-ban/Lao-dong-Tien-luong/Quyet-dinh-1533-QD-UBND-2025-cong-bo-thu-tuc-hanh-chinh-Nguoi-co-cong-So-Noi-vu-Ho-Chi-Minh-661476.aspx
2025-07-14 04:46:36,401 - INFO - ✅ Đã lấy link: https://thuvienphapluat.vn/van-ban/Bo-may-hanh-chinh/Quyet-dinh-1521-QD-UBND-2025-cong-bo-thu-tuc-hanh-chinh-noi-bo-So-Giao-thong-cong-chanh-Ho-Chi-Minh-661480.aspx
2025-07-14 04:46:36,404 - INFO - ✅ Đã lấy link: https://thuvienphapluat.vn/van-ban/Bo-may-hanh-chinh/Quyet-dinh-491-QD-UBND-2025-cong-bo-thu-tuc-hanh-chinh-chinh-quyen-dia-phuong-So-Noi-vu-Cao-Bang-662272.aspx
2025-07-14 04:46:36,408 - INFO - ✅ Đã lấy link: https://thuvienphapluat.vn/van-ban/Bo-may-hanh-chinh/Quyet-dinh-1181-QD-UBND-2025-cong-bo-thu-tuc-hanh-chinh-quan-ly-cong-san-So-Tai-chinh-Ben-Tre-658560.aspx
2025-07-14 04:46:36,412 - INFO - ✅ Đã lấy link: https://thuvienphapluat.vn/van-ban/Bo-may-hanh-chinh/Quyet-dinh-1191-QD-UBND-2025-cong-bo-thu-tuc-hanh-chinh-chan-nuoi-Uy-ban-huyen-Ben-Tre-658748.aspx
2025-07-14 04:46:36,416 - INFO - ✅ Đã lấy link: https://thuvienphapluat.vn/van-ban/Bo-may-hanh-chinh/Quyet-dinh-1190-QD-UBND-2025-cong-bo-thu-tuc-hanh-chinh-chan-nuoi-So-Nong-nghiep-Ben-Tre-658738.aspx
2025-07-14 04:46:36,419 - INFO - ✅ Đã lấy link: https://thuvienphapluat.vn/van-ban/Lao-dong-Tien-luong/Quyet-dinh-1184-QD-UBND-2025-cong-bo-thu-tuc-hanh-chinh-to-chuc-bien-che-So-Noi-vu-Ben-Tre-658563.aspx
2025-07-14 04:46:36,423 - INFO - ✅ Đã lấy link: https://thuvienphapluat.vn/van-ban/Bo-may-hanh-chinh/Quyet-dinh-1183-QD-UBND-2025-cong-bo-thu-tuc-hanh-chinh-linh-vuc-Chan-nuoi-So-Tai-chinh-Ben-Tre-658562.aspx
2025-07-14 04:46:36,427 - INFO - ✅ Đã lấy link: https://thuvienphapluat.vn/van-ban/Bo-may-hanh-chinh/Quyet-dinh-1182-QD-UBND-2025-cong-bo-thu-tuc-hanh-chinh-bao-ton-thien-nhien-So-Nong-nghiep-Ben-Tre-658561.aspx
2025-07-14 04:46:36,431 - INFO - ✅ Đã lấy link: https://thuvienphapluat.vn/van-ban/Bo-may-hanh-chinh/Quyet-dinh-624-QD-UBND-2025-cong-bo-thu-tuc-hanh-chinh-Tin-nguong-ton-giao-So-Dan-toc-Phu-Yen-664597.aspx
2025-07-14 04:46:36,435 - INFO - ✅ Đã lấy link: https://thuvienphapluat.vn/van-ban/Bo-may-hanh-chinh/Quyet-dinh-623-QD-UBND-2025-cong-bo-thu-tuc-hanh-chinh-Bao-tro-xa-hoi-So-Y-te-Phu-Yen-664596.aspx
2025-07-14 04:46:36,439 - INFO - ✅ Đã lấy link: https://thuvienphapluat.vn/van-ban/Lao-dong-Tien-luong/Nghi-quyet-145-2025-NQ-HDND-muc-tro-cap-ngay-cong-lao-dong-cho-luc-luong-Dan-quan-Ha-Tinh-663562.aspx
2025-07-14 04:46:36,443 - INFO - ✅ Đã lấy link: https://thuvienphapluat.vn/van-ban/Bo-may-hanh-chinh/Quyet-dinh-622-QD-UBND-2025-cong-bo-thu-tuc-hanh-chinh-linh-vuc-Thi-dua-So-Noi-vu-Phu-Yen-664595.aspx
2025-07-14 04:46:36,447 - INFO - ✅ Đã lấy link: https://thuvienphapluat.vn/van-ban/Lao-dong-Tien-luong/Quyet-dinh-625-QD-UBND-2025-cong-bo-thu-tuc-hanh-chinh-linh-vuc-Lao-dong-So-Noi-vu-Phu-Yen-664598.aspx
2025-07-14 04:46:36,451 - INFO - ✅ Đã lấy link: https://thuvienphapluat.vn/van-ban/Bat-dong-san/Quyet-dinh-19-2025-QD-UBND-Dieu-le-to-chuc-va-hoat-dong-Quy-phat-trien-dat-Quang-Binh-653808.aspx
2025-07-14 04:46:36,454 - INFO - ✅ Đã lấy link: https://thuvienphapluat.vn/van-ban/Bo-may-hanh-chinh/Quyet-dinh-1180-QD-UBND-2025-cong-bo-thu-tuc-hanh-chinh-linh-vuc-do-dac-So-Nong-nghiep-Ben-Tre-652350.aspx
2025-07-14 04:46:36,459 - INFO - ✅ Đã lấy link: https://thuvienphapluat.vn/van-ban/Bat-dong-san/Quyet-dinh-1335-QD-UBND-2025-cong-bo-thu-tuc-hanh-chinh-Dat-dai-So-Nong-nghiep-Binh-Dinh-653832.aspx
2025-07-14 04:46:36,459 - INFO - ➡️ Đang truy cập: https://thuvienphapluat.vn/page/searchlegal.aspx?keyword=&area=0&match=True&type=0&status=1&signer=0&sort=1&lan=1&scan=0&org=0&fields=15&chlbg=09/07/1945&chlend=09/07/2035&page=162
2025-07-14 04:46:36,869 - INFO - ⏳ Chờ 6.01s giả lập người dùng...
2025-07-14 04:46:43,095 - INFO - 🤖 CAPTCHA OCR: 
2025-07-14 04:46:46,200 - INFO - 🧭 Tiêu đề trang: THƯ VIỆN PHÁP LUẬT _ Tra cứu, Nắm bắt Pháp Luật Việt Nam
2025-07-14 04:46:58,859 - ERROR - ❌ Lỗi tại trang 162: Message: 
Stacktrace:
#0 0x5de36034823a <unknown>
#1 0x5de35fdf2ab0 <unknown>
#2 0x5de35fe446f0 <unknown>
#3 0x5de35fe448e1 <unknown>
#4 0x5de35fe92b94 <unknown>
#5 0x5de35fe6a1cd <unknown>
#6 0x5de35fe8ffee <unknown>
#7 0x5de35fe69f73 <unknown>
#8 0x5de35fe36aeb <unknown>
#9 0x5de35fe37751 <unknown>
#10 0x5de36030cb4b <unknown>
#11 0x5de360310929 <unknown>
#12 0x5de3602f3929 <unknown>
#13 0x5de3603114e8 <unknown>
#14 0x5de3602d80df <unknown>
#15 0x5de3603358e8 <unknown>
#16 0x5de360335ac6 <unknown>
#17 0x5de360347556 <unknown>
#18 0x753b3cc67609 start_thread

2025-07-14 04:46:58,870 - INFO - ➡️ Đang truy cập: https://thuvienphapluat.vn/page/searchlegal.aspx?keyword=&area=0&match=True&type=0&status=1&signer=0&sort=1&lan=1&scan=0&org=0&fields=15&chlbg=09/07/1945&chlend=09/07/2035&page=163
2025-07-14 04:46:59,577 - INFO - ⏳ Chờ 5.78s giả lập người dùng...
2025-07-14 04:47:05,562 - INFO - 🤖 CAPTCHA OCR: 341652
2025-07-14 04:47:08,670 - INFO - 🧭 Tiêu đề trang: Tra cứu Văn Bản Pháp Luật
2025-07-14 04:47:08,686 - INFO - ✅ Đã lấy link: https://thuvienphapluat.vn/van-ban/Bo-may-hanh-chinh/Quyet-dinh-880-QD-UBND-2025-cong-bo-thu-tuc-hanh-chinh-khoa-hoc-cong-nghe-nganh-Khoa-hoc-Tien-Giang-653742.aspx
2025-07-14 04:47:08,690 - INFO - ✅ Đã lấy link: https://thuvienphapluat.vn/van-ban/Lao-dong-Tien-luong/Quyet-dinh-1214-QD-UBND-2025-cong-bo-thu-tuc-hanh-chinh-quan-ly-lao-dong-ngoai-nuoc-Hai-Phong-654901.aspx
2025-07-14 04:47:08,693 - INFO - ✅ Đã lấy link: https://thuvienphapluat.vn/van-ban/Bo-may-hanh-chinh/Chi-thi-03-CT-UBND-2025-quan-ly-cong-tac-van-thu-luu-tru-sap-xep-to-chuc-bo-may-Tuyen-Quang-652228.aspx
2025-07-14 04:47:08,697 - INFO - ✅ Đã lấy link: https://thuvienphapluat.vn/van-ban/Bo-may-hanh-chinh/Huong-dan-01-HD-UBND-2025-Tieu-chi-danh-gia-can-bo-sap-xep-to-chuc-bo-may-Can-Tho-652195.aspx
2025-07-14 04:47:08,701 - INFO - ✅ Đã lấy link: https://thuvienphapluat.vn/van-ban/Bat-dong-san/Quyet-dinh-289-QD-UBND-2025-cong-bo-thu-tuc-hanh-chinh-linh-vuc-Dat-dai-Kon-Tum-652193.aspx
2025-07-14 04:47:08,705 - INFO - ✅ Đã lấy link: https://thuvienphapluat.vn/van-ban/Bo-may-hanh-chinh/Huong-dan-02-HD-UBND-2025-to-chuc-lay-y-kien-Nhan-dan-sap-xep-don-vi-hanh-chinh-cap-xa-Ha-Noi-652490.aspx
2025-07-14 04:47:08,709 - INFO - ✅ Đã lấy link: https://thuvienphapluat.vn/van-ban/Bo-may-hanh-chinh/Quyet-dinh-1508-QD-UBND-2025-cong-bo-thu-tuc-hanh-chinh-Giao-duc-So-Giao-duc-Ho-Chi-Minh-652440.aspx
2025-07-14 04:47:08,713 - INFO - ✅ Đã lấy link: https://thuvienphapluat.vn/van-ban/Bo-may-hanh-chinh/Quyet-dinh-1507-QD-UBND-2025-thu-tuc-hanh-chinh-Bao-ton-thien-nhien-So-Tai-nguyen-Ho-Chi-Minh-652444.aspx
2025-07-14 04:47:08,717 - INFO - ✅ Đã lấy link: https://thuvienphapluat.vn/van-ban/Bo-may-hanh-chinh/Quyet-dinh-1506-QD-UBND-2025-cong-bo-thu-tuc-hanh-chinh-du-lieu-tai-nguyen-So-Tai-nguyen-Ho-Chi-Minh-652443.aspx
2025-07-14 04:47:08,720 - INFO - ✅ Đã lấy link: https://thuvienphapluat.vn/van-ban/Thuong-mai/Quyet-dinh-1505-QD-UBND-2025-thu-tuc-hanh-chinh-Luu-thong-hang-hoa-So-Cong-Thuong-Ho-Chi-Minh-652442.aspx
2025-07-14 04:47:08,725 - INFO - ✅ Đã lấy link: https://thuvienphapluat.vn/van-ban/Thuong-mai/Quyet-dinh-1327-QD-UBND-2025-cong-bo-thu-tuc-hanh-chinh-Luu-thong-hang-hoa-So-Cong-Thuong-Binh-Dinh-652438.aspx
2025-07-14 04:47:08,728 - INFO - ✅ Đã lấy link: https://thuvienphapluat.vn/van-ban/Thuong-mai/Quyet-dinh-1154-QD-UBND-2025-cong-bo-thu-tuc-hanh-chinh-Luu-thong-hang-hoa-So-Cong-Thuong-Thai-Nguyen-652359.aspx
2025-07-14 04:47:08,732 - INFO - ✅ Đã lấy link: https://thuvienphapluat.vn/van-ban/Bo-may-hanh-chinh/Quyet-dinh-1040-QD-UBND-2025-thu-tuc-hanh-chinh-Hoat-dong-xay-dung-quan-ly-cong-nghiep-Vung-Tau-657775.aspx
2025-07-14 04:47:08,736 - INFO - ✅ Đã lấy link: https://thuvienphapluat.vn/van-ban/Bo-may-hanh-chinh/Quyet-dinh-1043-QD-UBND-2025-cong-bo-thu-tuc-hanh-chinh-Bao-tro-xa-hoi-Uy-ban-xa-Vung-Tau-652436.aspx
2025-07-14 04:47:08,741 - INFO - ✅ Đã lấy link: https://thuvienphapluat.vn/van-ban/Bo-may-hanh-chinh/Quyet-dinh-873-QD-UBND-2025-thu-tuc-hanh-chinh-Khi-tuong-thuy-van-So-Nong-nghiep-Son-La-652279.aspx
2025-07-14 04:47:08,744 - INFO - ✅ Đã lấy link: https://thuvienphapluat.vn/van-ban/Bo-may-hanh-chinh/Quyet-dinh-839-QD-UBND-2025-cong-bo-thu-tuc-hanh-chinh-Tai-nguyen-nuoc-nganh-Nong-nghiep-Binh-Phuoc-652203.aspx
2025-07-14 04:47:08,748 - INFO - ✅ Đã lấy link: https://thuvienphapluat.vn/van-ban/Thuong-mai/Quyet-dinh-829-QD-UBND-2025-cong-bo-thu-tuc-hanh-chinh-Luu-thong-hang-hoa-So-Cong-Thuong-Hoa-Binh-652190.aspx
2025-07-14 04:47:08,752 - INFO - ✅ Đã lấy link: https://thuvienphapluat.vn/van-ban/Bo-may-hanh-chinh/Quyet-dinh-736-QD-UBND-2025-cong-bo-thu-tuc-hanh-chinh-Bao-ton-thien-nhien-So-Nong-nghiep-Bac-Kan-652189.aspx
2025-07-14 04:47:08,755 - INFO - ✅ Đã lấy link: https://thuvienphapluat.vn/van-ban/Bo-may-hanh-chinh/Quyet-dinh-715-QD-UBND-2025-cong-bo-thu-tuc-hanh-chinh-tin-nguong-ton-giao-nganh-Dan-toc-Binh-Thuan-652192.aspx
2025-07-14 04:47:08,759 - INFO - ✅ Đã lấy link: https://thuvienphapluat.vn/van-ban/Thuong-mai/Quyet-dinh-678-QD-UBND-2025-cong-bo-thu-tuc-hanh-chinh-luu-thong-hang-hoa-So-Cong-Thuong-Lai-Chau-652435.aspx
2025-07-14 04:47:08,759 - INFO - ➡️ Đang truy cập: https://thuvienphapluat.vn/page/searchlegal.aspx?keyword=&area=0&match=True&type=0&status=1&signer=0&sort=1&lan=1&scan=0&org=0&fields=15&chlbg=09/07/1945&chlend=09/07/2035&page=164
2025-07-14 04:47:09,126 - INFO - ⏳ Chờ 6.52s giả lập người dùng...
2025-07-14 04:47:15,843 - INFO - 🤖 CAPTCHA OCR: 557856
2025-07-14 04:47:18,955 - INFO - 🧭 Tiêu đề trang: Tra cứu Văn Bản Pháp Luật
2025-07-14 04:47:18,971 - INFO - ✅ Đã lấy link: https://thuvienphapluat.vn/van-ban/Bo-may-hanh-chinh/Quyet-dinh-592-QD-UBND-2025-dinh-chinh-van-ban-quy-pham-phap-luat-Quang-Ngai-652352.aspx
2025-07-14 04:47:18,975 - INFO - ✅ Đã lấy link: https://thuvienphapluat.vn/van-ban/Bo-may-hanh-chinh/Quyet-dinh-886-QD-UBND-2025-cong-bo-thu-tuc-hanh-chinh-Quan-ly-cong-san-So-Tai-chinh-Hung-Yen-657384.aspx
2025-07-14 04:47:18,978 - INFO - ✅ Đã lấy link: https://thuvienphapluat.vn/van-ban/Lao-dong-Tien-luong/Quyet-dinh-884-QD-UBND-2025-cong-bo-thu-tuc-hanh-chinh-ve-sinh-lao-dong-So-Noi-vu-Hung-Yen-657383.aspx
2025-07-14 04:47:18,982 - INFO - ✅ Đã lấy link: https://thuvienphapluat.vn/van-ban/Bo-may-hanh-chinh/Quyet-dinh-882-QD-UBND-2025-dieu-chinh-quy-trinh-thu-tuc-hanh-chinh-So-Xay-dung-Hung-Yen-657378.aspx
2025-07-14 04:47:18,986 - INFO - ✅ Đã lấy link: https://thuvienphapluat.vn/van-ban/Bo-may-hanh-chinh/Quyet-dinh-888-QD-UBND-2025-cong-bo-thu-tuc-hanh-chinh-du-lieu-tai-nguyen-So-Nong-nghiep-Hung-Yen-657389.aspx
2025-07-14 04:47:18,990 - INFO - ✅ Đã lấy link: https://thuvienphapluat.vn/van-ban/Bo-may-hanh-chinh/Quyet-dinh-887-QD-UBND-2025-cong-bo-thu-tuc-hanh-chinh-Bao-tro-xa-hoi-So-Y-te-Hung-Yen-657387.aspx
2025-07-14 04:47:18,993 - INFO - ✅ Đã lấy link: https://thuvienphapluat.vn/van-ban/Dau-tu/Quyet-dinh-895-QD-UBND-2025-thu-tuc-hanh-chinh-hoat-dong-quy-dau-tu-khoi-nghiep-So-Tai-chinh-Lang-Son-660096.aspx
2025-07-14 04:47:18,997 - INFO - ✅ Đã lấy link: https://thuvienphapluat.vn/van-ban/Bo-may-hanh-chinh/Quyet-dinh-776-QD-UBND-2025-cong-bo-thu-tuc-hanh-chinh-khoa-hoc-cong-nghe-cap-tinh-Lam-Dong-661281.aspx
2025-07-14 04:47:19,000 - INFO - ✅ Đã lấy link: https://thuvienphapluat.vn/van-ban/Bat-dong-san/Quyet-dinh-777-QD-UBND-2025-cong-bo-thu-tuc-hanh-chinh-linh-vuc-dat-dai-cap-tinh-Lam-Dong-661144.aspx
2025-07-14 04:47:19,004 - INFO - ✅ Đã lấy link: https://thuvienphapluat.vn/van-ban/Cong-nghe-thong-tin/Quyet-dinh-722-QD-UBND-2025-Danh-muc-co-so-du-lieu-dung-chung-Ca-Mau-660983.aspx
2025-07-14 04:47:19,008 - INFO - ✅ Đã lấy link: https://thuvienphapluat.vn/van-ban/Bo-may-hanh-chinh/Quyet-dinh-31-2025-QD-UBND-bai-bo-Quyet-dinh-68-2017-QD-UBND-Quang-Ngai-660064.aspx
2025-07-14 04:47:19,011 - INFO - ✅ Đã lấy link: https://thuvienphapluat.vn/van-ban/Bo-may-hanh-chinh/Quyet-dinh-1050-QD-UBND-2025-cong-bo-thu-tuc-hanh-chinh-thi-dua-khen-thuong-So-Noi-vu-Hue-658064.aspx
2025-07-14 04:47:19,015 - INFO - ✅ Đã lấy link: https://thuvienphapluat.vn/van-ban/Bo-may-hanh-chinh/Quyet-dinh-1041-QD-UBND-2025-cong-bo-thu-tuc-hanh-chinh-quan-ly-cong-san-So-Tai-chinh-Hue-658049.aspx
2025-07-14 04:47:19,019 - INFO - ✅ Đã lấy link: https://thuvienphapluat.vn/van-ban/Bo-may-hanh-chinh/Quyet-dinh-1045-QD-UBND-2025-cong-bo-thu-tuc-hanh-chinh-thi-dua-khen-thuong-So-Noi-vu-Hue-658060.aspx
2025-07-14 04:47:19,022 - INFO - ✅ Đã lấy link: https://thuvienphapluat.vn/van-ban/Bo-may-hanh-chinh/Quyet-dinh-1044-QD-UBND-2025-cong-bo-thu-tuc-hanh-chinh-chinh-quyen-dia-phuong-So-Noi-vu-Hue-658050.aspx
2025-07-14 04:47:19,026 - INFO - ✅ Đã lấy link: https://thuvienphapluat.vn/van-ban/Bo-may-hanh-chinh/Quyet-dinh-59-2025-QD-UBND-chuc-nang-nhiem-vu-quyen-han-Chi-cuc-Quan-ly-thi-truong-Ninh-Binh-663500.aspx
2025-07-14 04:47:19,029 - INFO - ✅ Đã lấy link: https://thuvienphapluat.vn/van-ban/Bo-may-hanh-chinh/Quyet-dinh-58-2025-QD-UBND-chuc-nang-ban-Quan-ly-du-an-dau-tu-xay-dung-cong-trinh-dan-dung-Ninh-Binh-663501.aspx
2025-07-14 04:47:19,033 - INFO - ✅ Đã lấy link: https://thuvienphapluat.vn/van-ban/Bo-may-hanh-chinh/Huong-dan-3080-HD-UBND-2025-danh-gia-can-bo-sap-xep-to-chuc-bo-may-Quang-Nam-652431.aspx
2025-07-14 04:47:19,037 - INFO - ✅ Đã lấy link: https://thuvienphapluat.vn/van-ban/Bo-may-hanh-chinh/Quyet-dinh-465-QD-UBND-2025-cong-bo-thu-tuc-hanh-chinh-Bao-tro-xa-hoi-So-Y-te-Cao-Bang-653519.aspx
2025-07-14 04:47:19,041 - INFO - ✅ Đã lấy link: https://thuvienphapluat.vn/van-ban/Bo-may-hanh-chinh/Quyet-dinh-1589-QD-BQP-2025-cong-bo-thu-tuc-hanh-chinh-linh-vuc-khen-thuong-653598.aspx
2025-07-14 04:47:19,041 - INFO - ➡️ Đang truy cập: https://thuvienphapluat.vn/page/searchlegal.aspx?keyword=&area=0&match=True&type=0&status=1&signer=0&sort=1&lan=1&scan=0&org=0&fields=15&chlbg=09/07/1945&chlend=09/07/2035&page=165
2025-07-14 04:47:19,653 - INFO - ⏳ Chờ 6.15s giả lập người dùng...
2025-07-14 04:47:25,998 - INFO - 🤖 CAPTCHA OCR: 
2025-07-14 04:47:29,102 - INFO - 🧭 Tiêu đề trang: THƯ VIỆN PHÁP LUẬT _ Tra cứu, Nắm bắt Pháp Luật Việt Nam
2025-07-14 04:47:41,781 - ERROR - ❌ Lỗi tại trang 165: Message: 
Stacktrace:
#0 0x5de36034823a <unknown>
#1 0x5de35fdf2ab0 <unknown>
#2 0x5de35fe446f0 <unknown>
#3 0x5de35fe448e1 <unknown>
#4 0x5de35fe92b94 <unknown>
#5 0x5de35fe6a1cd <unknown>
#6 0x5de35fe8ffee <unknown>
#7 0x5de35fe69f73 <unknown>
#8 0x5de35fe36aeb <unknown>
#9 0x5de35fe37751 <unknown>
#10 0x5de36030cb4b <unknown>
#11 0x5de360310929 <unknown>
#12 0x5de3602f3929 <unknown>
#13 0x5de3603114e8 <unknown>
#14 0x5de3602d80df <unknown>
#15 0x5de3603358e8 <unknown>
#16 0x5de360335ac6 <unknown>
#17 0x5de360347556 <unknown>
#18 0x753b3cc67609 start_thread

2025-07-14 04:47:41,792 - INFO - ➡️ Đang truy cập: https://thuvienphapluat.vn/page/searchlegal.aspx?keyword=&area=0&match=True&type=0&status=1&signer=0&sort=1&lan=1&scan=0&org=0&fields=15&chlbg=09/07/1945&chlend=09/07/2035&page=166
2025-07-14 04:47:43,138 - INFO - ⏳ Chờ 5.82s giả lập người dùng...
2025-07-14 04:47:49,159 - INFO - 🤖 CAPTCHA OCR: 866568
2025-07-14 04:47:52,268 - INFO - 🧭 Tiêu đề trang: Tra cứu Văn Bản Pháp Luật
2025-07-14 04:47:52,285 - INFO - ✅ Đã lấy link: https://thuvienphapluat.vn/van-ban/Thuong-mai/Quyet-dinh-40-2025-QD-UBND-chuc-nang-Trung-tam-Khuyen-nong-Xuc-tien-thuong-mai-Ninh-Binh-653611.aspx
2025-07-14 04:47:52,289 - INFO - ✅ Đã lấy link: https://thuvienphapluat.vn/van-ban/Bo-may-hanh-chinh/Quyet-dinh-39-2025-QD-UBND-bo-sung-Khoan-4-Dieu-3-Quyet-dinh-18-2025-QD-UBND-Hoa-Binh-653815.aspx
2025-07-14 04:47:52,293 - INFO - ✅ Đã lấy link: https://thuvienphapluat.vn/van-ban/Bo-may-hanh-chinh/Quyet-dinh-38-2025-QD-UBND-chuc-nang-nhiem-vu-Ban-Dan-toc-va-Ton-giao-Ninh-Binh-653609.aspx
2025-07-14 04:47:52,297 - INFO - ✅ Đã lấy link: https://thuvienphapluat.vn/van-ban/Bo-may-hanh-chinh/Quyet-dinh-37-2025-QD-UBND-chuc-nang-nhiem-vu-Chi-cuc-Tieu-chuan-Do-luong-va-Chat-luong-Ninh-Binh-653608.aspx
2025-07-14 04:47:52,301 - INFO - ✅ Đã lấy link: https://thuvienphapluat.vn/van-ban/Bo-may-hanh-chinh/Quyet-dinh-32-2025-QD-UBND-bai-bo-Quyet-dinh-cua-Uy-ban-nhan-dan-Ha-Nam-654361.aspx
2025-07-14 04:47:52,305 - INFO - ✅ Đã lấy link: https://thuvienphapluat.vn/van-ban/Bo-may-hanh-chinh/Quyet-dinh-31-2025-QD-UBND-bai-bo-toan-bo-Quyet-dinh-11-2018-QD-UBND-Ha-Noi-652492.aspx
2025-07-14 04:47:52,309 - INFO - ✅ Đã lấy link: https://thuvienphapluat.vn/van-ban/Thuong-mai/Quyet-dinh-31-2025-QD-UBND-chuc-nang-nhiem-vu-quyen-han-Chi-cuc-Quan-ly-thi-truong-Da-Nang-654556.aspx
2025-07-14 04:47:52,312 - INFO - ✅ Đã lấy link: https://thuvienphapluat.vn/van-ban/Bo-may-hanh-chinh/Chi-thi-08-CT-UBND-2025-tang-cuong-cong-tac-van-thu-luu-tru-sap-xep-to-chuc-bo-may-Cao-Bang-652197.aspx
2025-07-14 04:47:52,316 - INFO - ✅ Đã lấy link: https://thuvienphapluat.vn/van-ban/Bo-may-hanh-chinh/Chi-thi-07-CT-UBND-2025-tang-cuong-quan-ly-cong-tac-van-thu-luu-tru-sap-xep-bo-may-Dak-Lak-652363.aspx
2025-07-14 04:47:52,320 - INFO - ✅ Đã lấy link: https://thuvienphapluat.vn/van-ban/Bo-may-hanh-chinh/Quyet-dinh-658-QD-UBND-2025-cong-bo-thu-tuc-hanh-chinh-Bao-tro-xa-hoi-So-Y-te-Bac-Ninh-654014.aspx
2025-07-14 04:47:52,323 - INFO - ✅ Đã lấy link: https://thuvienphapluat.vn/van-ban/Bat-dong-san/Quyet-dinh-1169-QD-UBND-2025-cong-bo-thu-tuc-hanh-chinh-dat-dai-So-Nong-nghiep-Ben-Tre-652133.aspx
2025-07-14 04:47:52,327 - INFO - ✅ Đã lấy link: https://thuvienphapluat.vn/van-ban/Bo-may-hanh-chinh/Quyet-dinh-1203-QD-UBND-2025-cong-bo-thu-tuc-hanh-chinh-linh-vuc-Nguoi-co-cong-Hai-Phong-653675.aspx
2025-07-14 04:47:52,331 - INFO - ✅ Đã lấy link: https://thuvienphapluat.vn/van-ban/Lao-dong-Tien-luong/Quyet-dinh-1202-QD-UBND-2025-cong-bo-thu-tuc-hanh-chinh-linh-vuc-viec-lam-Hai-Phong-653677.aspx
2025-07-14 04:47:52,334 - INFO - ✅ Đã lấy link: https://thuvienphapluat.vn/van-ban/Bo-may-hanh-chinh/Chi-thi-02-CT-UBND-2025-quan-ly-cong-tac-van-thu-luu-tru-trong-qua-trinh-sap-xep-bo-may-Bac-Kan-652232.aspx
2025-07-14 04:47:52,338 - INFO - ✅ Đã lấy link: https://thuvienphapluat.vn/van-ban/Bo-may-hanh-chinh/Quyet-dinh-861-QD-BNNMT-2025-Ke-hoach-cai-cach-hanh-chinh-656544.aspx
2025-07-14 04:47:52,343 - INFO - ✅ Đã lấy link: https://thuvienphapluat.vn/van-ban/Bo-may-hanh-chinh/Nghi-quyet-98-NQ-CP-2025-du-an-Luat-Ban-hanh-van-ban-quy-pham-phap-luat-sua-doi-652293.aspx
2025-07-14 04:47:52,347 - INFO - ✅ Đã lấy link: https://thuvienphapluat.vn/van-ban/Bo-may-hanh-chinh/Quyet-dinh-23-2025-QD-UBND-bai-bo-Quyet-dinh-14-2020-QD-UBND-don-gia-quan-trac-moi-truong-Lai-Chau-652079.aspx
2025-07-14 04:47:52,350 - INFO - ✅ Đã lấy link: https://thuvienphapluat.vn/van-ban/Bo-may-hanh-chinh/Quyet-dinh-22-2025-QD-UBND-chuc-nang-nhiem-vu-quyen-han-So-Tu-phap-Lai-Chau-651960.aspx
2025-07-14 04:47:52,354 - INFO - ✅ Đã lấy link: https://thuvienphapluat.vn/van-ban/Bo-may-hanh-chinh/Quyet-dinh-22-2025-QD-UBND-sua-doi-chuc-nang-Van-phong-Uy-ban-nhan-dan-Bac-Kan-652184.aspx
2025-07-14 04:47:52,359 - INFO - ✅ Đã lấy link: https://thuvienphapluat.vn/van-ban/Bo-may-hanh-chinh/Quyet-dinh-1169-QD-UBND-2025-cong-bo-thu-tuc-hanh-chinh-Bao-tro-xa-hoi-So-Y-te-Quang-Binh-652144.aspx
2025-07-14 04:47:52,359 - INFO - ➡️ Đang truy cập: https://thuvienphapluat.vn/page/searchlegal.aspx?keyword=&area=0&match=True&type=0&status=1&signer=0&sort=1&lan=1&scan=0&org=0&fields=15&chlbg=09/07/1945&chlend=09/07/2035&page=167
2025-07-14 04:47:52,766 - INFO - ⏳ Chờ 5.19s giả lập người dùng...
2025-07-14 04:47:58,168 - INFO - 🤖 CAPTCHA OCR: 127838
2025-07-14 04:48:01,298 - INFO - 🧭 Tiêu đề trang: Tra cứu Văn Bản Pháp Luật
2025-07-14 04:48:01,314 - INFO - ✅ Đã lấy link: https://thuvienphapluat.vn/van-ban/Bo-may-hanh-chinh/Quyet-dinh-1168-QD-UBND-2025-cong-bo-thu-tuc-hanh-chinh-linh-vuc-Tre-em-So-Y-te-Quang-Binh-652143.aspx
2025-07-14 04:48:01,317 - INFO - ✅ Đã lấy link: https://thuvienphapluat.vn/van-ban/Bo-may-hanh-chinh/Quyet-dinh-1157-QD-UBND-2025-cong-bo-thu-tuc-hanh-chinh-trong-Bao-ton-thien-nhien-Uy-ban-xa-Ben-Tre-651969.aspx
2025-07-14 04:48:01,321 - INFO - ✅ Đã lấy link: https://thuvienphapluat.vn/van-ban/Bo-may-hanh-chinh/Quyet-dinh-1148-QD-UBND-2025-cong-bo-thu-tuc-hanh-chinh-nguoi-co-cong-So-Noi-vu-Lao-Cai-651961.aspx
2025-07-14 04:48:01,325 - INFO - ✅ Đã lấy link: https://thuvienphapluat.vn/van-ban/Lao-dong-Tien-luong/Quyet-dinh-1152-QD-UBND-2025-cong-bo-thu-tuc-hanh-chinh-an-toan-lao-dong-So-Noi-vu-Ben-Tre-652198.aspx
2025-07-14 04:48:01,329 - INFO - ✅ Đã lấy link: https://thuvienphapluat.vn/van-ban/Bo-may-hanh-chinh/Quyet-dinh-1029-QD-UBND-2025-cong-bo-thu-tuc-hanh-chinh-tai-nguyen-nuoc-So-Nong-nghiep-Vung-Tau-657747.aspx
2025-07-14 04:48:01,332 - INFO - ✅ Đã lấy link: https://thuvienphapluat.vn/van-ban/Bo-may-hanh-chinh/Quyet-dinh-1055-QD-UBND-2025-cong-bo-thu-tuc-hanh-chinh-linh-vuc-do-dac-So-Nong-nghiep-Nghe-An-652353.aspx
2025-07-14 04:48:01,336 - INFO - ✅ Đã lấy link: https://thuvienphapluat.vn/van-ban/Thuong-mai/Quyet-dinh-883-QD-UBND-2025-cong-bo-thu-tuc-hanh-chinh-Luu-thong-hang-hoa-So-Cong-Thuong-Dak-Lak-652250.aspx
2025-07-14 04:48:01,340 - INFO - ✅ Đã lấy link: https://thuvienphapluat.vn/van-ban/Bo-may-hanh-chinh/Quyet-dinh-882-QD-UBND-2025-quy-trinh-thu-tuc-hanh-chinh-quan-ly-cong-san-So-Tai-chinh-Dak-Lak-652249.aspx
2025-07-14 04:48:01,344 - INFO - ✅ Đã lấy link: https://thuvienphapluat.vn/van-ban/Bo-may-hanh-chinh/Quyet-dinh-866-QD-UBND-2025-Ke-hoach-thuc-hien-sap-xep-don-vi-hanh-chinh-cap-xa-Son-La-652220.aspx
2025-07-14 04:48:01,347 - INFO - ✅ Đã lấy link: https://thuvienphapluat.vn/van-ban/Bo-may-hanh-chinh/Quyet-dinh-859-QD-UBND-2025-thu-tuc-hanh-chinh-khai-thac-du-lieu-tai-nguyen-So-Nong-nghiep-Son-La-652211.aspx
2025-07-14 04:48:01,351 - INFO - ✅ Đã lấy link: https://thuvienphapluat.vn/van-ban/Bo-may-hanh-chinh/Quyet-dinh-830-QD-UBND-2025-chuan-hoa-quy-trinh-thu-tuc-hanh-chinh-nganh-Xay-dung-Binh-Phuoc-652205.aspx
2025-07-14 04:48:01,354 - INFO - ✅ Đã lấy link: https://thuvienphapluat.vn/van-ban/Bo-may-hanh-chinh/Quyet-dinh-654-QD-UBND-2025-thu-tuc-hanh-chinh-dieu-chinh-co-quan-So-Khoa-hoc-Bac-Ninh-652206.aspx
2025-07-14 04:48:01,358 - INFO - ✅ Đã lấy link: https://thuvienphapluat.vn/van-ban/Lao-dong-Tien-luong/Quyet-dinh-1150-QD-UBND-2025-cong-bo-thu-tuc-hanh-chinh-quan-ly-lao-dong-ngoai-nuoc-So-Noi-vu-Ben-Tre-653676.aspx
2025-07-14 04:48:01,362 - INFO - ✅ Đã lấy link: https://thuvienphapluat.vn/van-ban/Bo-may-hanh-chinh/Quyet-dinh-613-QD-TTPVHCC-2025-cong-bo-thu-tuc-hanh-chinh-Ban-Quan-ly-khu-cong-nghe-cao-Ha-Noi-656339.aspx
2025-07-14 04:48:01,365 - INFO - ✅ Đã lấy link: https://thuvienphapluat.vn/van-ban/Bo-may-hanh-chinh/Quyet-dinh-681-QD-UBND-2025-cong-bo-thu-tuc-hanh-chinh-linh-vuc-Bao-chi-So-Van-hoa-Vinh-Long-655561.aspx
2025-07-14 04:48:01,369 - INFO - ✅ Đã lấy link: https://thuvienphapluat.vn/van-ban/Lao-dong-Tien-luong/Quyet-dinh-764-QD-UBND-2025-cong-bo-thu-tuc-hanh-chinh-linh-vuc-viec-lam-cap-tinh-Lam-Dong-661458.aspx
2025-07-14 04:48:01,373 - INFO - ✅ Đã lấy link: https://thuvienphapluat.vn/van-ban/Bo-may-hanh-chinh/Quyet-dinh-706-QD-UBND-2025-cong-bo-thu-tuc-hanh-chinh-linh-vuc-cong-san-So-Tai-chinh-Ca-Mau-661228.aspx
2025-07-14 04:48:01,377 - INFO - ✅ Đã lấy link: https://thuvienphapluat.vn/van-ban/Bat-dong-san/Quyet-dinh-1193-QD-UBND-2025-cong-bo-thu-tuc-hanh-chinh-linh-vuc-Dat-dai-So-Nong-nghiep-Hai-Phong-656123.aspx
2025-07-14 04:48:01,380 - INFO - ✅ Đã lấy link: https://thuvienphapluat.vn/van-ban/Bo-may-hanh-chinh/Quyet-dinh-27-2025-QD-UBND-bai-bo-mot-so-Dieu-tai-cac-Quyet-dinh-linh-vuc-nong-nghiep-Tay-Ninh-655601.aspx
2025-07-14 04:48:01,384 - INFO - ✅ Đã lấy link: https://thuvienphapluat.vn/van-ban/Bo-may-hanh-chinh/Thong-tu-19-2025-TT-BCT-thoi-han-luu-tru-ho-so-tai-lieu-nganh-Cong-Thuong-653590.aspx
2025-07-14 04:48:01,384 - INFO - ➡️ Đang truy cập: https://thuvienphapluat.vn/page/searchlegal.aspx?keyword=&area=0&match=True&type=0&status=1&signer=0&sort=1&lan=1&scan=0&org=0&fields=15&chlbg=09/07/1945&chlend=09/07/2035&page=168
2025-07-14 04:48:01,819 - INFO - ⏳ Chờ 4.62s giả lập người dùng...
2025-07-14 04:48:06,664 - INFO - 🤖 CAPTCHA OCR: 2432761
2025-07-14 04:48:09,907 - INFO - 🧭 Tiêu đề trang: THƯ VIỆN PHÁP LUẬT _ Tra cứu, Nắm bắt Pháp Luật Việt Nam
2025-07-14 04:48:22,524 - ERROR - ❌ Lỗi tại trang 168: Message: 
Stacktrace:
#0 0x5de36034823a <unknown>
#1 0x5de35fdf2ab0 <unknown>
#2 0x5de35fe446f0 <unknown>
#3 0x5de35fe448e1 <unknown>
#4 0x5de35fe92b94 <unknown>
#5 0x5de35fe6a1cd <unknown>
#6 0x5de35fe8ffee <unknown>
#7 0x5de35fe69f73 <unknown>
#8 0x5de35fe36aeb <unknown>
#9 0x5de35fe37751 <unknown>
#10 0x5de36030cb4b <unknown>
#11 0x5de360310929 <unknown>
#12 0x5de3602f3929 <unknown>
#13 0x5de3603114e8 <unknown>
#14 0x5de3602d80df <unknown>
#15 0x5de3603358e8 <unknown>
#16 0x5de360335ac6 <unknown>
#17 0x5de360347556 <unknown>
#18 0x753b3cc67609 start_thread

2025-07-14 04:48:22,544 - INFO - ➡️ Đang truy cập: https://thuvienphapluat.vn/page/searchlegal.aspx?keyword=&area=0&match=True&type=0&status=1&signer=0&sort=1&lan=1&scan=0&org=0&fields=15&chlbg=09/07/1945&chlend=09/07/2035&page=169
2025-07-14 04:48:23,297 - INFO - ⏳ Chờ 4.62s giả lập người dùng...
2025-07-14 04:48:28,118 - INFO - 🤖 CAPTCHA OCR: -
2025-07-14 04:48:31,234 - INFO - 🧭 Tiêu đề trang: THƯ VIỆN PHÁP LUẬT _ Tra cứu, Nắm bắt Pháp Luật Việt Nam
2025-07-14 04:48:43,876 - ERROR - ❌ Lỗi tại trang 169: Message: 
Stacktrace:
#0 0x5de36034823a <unknown>
#1 0x5de35fdf2ab0 <unknown>
#2 0x5de35fe446f0 <unknown>
#3 0x5de35fe448e1 <unknown>
#4 0x5de35fe92b94 <unknown>
#5 0x5de35fe6a1cd <unknown>
#6 0x5de35fe8ffee <unknown>
#7 0x5de35fe69f73 <unknown>
#8 0x5de35fe36aeb <unknown>
#9 0x5de35fe37751 <unknown>
#10 0x5de36030cb4b <unknown>
#11 0x5de360310929 <unknown>
#12 0x5de3602f3929 <unknown>
#13 0x5de3603114e8 <unknown>
#14 0x5de3602d80df <unknown>
#15 0x5de3603358e8 <unknown>
#16 0x5de360335ac6 <unknown>
#17 0x5de360347556 <unknown>
#18 0x753b3cc67609 start_thread

2025-07-14 04:48:43,888 - INFO - ➡️ Đang truy cập: https://thuvienphapluat.vn/page/searchlegal.aspx?keyword=&area=0&match=True&type=0&status=1&signer=0&sort=1&lan=1&scan=0&org=0&fields=15&chlbg=09/07/1945&chlend=09/07/2035&page=170
2025-07-14 04:48:44,350 - INFO - ⏳ Chờ 4.20s giả lập người dùng...
2025-07-14 04:48:48,740 - INFO - 🤖 CAPTCHA OCR: 362458
2025-07-14 04:48:51,850 - INFO - 🧭 Tiêu đề trang: Tra cứu Văn Bản Pháp Luật
2025-07-14 04:48:51,866 - INFO - ✅ Đã lấy link: https://thuvienphapluat.vn/van-ban/Bo-may-hanh-chinh/Quyet-dinh-821-QD-UBND-2025-cong-bo-thu-tuc-hanh-chinh-du-lieu-tai-nguyen-So-Nong-nghiep-Hoa-Binh-655681.aspx
2025-07-14 04:48:51,871 - INFO - ✅ Đã lấy link: https://thuvienphapluat.vn/van-ban/Bo-may-hanh-chinh/Quyet-dinh-353-QD-UBND-2025-cong-bo-thu-tuc-hanh-chinh-linh-vuc-Van-hoa-So-Van-hoa-Gia-Lai-652042.aspx
2025-07-14 04:48:51,874 - INFO - ✅ Đã lấy link: https://thuvienphapluat.vn/van-ban/Bo-may-hanh-chinh/Quyet-dinh-285-QD-UBND-2025-quy-trinh-thu-tuc-hanh-chinh-Di-san-van-hoa-So-Van-hoa-Kon-Tum-652043.aspx
2025-07-14 04:48:51,878 - INFO - ✅ Đã lấy link: https://thuvienphapluat.vn/van-ban/Bo-may-hanh-chinh/Quyet-dinh-41-2025-QD-UBND-sua-doi-Quy-dinh-kem-theo-Quyet-dinh-19-2025-QD-UBND-Phu-Yen-651896.aspx
2025-07-14 04:48:51,881 - INFO - ✅ Đã lấy link: https://thuvienphapluat.vn/van-ban/Bo-may-hanh-chinh/Quyet-dinh-40-2025-QD-UBND-chuc-nang-nhiem-vu-quyen-han-Chi-cuc-Thuy-san-Phu-Yen-651897.aspx
2025-07-14 04:48:51,885 - INFO - ✅ Đã lấy link: https://thuvienphapluat.vn/van-ban/Bo-may-hanh-chinh/Quyet-dinh-39-2025-QD-UBND-chuc-nang-nhiem-vu-quyen-han-Chi-cuc-Thuy-loi-Phu-Yen-651767.aspx
2025-07-14 04:48:51,889 - INFO - ✅ Đã lấy link: https://thuvienphapluat.vn/van-ban/Bo-may-hanh-chinh/Quyet-dinh-38-2025-QD-UBND-chuc-nang-Chi-cuc-Bao-ve-moi-truong-va-Bien-Hai-dao-Phu-Yen-651768.aspx
2025-07-14 04:48:51,893 - INFO - ✅ Đã lấy link: https://thuvienphapluat.vn/van-ban/Bat-dong-san/Quyet-dinh-37-2025-QD-UBND-chuc-nang-nhiem-vu-Chi-cuc-Quan-ly-dat-dai-Phu-Yen-651743.aspx
2025-07-14 04:48:51,896 - INFO - ✅ Đã lấy link: https://thuvienphapluat.vn/van-ban/Bo-may-hanh-chinh/Quyet-dinh-37-2025-QD-UBND-Bai-bo-Quyet-dinh-18-2024-QD-UBND-Hau-Giang-652146.aspx
2025-07-14 04:48:51,900 - INFO - ✅ Đã lấy link: https://thuvienphapluat.vn/van-ban/Bo-may-hanh-chinh/Quyet-dinh-36-2025-QD-UBND-bai-bo-Quyet-dinh-21-2025-QD-UBND-Long-An-652547.aspx
2025-07-14 04:48:51,904 - INFO - ✅ Đã lấy link: https://thuvienphapluat.vn/van-ban/Bo-may-hanh-chinh/Quyet-dinh-36-2025-QD-UBND-chuc-nang-nhiem-vu-Chi-cuc-Phat-trien-nong-thon-Phu-Yen-651739.aspx
2025-07-14 04:48:51,907 - INFO - ✅ Đã lấy link: https://thuvienphapluat.vn/van-ban/Bo-may-hanh-chinh/Quyet-dinh-36-2025-QD-UBND-bai-bo-cac-Quyet-dinh-cua-Uy-ban-nhan-dan-Hau-Giang-652148.aspx
2025-07-14 04:48:51,911 - INFO - ✅ Đã lấy link: https://thuvienphapluat.vn/van-ban/Bo-may-hanh-chinh/Quyet-dinh-35-2025-QD-UBND-phan-cap-So-Noi-vu-giai-quyet-thu-tuc-hanh-chinh-tin-nguong-Long-An-652052.aspx
2025-07-14 04:48:51,914 - INFO - ✅ Đã lấy link: https://thuvienphapluat.vn/van-ban/Bo-may-hanh-chinh/Quyet-dinh-31-2025-QD-UBND-bai-bo-Quyet-dinh-cua-Uy-ban-nhan-dan-Tien-Giang-652277.aspx
2025-07-14 04:48:51,918 - INFO - ✅ Đã lấy link: https://thuvienphapluat.vn/van-ban/Bat-dong-san/Quyet-dinh-30-2025-QD-UBND-Quy-che-phoi-hop-Van-phong-Dang-ky-dat-dai-voi-Uy-ban-huyen-Quang-Ngai-652024.aspx
2025-07-14 04:48:51,922 - INFO - ✅ Đã lấy link: https://thuvienphapluat.vn/van-ban/Cong-nghe-thong-tin/Quyet-dinh-29-2025-QD-UBND-Dinh-muc-kinh-te-xay-dung-co-so-du-lieu-dat-dai-Quang-Ngai-652186.aspx
2025-07-14 04:48:51,925 - INFO - ✅ Đã lấy link: https://thuvienphapluat.vn/van-ban/Bat-dong-san/Quyet-dinh-27-2025-QD-UBND-Quy-che-phoi-hop-Van-phong-Dang-ky-dat-dai-voi-Uy-ban-huyen-Ha-Tinh-652078.aspx
2025-07-14 04:48:51,929 - INFO - ✅ Đã lấy link: https://thuvienphapluat.vn/van-ban/Bo-may-hanh-chinh/Quyet-dinh-20-2025-QD-UBND-bai-bo-Quyet-dinh-30-2019-QD-UBND-Lam-Dong-651947.aspx
2025-07-14 04:48:51,932 - INFO - ✅ Đã lấy link: https://thuvienphapluat.vn/van-ban/Bo-may-hanh-chinh/Quyet-dinh-13-2025-QD-UBND-chuc-nang-Phong-Van-hoa-Khoa-hoc-va-Thong-tin-huyen-Can-Gio-Ho-Chi-Minh-653813.aspx
2025-07-14 04:48:51,936 - INFO - ✅ Đã lấy link: https://thuvienphapluat.vn/van-ban/Bo-may-hanh-chinh/Quyet-dinh-12-2025-QD-UBND-chuc-nang-Van-phong-Hoi-dong-nhan-dan-huyen-Can-Gio-Ho-Chi-Minh-653814.aspx
2025-07-14 04:48:51,936 - INFO - ➡️ Đang truy cập: https://thuvienphapluat.vn/page/searchlegal.aspx?keyword=&area=0&match=True&type=0&status=1&signer=0&sort=1&lan=1&scan=0&org=0&fields=15&chlbg=09/07/1945&chlend=09/07/2035&page=171
2025-07-14 04:48:52,441 - INFO - ⏳ Chờ 6.44s giả lập người dùng...
2025-07-14 04:48:59,084 - INFO - 🤖 CAPTCHA OCR: 813745
2025-07-14 04:49:02,197 - INFO - 🧭 Tiêu đề trang: Tra cứu Văn Bản Pháp Luật
2025-07-14 04:49:02,216 - INFO - ✅ Đã lấy link: https://thuvienphapluat.vn/van-ban/Dich-vu-phap-ly/Quyet-dinh-1015-QD-UBND-2025-quy-trinh-thu-tuc-hanh-chinh-chung-thuc-Uy-ban-xa-Vung-Tau-657746.aspx
2025-07-14 04:49:02,221 - INFO - ✅ Đã lấy link: https://thuvienphapluat.vn/van-ban/Bo-may-hanh-chinh/Quyet-dinh-1373-QD-BHXH-2025-phe-duyet-phuong-an-xu-ly-ket-qua-ra-soat-van-ban-2024-652002.aspx
2025-07-14 04:49:02,226 - INFO - ✅ Đã lấy link: https://thuvienphapluat.vn/van-ban/Bo-may-hanh-chinh/Quyet-dinh-1171-QD-UBND-2025-cong-bo-thu-tuc-hanh-chinh-tin-nguong-ton-giao-Hai-Phong-651948.aspx
2025-07-14 04:49:02,231 - INFO - ✅ Đã lấy link: https://thuvienphapluat.vn/van-ban/Bo-may-hanh-chinh/Quyet-dinh-1135-QD-UBND-2025-cong-bo-thu-tuc-hanh-chinh-chat-luong-Nong-san-So-Nong-nghiep-Quang-Binh-651952.aspx
2025-07-14 04:49:02,235 - INFO - ✅ Đã lấy link: https://thuvienphapluat.vn/van-ban/Bat-dong-san/Quyet-dinh-1114-QD-UBND-2025-cong-bo-thu-tuc-hanh-chinh-linh-vuc-Dat-dai-So-Nong-nghiep-Thanh-Hoa-652139.aspx
2025-07-14 04:49:02,240 - INFO - ✅ Đã lấy link: https://thuvienphapluat.vn/van-ban/Bo-may-hanh-chinh/Quyet-dinh-1134-QD-UBND-2025-cong-bo-thu-tuc-hanh-chinh-Chan-nuoi-So-Nong-nghiep-Quang-Binh-651963.aspx
2025-07-14 04:49:02,244 - INFO - ✅ Đã lấy link: https://thuvienphapluat.vn/van-ban/Bo-may-hanh-chinh/Quyet-dinh-1133-QD-UBND-2025-cong-bo-thu-tuc-hanh-chinh-Moi-truong-Uy-ban-tinh-Quang-Binh-651962.aspx
2025-07-14 04:49:02,248 - INFO - ✅ Đã lấy link: https://thuvienphapluat.vn/van-ban/Bo-may-hanh-chinh/Quyet-dinh-1131-QD-UBND-2025-cong-bo-thu-tuc-hanh-chinh-linh-vuc-Do-dac-So-Nong-nghiep-Quang-Binh-651951.aspx
2025-07-14 04:49:02,252 - INFO - ✅ Đã lấy link: https://thuvienphapluat.vn/van-ban/Bo-may-hanh-chinh/Quyet-dinh-1132-QD-UBND-2025-cong-bo-thu-tuc-hanh-chinh-linh-vuc-Trong-trot-Uy-ban-tinh-Quang-Binh-651950.aspx
2025-07-14 04:49:02,256 - INFO - ✅ Đã lấy link: https://thuvienphapluat.vn/van-ban/Bo-may-hanh-chinh/Quyet-dinh-1130-QD-UBND-2025-cong-bo-thu-tuc-hanh-chinh-Chan-nuoi-Uy-ban-tinh-Quang-Binh-651949.aspx
2025-07-14 04:49:02,260 - INFO - ✅ Đã lấy link: https://thuvienphapluat.vn/van-ban/Bo-may-hanh-chinh/Quyet-dinh-1005-QD-UBND-2025-cong-bo-thu-tuc-hanh-chinh-linh-vuc-tre-em-So-Y-te-Nam-Dinh-651900.aspx
2025-07-14 04:49:02,263 - INFO - ✅ Đã lấy link: https://thuvienphapluat.vn/van-ban/Bo-may-hanh-chinh/Quyet-dinh-977-QD-UBND-2025-cong-bo-thu-tuc-hanh-chinh-linh-vuc-tin-nguong-So-Dan-toc-Khanh-Hoa-652434.aspx
2025-07-14 04:49:02,267 - INFO - ✅ Đã lấy link: https://thuvienphapluat.vn/van-ban/Cong-nghe-thong-tin/Quyet-dinh-855-QD-UBND-2025-quy-trinh-thu-tuc-hanh-chinh-Phat-thanh-truyen-hinh-So-Van-hoa-Son-La-651901.aspx
2025-07-14 04:49:02,271 - INFO - ✅ Đã lấy link: https://thuvienphapluat.vn/van-ban/Thuong-mai/Quyet-dinh-848-QD-UBND-2025-thu-tuc-hanh-chinh-luu-thong-hang-hoa-So-Cong-Thuong-Son-La-651903.aspx
2025-07-14 04:49:02,274 - INFO - ✅ Đã lấy link: https://thuvienphapluat.vn/van-ban/Cong-nghe-thong-tin/Quyet-dinh-836-QD-UBND-2025-cong-bo-thu-tuc-hanh-chinh-di-san-van-hoa-nganh-Van-hoa-Tien-Giang-652278.aspx
2025-07-14 04:49:02,278 - INFO - ✅ Đã lấy link: https://thuvienphapluat.vn/van-ban/Bo-may-hanh-chinh/Quyet-dinh-787-QD-UBND-2025-cong-bo-thu-tuc-hanh-chinh-quan-ly-cong-san-So-Tai-chinh-Yen-Bai-652141.aspx
2025-07-14 04:49:02,281 - INFO - ✅ Đã lấy link: https://thuvienphapluat.vn/van-ban/Bo-may-hanh-chinh/Quyet-dinh-786-QD-UBND-2025-cong-bo-thu-tuc-hanh-chinh-bao-ton-thien-nhien-So-Nong-nghiep-Yen-Bai-652138.aspx
2025-07-14 04:49:02,285 - INFO - ✅ Đã lấy link: https://thuvienphapluat.vn/van-ban/Bat-dong-san/Quyet-dinh-690-QD-UBND-2025-cong-bo-thu-tuc-hanh-chinh-linh-vuc-dat-dai-So-Nong-nghiep-Binh-Thuan-651774.aspx
2025-07-14 04:49:02,289 - INFO - ✅ Đã lấy link: https://thuvienphapluat.vn/van-ban/Bo-may-hanh-chinh/Quyet-dinh-689-QD-UBND-2025-quy-trinh-thu-tuc-hanh-chinh-khi-tuong-thuy-van-So-Nong-nghiep-Binh-Thuan-651772.aspx
2025-07-14 04:49:02,292 - INFO - ✅ Đã lấy link: https://thuvienphapluat.vn/van-ban/Bat-dong-san/Quyet-dinh-739-QD-UBND-2025-cong-bo-thu-tuc-hanh-chinh-linh-vuc-dat-dai-So-Nong-nghiep-Dien-Bien-658342.aspx
2025-07-14 04:49:02,292 - INFO - ➡️ Đang truy cập: https://thuvienphapluat.vn/page/searchlegal.aspx?keyword=&area=0&match=True&type=0&status=1&signer=0&sort=1&lan=1&scan=0&org=0&fields=15&chlbg=09/07/1945&chlend=09/07/2035&page=172
2025-07-14 04:49:02,690 - INFO - ⏳ Chờ 7.94s giả lập người dùng...
2025-07-14 04:49:10,868 - INFO - 🤖 CAPTCHA OCR: 572448
2025-07-14 04:49:13,983 - INFO - 🧭 Tiêu đề trang: Tra cứu Văn Bản Pháp Luật
2025-07-14 04:49:13,999 - INFO - ✅ Đã lấy link: https://thuvienphapluat.vn/van-ban/Bat-dong-san/Quyet-dinh-12-2025-QD-UBND-Quy-che-phoi-hop-Van-phong-dang-ky-dat-dai-voi-Uy-ban-huyen-Vinh-Phuc-656315.aspx
2025-07-14 04:49:14,003 - INFO - ✅ Đã lấy link: https://thuvienphapluat.vn/van-ban/Bo-may-hanh-chinh/Quyet-dinh-673-QD-UBND-2025-cong-bo-thu-tuc-hanh-chinh-linh-vuc-Tong-hop-So-Nong-nghiep-Vinh-Long-655760.aspx
2025-07-14 04:49:14,007 - INFO - ✅ Đã lấy link: https://thuvienphapluat.vn/van-ban/Lao-dong-Tien-luong/Quyet-dinh-856-QD-UBND-2025-thu-tuc-hanh-chinh-quan-ly-lao-dong-ngoai-nuoc-So-Noi-vu-Hung-Yen-657376.aspx
2025-07-14 04:49:14,011 - INFO - ✅ Đã lấy link: https://thuvienphapluat.vn/van-ban/Lao-dong-Tien-luong/Quyet-dinh-855-QD-UBND-2025-cong-bo-thu-tuc-hanh-chinh-lao-dong-tien-luong-So-Noi-vu-Hung-Yen-657375.aspx
2025-07-14 04:49:14,015 - INFO - ✅ Đã lấy link: https://thuvienphapluat.vn/van-ban/Bo-may-hanh-chinh/Quyet-dinh-852-QD-UBND-2025-cong-bo-thu-tuc-hanh-chinh-do-dac-ban-do-So-Nong-nghiep-Hung-Yen-657373.aspx
2025-07-14 04:49:14,018 - INFO - ✅ Đã lấy link: https://thuvienphapluat.vn/van-ban/Lao-dong-Tien-luong/Quyet-dinh-851-QD-UBND-2025-dieu-chinh-quy-trinh-thu-tuc-hanh-chinh-So-Noi-vu-Hung-Yen-657372.aspx
2025-07-14 04:49:14,022 - INFO - ✅ Đã lấy link: https://thuvienphapluat.vn/van-ban/Lao-dong-Tien-luong/Quyet-dinh-853-QD-UBND-2025-cong-bo-thu-tuc-hanh-chinh-linh-vuc-Viec-lam-So-Noi-vu-Hung-Yen-657374.aspx
2025-07-14 04:49:14,026 - INFO - ✅ Đã lấy link: https://thuvienphapluat.vn/van-ban/Bo-may-hanh-chinh/Quyet-dinh-185-QD-BDTTG-2025-nhiem-vu-quyen-han-Truong-Du-bi-Dai-hoc-Dan-toc-Sam-Son-655343.aspx
2025-07-14 04:49:14,029 - INFO - ✅ Đã lấy link: https://thuvienphapluat.vn/van-ban/Bo-may-hanh-chinh/Quyet-dinh-182-QD-BDTTG-2025-chuc-nang-nhiem-vu-quyen-han-Truong-pho-thong-Vung-cao-Viet-Bac-655391.aspx
2025-07-14 04:49:14,033 - INFO - ✅ Đã lấy link: https://thuvienphapluat.vn/van-ban/Bo-may-hanh-chinh/Quyet-dinh-178-QD-BDTTG-2025-chuc-nang-nhiem-vu-Truong-Du-bi-Dai-hoc-Dan-toc-Trung-uong-655390.aspx
2025-07-14 04:49:14,036 - INFO - ✅ Đã lấy link: https://thuvienphapluat.vn/van-ban/Thuong-mai/Quyet-dinh-760-QD-UBND-2025-cong-bo-thu-tuc-hanh-chinh-luu-thong-hang-hoa-So-Cong-Thuong-Lam-Dong-661277.aspx
2025-07-14 04:49:14,040 - INFO - ✅ Đã lấy link: https://thuvienphapluat.vn/van-ban/Bo-may-hanh-chinh/Chi-thi-04-CT-UBND-2025-tang-cuong-quan-ly-cong-tac-van-thu-luu-tru-trong-sap-xep-bo-may-Lam-Dong-660963.aspx
2025-07-14 04:49:14,043 - INFO - ✅ Đã lấy link: https://thuvienphapluat.vn/van-ban/Bo-may-hanh-chinh/Quyet-dinh-4015-QD-UBND-2025-cong-bo-thu-tuc-hanh-chinh-y-te-du-phong-So-Y-te-Long-An-660680.aspx
2025-07-14 04:49:14,047 - INFO - ✅ Đã lấy link: https://thuvienphapluat.vn/van-ban/Bo-may-hanh-chinh/Quyet-dinh-4019-QD-UBND-2025-thu-tuc-hanh-chinh-Hoat-dong-Xay-dung-nganh-xay-dung-Long-An-660774.aspx
2025-07-14 04:49:14,051 - INFO - ✅ Đã lấy link: https://thuvienphapluat.vn/van-ban/Bo-may-hanh-chinh/Quyet-dinh-4027-QD-UBND-2025-cong-bo-Danh-muc-thu-tuc-hanh-chinh-So-Van-hoa-Long-An-660681.aspx
2025-07-14 04:49:14,055 - INFO - ✅ Đã lấy link: https://thuvienphapluat.vn/van-ban/Bo-may-hanh-chinh/Quyet-dinh-1170-QD-UBND-2025-cong-bo-thu-tuc-hanh-chinh-Do-dac-ban-do-So-Nong-nghiep-Dong-Nai-662017.aspx
2025-07-14 04:49:14,058 - INFO - ✅ Đã lấy link: https://thuvienphapluat.vn/van-ban/Bo-may-hanh-chinh/Quyet-dinh-1160-QD-UBND-2025-cong-bo-thu-tuc-hanh-chinh-du-lieu-tai-nguyen-So-Nong-nghiep-Dong-Nai-662015.aspx
2025-07-14 04:49:14,062 - INFO - ✅ Đã lấy link: https://thuvienphapluat.vn/van-ban/Bo-may-hanh-chinh/Quyet-dinh-1159-QD-UBND-2025-cong-bo-thu-tuc-hanh-chinh-Bao-ton-thien-nhien-nganh-Nong-nghiep-Dong-Nai-661949.aspx
2025-07-14 04:49:14,066 - INFO - ✅ Đã lấy link: https://thuvienphapluat.vn/van-ban/Bo-may-hanh-chinh/Quyet-dinh-843-QD-BNNMT-2025-cong-bo-thu-tuc-hanh-chinh-chuan-hoa-linh-vuc-thuy-loi-653597.aspx
2025-07-14 04:49:14,072 - INFO - ✅ Đã lấy link: https://thuvienphapluat.vn/van-ban/Bo-may-hanh-chinh/Quyet-dinh-1029-QD-UBND-2025-cong-bo-thu-tuc-hanh-chinh-bao-ton-thien-nhien-So-Nong-nghiep-Hue-657983.aspx
2025-07-14 04:49:14,072 - INFO - ➡️ Đang truy cập: https://thuvienphapluat.vn/page/searchlegal.aspx?keyword=&area=0&match=True&type=0&status=1&signer=0&sort=1&lan=1&scan=0&org=0&fields=15&chlbg=09/07/1945&chlend=09/07/2035&page=173
2025-07-14 04:49:14,750 - INFO - ⏳ Chờ 5.18s giả lập người dùng...
2025-07-14 04:49:20,130 - INFO - 🤖 CAPTCHA OCR: 
2025-07-14 04:49:23,259 - INFO - 🧭 Tiêu đề trang: THƯ VIỆN PHÁP LUẬT _ Tra cứu, Nắm bắt Pháp Luật Việt Nam
2025-07-14 04:49:35,912 - ERROR - ❌ Lỗi tại trang 173: Message: 
Stacktrace:
#0 0x5de36034823a <unknown>
#1 0x5de35fdf2ab0 <unknown>
#2 0x5de35fe446f0 <unknown>
#3 0x5de35fe448e1 <unknown>
#4 0x5de35fe92b94 <unknown>
#5 0x5de35fe6a1cd <unknown>
#6 0x5de35fe8ffee <unknown>
#7 0x5de35fe69f73 <unknown>
#8 0x5de35fe36aeb <unknown>
#9 0x5de35fe37751 <unknown>
#10 0x5de36030cb4b <unknown>
#11 0x5de360310929 <unknown>
#12 0x5de3602f3929 <unknown>
#13 0x5de3603114e8 <unknown>
#14 0x5de3602d80df <unknown>
#15 0x5de3603358e8 <unknown>
#16 0x5de360335ac6 <unknown>
#17 0x5de360347556 <unknown>
#18 0x753b3cc67609 start_thread

2025-07-14 04:49:35,924 - INFO - ➡️ Đang truy cập: https://thuvienphapluat.vn/page/searchlegal.aspx?keyword=&area=0&match=True&type=0&status=1&signer=0&sort=1&lan=1&scan=0&org=0&fields=15&chlbg=09/07/1945&chlend=09/07/2035&page=174
2025-07-14 04:49:36,358 - INFO - ⏳ Chờ 4.93s giả lập người dùng...
2025-07-14 04:49:41,491 - INFO - 🤖 CAPTCHA OCR: 
2025-07-14 04:49:44,600 - INFO - 🧭 Tiêu đề trang: THƯ VIỆN PHÁP LUẬT _ Tra cứu, Nắm bắt Pháp Luật Việt Nam
2025-07-14 04:49:57,246 - ERROR - ❌ Lỗi tại trang 174: Message: 
Stacktrace:
#0 0x5de36034823a <unknown>
#1 0x5de35fdf2ab0 <unknown>
#2 0x5de35fe446f0 <unknown>
#3 0x5de35fe448e1 <unknown>
#4 0x5de35fe92b94 <unknown>
#5 0x5de35fe6a1cd <unknown>
#6 0x5de35fe8ffee <unknown>
#7 0x5de35fe69f73 <unknown>
#8 0x5de35fe36aeb <unknown>
#9 0x5de35fe37751 <unknown>
#10 0x5de36030cb4b <unknown>
#11 0x5de360310929 <unknown>
#12 0x5de3602f3929 <unknown>
#13 0x5de3603114e8 <unknown>
#14 0x5de3602d80df <unknown>
#15 0x5de3603358e8 <unknown>
#16 0x5de360335ac6 <unknown>
#17 0x5de360347556 <unknown>
#18 0x753b3cc67609 start_thread

2025-07-14 04:49:57,257 - INFO - ➡️ Đang truy cập: https://thuvienphapluat.vn/page/searchlegal.aspx?keyword=&area=0&match=True&type=0&status=1&signer=0&sort=1&lan=1&scan=0&org=0&fields=15&chlbg=09/07/1945&chlend=09/07/2035&page=175
2025-07-14 04:49:57,852 - INFO - ⏳ Chờ 4.47s giả lập người dùng...
2025-07-14 04:50:02,528 - INFO - 🤖 CAPTCHA OCR: 
2025-07-14 04:50:05,635 - INFO - 🧭 Tiêu đề trang: THƯ VIỆN PHÁP LUẬT _ Tra cứu, Nắm bắt Pháp Luật Việt Nam
2025-07-14 04:50:18,277 - ERROR - ❌ Lỗi tại trang 175: Message: 
Stacktrace:
#0 0x5de36034823a <unknown>
#1 0x5de35fdf2ab0 <unknown>
#2 0x5de35fe446f0 <unknown>
#3 0x5de35fe448e1 <unknown>
#4 0x5de35fe92b94 <unknown>
#5 0x5de35fe6a1cd <unknown>
#6 0x5de35fe8ffee <unknown>
#7 0x5de35fe69f73 <unknown>
#8 0x5de35fe36aeb <unknown>
#9 0x5de35fe37751 <unknown>
#10 0x5de36030cb4b <unknown>
#11 0x5de360310929 <unknown>
#12 0x5de3602f3929 <unknown>
#13 0x5de3603114e8 <unknown>
#14 0x5de3602d80df <unknown>
#15 0x5de3603358e8 <unknown>
#16 0x5de360335ac6 <unknown>
#17 0x5de360347556 <unknown>
#18 0x753b3cc67609 start_thread

2025-07-14 04:50:18,288 - INFO - ➡️ Đang truy cập: https://thuvienphapluat.vn/page/searchlegal.aspx?keyword=&area=0&match=True&type=0&status=1&signer=0&sort=1&lan=1&scan=0&org=0&fields=15&chlbg=09/07/1945&chlend=09/07/2035&page=176
2025-07-14 04:50:18,975 - INFO - ⏳ Chờ 6.42s giả lập người dùng...
2025-07-14 04:50:25,592 - INFO - 🤖 CAPTCHA OCR: 
2025-07-14 04:50:28,829 - INFO - 🧭 Tiêu đề trang: THƯ VIỆN PHÁP LUẬT _ Tra cứu, Nắm bắt Pháp Luật Việt Nam
2025-07-14 04:50:41,447 - ERROR - ❌ Lỗi tại trang 176: Message: 
Stacktrace:
#0 0x5de36034823a <unknown>
#1 0x5de35fdf2ab0 <unknown>
#2 0x5de35fe446f0 <unknown>
#3 0x5de35fe448e1 <unknown>
#4 0x5de35fe92b94 <unknown>
#5 0x5de35fe6a1cd <unknown>
#6 0x5de35fe8ffee <unknown>
#7 0x5de35fe69f73 <unknown>
#8 0x5de35fe36aeb <unknown>
#9 0x5de35fe37751 <unknown>
#10 0x5de36030cb4b <unknown>
#11 0x5de360310929 <unknown>
#12 0x5de3602f3929 <unknown>
#13 0x5de3603114e8 <unknown>
#14 0x5de3602d80df <unknown>
#15 0x5de3603358e8 <unknown>
#16 0x5de360335ac6 <unknown>
#17 0x5de360347556 <unknown>
#18 0x753b3cc67609 start_thread

2025-07-14 04:50:41,459 - INFO - ➡️ Đang truy cập: https://thuvienphapluat.vn/page/searchlegal.aspx?keyword=&area=0&match=True&type=0&status=1&signer=0&sort=1&lan=1&scan=0&org=0&fields=15&chlbg=09/07/1945&chlend=09/07/2035&page=177
2025-07-14 04:50:41,874 - INFO - ⏳ Chờ 5.32s giả lập người dùng...
2025-07-14 04:50:47,387 - INFO - 🤖 CAPTCHA OCR: 772372
2025-07-14 04:50:50,509 - INFO - 🧭 Tiêu đề trang: Tra cứu Văn Bản Pháp Luật
2025-07-14 04:50:50,525 - INFO - ✅ Đã lấy link: https://thuvienphapluat.vn/van-ban/Bo-may-hanh-chinh/Quyet-dinh-1254-QD-BTP-2025-Trien-khai-Ket-luan-Hoi-nghi-Tu-phap-cac-tinh-co-chung-duong-bien-gioi-Lao-655389.aspx
2025-07-14 04:50:50,528 - INFO - ✅ Đã lấy link: https://thuvienphapluat.vn/van-ban/Bo-may-hanh-chinh/Quyet-dinh-758-QD-TTg-2025-Ke-hoach-thuc-hien-sap-xep-don-vi-hanh-chinh-652178.aspx
2025-07-14 04:50:50,532 - INFO - ✅ Đã lấy link: https://thuvienphapluat.vn/van-ban/Bat-dong-san/Quyet-dinh-1139-QD-UBND-2025-cong-bo-thu-tuc-hanh-chinh-linh-vuc-Dat-dai-nganh-Nong-nghiep-Dong-Nai-661945.aspx
2025-07-14 04:50:50,536 - INFO - ✅ Đã lấy link: https://thuvienphapluat.vn/van-ban/Bo-may-hanh-chinh/Quyet-dinh-759-QD-TTg-2025-phe-duyet-De-an-sap-xep-to-chuc-lai-don-vi-hanh-chinh-cac-cap-651583.aspx
2025-07-14 04:50:50,539 - INFO - ✅ Đã lấy link: https://thuvienphapluat.vn/van-ban/Bo-may-hanh-chinh/Quyet-dinh-637-QD-UBND-2025-cong-bo-thu-tuc-hanh-chinh-bao-ton-thien-nhien-So-Nong-nghiep-Bac-Ninh-658722.aspx
2025-07-14 04:50:50,543 - INFO - ✅ Đã lấy link: https://thuvienphapluat.vn/van-ban/Bat-dong-san/Quyet-dinh-1457-QD-UBND-2025-quy-trinh-thu-tuc-hanh-chinh-linh-vuc-dat-dai-Uy-ban-quan-Ho-Chi-Minh-661478.aspx
2025-07-14 04:50:50,546 - INFO - ✅ Đã lấy link: https://thuvienphapluat.vn/van-ban/Bo-may-hanh-chinh/Quyet-dinh-1018-QD-UBND-2025-thu-tuc-hanh-chinh-khong-phu-thuoc-vao-dia-gioi-hanh-chinh-Hue-657665.aspx
2025-07-14 04:50:50,550 - INFO - ✅ Đã lấy link: https://thuvienphapluat.vn/van-ban/Bat-dong-san/Quyet-dinh-12-2025-QD-UBND-co-che-giam-sat-dich-vu-cong-linh-vuc-quan-ly-dat-dai-Nghe-An-657513.aspx
2025-07-14 04:50:50,554 - INFO - ✅ Đã lấy link: https://thuvienphapluat.vn/van-ban/Bo-may-hanh-chinh/Nghi-quyet-76-2025-UBTVQH15-sap-xep-don-vi-hanh-chinh-651673.aspx
2025-07-14 04:50:50,557 - INFO - ✅ Đã lấy link: https://thuvienphapluat.vn/van-ban/Bo-may-hanh-chinh/Quyet-dinh-571-QD-UBND-2025-cong-bo-thu-tuc-hanh-chinh-To-chuc-Bien-che-So-Noi-vu-Phu-Yen-664463.aspx
2025-07-14 04:50:50,561 - INFO - ✅ Đã lấy link: https://thuvienphapluat.vn/van-ban/Bo-may-hanh-chinh/Quyet-dinh-808-QD-UBND-2025-cong-bo-thu-tuc-hanh-chinh-bao-ton-thien-nhien-So-Nong-nghiep-Hoa-Binh-655041.aspx
2025-07-14 04:50:50,565 - INFO - ✅ Đã lấy link: https://thuvienphapluat.vn/van-ban/Bo-may-hanh-chinh/Quyet-dinh-429-QD-UBND-2025-cong-bo-thu-tuc-hanh-chinh-Bao-tro-xa-hoi-So-Y-te-Ninh-Binh-651770.aspx
2025-07-14 04:50:50,569 - INFO - ✅ Đã lấy link: https://thuvienphapluat.vn/van-ban/Bo-may-hanh-chinh/Quyet-dinh-755-QD-TTg-2025-thuc-hien-De-an-sap-xep-he-thong-co-quan-thanh-tra-tinh-gon-652533.aspx
2025-07-14 04:50:50,573 - INFO - ✅ Đã lấy link: https://thuvienphapluat.vn/van-ban/Bo-may-hanh-chinh/Quyet-dinh-464-QD-UBND-2025-cong-bo-thu-tuc-hanh-chinh-Bao-tro-xa-hoi-So-Y-te-Ninh-Thuan-655656.aspx
2025-07-14 04:50:50,576 - INFO - ✅ Đã lấy link: https://thuvienphapluat.vn/van-ban/Bo-may-hanh-chinh/Nghi-quyet-82-NQ-CP-2025-du-thao-Luat-Thanh-tra-sua-doi-651723.aspx
2025-07-14 04:50:50,580 - INFO - ✅ Đã lấy link: https://thuvienphapluat.vn/van-ban/Bo-may-hanh-chinh/Quyet-dinh-1135-QD-UBND-2025-cong-bo-thu-tuc-hanh-chinh-thi-dua-khen-thuong-Uy-ban-xa-Ben-Tre-658922.aspx
2025-07-14 04:50:50,584 - INFO - ✅ Đã lấy link: https://thuvienphapluat.vn/van-ban/Bo-may-hanh-chinh/Quyet-dinh-1132-QD-UBND-2025-cong-bo-thu-tuc-hanh-chinh-tai-nguyen-nuoc-Uy-ban-huyen-Ben-Tre-658913.aspx
2025-07-14 04:50:50,588 - INFO - ✅ Đã lấy link: https://thuvienphapluat.vn/van-ban/Bo-may-hanh-chinh/Quyet-dinh-1131-QD-UBND-2025-thu-tuc-hanh-chinh-chinh-quyen-dia-phuong-So-Noi-vu-Ben-Tre-658921.aspx
2025-07-14 04:50:50,592 - INFO - ✅ Đã lấy link: https://thuvienphapluat.vn/van-ban/Bo-may-hanh-chinh/Quyet-dinh-1136-QD-UBND-2025-cong-bo-thu-tuc-hanh-chinh-thi-dua-khen-thuong-Uy-ban-huyen-Ben-Tre-658923.aspx
2025-07-14 04:50:50,595 - INFO - ✅ Đã lấy link: https://thuvienphapluat.vn/van-ban/Bo-may-hanh-chinh/Nghi-quyet-60-NQ-TW-2025-Hoi-nghi-lan-thu-11-Ban-chap-hanh-Trung-uong-Dang-khoa-XIII-651377.aspx
2025-07-14 04:50:50,595 - INFO - ➡️ Đang truy cập: https://thuvienphapluat.vn/page/searchlegal.aspx?keyword=&area=0&match=True&type=0&status=1&signer=0&sort=1&lan=1&scan=0&org=0&fields=15&chlbg=09/07/1945&chlend=09/07/2035&page=178
2025-07-14 04:50:51,228 - INFO - ⏳ Chờ 5.46s giả lập người dùng...
2025-07-14 04:50:56,883 - INFO - 🤖 CAPTCHA OCR: 4
2025-07-14 04:50:59,994 - INFO - 🧭 Tiêu đề trang: THƯ VIỆN PHÁP LUẬT _ Tra cứu, Nắm bắt Pháp Luật Việt Nam
2025-07-14 04:51:12,657 - ERROR - ❌ Lỗi tại trang 178: Message: 
Stacktrace:
#0 0x5de36034823a <unknown>
#1 0x5de35fdf2ab0 <unknown>
#2 0x5de35fe446f0 <unknown>
#3 0x5de35fe448e1 <unknown>
#4 0x5de35fe92b94 <unknown>
#5 0x5de35fe6a1cd <unknown>
#6 0x5de35fe8ffee <unknown>
#7 0x5de35fe69f73 <unknown>
#8 0x5de35fe36aeb <unknown>
#9 0x5de35fe37751 <unknown>
#10 0x5de36030cb4b <unknown>
#11 0x5de360310929 <unknown>
#12 0x5de3602f3929 <unknown>
#13 0x5de3603114e8 <unknown>
#14 0x5de3602d80df <unknown>
#15 0x5de3603358e8 <unknown>
#16 0x5de360335ac6 <unknown>
#17 0x5de360347556 <unknown>
#18 0x753b3cc67609 start_thread

2025-07-14 04:51:12,668 - INFO - ➡️ Đang truy cập: https://thuvienphapluat.vn/page/searchlegal.aspx?keyword=&area=0&match=True&type=0&status=1&signer=0&sort=1&lan=1&scan=0&org=0&fields=15&chlbg=09/07/1945&chlend=09/07/2035&page=179
2025-07-14 04:51:13,382 - INFO - ⏳ Chờ 5.34s giả lập người dùng...
2025-07-14 04:51:18,923 - INFO - 🤖 CAPTCHA OCR: 886518
2025-07-14 04:51:22,939 - INFO - 🧭 Tiêu đề trang: Tra cứu Văn Bản Pháp Luật
2025-07-14 04:51:22,954 - INFO - ✅ Đã lấy link: https://thuvienphapluat.vn/van-ban/Bo-may-hanh-chinh/Quyet-dinh-437-QD-UBND-2025-cong-bo-thu-tuc-hanh-chinh-duong-bo-So-Xay-dung-Tuyen-Quang-652083.aspx
2025-07-14 04:51:22,958 - INFO - ✅ Đã lấy link: https://thuvienphapluat.vn/van-ban/Bo-may-hanh-chinh/Quyet-dinh-425-QD-UBND-2025-phuong-an-don-gian-hoa-thu-tuc-hanh-chinh-So-Y-te-Ninh-Binh-651714.aspx
2025-07-14 04:51:22,962 - INFO - ✅ Đã lấy link: https://thuvienphapluat.vn/van-ban/Bo-may-hanh-chinh/Quyet-dinh-423-QD-UBND-2025-phuong-an-don-gian-hoa-thu-tuc-hanh-chinh-So-Tu-phap-Ninh-Binh-651713.aspx
2025-07-14 04:51:22,966 - INFO - ✅ Đã lấy link: https://thuvienphapluat.vn/van-ban/Bo-may-hanh-chinh/Quyet-dinh-422-QD-UBND-2025-don-gian-hoa-thu-tuc-hanh-chinh-So-Xay-dung-Ninh-Binh-651712.aspx
2025-07-14 04:51:22,970 - INFO - ✅ Đã lấy link: https://thuvienphapluat.vn/van-ban/Bo-may-hanh-chinh/Quyet-dinh-421-QD-UBND-2025-phuong-an-don-gian-hoa-thu-tuc-hanh-chinh-So-Khoa-hoc-Ninh-Binh-651711.aspx
2025-07-14 04:51:22,973 - INFO - ✅ Đã lấy link: https://thuvienphapluat.vn/van-ban/Lao-dong-Tien-luong/Quyet-dinh-414-QD-UBND-2025-cong-bo-thu-tuc-hanh-chinh-Viec-lam-So-Noi-vu-Ninh-Binh-651710.aspx
2025-07-14 04:51:22,977 - INFO - ✅ Đã lấy link: https://thuvienphapluat.vn/van-ban/Bat-dong-san/Quyet-dinh-413-QD-UBND-2025-cong-bo-thu-tuc-hanh-chinh-dat-dai-So-Nong-nghiep-Ninh-Binh-651709.aspx
2025-07-14 04:51:22,981 - INFO - ✅ Đã lấy link: https://thuvienphapluat.vn/van-ban/Bo-may-hanh-chinh/Quyet-dinh-412-QD-UBND-2025-don-gian-hoa-thu-tuc-hanh-chinh-Ngoai-giao-Van-phong-Uy-ban-tinh-Ninh-Binh-651708.aspx
2025-07-14 04:51:22,984 - INFO - ✅ Đã lấy link: https://thuvienphapluat.vn/van-ban/Bo-may-hanh-chinh/Quyet-dinh-411-QD-UBND-2025-phuong-an-don-gian-hoa-thu-tuc-hanh-chinh-Thanh-tra-Ninh-Binh-651707.aspx
2025-07-14 04:51:22,988 - INFO - ✅ Đã lấy link: https://thuvienphapluat.vn/van-ban/Bo-may-hanh-chinh/Quyet-dinh-2000-QD-UBND-2025-phan-cong-nhiem-vu-soan-thao-cac-van-ban-phat-trien-khoa-hoc-Ha-Noi-651780.aspx
2025-07-14 04:51:22,992 - INFO - ✅ Đã lấy link: https://thuvienphapluat.vn/van-ban/Bo-may-hanh-chinh/Quyet-dinh-38-2025-QD-UBND-chuc-nang-nhiem-vu-Chi-cuc-Dan-so-thuoc-So-Y-te-Phu-Tho-654358.aspx
2025-07-14 04:51:22,995 - INFO - ✅ Đã lấy link: https://thuvienphapluat.vn/van-ban/Bo-may-hanh-chinh/Quyet-dinh-37-2025-QD-UBND-chuc-nang-nhiem-vu-Chi-cu-An-toan-ve-sinh-thuc-pham-Quang-Ninh-654815.aspx
2025-07-14 04:51:22,999 - INFO - ✅ Đã lấy link: https://thuvienphapluat.vn/van-ban/Bo-may-hanh-chinh/Quyet-dinh-37-2025-QD-UBND-chuc-nang-nhiem-vu-So-Khoa-hoc-va-Cong-nghe-Phu-Tho-654360.aspx
2025-07-14 04:51:23,003 - INFO - ✅ Đã lấy link: https://thuvienphapluat.vn/van-ban/Bo-may-hanh-chinh/Quyet-dinh-30-2025-QD-UBND-chuc-nang-nhiem-vu-quyen-han-So-Cong-Thuong-Da-Nang-654554.aspx
2025-07-14 04:51:23,006 - INFO - ✅ Đã lấy link: https://thuvienphapluat.vn/van-ban/Bo-may-hanh-chinh/Chi-thi-07-CT-UBND-2025-quan-ly-cong-tac-van-thu-luu-tru-sap-xep-to-chuc-bo-may-Can-Tho-652074.aspx
2025-07-14 04:51:23,010 - INFO - ✅ Đã lấy link: https://thuvienphapluat.vn/van-ban/Bo-may-hanh-chinh/Quyet-dinh-29-2025-QD-UBND-chuc-nang-nhiem-vu-Chi-cuc-Nong-nghiep-Da-Nang-654250.aspx
2025-07-14 04:51:23,014 - INFO - ✅ Đã lấy link: https://thuvienphapluat.vn/van-ban/Bo-may-hanh-chinh/Quyet-dinh-705-QD-UBND-2025-cong-bo-thu-tuc-hanh-chinh-cap-dich-vu-cong-truc-tuyen-So-Tu-phap-Dien-Bien-654480.aspx
2025-07-14 04:51:23,018 - INFO - ✅ Đã lấy link: https://thuvienphapluat.vn/van-ban/Bo-may-hanh-chinh/Quyet-dinh-761-QD-BNNMT-2025-chuc-nang-nhiem-vu-Trung-tam-Phan-tich-Kiem-dinh-dia-chat-653599.aspx
2025-07-14 04:51:23,021 - INFO - ✅ Đã lấy link: https://thuvienphapluat.vn/van-ban/Bo-may-hanh-chinh/Quyet-dinh-760-QD-BNNMT-2025-chuc-nang-nhiem-vu-quyen-han-Lien-doan-Vat-ly-Dia-chat-654513.aspx
2025-07-14 04:51:23,025 - INFO - ✅ Đã lấy link: https://thuvienphapluat.vn/van-ban/Bo-may-hanh-chinh/Quyet-dinh-758-QD-BNNMT-2025-chuc-nang-nhiem-vu-Lien-doan-Vat-ly-Dia-chat-Cuc-Dia-chat-653600.aspx
2025-07-14 04:51:23,025 - INFO - ➡️ Đang truy cập: https://thuvienphapluat.vn/page/searchlegal.aspx?keyword=&area=0&match=True&type=0&status=1&signer=0&sort=1&lan=1&scan=0&org=0&fields=15&chlbg=09/07/1945&chlend=09/07/2035&page=180
2025-07-14 04:51:23,742 - INFO - ⏳ Chờ 4.35s giả lập người dùng...
2025-07-14 04:51:28,284 - INFO - 🤖 CAPTCHA OCR: 314247
2025-07-14 04:51:31,392 - INFO - 🧭 Tiêu đề trang: Tra cứu Văn Bản Pháp Luật
2025-07-14 04:51:31,407 - INFO - ✅ Đã lấy link: https://thuvienphapluat.vn/van-ban/Bo-may-hanh-chinh/Quyet-dinh-756-QD-BNNMT-2025-chuc-nang-nhiem-vu-Lien-doan-Dia-chat-Trung-Trung-Bo-654296.aspx
2025-07-14 04:51:31,411 - INFO - ✅ Đã lấy link: https://thuvienphapluat.vn/van-ban/Bo-may-hanh-chinh/Quyet-dinh-1267-QD-UBND-2025-quy-trinh-thu-tuc-hanh-chinh-Khi-tuong-So-Nong-nghiep-Binh-Dinh-653822.aspx
2025-07-14 04:51:31,415 - INFO - ✅ Đã lấy link: https://thuvienphapluat.vn/van-ban/Bo-may-hanh-chinh/Quyet-dinh-751-QD-BNNMT-2025-chuc-nang-nhiem-vu-Chi-cuc-Dia-chat-va-Khoang-san-mien-Nam-654289.aspx
2025-07-14 04:51:31,418 - INFO - ✅ Đã lấy link: https://thuvienphapluat.vn/van-ban/Bo-may-hanh-chinh/Quyet-dinh-753-QD-BNNMT-2025-chuc-nang-nhiem-vu-Lien-doan-Ban-do-va-Dia-chat-bien-mien-Nam-654291.aspx
2025-07-14 04:51:31,422 - INFO - ✅ Đã lấy link: https://thuvienphapluat.vn/van-ban/Bo-may-hanh-chinh/Quyet-dinh-752-QD-BNNMT-2025-chuc-nang-nhiem-vu-Lien-doan-Ban-do-va-Dia-chat-bien-mien-Bac-654300.aspx
2025-07-14 04:51:31,426 - INFO - ✅ Đã lấy link: https://thuvienphapluat.vn/van-ban/Bo-may-hanh-chinh/Quyet-dinh-394-QD-BXD-2025-Quy-che-phat-ngon-va-cung-cap-thong-tin-cho-bao-chi-653791.aspx
2025-07-14 04:51:31,429 - INFO - ✅ Đã lấy link: https://thuvienphapluat.vn/van-ban/Bo-may-hanh-chinh/Quyet-dinh-35-2025-QD-UBND-chuc-nang-nhiem-vu-Trung-tam-Phuc-vu-hanh-chinh-cong-Phu-Tho-651764.aspx
2025-07-14 04:51:31,433 - INFO - ✅ Đã lấy link: https://thuvienphapluat.vn/van-ban/Bo-may-hanh-chinh/Quyet-dinh-34-2025-QD-UBND-chuc-nang-nhiem-vu-Trung-tam-Kiem-dinh-Tu-van-xay-dung-Phu-Tho-651763.aspx
2025-07-14 04:51:31,436 - INFO - ✅ Đã lấy link: https://thuvienphapluat.vn/van-ban/Thuong-mai/Quyet-dinh-33-2025-QD-UBND-chuc-nang-nhiem-vu-Chi-cuc-Quan-ly-thi-truong-Phu-Tho-651762.aspx
2025-07-14 04:51:31,440 - INFO - ✅ Đã lấy link: https://thuvienphapluat.vn/van-ban/Bo-may-hanh-chinh/Quyet-dinh-27-2025-QD-UBND-sua-doi-Quy-dinh-phan-cap-quan-ly-linh-vuc-khoa-hoc-Dien-Bien-651759.aspx
2025-07-14 04:51:31,444 - INFO - ✅ Đã lấy link: https://thuvienphapluat.vn/van-ban/Bo-may-hanh-chinh/Quyet-dinh-21-2025-QD-UBND-sua-doi-Quy-che-lam-viec-Uy-ban-nhan-dan-Bac-Kan-651760.aspx
2025-07-14 04:51:31,447 - INFO - ✅ Đã lấy link: https://thuvienphapluat.vn/van-ban/Bo-may-hanh-chinh/Quyet-dinh-28-2025-QD-UBND-chuc-nang-nhiem-vu-Chi-cuc-Quan-ly-tai-nguyen-nuoc-va-Thuy-loi-Da-Nang-654249.aspx
2025-07-14 04:51:31,451 - INFO - ✅ Đã lấy link: https://thuvienphapluat.vn/van-ban/Bo-may-hanh-chinh/Thong-tu-26-2025-TT-BCA-giay-chung-nhan-chuyen-mon-thuyen-vien-tren-phuong-tien-thuy-655044.aspx
2025-07-14 04:51:31,454 - INFO - ✅ Đã lấy link: https://thuvienphapluat.vn/van-ban/Bo-may-hanh-chinh/Quyet-dinh-981-QD-UBND-2025-cong-bo-thu-tuc-hanh-chinh-Bao-tro-xa-hoi-So-Y-te-Vung-Tau-657748.aspx
2025-07-14 04:51:31,458 - INFO - ✅ Đã lấy link: https://thuvienphapluat.vn/van-ban/Bo-may-hanh-chinh/Quyet-dinh-1143-QD-UBND-2025-cong-bo-thu-tuc-hanh-chinh-sua-doi-linh-vuc-Tre-em-Hai-Phong-651716.aspx
2025-07-14 04:51:31,461 - INFO - ✅ Đã lấy link: https://thuvienphapluat.vn/van-ban/Bo-may-hanh-chinh/Quyet-dinh-1080-QD-UBND-2025-cong-bo-thu-tuc-hanh-chinh-linh-vuc-Tre-em-So-Y-te-Thanh-Hoa-651784.aspx
2025-07-14 04:51:31,465 - INFO - ✅ Đã lấy link: https://thuvienphapluat.vn/van-ban/Bo-may-hanh-chinh/Quyet-dinh-850-QD-UBND-2025-cong-bo-thu-tuc-hanh-chinh-linh-vuc-tin-nguong-Uy-ban-tinh-Dak-Lak-652246.aspx
2025-07-14 04:51:31,469 - INFO - ✅ Đã lấy link: https://thuvienphapluat.vn/van-ban/Bo-may-hanh-chinh/Quyet-dinh-837-QD-UBND-2025-cong-bo-thu-tuc-hanh-chinh-linh-vuc-Tre-em-So-Y-te-Son-La-651779.aspx
2025-07-14 04:51:31,472 - INFO - ✅ Đã lấy link: https://thuvienphapluat.vn/van-ban/Bo-may-hanh-chinh/Quyet-dinh-808-QD-UBND-2025-cong-bo-thu-tuc-hanh-chinh-giao-duc-nganh-Giao-duc-Binh-Phuoc-651782.aspx
2025-07-14 04:51:31,476 - INFO - ✅ Đã lấy link: https://thuvienphapluat.vn/van-ban/Cong-nghe-thong-tin/Quyet-dinh-804-QD-UBND-2025-quy-trinh-thu-tuc-hanh-chinh-Buu-chinh-nganh-Khoa-hoc-Binh-Phuoc-651787.aspx
2025-07-14 04:51:31,476 - INFO - ➡️ Đang truy cập: https://thuvienphapluat.vn/page/searchlegal.aspx?keyword=&area=0&match=True&type=0&status=1&signer=0&sort=1&lan=1&scan=0&org=0&fields=15&chlbg=09/07/1945&chlend=09/07/2035&page=181
2025-07-14 04:51:31,850 - INFO - ⏳ Chờ 4.75s giả lập người dùng...
2025-07-14 04:51:36,819 - INFO - 🤖 CAPTCHA OCR: 371737
2025-07-14 04:51:39,932 - INFO - 🧭 Tiêu đề trang: Tra cứu Văn Bản Pháp Luật
2025-07-14 04:51:39,948 - INFO - ✅ Đã lấy link: https://thuvienphapluat.vn/van-ban/Bo-may-hanh-chinh/Quyet-dinh-752-QD-TTg-2025-kien-toan-thanh-vien-Ban-Chi-dao-du-an-quan-trong-quoc-gia-nganh-Giao-thong-651605.aspx
2025-07-14 04:51:39,951 - INFO - ✅ Đã lấy link: https://thuvienphapluat.vn/van-ban/Bo-may-hanh-chinh/Quyet-dinh-751-QD-TTg-2025-thanh-lap-Ban-Chi-dao-giai-quyet-van-de-kho-khan-du-an-ton-dong-651604.aspx
2025-07-14 04:51:39,955 - INFO - ✅ Đã lấy link: https://thuvienphapluat.vn/van-ban/Bo-may-hanh-chinh/Quyet-dinh-745-QD-BNNMT-2025-chuc-nang-nhiem-vu-Dai-Khi-tuong-Thuy-van-Nam-Bo-Tay-Nguyen-651601.aspx
2025-07-14 04:51:39,958 - INFO - ✅ Đã lấy link: https://thuvienphapluat.vn/van-ban/Bo-may-hanh-chinh/Quyet-dinh-741-QD-BNNMT-2025-chuc-nang-Trung-tam-Dieu-tra-khao-sat-dich-vu-khi-tuong-thuy-van-651602.aspx
2025-07-14 04:51:39,962 - INFO - ✅ Đã lấy link: https://thuvienphapluat.vn/van-ban/Cong-nghe-thong-tin/Quyet-dinh-706-QD-UBND-2025-cong-bo-thu-tuc-hanh-chinh-cap-dich-vu-cong-truc-tuyen-So-Van-hoa-Dien-Bien-651789.aspx
2025-07-14 04:51:39,966 - INFO - ✅ Đã lấy link: https://thuvienphapluat.vn/van-ban/Bo-may-hanh-chinh/Quyet-dinh-703-QD-UBND-2025-cong-bo-thu-tuc-hanh-chinh-truc-tuyen-So-Xay-dung-Dien-Bien-651790.aspx
2025-07-14 04:51:39,969 - INFO - ✅ Đã lấy link: https://thuvienphapluat.vn/van-ban/Bo-may-hanh-chinh/Quyet-dinh-702-QD-UBND-2025-cong-bo-thu-tuc-hanh-chinh-dich-vu-cong-truc-tuyen-So-Y-te-Dien-Bien-651715.aspx
2025-07-14 04:51:39,973 - INFO - ✅ Đã lấy link: https://thuvienphapluat.vn/van-ban/Bo-may-hanh-chinh/Quyet-dinh-646-QD-UBND-2025-Quy-trinh-thu-tuc-hanh-chinh-Bao-tro-xa-hoi-So-Y-te-Lai-Chau-652218.aspx
2025-07-14 04:51:39,977 - INFO - ✅ Đã lấy link: https://thuvienphapluat.vn/van-ban/Bo-may-hanh-chinh/Quyet-dinh-866-QD-UBND-2025-cong-bo-thu-tuc-hanh-chinh-Do-dac-Ban-do-So-Nong-nghiep-Lang-Son-660091.aspx
2025-07-14 04:51:39,980 - INFO - ✅ Đã lấy link: https://thuvienphapluat.vn/van-ban/Bo-may-hanh-chinh/Quyet-dinh-865-QD-UBND-2025-quy-trinh-thu-tuc-hanh-chinh-Tin-nguong-So-Dan-toc-Lang-Son-660090.aspx
2025-07-14 04:51:39,984 - INFO - ✅ Đã lấy link: https://thuvienphapluat.vn/van-ban/Bo-may-hanh-chinh/Quyet-dinh-836-QD-UBND-2025-cong-bo-thu-tuc-hanh-chinh-linh-vuc-Tre-em-So-Y-te-Hung-Yen-657338.aspx
2025-07-14 04:51:39,988 - INFO - ✅ Đã lấy link: https://thuvienphapluat.vn/van-ban/Bo-may-hanh-chinh/Quyet-dinh-645-QD-UBND-2025-cong-bo-thu-tuc-hanh-chinh-linh-vuc-Thi-dua-So-Noi-vu-Vinh-Long-655777.aspx
2025-07-14 04:51:39,991 - INFO - ✅ Đã lấy link: https://thuvienphapluat.vn/van-ban/Bo-may-hanh-chinh/Quyet-dinh-837-QD-UBND-2025-cong-bo-thu-tuc-hanh-chinh-Giao-duc-dao-tao-So-Giao-duc-Hung-Yen-657351.aspx
2025-07-14 04:51:39,995 - INFO - ✅ Đã lấy link: https://thuvienphapluat.vn/van-ban/Bo-may-hanh-chinh/Quyet-dinh-1265-QD-UBND-2025-cong-bo-thu-tuc-hanh-chinh-Bao-tro-xa-hoi-So-Y-te-Binh-Dinh-651824.aspx
2025-07-14 04:51:39,999 - INFO - ✅ Đã lấy link: https://thuvienphapluat.vn/van-ban/Bo-may-hanh-chinh/Quyet-dinh-1405-QD-UBND-2025-quy-trinh-thu-tuc-hanh-chinh-van-hoa-So-Van-hoa-Ho-Chi-Minh-659027.aspx
2025-07-14 04:51:40,002 - INFO - ✅ Đã lấy link: https://thuvienphapluat.vn/van-ban/Bo-may-hanh-chinh/Quyet-dinh-1407-QD-UBND-2025-quy-trinh-thu-tuc-hanh-chinh-quy-hoach-kien-truc-So-Xay-dung-Ho-Chi-Minh-659026.aspx
2025-07-14 04:51:40,006 - INFO - ✅ Đã lấy link: https://thuvienphapluat.vn/van-ban/Bo-may-hanh-chinh/Quyet-dinh-633-QD-UBND-2025-cong-bo-thu-tuc-hanh-chinh-Do-dac-ban-do-So-Nong-nghiep-Vinh-Long-655776.aspx
2025-07-14 04:51:40,010 - INFO - ✅ Đã lấy link: https://thuvienphapluat.vn/van-ban/Bo-may-hanh-chinh/Quyet-dinh-759-QD-BNNMT-2025-chuc-nang-Trung-tam-Thong-tin-Luu-tru-va-Bao-tang-dia-chat-655025.aspx
2025-07-14 04:51:40,014 - INFO - ✅ Đã lấy link: https://thuvienphapluat.vn/van-ban/Bo-may-hanh-chinh/Quyet-dinh-19-2025-QD-UBND-chuc-nang-nhiem-vu-Chi-cuc-Quan-ly-thi-truong-Binh-Duong%e2%80%8b-651691.aspx
2025-07-14 04:51:40,017 - INFO - ✅ Đã lấy link: https://thuvienphapluat.vn/van-ban/Bo-may-hanh-chinh/Quyet-dinh-271-QD-UBND-2025-quy-trinh-thu-tuc-hanh-chinh-Duong-thuy-noi-dia-So-Xay-dung-Kon-Tum-651398.aspx
2025-07-14 04:51:40,017 - INFO - ➡️ Đang truy cập: https://thuvienphapluat.vn/page/searchlegal.aspx?keyword=&area=0&match=True&type=0&status=1&signer=0&sort=1&lan=1&scan=0&org=0&fields=15&chlbg=09/07/1945&chlend=09/07/2035&page=182
2025-07-14 04:51:40,649 - INFO - ⏳ Chờ 5.82s giả lập người dùng...
2025-07-14 04:51:46,687 - INFO - 🤖 CAPTCHA OCR: 
2025-07-14 04:51:49,806 - INFO - 🧭 Tiêu đề trang: THƯ VIỆN PHÁP LUẬT _ Tra cứu, Nắm bắt Pháp Luật Việt Nam
2025-07-14 04:52:02,458 - ERROR - ❌ Lỗi tại trang 182: Message: 
Stacktrace:
#0 0x5de36034823a <unknown>
#1 0x5de35fdf2ab0 <unknown>
#2 0x5de35fe446f0 <unknown>
#3 0x5de35fe448e1 <unknown>
#4 0x5de35fe92b94 <unknown>
#5 0x5de35fe6a1cd <unknown>
#6 0x5de35fe8ffee <unknown>
#7 0x5de35fe69f73 <unknown>
#8 0x5de35fe36aeb <unknown>
#9 0x5de35fe37751 <unknown>
#10 0x5de36030cb4b <unknown>
#11 0x5de360310929 <unknown>
#12 0x5de3602f3929 <unknown>
#13 0x5de3603114e8 <unknown>
#14 0x5de3602d80df <unknown>
#15 0x5de3603358e8 <unknown>
#16 0x5de360335ac6 <unknown>
#17 0x5de360347556 <unknown>
#18 0x753b3cc67609 start_thread

2025-07-14 04:52:02,469 - INFO - ➡️ Đang truy cập: https://thuvienphapluat.vn/page/searchlegal.aspx?keyword=&area=0&match=True&type=0&status=1&signer=0&sort=1&lan=1&scan=0&org=0&fields=15&chlbg=09/07/1945&chlend=09/07/2035&page=183
2025-07-14 04:52:02,901 - INFO - ⏳ Chờ 5.68s giả lập người dùng...
2025-07-14 04:52:08,814 - INFO - 🤖 CAPTCHA OCR: 544665
2025-07-14 04:52:11,935 - INFO - 🧭 Tiêu đề trang: Tra cứu Văn Bản Pháp Luật
2025-07-14 04:52:11,952 - INFO - ✅ Đã lấy link: https://thuvienphapluat.vn/van-ban/Bo-may-hanh-chinh/Quyet-dinh-529-QD-UBND-2025-cong-bo-thu-tuc-hanh-chinh-linh-vuc-Tre-em-So-Y-te-An-Giang-656344.aspx
2025-07-14 04:52:11,955 - INFO - ✅ Đã lấy link: https://thuvienphapluat.vn/van-ban/Bo-may-hanh-chinh/Quyet-dinh-1081-QD-UBND-2025-cong-bo-thu-tuc-hanh-chinh-linh-vuc-tin-nguong-So-Dan-toc-Thanh-Hoa-651394.aspx
2025-07-14 04:52:11,959 - INFO - ✅ Đã lấy link: https://thuvienphapluat.vn/van-ban/Lao-dong-Tien-luong/Quyet-dinh-687-QD-UBND-2025-cong-bo-thu-tuc-hanh-chinh-quan-ly-lao-dong-ngoai-nuoc-So-Noi-vu-Ca-Mau-660985.aspx
2025-07-14 04:52:11,963 - INFO - ✅ Đã lấy link: https://thuvienphapluat.vn/van-ban/Bo-may-hanh-chinh/Quyet-dinh-686-QD-UBND-2025-cong-bo-thu-tuc-hanh-chinh-nguoi-co-cong-So-Noi-vu-Ca-Mau-660990.aspx
2025-07-14 04:52:11,967 - INFO - ✅ Đã lấy link: https://thuvienphapluat.vn/van-ban/Bao-hiem/Quyet-dinh-684-QD-UBND-2025-cong-bo-thu-tuc-hanh-chinh-bao-hiem-xa-hoi-So-Tai-chinh-Ca-Mau-660980.aspx
2025-07-14 04:52:11,971 - INFO - ✅ Đã lấy link: https://thuvienphapluat.vn/van-ban/Bo-may-hanh-chinh/Quyet-dinh-434-QD-UBND-2025-cong-bo-thu-tuc-hanh-chinh-hoat-dong-khoa-hoc-So-Khoa-hoc-Tuyen-Quang-651294.aspx
2025-07-14 04:52:11,974 - INFO - ✅ Đã lấy link: https://thuvienphapluat.vn/van-ban/Bo-may-hanh-chinh/Quyet-dinh-1406-QD-UBND-2025-quy-trinh-thu-tuc-hanh-chinh-moi-truong-Ban-Cong-nghe-cao-Ho-Chi-Minh-660942.aspx
2025-07-14 04:52:11,978 - INFO - ✅ Đã lấy link: https://thuvienphapluat.vn/van-ban/Bat-dong-san/Quyet-dinh-1135-QD-UBND-2025-cong-bo-thu-tuc-hanh-chinh-Dat-dai-nganh-Nong-nghiep-Dong-Nai-661943.aspx
2025-07-14 04:52:11,982 - INFO - ✅ Đã lấy link: https://thuvienphapluat.vn/van-ban/Bo-may-hanh-chinh/Quyet-dinh-749-QD-UBND-2025-cong-bo-thu-tuc-hanh-chinh-linh-vuc-van-hoa-cap-tinh-Lam-Dong-661411.aspx
2025-07-14 04:52:11,985 - INFO - ✅ Đã lấy link: https://thuvienphapluat.vn/van-ban/Lao-dong-Tien-luong/Quyet-dinh-3888-QD-UBND-2025-cong-bo-thu-tuc-hanh-chinh-giao-duc-nghe-nghiep-So-Giao-duc-Long-An-661978.aspx
2025-07-14 04:52:11,989 - INFO - ✅ Đã lấy link: https://thuvienphapluat.vn/van-ban/Bo-may-hanh-chinh/Quyet-dinh-754-QD-BNNMT-2025-chuc-nang-nhiem-vu-quyen-han-Lien-doan-Dia-chat-Dong-Bac-654295.aspx
2025-07-14 04:52:11,993 - INFO - ✅ Đã lấy link: https://thuvienphapluat.vn/van-ban/Bo-may-hanh-chinh/Quyet-dinh-682-QD-UBND-2025-cong-bo-thu-tuc-hanh-chinh-bao-ton-thien-nhien-So-Nong-nghiep-Ca-Mau-662296.aspx
2025-07-14 04:52:11,996 - INFO - ✅ Đã lấy link: https://thuvienphapluat.vn/van-ban/Lao-dong-Tien-luong/Quyet-dinh-680-QD-UBND-2025-cong-bo-thu-tuc-hanh-chinh-ve-sinh-lao-dong-So-Noi-vu-Ca-Mau-662292.aspx
2025-07-14 04:52:12,000 - INFO - ✅ Đã lấy link: https://thuvienphapluat.vn/van-ban/Bo-may-hanh-chinh/Quyet-dinh-679-QD-UBND-2025-cong-bo-thu-tuc-hanh-chinh-bao-tro-xa-hoi-Uy-ban-tinh-Ca-Mau-662291.aspx
2025-07-14 04:52:12,003 - INFO - ✅ Đã lấy link: https://thuvienphapluat.vn/van-ban/Lao-dong-Tien-luong/Quyet-dinh-685-QD-UBND-2025-cong-bo-thu-tuc-hanh-chinh-linh-vuc-lao-dong-So-Noi-vu-Ca-Mau-662297.aspx
2025-07-14 04:52:12,007 - INFO - ✅ Đã lấy link: https://thuvienphapluat.vn/van-ban/Bo-may-hanh-chinh/Quyet-dinh-683-QD-UBND-2025-cong-bo-thu-tuc-hanh-chinh-linh-vuc-chan-nuoi-So-Nong-nghiep-Ca-Mau-661256.aspx
2025-07-14 04:52:12,010 - INFO - ✅ Đã lấy link: https://thuvienphapluat.vn/van-ban/Bo-may-hanh-chinh/Quyet-dinh-21-2025-QD-UBND-chuc-nang-nhiem-vu-Chi-cuc-Chan-nuoi-Thu-y-Thuy-san-Dong-Thap-651565.aspx
2025-07-14 04:52:12,014 - INFO - ✅ Đã lấy link: https://thuvienphapluat.vn/van-ban/Bo-may-hanh-chinh/Quyet-dinh-1327-QD-BTC-2025-cong-bo-thu-tuc-hanh-chinh-linh-vuc-quan-ly-cong-san-651586.aspx
2025-07-14 04:52:12,018 - INFO - ✅ Đã lấy link: https://thuvienphapluat.vn/van-ban/Bo-may-hanh-chinh/Quyet-dinh-678-QD-UBND-2025-cong-bo-thu-tuc-hanh-chinh-linh-vuc-nong-nghiep-So-Nong-nghiep-Ca-Mau-662290.aspx
2025-07-14 04:52:12,022 - INFO - ✅ Đã lấy link: https://thuvienphapluat.vn/van-ban/Bo-may-hanh-chinh/Quyet-dinh-990-QD-UBND-2025-cong-bo-thu-tuc-hanh-chinh-Tai-nguyen-nuoc-So-Nong-nghiep-Hue-657964.aspx
2025-07-14 04:52:12,022 - INFO - ➡️ Đang truy cập: https://thuvienphapluat.vn/page/searchlegal.aspx?keyword=&area=0&match=True&type=0&status=1&signer=0&sort=1&lan=1&scan=0&org=0&fields=15&chlbg=09/07/1945&chlend=09/07/2035&page=184
2025-07-14 04:52:12,388 - INFO - ⏳ Chờ 6.93s giả lập người dùng...
2025-07-14 04:52:19,512 - INFO - 🤖 CAPTCHA OCR: 
2025-07-14 04:52:22,626 - INFO - 🧭 Tiêu đề trang: THƯ VIỆN PHÁP LUẬT _ Tra cứu, Nắm bắt Pháp Luật Việt Nam
2025-07-14 04:52:35,288 - ERROR - ❌ Lỗi tại trang 184: Message: 
Stacktrace:
#0 0x5de36034823a <unknown>
#1 0x5de35fdf2ab0 <unknown>
#2 0x5de35fe446f0 <unknown>
#3 0x5de35fe448e1 <unknown>
#4 0x5de35fe92b94 <unknown>
#5 0x5de35fe6a1cd <unknown>
#6 0x5de35fe8ffee <unknown>
#7 0x5de35fe69f73 <unknown>
#8 0x5de35fe36aeb <unknown>
#9 0x5de35fe37751 <unknown>
#10 0x5de36030cb4b <unknown>
#11 0x5de360310929 <unknown>
#12 0x5de3602f3929 <unknown>
#13 0x5de3603114e8 <unknown>
#14 0x5de3602d80df <unknown>
#15 0x5de3603358e8 <unknown>
#16 0x5de360335ac6 <unknown>
#17 0x5de360347556 <unknown>
#18 0x753b3cc67609 start_thread

2025-07-14 04:52:35,299 - INFO - ➡️ Đang truy cập: https://thuvienphapluat.vn/page/searchlegal.aspx?keyword=&area=0&match=True&type=0&status=1&signer=0&sort=1&lan=1&scan=0&org=0&fields=15&chlbg=09/07/1945&chlend=09/07/2035&page=185
2025-07-14 04:52:35,689 - INFO - ⏳ Chờ 5.49s giả lập người dùng...
2025-07-14 04:52:41,382 - INFO - 🤖 CAPTCHA OCR: 473534
2025-07-14 04:52:44,497 - INFO - 🧭 Tiêu đề trang: THƯ VIỆN PHÁP LUẬT _ Tra cứu, Nắm bắt Pháp Luật Việt Nam
2025-07-14 04:52:57,157 - ERROR - ❌ Lỗi tại trang 185: Message: 
Stacktrace:
#0 0x5de36034823a <unknown>
#1 0x5de35fdf2ab0 <unknown>
#2 0x5de35fe446f0 <unknown>
#3 0x5de35fe448e1 <unknown>
#4 0x5de35fe92b94 <unknown>
#5 0x5de35fe6a1cd <unknown>
#6 0x5de35fe8ffee <unknown>
#7 0x5de35fe69f73 <unknown>
#8 0x5de35fe36aeb <unknown>
#9 0x5de35fe37751 <unknown>
#10 0x5de36030cb4b <unknown>
#11 0x5de360310929 <unknown>
#12 0x5de3602f3929 <unknown>
#13 0x5de3603114e8 <unknown>
#14 0x5de3602d80df <unknown>
#15 0x5de3603358e8 <unknown>
#16 0x5de360335ac6 <unknown>
#17 0x5de360347556 <unknown>
#18 0x753b3cc67609 start_thread

2025-07-14 04:52:57,169 - INFO - ➡️ Đang truy cập: https://thuvienphapluat.vn/page/searchlegal.aspx?keyword=&area=0&match=True&type=0&status=1&signer=0&sort=1&lan=1&scan=0&org=0&fields=15&chlbg=09/07/1945&chlend=09/07/2035&page=186
2025-07-14 04:52:57,570 - INFO - ⏳ Chờ 6.89s giả lập người dùng...
2025-07-14 04:53:04,655 - INFO - 🤖 CAPTCHA OCR: 124746
2025-07-14 04:53:08,543 - INFO - 🧭 Tiêu đề trang: Tra cứu Văn Bản Pháp Luật
2025-07-14 04:53:08,574 - INFO - ✅ Đã lấy link: https://thuvienphapluat.vn/van-ban/Bo-may-hanh-chinh/Quyet-dinh-38-2025-QD-UBND-sua-doi-Quyet-dinh-29-2024-QD-UBND-Thanh-Hoa-651218.aspx
2025-07-14 04:53:08,578 - INFO - ✅ Đã lấy link: https://thuvienphapluat.vn/van-ban/Bo-may-hanh-chinh/Quyet-dinh-373-QD-BXD-2025-Ke-hoach-kiem-soat-thu-tuc-hanh-chinh-651073.aspx
2025-07-14 04:53:08,581 - INFO - ✅ Đã lấy link: https://thuvienphapluat.vn/van-ban/Bo-may-hanh-chinh/Quyet-dinh-339-QD-UBND-2025-cong-bo-thu-tuc-hanh-chinh-Bao-tro-xa-hoi-So-Y-te-Gia-Lai-651240.aspx
2025-07-14 04:53:08,585 - INFO - ✅ Đã lấy link: https://thuvienphapluat.vn/van-ban/Bo-may-hanh-chinh/Quyet-dinh-727-QD-UBND-2025-cong-bo-thu-tuc-hanh-chinh-linh-vuc-tin-nguong-cap-tinh-Lam-Dong-661304.aspx
2025-07-14 04:53:08,589 - INFO - ✅ Đã lấy link: https://thuvienphapluat.vn/van-ban/Bo-may-hanh-chinh/Quyet-dinh-792-QD-UBND-2025-quy-trinh-thu-tuc-hanh-chinh-nganh-Tai-chinh-Binh-Phuoc-651297.aspx
2025-07-14 04:53:08,594 - INFO - ✅ Đã lấy link: https://thuvienphapluat.vn/van-ban/Bo-may-hanh-chinh/Quyet-dinh-742-QD-UBND-2025-cong-bo-thu-tuc-hanh-chinh-tin-nguong-nganh-noi-vu-Ha-Tinh-653652.aspx
2025-07-14 04:53:08,599 - INFO - ✅ Đã lấy link: https://thuvienphapluat.vn/van-ban/Bo-may-hanh-chinh/Quyet-dinh-653-QD-UBND-2025-cong-bo-thu-tuc-hanh-chinh-giao-duc-dao-tao-nganh-Giao-duc-Binh-Thuan-651158.aspx
2025-07-14 04:53:08,603 - INFO - ✅ Đã lấy link: https://thuvienphapluat.vn/van-ban/Bo-may-hanh-chinh/Quyet-dinh-645-QD-UBND-2025-cong-bo-thu-tuc-hanh-chinh-kham-benh-chua-benh-So-Y-te-Binh-Thuan-651120.aspx
2025-07-14 04:53:08,607 - INFO - ✅ Đã lấy link: https://thuvienphapluat.vn/van-ban/Bo-may-hanh-chinh/Quyet-dinh-634-QD-UBND-2025-cong-bo-thu-tuc-hanh-chinh-linh-vuc-Tin-nguong-So-Dan-toc-Lai-Chau-651300.aspx
2025-07-14 04:53:08,612 - INFO - ✅ Đã lấy link: https://thuvienphapluat.vn/van-ban/Bo-may-hanh-chinh/Quyet-dinh-522-QD-UBND-2025-cong-bo-thu-tuc-hanh-chinh-thi-dua-khen-thuong-So-Noi-vu-An-Giang-656343.aspx
2025-07-14 04:53:08,617 - INFO - ✅ Đã lấy link: https://thuvienphapluat.vn/van-ban/Bo-may-hanh-chinh/Quyet-dinh-521-QD-UBND-2025-cong-bo-thu-tuc-hanh-chinh-Di-san-van-hoa-So-Van-hoa-An-Giang-656342.aspx
2025-07-14 04:53:08,621 - INFO - ✅ Đã lấy link: https://thuvienphapluat.vn/van-ban/Thuong-mai/Quyet-dinh-985-QD-BCT-2025-cong-bo-thu-tuc-hanh-chinh-luu-thong-hang-hoa-trong-nuoc-651696.aspx
2025-07-14 04:53:08,626 - INFO - ✅ Đã lấy link: https://thuvienphapluat.vn/van-ban/Bo-may-hanh-chinh/Quyet-dinh-975-QD-UBND-2025-cong-bo-thu-tuc-hanh-chinh-noi-bo-linh-vuc-So-Nong-nghiep-Nghe-An-651351.aspx
2025-07-14 04:53:08,630 - INFO - ✅ Đã lấy link: https://thuvienphapluat.vn/van-ban/Bo-may-hanh-chinh/Quyet-dinh-1093-QD-UBND-2025-cong-bo-thu-tuc-hanh-chinh-phat-thanh-truyen-hinh-Uy-ban-huyen-Ben-Tre-651239.aspx
2025-07-14 04:53:08,633 - INFO - ✅ Đã lấy link: https://thuvienphapluat.vn/van-ban/Bat-dong-san/Quyet-dinh-541-QD-UBND-2025-cong-bo-thu-tuc-hanh-chinh-dat-dai-So-Nong-nghiep-Quang-Ngai-651296.aspx
2025-07-14 04:53:08,637 - INFO - ✅ Đã lấy link: https://thuvienphapluat.vn/van-ban/Bo-may-hanh-chinh/Quyet-dinh-536-QD-UBND-2025-cong-bo-thu-tuc-hanh-chinh-bao-tro-xa-hoi-So-Y-te-Quang-Ngai-651295.aspx
2025-07-14 04:53:08,640 - INFO - ✅ Đã lấy link: https://thuvienphapluat.vn/van-ban/Bo-may-hanh-chinh/Quyet-dinh-535-QD-UBND-2025-cong-bo-thu-tuc-hanh-chinh-linh-vuc-tre-em-So-Y-te-Quang-Ngai-651291.aspx
2025-07-14 04:53:08,644 - INFO - ✅ Đã lấy link: https://thuvienphapluat.vn/van-ban/Bo-may-hanh-chinh/Quyet-dinh-662-QD-UBND-2025-cong-bo-thu-tuc-hanh-chinh-do-dac-ban-do-So-Nong-nghiep-Ca-Mau-660979.aspx
2025-07-14 04:53:08,647 - INFO - ✅ Đã lấy link: https://thuvienphapluat.vn/van-ban/Bo-may-hanh-chinh/Quyet-dinh-459-QD-UBND-2025-quy-trinh-thu-tuc-hanh-chinh-giao-duc-nghe-nghiep-So-Giao-duc-Ninh-Thuan-654878.aspx
2025-07-14 04:53:08,651 - INFO - ✅ Đã lấy link: https://thuvienphapluat.vn/van-ban/Bo-may-hanh-chinh/Quyet-dinh-458-QD-UBND-2025-cong-bo-thu-tuc-hanh-chinh-tin-nguong-ton-giao-So-Dan-toc-Ninh-Thuan-654853.aspx
2025-07-14 04:53:08,651 - INFO - ➡️ Đang truy cập: https://thuvienphapluat.vn/page/searchlegal.aspx?keyword=&area=0&match=True&type=0&status=1&signer=0&sort=1&lan=1&scan=0&org=0&fields=15&chlbg=09/07/1945&chlend=09/07/2035&page=187
2025-07-14 04:53:09,131 - INFO - ⏳ Chờ 5.25s giả lập người dùng...
2025-07-14 04:53:14,572 - INFO - 🤖 CAPTCHA OCR: 557514
2025-07-14 04:53:18,674 - INFO - 🧭 Tiêu đề trang: Tra cứu Văn Bản Pháp Luật
2025-07-14 04:53:18,690 - INFO - ✅ Đã lấy link: https://thuvienphapluat.vn/van-ban/Bo-may-hanh-chinh/Quyet-dinh-409-QD-UBND-2025-cong-bo-thu-tuc-hanh-chinh-giao-duc-dao-tao-So-Giao-duc-Ninh-Binh-651418.aspx
2025-07-14 04:53:18,694 - INFO - ✅ Đã lấy link: https://thuvienphapluat.vn/van-ban/Bo-may-hanh-chinh/Quyet-dinh-1041-QD-UBND-2025-cong-bo-thu-tuc-hanh-chinh-Tin-nguong-ton-giao-So-Dan-toc-Kien-Giang-658229.aspx
2025-07-14 04:53:18,698 - INFO - ✅ Đã lấy link: https://thuvienphapluat.vn/van-ban/Bo-may-hanh-chinh/Quyet-dinh-1045-QD-UBND-2025-cong-bo-thu-tuc-hanh-chinh-Giao-duc-dao-tao-Kien-Giang-658230.aspx
2025-07-14 04:53:18,702 - INFO - ✅ Đã lấy link: https://thuvienphapluat.vn/van-ban/Bo-may-hanh-chinh/Nghi-quyet-21-2025-NQ-HDND-bai-bo-Nghi-quyet-04-2025-NQ-HDND-Nam-Dinh-651439.aspx
2025-07-14 04:53:18,706 - INFO - ✅ Đã lấy link: https://thuvienphapluat.vn/van-ban/Bo-may-hanh-chinh/Quyet-dinh-969-QD-UBND-2025-cong-bo-thu-tuc-hanh-chinh-giao-duc-dao-tao-So-Giao-duc-Hue-657967.aspx
2025-07-14 04:53:18,710 - INFO - ✅ Đã lấy link: https://thuvienphapluat.vn/van-ban/Lao-dong-Tien-luong/Quyet-dinh-968-QD-UBND-2025-cong-bo-thu-tuc-hanh-chinh-linh-vuc-Viec-lam-So-Noi-vu-Hue-658514.aspx
2025-07-14 04:53:18,714 - INFO - ✅ Đã lấy link: https://thuvienphapluat.vn/van-ban/Bo-may-hanh-chinh/Quyet-dinh-967-QD-UBND-2025-cong-bo-thu-tuc-hanh-chinh-Bao-tro-xa-hoi-So-Y-te-Hue-658513.aspx
2025-07-14 04:53:18,717 - INFO - ✅ Đã lấy link: https://thuvienphapluat.vn/van-ban/Bo-may-hanh-chinh/Quyet-dinh-1095-QD-UBND-2025-cong-bo-thu-tuc-hanh-chinh-thi-dua-khen-thuong-So-Noi-vu-Ben-Tre-658915.aspx
2025-07-14 04:53:18,721 - INFO - ✅ Đã lấy link: https://thuvienphapluat.vn/van-ban/Bo-may-hanh-chinh/Quyet-dinh-521-QD-UBND-2025-cong-bo-thu-tuc-hanh-chinh-Giao-duc-Dao-tao-So-Giao-duc-Bac-Giang-659772.aspx
2025-07-14 04:53:18,724 - INFO - ✅ Đã lấy link: https://thuvienphapluat.vn/van-ban/Bo-may-hanh-chinh/Quyet-dinh-1173-QD-UBND-2025-quy-trinh-thu-tuc-hanh-chinh-linh-vuc-My-pham-So-Y-te-Da-Nang-663858.aspx
2025-07-14 04:53:18,728 - INFO - ✅ Đã lấy link: https://thuvienphapluat.vn/van-ban/Bo-may-hanh-chinh/Quyet-dinh-1170-QD-UBND-2025-cong-bo-Danh-muc-thu-tuc-hanh-chinh-thay-the-So-Xay-dung-Da-Nang-663857.aspx
2025-07-14 04:53:18,733 - INFO - ✅ Đã lấy link: https://thuvienphapluat.vn/van-ban/Bo-may-hanh-chinh/Quyet-dinh-1119-QD-UBND-2025-cong-bo-thu-tuc-hanh-chinh-sua-doi-nganh-Y-te-Dong-Nai-663542.aspx
2025-07-14 04:53:18,738 - INFO - ✅ Đã lấy link: https://thuvienphapluat.vn/van-ban/Dich-vu-phap-ly/Quyet-dinh-1113-QD-UBND-2025-bo-sung-thu-tuc-hanh-chinh-tai-cau-truc-truc-tuyen-nganh-Tu-phap-Dong-Nai-663538.aspx
2025-07-14 04:53:18,742 - INFO - ✅ Đã lấy link: https://thuvienphapluat.vn/van-ban/Bo-may-hanh-chinh/Quyet-dinh-1110-QD-UBND-2025-cong-bo-thu-tuc-hanh-chinh-Tai-nguyen-nuoc-nganh-Nong-nghiep-Dong-Nai-661676.aspx
2025-07-14 04:53:18,746 - INFO - ✅ Đã lấy link: https://thuvienphapluat.vn/van-ban/Bo-may-hanh-chinh/Quyet-dinh-1109-QD-UBND-2025-cong-bo-thu-tuc-hanh-chinh-Khi-tuong-thuy-van-nganh-Nong-nghiep-Dong-Nai-661674.aspx
2025-07-14 04:53:18,749 - INFO - ✅ Đã lấy link: https://thuvienphapluat.vn/van-ban/Bo-may-hanh-chinh/Quyet-dinh-781-QD-UBND-2025-cong-bo-thu-tuc-hanh-chinh-Tre-em-cac-cap-chinh-quyen-Phu-Tho-655493.aspx
2025-07-14 04:53:18,753 - INFO - ✅ Đã lấy link: https://thuvienphapluat.vn/van-ban/Bo-may-hanh-chinh/Quyet-dinh-780-QD-UBND-2025-cong-bo-thu-tuc-hanh-chinh-Giao-duc-Co-so-dao-tao-giao-vien-Phu-Tho-655492.aspx
2025-07-14 04:53:18,757 - INFO - ✅ Đã lấy link: https://thuvienphapluat.vn/van-ban/Bo-may-hanh-chinh/Quyet-dinh-704-QD-BNNMT-2025-cong-bo-thu-tuc-hanh-chinh-su-dung-du-lieu-tai-nguyen-moi-truong-651633.aspx
2025-07-14 04:53:18,761 - INFO - ✅ Đã lấy link: https://thuvienphapluat.vn/van-ban/Bo-may-hanh-chinh/Quyet-dinh-1201-QD-BYT-2025-cong-bo-thu-thuc-hanh-chinh-sua-doi-linh-vuc-Y-te-du-phong-651078.aspx
2025-07-14 04:53:18,764 - INFO - ✅ Đã lấy link: https://thuvienphapluat.vn/van-ban/Bo-may-hanh-chinh/Quyet-dinh-758-QD-UBND-2025-cong-bo-thu-tuc-hanh-chinh-linh-vuc-giao-duc-So-Giao-duc-Tra-Vinh-651488.aspx
2025-07-14 04:53:18,764 - INFO - ➡️ Đang truy cập: https://thuvienphapluat.vn/page/searchlegal.aspx?keyword=&area=0&match=True&type=0&status=1&signer=0&sort=1&lan=1&scan=0&org=0&fields=15&chlbg=09/07/1945&chlend=09/07/2035&page=188
2025-07-14 04:53:19,165 - INFO - ⏳ Chờ 5.06s giả lập người dùng...
2025-07-14 04:53:24,467 - INFO - 🤖 CAPTCHA OCR: 
2025-07-14 04:53:27,695 - INFO - 🧭 Tiêu đề trang: THƯ VIỆN PHÁP LUẬT _ Tra cứu, Nắm bắt Pháp Luật Việt Nam
2025-07-14 04:53:40,331 - ERROR - ❌ Lỗi tại trang 188: Message: 
Stacktrace:
#0 0x5de36034823a <unknown>
#1 0x5de35fdf2ab0 <unknown>
#2 0x5de35fe446f0 <unknown>
#3 0x5de35fe448e1 <unknown>
#4 0x5de35fe92b94 <unknown>
#5 0x5de35fe6a1cd <unknown>
#6 0x5de35fe8ffee <unknown>
#7 0x5de35fe69f73 <unknown>
#8 0x5de35fe36aeb <unknown>
#9 0x5de35fe37751 <unknown>
#10 0x5de36030cb4b <unknown>
#11 0x5de360310929 <unknown>
#12 0x5de3602f3929 <unknown>
#13 0x5de3603114e8 <unknown>
#14 0x5de3602d80df <unknown>
#15 0x5de3603358e8 <unknown>
#16 0x5de360335ac6 <unknown>
#17 0x5de360347556 <unknown>
#18 0x753b3cc67609 start_thread

2025-07-14 04:53:40,342 - INFO - ➡️ Đang truy cập: https://thuvienphapluat.vn/page/searchlegal.aspx?keyword=&area=0&match=True&type=0&status=1&signer=0&sort=1&lan=1&scan=0&org=0&fields=15&chlbg=09/07/1945&chlend=09/07/2035&page=189
2025-07-14 04:53:40,958 - INFO - ⏳ Chờ 6.23s giả lập người dùng...
2025-07-14 04:53:47,411 - INFO - 🤖 CAPTCHA OCR: 782447
2025-07-14 04:53:50,519 - INFO - 🧭 Tiêu đề trang: Tra cứu Văn Bản Pháp Luật
2025-07-14 04:53:50,535 - INFO - ✅ Đã lấy link: https://thuvienphapluat.vn/van-ban/Bo-may-hanh-chinh/Quyet-dinh-817-QD-UBND-2025-cong-bo-thu-tuc-hanh-chinh-So-Nong-nghiep-Hung-Yen-657323.aspx
2025-07-14 04:53:50,538 - INFO - ✅ Đã lấy link: https://thuvienphapluat.vn/van-ban/Bo-may-hanh-chinh/Quyet-dinh-841-QD-UBND-2025-cong-bo-thu-tuc-hanh-chinh-linh-vuc-Tre-em-So-Y-te-Lang-Son-660089.aspx
2025-07-14 04:53:50,542 - INFO - ✅ Đã lấy link: https://thuvienphapluat.vn/van-ban/Bo-may-hanh-chinh/Quyet-dinh-619-QD-UBND-2025-thu-tuc-hanh-chinh-linh-vuc-Nong-nghiep-So-Nong-nghiep-Vinh-Long-656707.aspx
2025-07-14 04:53:50,546 - INFO - ✅ Đã lấy link: https://thuvienphapluat.vn/van-ban/Bo-may-hanh-chinh/Quyet-dinh-760-QD-UBND-2025-cong-bo-thu-tuc-hanh-chinh-tin-nguong-ton-giao-nganh-Dan-toc-Binh-Phuoc-650919.aspx
2025-07-14 04:53:50,549 - INFO - ✅ Đã lấy link: https://thuvienphapluat.vn/van-ban/Bo-may-hanh-chinh/Chi-thi-08-CT-UBND-2025-tang-cuong-quan-ly-cong-tac-van-thu-luu-tru-sap-xep-bo-may-Nghe-An-651121.aspx
2025-07-14 04:53:50,553 - INFO - ✅ Đã lấy link: https://thuvienphapluat.vn/van-ban/Bo-may-hanh-chinh/Quyet-dinh-1369-QD-UBND-2025-cong-bo-thu-tuc-hanh-chinh-Khi-tuong-thuy-van-So-Tai-nguyen-Ho-Chi-Minh-659019.aspx
2025-07-14 04:53:50,557 - INFO - ✅ Đã lấy link: https://thuvienphapluat.vn/van-ban/Bo-may-hanh-chinh/Quyet-dinh-891-QD-UBND-2025-cong-bo-thu-tuc-hanh-chinh-So-Nong-nghiep-Moi-truong-Can-Tho-651132.aspx
2025-07-14 04:53:50,560 - INFO - ✅ Đã lấy link: https://thuvienphapluat.vn/van-ban/Bo-may-hanh-chinh/Quyet-dinh-775-QD-UBND-2025-cong-bo-thu-tuc-hanh-chinh-Tre-em-nganh-Y-te-Binh-Phuoc-651131.aspx
2025-07-14 04:53:50,564 - INFO - ✅ Đã lấy link: https://thuvienphapluat.vn/van-ban/Bo-may-hanh-chinh/Quyet-dinh-721-QD-UBND-2025-cong-bo-thu-tuc-hanh-chinh-Tin-nguong-ton-giao-Uy-ban-xa-Ha-Tinh-653802.aspx
2025-07-14 04:53:50,568 - INFO - ✅ Đã lấy link: https://thuvienphapluat.vn/van-ban/Bo-may-hanh-chinh/Quyet-dinh-671-QD-UBND-2025-cong-bo-thu-tuc-hanh-chinh-toan-trinh-So-Giao-duc-Dien-Bien-651507.aspx
2025-07-14 04:53:50,571 - INFO - ✅ Đã lấy link: https://thuvienphapluat.vn/van-ban/Bo-may-hanh-chinh/Quyet-dinh-644-QD-UBND-2025-chuan-hoa-thu-tuc-hanh-chinh-khi-tuong-thuy-van-So-Nong-nghiep-Binh-Thuan-651157.aspx
2025-07-14 04:53:50,575 - INFO - ✅ Đã lấy link: https://thuvienphapluat.vn/van-ban/Bo-may-hanh-chinh/Quyet-dinh-627-QD-UBND-2025-cong-bo-thu-tuc-hanh-chinh-Bao-tro-xa-hoi-So-Y-te-Lai-Chau-651304.aspx
2025-07-14 04:53:50,579 - INFO - ✅ Đã lấy link: https://thuvienphapluat.vn/van-ban/Bo-may-hanh-chinh/Quyet-dinh-514-QD-UBND-2025-cong-bo-thu-tuc-hanh-chinh-linh-vuc-tin-nguong-So-Dan-toc-An-Giang-656341.aspx
2025-07-14 04:53:50,582 - INFO - ✅ Đã lấy link: https://thuvienphapluat.vn/van-ban/Bo-may-hanh-chinh/Quyet-dinh-37-2025-QD-UBND-bai-bo-Quyet-dinh-19-2019-QD-UBND-Lao-Cai-656108.aspx
2025-07-14 04:53:50,586 - INFO - ✅ Đã lấy link: https://thuvienphapluat.vn/van-ban/Bo-may-hanh-chinh/Quyet-dinh-1229-QD-BTP-2025-Ke-hoach-cong-tac-truyen-thong-ve-hoat-dong-nganh-Tu-phap-655393.aspx
2025-07-14 04:53:50,589 - INFO - ✅ Đã lấy link: https://thuvienphapluat.vn/van-ban/Bo-may-hanh-chinh/Quyet-dinh-984-QD-UBND-2025-cong-bo-thu-tuc-hanh-chinh-linh-vuc-Tre-em-So-Y-te-Hai-Duong-652403.aspx
2025-07-14 04:53:50,593 - INFO - ✅ Đã lấy link: https://thuvienphapluat.vn/van-ban/Bo-may-hanh-chinh/Quyet-dinh-983-QD-UBND-2025-cong-bo-thu-tuc-hanh-chinh-moi-So-Nong-nghiep-Hai-Duong-652402.aspx
2025-07-14 04:53:50,597 - INFO - ✅ Đã lấy link: https://thuvienphapluat.vn/van-ban/Dau-tu/Quyet-dinh-1041-QD-UBND-2025-thu-tuc-hanh-chinh-Dau-tu-Ban-Quan-ly-Khu-kinh-te-Nghi-Son-Thanh-Hoa-651141.aspx
2025-07-14 04:53:50,600 - INFO - ✅ Đã lấy link: https://thuvienphapluat.vn/van-ban/Bo-may-hanh-chinh/Quyet-dinh-1032-QD-UBND-2025-cong-bo-thu-tuc-hanh-chinh-Bao-tro-xa-hoi-So-Y-te-Thanh-Hoa-651126.aspx
2025-07-14 04:53:50,604 - INFO - ✅ Đã lấy link: https://thuvienphapluat.vn/van-ban/Bo-may-hanh-chinh/Quyet-dinh-1040-QD-UBND-2025-cong-bo-thu-tuc-hanh-chinh-linh-vuc-duong-bo-So-Xay-dung-Thanh-Hoa-651124.aspx
2025-07-14 04:53:50,604 - INFO - ➡️ Đang truy cập: https://thuvienphapluat.vn/page/searchlegal.aspx?keyword=&area=0&match=True&type=0&status=1&signer=0&sort=1&lan=1&scan=0&org=0&fields=15&chlbg=09/07/1945&chlend=09/07/2035&page=190
2025-07-14 04:53:51,140 - INFO - ⏳ Chờ 4.59s giả lập người dùng...
2025-07-14 04:53:55,934 - INFO - 🤖 CAPTCHA OCR: 512311
2025-07-14 04:54:00,318 - INFO - 🧭 Tiêu đề trang: Tra cứu Văn Bản Pháp Luật
2025-07-14 04:54:00,334 - INFO - ✅ Đã lấy link: https://thuvienphapluat.vn/van-ban/Bat-dong-san/Quyet-dinh-1370-QD-UBND-2025-cong-bo-thu-tuc-hanh-chinh-Dat-dai-So-Tai-nguyen-Ho-Chi-Minh-651123.aspx
2025-07-14 04:54:00,337 - INFO - ✅ Đã lấy link: https://thuvienphapluat.vn/van-ban/Bo-may-hanh-chinh/Quyet-dinh-528-QD-UBND-2025-cong-bo-Danh-muc-thu-tuc-hanh-chinh-So-Tai-chinh-Quang-Ngai-651156.aspx
2025-07-14 04:54:00,342 - INFO - ✅ Đã lấy link: https://thuvienphapluat.vn/van-ban/Bo-may-hanh-chinh/Quyet-dinh-513-QD-UBND-2025-cong-bo-thu-tuc-hanh-chinh-linh-vuc-Tin-nguong-So-Dan-toc-Bac-Giang-651133.aspx
2025-07-14 04:54:00,345 - INFO - ✅ Đã lấy link: https://thuvienphapluat.vn/van-ban/Bo-may-hanh-chinh/Quyet-dinh-1016-QD-UBND-2025-cong-bo-thu-tuc-hanh-chinh-Bao-tro-xa-hoi-So-Y-te-Kien-Giang-657940.aspx
2025-07-14 04:54:00,349 - INFO - ✅ Đã lấy link: https://thuvienphapluat.vn/van-ban/Bo-may-hanh-chinh/Quyet-dinh-839-QD-UBND-2025-cong-bo-thu-tuc-hanh-chinh-Bao-tro-xa-hoi-So-Noi-vu-Lang-Son-664062.aspx
2025-07-14 04:54:00,352 - INFO - ✅ Đã lấy link: https://thuvienphapluat.vn/van-ban/Bo-may-hanh-chinh/Quyet-dinh-752-QD-UBND-2025-cong-bo-thu-tuc-hanh-chinh-linh-vuc-Tre-em-So-Y-te-Hoa-Binh-651138.aspx
2025-07-14 04:54:00,356 - INFO - ✅ Đã lấy link: https://thuvienphapluat.vn/van-ban/Bat-dong-san/Quyet-dinh-400-QD-UBND-2025-cong-bo-thu-tuc-hanh-chinh-linh-vuc-dat-dai-So-Nong-nghiep-Ninh-Binh-651140.aspx
2025-07-14 04:54:00,360 - INFO - ✅ Đã lấy link: https://thuvienphapluat.vn/van-ban/Bo-may-hanh-chinh/Quyet-dinh-753-QD-UBND-2025-cong-bo-thu-tuc-hanh-chinh-Bao-tro-xa-hoi-So-Y-te-Hoa-Binh-651409.aspx
2025-07-14 04:54:00,363 - INFO - ✅ Đã lấy link: https://thuvienphapluat.vn/van-ban/Bo-may-hanh-chinh/Quyet-dinh-762-QD-UBND-2025-cong-bo-thu-tuc-hanh-chinh-giao-duc-dao-tao-So-Giao-duc-Hoa-Binh-654888.aspx
2025-07-14 04:54:00,367 - INFO - ✅ Đã lấy link: https://thuvienphapluat.vn/van-ban/Doanh-nghiep/Quyet-dinh-838-QD-UBND-2025-cong-bo-thu-tuc-hanh-chinh-Ho-tro-doanh-nghiep-nho-So-Tai-chinh-Lang-Son-664076.aspx
2025-07-14 04:54:00,370 - INFO - ✅ Đã lấy link: https://thuvienphapluat.vn/van-ban/Bo-may-hanh-chinh/Thong-tu-24-2025-TT-BCA-sua-doi-Thong-tu-104-2021-TT-BCA-bao-ve-bi-mat-Nha-nuoc-651207.aspx
2025-07-14 04:54:00,374 - INFO - ✅ Đã lấy link: https://thuvienphapluat.vn/van-ban/Bo-may-hanh-chinh/Quyet-dinh-696-QD-BNNMT-2025-cong-bo-chuan-hoa-thu-tuc-hanh-chinh-linh-vuc-bao-ton-thien-nhien-651393.aspx
2025-07-14 04:54:00,378 - INFO - ✅ Đã lấy link: https://thuvienphapluat.vn/van-ban/Bao-hiem/Quyet-dinh-318-QD-BNV-2025-cong-bo-thu-tuc-hanh-chinh-linh-vuc-bao-hiem-xa-hoi-651588.aspx
2025-07-14 04:54:00,381 - INFO - ✅ Đã lấy link: https://thuvienphapluat.vn/van-ban/Lao-dong-Tien-luong/Quyet-dinh-323-QD-BNV-2025-cong-bo-thu-tuc-hanh-chinh-linh-vuc-an-toan-ve-sinh-lao-dong-651590.aspx
2025-07-14 04:54:00,385 - INFO - ✅ Đã lấy link: https://thuvienphapluat.vn/van-ban/Bo-may-hanh-chinh/Quyet-dinh-11-2025-QD-UBND-chuc-nang-nhiem-vu-Phong-Giao-duc-Dao-tao-huyen-Can-Gio-Ho-Chi-Minh-652034.aspx
2025-07-14 04:54:00,388 - INFO - ✅ Đã lấy link: https://thuvienphapluat.vn/van-ban/Lao-dong-Tien-luong/Quyet-dinh-206-QD-UBND-2025-phe-duyet-vi-tri-viec-lamdon-vi-cong-lap-thuoc-So-Van-hoa-Kon-Tum-651805.aspx
2025-07-14 04:54:00,392 - INFO - ✅ Đã lấy link: https://thuvienphapluat.vn/van-ban/Bo-may-hanh-chinh/Quyet-dinh-616-QD-UBND-2025-cong-bo-thu-tuc-hanh-chinh-Bao-tro-xa-hoi-So-Y-te-Vinh-Long-656701.aspx
2025-07-14 04:54:00,396 - INFO - ✅ Đã lấy link: https://thuvienphapluat.vn/van-ban/Bo-may-hanh-chinh/Quyet-dinh-676-QD-BNNMT-2025-chuc-nang-nhiem-vu-Trung-tam-Du-bao-khi-tuong-thuy-van-quoc-gia-651628.aspx
2025-07-14 04:54:00,399 - INFO - ✅ Đã lấy link: https://thuvienphapluat.vn/van-ban/Bo-may-hanh-chinh/Quyet-dinh-675-QD-BNNMT-2025-chuc-nang-Trung-tam-Thong-tin-va-Du-lieu-khi-tuong-thuy-van-651627.aspx
2025-07-14 04:54:00,403 - INFO - ✅ Đã lấy link: https://thuvienphapluat.vn/van-ban/Bo-may-hanh-chinh/Quyet-dinh-609-QD-UBND-2025-cong-bo-thu-tuc-hanh-chinh-linh-vuc-Tre-em-So-Y-te-Bac-Ninh-652224.aspx
2025-07-14 04:54:00,403 - INFO - ➡️ Đang truy cập: https://thuvienphapluat.vn/page/searchlegal.aspx?keyword=&area=0&match=True&type=0&status=1&signer=0&sort=1&lan=1&scan=0&org=0&fields=15&chlbg=09/07/1945&chlend=09/07/2035&page=191
2025-07-14 04:54:00,901 - INFO - ⏳ Chờ 4.97s giả lập người dùng...
2025-07-14 04:54:06,071 - INFO - 🤖 CAPTCHA OCR: 456752
2025-07-14 04:54:09,186 - INFO - 🧭 Tiêu đề trang: Tra cứu Văn Bản Pháp Luật
2025-07-14 04:54:09,202 - INFO - ✅ Đã lấy link: https://thuvienphapluat.vn/van-ban/Bo-may-hanh-chinh/Quyet-dinh-608-QD-UBND-2025-cong-bo-thu-tuc-hanh-chinh-linh-vuc-tin-nguong-So-Noi-vu-Bac-Ninh-652222.aspx
2025-07-14 04:54:09,205 - INFO - ✅ Đã lấy link: https://thuvienphapluat.vn/van-ban/Bo-may-hanh-chinh/Quyet-dinh-260-QD-UBND-2025-cong-bo-thu-tuc-hanh-chinh-quan-ly-cu-tru-Kon-Tum-650781.aspx
2025-07-14 04:54:09,210 - INFO - ✅ Đã lấy link: https://thuvienphapluat.vn/van-ban/Bo-may-hanh-chinh/Chi-thi-05-CT-UBND-2025-quan-ly-cong-tac-van-thu-luu-tru-trong-qua-trinh-sap-xep-bo-may-Quang-Ngai-652321.aspx
2025-07-14 04:54:09,213 - INFO - ✅ Đã lấy link: https://thuvienphapluat.vn/van-ban/Thuong-mai/Quyet-dinh-34-2024-QD-UBND-chuc-nang-nhiem-vu-Chi-cuc-Quan-ly-thi-truong-Quang-Ninh-651029.aspx
2025-07-14 04:54:09,217 - INFO - ✅ Đã lấy link: https://thuvienphapluat.vn/van-ban/Bo-may-hanh-chinh/Quyet-dinh-34-2025-QD-UBND-sua-doi-Quy-dinh-co-cau-to-chuc-So-Y-te-Ninh-Binh-651061.aspx
2025-07-14 04:54:09,221 - INFO - ✅ Đã lấy link: https://thuvienphapluat.vn/van-ban/Bo-may-hanh-chinh/Quyet-dinh-54-2025-QD-UBND-bai-bo-Quyet-dinh-39-2015-QD-UBND-Ho-Chi-Minh-650837.aspx
2025-07-14 04:54:09,225 - INFO - ✅ Đã lấy link: https://thuvienphapluat.vn/van-ban/Bo-may-hanh-chinh/Quyet-dinh-414-QD-UBND-2025-cong-bo-thu-tuc-hanh-chinh-Di-san-van-hoa-So-Van-hoa-Tuyen-Quang-650688.aspx
2025-07-14 04:54:09,229 - INFO - ✅ Đã lấy link: https://thuvienphapluat.vn/van-ban/Bo-may-hanh-chinh/Quyet-dinh-951-QD-UBND-2025-quy-trinh-giai-quyet-thu-tuc-hanh-chinh-So-Van-hoa-Nghe-An-650918.aspx
2025-07-14 04:54:09,232 - INFO - ✅ Đã lấy link: https://thuvienphapluat.vn/van-ban/Bo-may-hanh-chinh/Quyet-dinh-957-QD-UBND-2025-cong-bo-thu-tuc-hanh-chinh-cap-giay-phep-lai-xe-So-Xay-dung-Nghe-An-650905.aspx
2025-07-14 04:54:09,236 - INFO - ✅ Đã lấy link: https://thuvienphapluat.vn/van-ban/Bo-may-hanh-chinh/Quyet-dinh-35-2025-QD-UBND-chuc-nang-nhiem-vu-Trung-tam-Y-te-thanh-pho-Hoa-Lu-Ninh-Binh-651062.aspx
2025-07-14 04:54:09,240 - INFO - ✅ Đã lấy link: https://thuvienphapluat.vn/van-ban/Bo-may-hanh-chinh/Quyet-dinh-871-QD-UBND-2025-quy-trinh-thu-tuc-hanh-chinh-So-Cong-Thuong-Can-Tho-650784.aspx
2025-07-14 04:54:09,244 - INFO - ✅ Đã lấy link: https://thuvienphapluat.vn/van-ban/Bo-may-hanh-chinh/Quyet-dinh-823-QD-UBND-2025-quy-trinh-thu-tuc-hanh-chinh-Duong-thuy-noi-dia-So-Xay-dung-Dak-Lak-650780.aspx
2025-07-14 04:54:09,248 - INFO - ✅ Đã lấy link: https://thuvienphapluat.vn/van-ban/Bo-may-hanh-chinh/Quyet-dinh-803-QD-UBND-2025-cong-bo-thu-tuc-hanh-chinh-tin-nguong-So-Dan-toc-Son-La-650935.aspx
2025-07-14 04:54:09,252 - INFO - ✅ Đã lấy link: https://thuvienphapluat.vn/van-ban/Bo-may-hanh-chinh/Quyet-dinh-822-QD-UBND-2025-cong-bo-thu-tuc-hanh-chinh-cap-giay-phep-lai-xe-So-Xay-dung-Dak-Lak-650879.aspx
2025-07-14 04:54:09,257 - INFO - ✅ Đã lấy link: https://thuvienphapluat.vn/van-ban/Bo-may-hanh-chinh/Quyet-dinh-328-QD-UBND-2025-cong-bo-thu-tuc-hanh-chinh-linh-vuc-Dan-so-So-Y-te-Gia-Lai-650850.aspx
2025-07-14 04:54:09,262 - INFO - ✅ Đã lấy link: https://thuvienphapluat.vn/van-ban/Dau-tu/Quyet-dinh-1359-QD-UBND-2025-quy-trinh-thu-tuc-hanh-chinh-Dau-tu-Ban-Quan-ly-Khu-che-xuat-Ho-Chi-Minh-659022.aspx
2025-07-14 04:54:09,266 - INFO - ✅ Đã lấy link: https://thuvienphapluat.vn/van-ban/Bat-dong-san/Quyet-dinh-1358-QD-UBND-2025-quy-trinh-thu-tuc-hanh-chinh-dat-dai-So-Tai-nguyen-Ho-Chi-Minh-659017.aspx
2025-07-14 04:54:09,271 - INFO - ✅ Đã lấy link: https://thuvienphapluat.vn/van-ban/Bo-may-hanh-chinh/Quyet-dinh-437-QD-UBND-2025-cong-bo-thu-tuc-hanh-chinh-linh-vuc-Tre-em-So-Y-te-Ninh-Thuan-650782.aspx
2025-07-14 04:54:09,276 - INFO - ✅ Đã lấy link: https://thuvienphapluat.vn/van-ban/Bo-may-hanh-chinh/Quyet-dinh-869-QD-UBND-2025-cong-bo-thu-tuc-hanh-chinh-tin-nguong-ton-giao-So-Dan-toc-Can-Tho-650783.aspx
2025-07-14 04:54:09,280 - INFO - ✅ Đã lấy link: https://thuvienphapluat.vn/van-ban/Bo-may-hanh-chinh/Quyet-dinh-614-QD-UBND-2025-quy-trinh-thu-tuc-hanh-chinh-tin-nguong-So-Dan-toc-Vinh-Long-656597.aspx
2025-07-14 04:54:09,280 - INFO - ➡️ Đang truy cập: https://thuvienphapluat.vn/page/searchlegal.aspx?keyword=&area=0&match=True&type=0&status=1&signer=0&sort=1&lan=1&scan=0&org=0&fields=15&chlbg=09/07/1945&chlend=09/07/2035&page=192
2025-07-14 04:54:09,761 - INFO - ⏳ Chờ 4.92s giả lập người dùng...
2025-07-14 04:54:14,875 - INFO - 🤖 CAPTCHA OCR: 127618
2025-07-14 04:54:17,986 - INFO - 🧭 Tiêu đề trang: THƯ VIỆN PHÁP LUẬT _ Tra cứu, Nắm bắt Pháp Luật Việt Nam
2025-07-14 04:54:30,629 - ERROR - ❌ Lỗi tại trang 192: Message: 
Stacktrace:
#0 0x5de36034823a <unknown>
#1 0x5de35fdf2ab0 <unknown>
#2 0x5de35fe446f0 <unknown>
#3 0x5de35fe448e1 <unknown>
#4 0x5de35fe92b94 <unknown>
#5 0x5de35fe6a1cd <unknown>
#6 0x5de35fe8ffee <unknown>
#7 0x5de35fe69f73 <unknown>
#8 0x5de35fe36aeb <unknown>
#9 0x5de35fe37751 <unknown>
#10 0x5de36030cb4b <unknown>
#11 0x5de360310929 <unknown>
#12 0x5de3602f3929 <unknown>
#13 0x5de3603114e8 <unknown>
#14 0x5de3602d80df <unknown>
#15 0x5de3603358e8 <unknown>
#16 0x5de360335ac6 <unknown>
#17 0x5de360347556 <unknown>
#18 0x753b3cc67609 start_thread

2025-07-14 04:54:30,641 - INFO - ➡️ Đang truy cập: https://thuvienphapluat.vn/page/searchlegal.aspx?keyword=&area=0&match=True&type=0&status=1&signer=0&sort=1&lan=1&scan=0&org=0&fields=15&chlbg=09/07/1945&chlend=09/07/2035&page=193
2025-07-14 04:54:31,078 - INFO - ⏳ Chờ 5.21s giả lập người dùng...
2025-07-14 04:54:36,479 - INFO - 🤖 CAPTCHA OCR: 683268
2025-07-14 04:54:40,521 - INFO - 🧭 Tiêu đề trang: Tra cứu Văn Bản Pháp Luật
2025-07-14 04:54:40,537 - INFO - ✅ Đã lấy link: https://thuvienphapluat.vn/van-ban/Lao-dong-Tien-luong/Quyet-dinh-321-QD-BNV-2025-cong-bo-thu-tuc-hanh-chinh-linh-vuc-lao-dong-tien-luong-651587.aspx
2025-07-14 04:54:40,541 - INFO - ✅ Đã lấy link: https://thuvienphapluat.vn/van-ban/Bo-may-hanh-chinh/Quyet-dinh-1033-QD-UBND-2025-cong-bo-thu-tuc-hanh-chinh-Phat-thanh-truyen-hinh-So-Van-hoa-Quang-Binh-651357.aspx
2025-07-14 04:54:40,545 - INFO - ✅ Đã lấy link: https://thuvienphapluat.vn/van-ban/Bo-may-hanh-chinh/Quyet-dinh-1037-QD-UBND-2025-quy-trinh-dich-vu-cong-Ket-cau-ha-tang-giao-thong-So-Xay-dung-Quang-Binh-651321.aspx
2025-07-14 04:54:40,549 - INFO - ✅ Đã lấy link: https://thuvienphapluat.vn/van-ban/Bo-may-hanh-chinh/Quyet-dinh-1099-QD-UBND-2025-cong-bo-thu-tuc-hanh-chinh-Di-san-van-hoa-Hai-Phong-651143.aspx
2025-07-14 04:54:40,552 - INFO - ✅ Đã lấy link: https://thuvienphapluat.vn/van-ban/Bo-may-hanh-chinh/Quyet-dinh-319-QD-BNV-2025-cong-bo-thu-tuc-hanh-chinh-linh-vuc-Chinh-quyen-dia-phuong-650739.aspx
2025-07-14 04:54:40,556 - INFO - ✅ Đã lấy link: https://thuvienphapluat.vn/van-ban/Lao-dong-Tien-luong/Quyet-dinh-653-QD-UBND-2025-cong-bo-thu-tuc-hanh-chinh-linh-vuc-viec-lam-Uy-ban-tinh-Ca-Mau-660994.aspx
2025-07-14 04:54:40,560 - INFO - ✅ Đã lấy link: https://thuvienphapluat.vn/van-ban/Bat-dong-san/Quyet-dinh-648-QD-UBND-2025-cong-bo-thu-tuc-hanh-chinh-linh-vuc-dat-dai-Uy-ban-tinh-Ca-Mau-660889.aspx
2025-07-14 04:54:40,564 - INFO - ✅ Đã lấy link: https://thuvienphapluat.vn/van-ban/Bo-may-hanh-chinh/Quyet-dinh-647-QD-UBND-2025-cong-bo-thu-tuc-hanh-chinh-linh-vuc-tre-em-So-Y-te-Ca-Mau-660888.aspx
2025-07-14 04:54:40,568 - INFO - ✅ Đã lấy link: https://thuvienphapluat.vn/van-ban/Bo-may-hanh-chinh/Quyet-dinh-438-QD-UBND-2025-Phuong-an-don-gian-hoa-thu-tuc-hanh-chinh-So-Khoa-hoc-Ninh-Thuan-654854.aspx
2025-07-14 04:54:40,572 - INFO - ✅ Đã lấy link: https://thuvienphapluat.vn/van-ban/Bo-may-hanh-chinh/Quyet-dinh-415-QD-UBND-2025-cong-bo-thu-tuc-hanh-chinh-tin-nguong-So-Dan-toc-Tuyen-Quang-651164.aspx
2025-07-14 04:54:40,576 - INFO - ✅ Đã lấy link: https://thuvienphapluat.vn/van-ban/Thuong-mai/Quyet-dinh-649-QD-UBND-2025-Phuong-an-don-gian-hoa-thu-tuc-hanh-chinh-hoat-dong-dau-tu-Ca-Mau-660604.aspx
2025-07-14 04:54:40,580 - INFO - ✅ Đã lấy link: https://thuvienphapluat.vn/van-ban/Bo-may-hanh-chinh/Quyet-dinh-621-QD-UBND-2025-cong-bo-thu-tuc-hanh-chinh-So-Giao-duc-Dao-tao-Lai-Chau-651303.aspx
2025-07-14 04:54:40,585 - INFO - ✅ Đã lấy link: https://thuvienphapluat.vn/van-ban/Bo-may-hanh-chinh/Quyet-dinh-1079-QD-UBND-2025-quy-trinh-thu-tuc-hanh-chinh-van-hoa-So-Van-hoa-Ben-Tre-658914.aspx
2025-07-14 04:54:40,588 - INFO - ✅ Đã lấy link: https://thuvienphapluat.vn/van-ban/Bo-may-hanh-chinh/Quyet-dinh-543-QD-UBND-2025-cong-bo-thu-tuc-hanh-chinh-Di-san-van-hoa-So-Van-hoa-Phu-Yen-664461.aspx
2025-07-14 04:54:40,592 - INFO - ✅ Đã lấy link: https://thuvienphapluat.vn/van-ban/Bo-may-hanh-chinh/Quyet-dinh-544-QD-UBND-2025-cong-bo-thu-tuc-hanh-chinh-Bao-tro-xa-hoi-So-Y-te-Phu-Yen-664462.aspx
2025-07-14 04:54:40,596 - INFO - ✅ Đã lấy link: https://thuvienphapluat.vn/van-ban/Bo-may-hanh-chinh/Quyet-dinh-870-QD-UBND-2025-cong-bo-danh-muc-thu-tuc-hanh-chinh-So-Y-te-Can-Tho-664070.aspx
2025-07-14 04:54:40,600 - INFO - ✅ Đã lấy link: https://thuvienphapluat.vn/van-ban/Bo-may-hanh-chinh/Quyet-dinh-642-QD-UBND-2025-cong-bo-van-ban-quy-pham-phap-luat-het-hieu-luc-toan-bo-Ca-Mau-663984.aspx
2025-07-14 04:54:40,603 - INFO - ✅ Đã lấy link: https://thuvienphapluat.vn/van-ban/Bo-may-hanh-chinh/Quyet-dinh-1081-QD-UBND-2025-cong-bo-thu-tuc-hanh-chinh-linh-vuc-tin-nguong-Uy-ban-xa-Ben-Tre-650902.aspx
2025-07-14 04:54:40,607 - INFO - ✅ Đã lấy link: https://thuvienphapluat.vn/van-ban/Bo-may-hanh-chinh/Quyet-dinh-746-QD-UBND-2025-cong-bo-thu-tuc-hanh-chinh-Tin-nguong-ton-giao-So-Dan-toc-Hoa-Binh-654886.aspx
2025-07-14 04:54:40,611 - INFO - ✅ Đã lấy link: https://thuvienphapluat.vn/van-ban/Bo-may-hanh-chinh/Quyet-dinh-1040-QD-UBND-2025-quy-trinh-dich-vu-cong-truc-tuyen-Y-te-du-phong-So-Y-te-Quang-Binh-651142.aspx
2025-07-14 04:54:40,611 - INFO - ➡️ Đang truy cập: https://thuvienphapluat.vn/page/searchlegal.aspx?keyword=&area=0&match=True&type=0&status=1&signer=0&sort=1&lan=1&scan=0&org=0&fields=15&chlbg=09/07/1945&chlend=09/07/2035&page=194
2025-07-14 04:54:41,294 - INFO - ⏳ Chờ 4.59s giả lập người dùng...
2025-07-14 04:54:46,084 - INFO - 🤖 CAPTCHA OCR: 
2025-07-14 04:54:49,208 - INFO - 🧭 Tiêu đề trang: THƯ VIỆN PHÁP LUẬT _ Tra cứu, Nắm bắt Pháp Luật Việt Nam
2025-07-14 04:55:01,843 - ERROR - ❌ Lỗi tại trang 194: Message: 
Stacktrace:
#0 0x5de36034823a <unknown>
#1 0x5de35fdf2ab0 <unknown>
#2 0x5de35fe446f0 <unknown>
#3 0x5de35fe448e1 <unknown>
#4 0x5de35fe92b94 <unknown>
#5 0x5de35fe6a1cd <unknown>
#6 0x5de35fe8ffee <unknown>
#7 0x5de35fe69f73 <unknown>
#8 0x5de35fe36aeb <unknown>
#9 0x5de35fe37751 <unknown>
#10 0x5de36030cb4b <unknown>
#11 0x5de360310929 <unknown>
#12 0x5de3602f3929 <unknown>
#13 0x5de3603114e8 <unknown>
#14 0x5de3602d80df <unknown>
#15 0x5de3603358e8 <unknown>
#16 0x5de360335ac6 <unknown>
#17 0x5de360347556 <unknown>
#18 0x753b3cc67609 start_thread

2025-07-14 04:55:01,855 - INFO - ➡️ Đang truy cập: https://thuvienphapluat.vn/page/searchlegal.aspx?keyword=&area=0&match=True&type=0&status=1&signer=0&sort=1&lan=1&scan=0&org=0&fields=15&chlbg=09/07/1945&chlend=09/07/2035&page=195
2025-07-14 04:55:02,279 - INFO - ⏳ Chờ 5.84s giả lập người dùng...
2025-07-14 04:55:08,315 - INFO - 🤖 CAPTCHA OCR: 486653
2025-07-14 04:55:11,424 - INFO - 🧭 Tiêu đề trang: Tra cứu Văn Bản Pháp Luật
2025-07-14 04:55:11,441 - INFO - ✅ Đã lấy link: https://thuvienphapluat.vn/van-ban/Bo-may-hanh-chinh/Quyet-dinh-501-QD-UBND-2025-cong-bo-thu-tuc-hanh-chinh-Khi-tuong-thuy-van-So-Nong-nghiep-Bac-Giang-650788.aspx
2025-07-14 04:55:11,444 - INFO - ✅ Đã lấy link: https://thuvienphapluat.vn/van-ban/Bo-may-hanh-chinh/Quyet-dinh-713-QD-UBND-2025-cong-bo-thu-tuc-hanh-chinh-Bao-tro-xa-hoi-nganh-Y-te-Ha-Tinh-650710.aspx
2025-07-14 04:55:11,449 - INFO - ✅ Đã lấy link: https://thuvienphapluat.vn/van-ban/Bo-may-hanh-chinh/Quyet-dinh-581-QD-TTPVHCC-2025-cong-bo-thu-tuc-hanh-chinh-linh-vuc-Trong-trot-So-Nong-nghiep-Ha-Noi-650708.aspx
2025-07-14 04:55:11,453 - INFO - ✅ Đã lấy link: https://thuvienphapluat.vn/van-ban/Bo-may-hanh-chinh/Quyet-dinh-401-QD-UBND-2025-cong-bo-thu-tuc-hanh-chinh-linh-vuc-So-Nong-nghiep-Cao-Bang-653512.aspx
2025-07-14 04:55:11,458 - INFO - ✅ Đã lấy link: https://thuvienphapluat.vn/van-ban/Bo-may-hanh-chinh/Quyet-dinh-755-QD-UBND-2025-cong-bo-thu-tuc-hanh-chinh-linh-vuc-Bao-tro-xa-hoi-Phu-Tho-655491.aspx
2025-07-14 04:55:11,461 - INFO - ✅ Đã lấy link: https://thuvienphapluat.vn/van-ban/Bo-may-hanh-chinh/Quyet-dinh-1158-QD-BYT-2025-cong-bo-sua-doi-thu-tuc-hanh-chinh-linh-vuc-Bao-tro-xa-hoi-650570.aspx
2025-07-14 04:55:11,465 - INFO - ✅ Đã lấy link: https://thuvienphapluat.vn/van-ban/Lao-dong-Tien-luong/Thong-tu-002-2025-TT-BNV-sua-doi-Thong-tu-01-2025-TT-BNV-che-do-thuc-hien-sap-xep-to-chuc-bo-may-650679.aspx
2025-07-14 04:55:11,469 - INFO - ✅ Đã lấy link: https://thuvienphapluat.vn/van-ban/Bo-may-hanh-chinh/Quyet-dinh-754-QD-UBND-2025-cong-bo-thu-tuc-hanh-chinh-Di-san-van-hoa-cap-tinh-Phu-Tho-650858.aspx
2025-07-14 04:55:11,474 - INFO - ✅ Đã lấy link: https://thuvienphapluat.vn/van-ban/Bo-may-hanh-chinh/Quyet-dinh-753-QD-UBND-2025-thu-tuc-hanh-chinh-Bao-Tro-xa-hoi-cac-cap-chinh-quyen-Phu-Tho-650859.aspx
2025-07-14 04:55:11,478 - INFO - ✅ Đã lấy link: https://thuvienphapluat.vn/van-ban/Bo-may-hanh-chinh/Quyet-dinh-402-QD-UBND-2025-quy-trinh-thu-tuc-hanh-chinh-phat-thanh-truyen-hinh-So-Van-hoa-Cao-Bang-653511.aspx
2025-07-14 04:55:11,482 - INFO - ✅ Đã lấy link: https://thuvienphapluat.vn/van-ban/Bo-may-hanh-chinh/Quyet-dinh-404-QD-UBND-2025-quy-trinh-thu-tuc-hanh-chinh-linh-vuc-Van-hoa-So-Van-hoa-Cao-Bang-653509.aspx
2025-07-14 04:55:11,486 - INFO - ✅ Đã lấy link: https://thuvienphapluat.vn/van-ban/Bo-may-hanh-chinh/Quyet-dinh-659-QD-BNNMT-2025-cong-bo-chuan-hoa-thu-tuc-hanh-chinh-linh-vuc-do-dac-ban-do-650616.aspx
2025-07-14 04:55:11,490 - INFO - ✅ Đã lấy link: https://thuvienphapluat.vn/van-ban/Bo-may-hanh-chinh/Quyet-dinh-403-QD-UBND-2025-cong-bo-thu-tuc-hanh-chinh-tin-nguong-ton-giao-So-Dan-toc-Cao-Bang-653510.aspx
2025-07-14 04:55:11,494 - INFO - ✅ Đã lấy link: https://thuvienphapluat.vn/van-ban/Bo-may-hanh-chinh/Quyet-dinh-607-QD-UBND-2025-chuyen-thon-thanh-to-dan-pho-thuoc-thi-tran-Vinh-Tuong-Vinh-Phuc-651802.aspx
2025-07-14 04:55:11,498 - INFO - ✅ Đã lấy link: https://thuvienphapluat.vn/van-ban/Bo-may-hanh-chinh/Quyet-dinh-939-QD-UBND-2025-quy-trinh-thu-tuc-hanh-chinh-dien-luc-So-Cong-thuong-Vung-Tau-657814.aspx
2025-07-14 04:55:11,503 - INFO - ✅ Đã lấy link: https://thuvienphapluat.vn/van-ban/Bo-may-hanh-chinh/Quyet-dinh-704-QD-UBND-2025-Quy-trinh-thu-tuc-hanh-chinh-Di-san-van-hoa-So-Van-hoa-Hoa-Binh-654851.aspx
2025-07-14 04:55:11,507 - INFO - ✅ Đã lấy link: https://thuvienphapluat.vn/van-ban/Dich-vu-phap-ly/Quyet-dinh-08-2025-QD-TTg-che-do-boi-duong-giam-dinh-tu-phap-650733.aspx
2025-07-14 04:55:11,511 - INFO - ✅ Đã lấy link: https://thuvienphapluat.vn/van-ban/Bo-may-hanh-chinh/Quyet-dinh-21-2025-QD-UBND-tieu-chuan-chung-chuc-danh-vien-chuc-quan-ly-don-vi-cong-lap-Khanh-Hoa-652335.aspx
2025-07-14 04:55:11,515 - INFO - ✅ Đã lấy link: https://thuvienphapluat.vn/van-ban/Bo-may-hanh-chinh/Chi-thi-05-CT-UBND-2025-giai-phap-nang-cao-hieu-qua-quan-ly-su-dung-vu-khi-vat-lieu-no-Ha-Noi-652223.aspx
2025-07-14 04:55:11,515 - INFO - ➡️ Đang truy cập: https://thuvienphapluat.vn/page/searchlegal.aspx?keyword=&area=0&match=True&type=0&status=1&signer=0&sort=1&lan=1&scan=0&org=0&fields=15&chlbg=09/07/1945&chlend=09/07/2035&page=196
2025-07-14 04:55:12,028 - INFO - ⏳ Chờ 6.84s giả lập người dùng...
2025-07-14 04:55:19,076 - INFO - 🤖 CAPTCHA OCR: 5272716
2025-07-14 04:55:22,187 - INFO - 🧭 Tiêu đề trang: THƯ VIỆN PHÁP LUẬT _ Tra cứu, Nắm bắt Pháp Luật Việt Nam
2025-07-14 04:55:34,814 - ERROR - ❌ Lỗi tại trang 196: Message: 
Stacktrace:
#0 0x5de36034823a <unknown>
#1 0x5de35fdf2ab0 <unknown>
#2 0x5de35fe446f0 <unknown>
#3 0x5de35fe448e1 <unknown>
#4 0x5de35fe92b94 <unknown>
#5 0x5de35fe6a1cd <unknown>
#6 0x5de35fe8ffee <unknown>
#7 0x5de35fe69f73 <unknown>
#8 0x5de35fe36aeb <unknown>
#9 0x5de35fe37751 <unknown>
#10 0x5de36030cb4b <unknown>
#11 0x5de360310929 <unknown>
#12 0x5de3602f3929 <unknown>
#13 0x5de3603114e8 <unknown>
#14 0x5de3602d80df <unknown>
#15 0x5de3603358e8 <unknown>
#16 0x5de360335ac6 <unknown>
#17 0x5de360347556 <unknown>
#18 0x753b3cc67609 start_thread

2025-07-14 04:55:34,825 - INFO - ➡️ Đang truy cập: https://thuvienphapluat.vn/page/searchlegal.aspx?keyword=&area=0&match=True&type=0&status=1&signer=0&sort=1&lan=1&scan=0&org=0&fields=15&chlbg=09/07/1945&chlend=09/07/2035&page=197
2025-07-14 04:55:35,240 - INFO - ⏳ Chờ 4.03s giả lập người dùng...
2025-07-14 04:55:39,485 - INFO - 🤖 CAPTCHA OCR: 263615
2025-07-14 04:55:42,599 - INFO - 🧭 Tiêu đề trang: Tra cứu Văn Bản Pháp Luật
2025-07-14 04:55:42,616 - INFO - ✅ Đã lấy link: https://thuvienphapluat.vn/van-ban/Bo-may-hanh-chinh/Quyet-dinh-24-2025-QD-UBND-bai-bo-Quyet-dinh-36-2015-QD-UBND-Bac-Ninh-650952.aspx
2025-07-14 04:55:42,619 - INFO - ✅ Đã lấy link: https://thuvienphapluat.vn/van-ban/Bo-may-hanh-chinh/Quyet-dinh-24-2025-QD-UBND-chuc-nang-nhiem-vu-Van-phong-Uy-ban-nhan-dan-Quang-Ngai-650624.aspx
2025-07-14 04:55:42,623 - INFO - ✅ Đã lấy link: https://thuvienphapluat.vn/van-ban/Bo-may-hanh-chinh/Quyet-dinh-471-QD-UBND-2025-cong-bo-thu-tuc-hanh-chinh-Tin-nguong-nganh-Dan-toc-Ha-Giang-650569.aspx
2025-07-14 04:55:42,627 - INFO - ✅ Đã lấy link: https://thuvienphapluat.vn/van-ban/Bo-may-hanh-chinh/Quyet-dinh-480-QD-UBND-2025-cong-bo-thu-tuc-hanh-chinh-linh-vuc-dien-luc-So-Cong-Thuong-Dak-Nong-650652.aspx
2025-07-14 04:55:42,630 - INFO - ✅ Đã lấy link: https://thuvienphapluat.vn/van-ban/Bo-may-hanh-chinh/Quyet-dinh-479-QD-UBND-2025-thu-tuc-hanh-chinh-hoat-dong-xay-dung-Ban-Quan-ly-cong-nghiep-Dak-Nong-650787.aspx
2025-07-14 04:55:42,634 - INFO - ✅ Đã lấy link: https://thuvienphapluat.vn/van-ban/Bo-may-hanh-chinh/Quyet-dinh-596-QD-UBND-2025-cong-bo-thu-tuc-hanh-chinh-linh-vuc-Tre-em-So-Y-te-Vinh-Long-655240.aspx
2025-07-14 04:55:42,637 - INFO - ✅ Đã lấy link: https://thuvienphapluat.vn/van-ban/Bo-may-hanh-chinh/Quyet-dinh-588-QD-UBND-2025-cong-bo-thu-tuc-hanh-chinh-Giao-duc-dao-tao-So-Giao-duc-Vinh-Long-656693.aspx
2025-07-14 04:55:42,641 - INFO - ✅ Đã lấy link: https://thuvienphapluat.vn/van-ban/Bo-may-hanh-chinh/Quyet-dinh-369-QD-SYT-2025-cong-bo-thu-tuc-hanh-chinh-linh-vuc-Tre-em-So-Y-te-Quang-Nam-650753.aspx
2025-07-14 04:55:42,645 - INFO - ✅ Đã lấy link: https://thuvienphapluat.vn/van-ban/Lao-dong-Tien-luong/Quyet-dinh-1002-QD-UBND-2025-cong-bo-thu-tuc-hanh-chinh-Giao-duc-nghe-nghiep-So-Giao-duc-Thanh-Hoa-650566.aspx
2025-07-14 04:55:42,649 - INFO - ✅ Đã lấy link: https://thuvienphapluat.vn/van-ban/Bo-may-hanh-chinh/Quyet-dinh-1006-QD-UBND-2025-cong-bo-thu-tuc-hanh-chinh-Di-san-van-hoa-So-Van-hoa-Thanh-Hoa-650568.aspx
2025-07-14 04:55:42,652 - INFO - ✅ Đã lấy link: https://thuvienphapluat.vn/van-ban/Bat-dong-san/Quyet-dinh-1322-QD-UBND-2025-quy-trinh-thu-tuc-hanh-chinh-dat-dai-Uy-ban-quan-Ho-Chi-Minh-659013.aspx
2025-07-14 04:55:42,656 - INFO - ✅ Đã lấy link: https://thuvienphapluat.vn/van-ban/Bo-may-hanh-chinh/Quyet-dinh-1318-QD-UBND-2025-cong-bo-danh-muc-thu-tuc-hanh-chinh-So-Du-lich-Ho-Chi-Minh-658908.aspx
2025-07-14 04:55:42,659 - INFO - ✅ Đã lấy link: https://thuvienphapluat.vn/van-ban/Bo-may-hanh-chinh/Quyet-dinh-35-2025-QD-UBND-Bai-bo-Quyet-dinh-11-2018-QD-UBND-Hau-Giang-651107.aspx
2025-07-14 04:55:42,663 - INFO - ✅ Đã lấy link: https://thuvienphapluat.vn/van-ban/Bo-may-hanh-chinh/Quyet-dinh-41-2025-QD-UBND-sua-doi-Quy-che-quan-ly-kinh-phi-khuyen-cong-Hai-Duong-652304.aspx
2025-07-14 04:55:42,666 - INFO - ✅ Đã lấy link: https://thuvienphapluat.vn/van-ban/Thuong-mai/Quyet-dinh-22-2025-QD-UBND-chuc-nang-nhiem-vu-Chi-cuc-Quan-ly-thi-truong-Hai-Phong-651545.aspx
2025-07-14 04:55:42,670 - INFO - ✅ Đã lấy link: https://thuvienphapluat.vn/van-ban/Bo-may-hanh-chinh/Quyet-dinh-906-QD-UBND-2025-cong-bo-thu-tuc-hanh-chinh-linh-vuc-tin-nguong-So-Noi-vu-Hue-654873.aspx
2025-07-14 04:55:42,674 - INFO - ✅ Đã lấy link: https://thuvienphapluat.vn/van-ban/Bo-may-hanh-chinh/Quyet-dinh-897-QD-UBND-2025-cong-bo-thu-tuc-hanh-chinh-linh-vuc-tre-em-So-Y-te-Hue-654874.aspx
2025-07-14 04:55:42,678 - INFO - ✅ Đã lấy link: https://thuvienphapluat.vn/van-ban/Bo-may-hanh-chinh/Quyet-dinh-893-QD-UBND-2025-Quy-trinh-thu-tuc-hanh-chinh-Kham-chua-benh-So-Y-te-Hue-654875.aspx
2025-07-14 04:55:42,681 - INFO - ✅ Đã lấy link: https://thuvienphapluat.vn/van-ban/Thuong-mai/Quyet-dinh-36-2025-QD-UBND-vi-tri-chuc-nang-nhiem-vu-Chi-cuc-Quan-ly-thi-truong-Lao-Cai-656107.aspx
2025-07-14 04:55:42,685 - INFO - ✅ Đã lấy link: https://thuvienphapluat.vn/van-ban/Bo-may-hanh-chinh/Quyet-dinh-316-QD-BNV-2025-cong-bo-thu-tuc-hanh-chinh-linh-vuc-To-chuc-Bien-che-651084.aspx
2025-07-14 04:55:42,685 - INFO - ➡️ Đang truy cập: https://thuvienphapluat.vn/page/searchlegal.aspx?keyword=&area=0&match=True&type=0&status=1&signer=0&sort=1&lan=1&scan=0&org=0&fields=15&chlbg=09/07/1945&chlend=09/07/2035&page=198
2025-07-14 04:55:43,062 - INFO - ⏳ Chờ 7.83s giả lập người dùng...
2025-07-14 04:55:51,097 - INFO - 🤖 CAPTCHA OCR: 
2025-07-14 04:55:54,204 - INFO - 🧭 Tiêu đề trang: THƯ VIỆN PHÁP LUẬT _ Tra cứu, Nắm bắt Pháp Luật Việt Nam
2025-07-14 04:56:06,836 - ERROR - ❌ Lỗi tại trang 198: Message: 
Stacktrace:
#0 0x5de36034823a <unknown>
#1 0x5de35fdf2ab0 <unknown>
#2 0x5de35fe446f0 <unknown>
#3 0x5de35fe448e1 <unknown>
#4 0x5de35fe92b94 <unknown>
#5 0x5de35fe6a1cd <unknown>
#6 0x5de35fe8ffee <unknown>
#7 0x5de35fe69f73 <unknown>
#8 0x5de35fe36aeb <unknown>
#9 0x5de35fe37751 <unknown>
#10 0x5de36030cb4b <unknown>
#11 0x5de360310929 <unknown>
#12 0x5de3602f3929 <unknown>
#13 0x5de3603114e8 <unknown>
#14 0x5de3602d80df <unknown>
#15 0x5de3603358e8 <unknown>
#16 0x5de360335ac6 <unknown>
#17 0x5de360347556 <unknown>
#18 0x753b3cc67609 start_thread

2025-07-14 04:56:06,849 - INFO - ➡️ Đang truy cập: https://thuvienphapluat.vn/page/searchlegal.aspx?keyword=&area=0&match=True&type=0&status=1&signer=0&sort=1&lan=1&scan=0&org=0&fields=15&chlbg=09/07/1945&chlend=09/07/2035&page=199
2025-07-14 04:56:07,434 - INFO - ⏳ Chờ 7.10s giả lập người dùng...
2025-07-14 04:56:14,731 - INFO - 🤖 CAPTCHA OCR: 
2025-07-14 04:56:17,839 - INFO - 🧭 Tiêu đề trang: THƯ VIỆN PHÁP LUẬT _ Tra cứu, Nắm bắt Pháp Luật Việt Nam
2025-07-14 04:56:30,502 - ERROR - ❌ Lỗi tại trang 199: Message: 
Stacktrace:
#0 0x5de36034823a <unknown>
#1 0x5de35fdf2ab0 <unknown>
#2 0x5de35fe446f0 <unknown>
#3 0x5de35fe448e1 <unknown>
#4 0x5de35fe92b94 <unknown>
#5 0x5de35fe6a1cd <unknown>
#6 0x5de35fe8ffee <unknown>
#7 0x5de35fe69f73 <unknown>
#8 0x5de35fe36aeb <unknown>
#9 0x5de35fe37751 <unknown>
#10 0x5de36030cb4b <unknown>
#11 0x5de360310929 <unknown>
#12 0x5de3602f3929 <unknown>
#13 0x5de3603114e8 <unknown>
#14 0x5de3602d80df <unknown>
#15 0x5de3603358e8 <unknown>
#16 0x5de360335ac6 <unknown>
#17 0x5de360347556 <unknown>
#18 0x753b3cc67609 start_thread

2025-07-14 04:56:30,514 - INFO - 🎉 Hoàn tất! Tổng cộng 599 link đã lưu vào link_downloads/file_link_download_bomayhanhchinh150-200.txt
