2025-07-11 09:13:50,868 - INFO - ➡️ Đang truy cập: https://thuvienphapluat.vn/page/searchlegal.aspx?keyword=&area=0&match=True&type=0&status=1&signer=0&sort=1&lan=1&scan=0&org=0&fields=15&chlbg=09/07/1945&chlend=09/07/2035&page=99
2025-07-11 09:13:51,588 - INFO - 🤖 CAPTCHA OCR: 311375
2025-07-11 09:13:57,293 - INFO - 🧭 Tiêu đề trang: Tra cứu Văn Bản Pháp Luật
2025-07-11 09:13:57,313 - INFO - ✅ Đã lấy link: https://thuvienphapluat.vn/van-ban/Bo-may-hanh-chinh/Quyet-dinh-704-QD-UBND-2025-quy-trinh-thu-tuc-hanh-chinh-So-Khoa-hoc-va-Cong-nghe-Quang-Ngai-656185.aspx
2025-07-11 09:13:57,317 - INFO - ✅ Đã lấy link: https://thuvienphapluat.vn/van-ban/Bo-may-hanh-chinh/Quyet-dinh-620-QD-UBND-2025-cong-bo-thu-tuc-hanh-chinh-linh-vuc-tin-nguong-So-Dan-toc-Dak-Nong-656167.aspx
2025-07-11 09:13:57,321 - INFO - ✅ Đã lấy link: https://thuvienphapluat.vn/van-ban/Bo-may-hanh-chinh/Quyet-dinh-1260-QD-UBND-2025-cong-bo-thu-tuc-hanh-chinh-bao-ton-thien-nhien-Uy-ban-xa-Vung-Tau-656161.aspx
2025-07-11 09:13:57,325 - INFO - ✅ Đã lấy link: https://thuvienphapluat.vn/van-ban/Bat-dong-san/Quyet-dinh-1258-QD-UBND-2025-cong-bo-thu-tuc-hanh-chinh-linh-vuc-dat-dai-Uy-ban-huyen-Vung-Tau-656159.aspx
2025-07-11 09:13:57,329 - INFO - ✅ Đã lấy link: https://thuvienphapluat.vn/van-ban/Bo-may-hanh-chinh/Quyet-dinh-1261-QD-UBND-2025-cong-bo-thu-tuc-hanh-chinh-Thiet-bi-y-te-So-Y-te-Vung-Tau-656158.aspx
2025-07-11 09:13:57,332 - INFO - ✅ Đã lấy link: https://thuvienphapluat.vn/van-ban/Bo-may-hanh-chinh/Quyet-dinh-440-QD-UBND-2025-quy-trinh-thu-tuc-hanh-chinh-xay-dung-So-Nong-nghiep-Gia-Lai-656142.aspx
2025-07-11 09:13:57,337 - INFO - ✅ Đã lấy link: https://thuvienphapluat.vn/van-ban/Bo-may-hanh-chinh/Quyet-dinh-1294-QD-UBND-2025-cong-bo-thu-tuc-hanh-chinh-cong-tac-dan-toc-Uy-ban-huyen-Nghe-An-656140.aspx
2025-07-11 09:13:57,340 - INFO - ✅ Đã lấy link: https://thuvienphapluat.vn/van-ban/Bo-may-hanh-chinh/Quyet-dinh-46-2025-QD-UBND-bai-bo-Quyet-dinh-35-2023-QD-UBND-Son-La-656091.aspx
2025-07-11 09:13:57,345 - INFO - ✅ Đã lấy link: https://thuvienphapluat.vn/van-ban/Bo-may-hanh-chinh/Quyet-dinh-33-2025-QD-UBND-bai-bo-quyet-dinh-cua-Uy-ban-nhan-dan-Ha-Giang-656010.aspx
2025-07-11 09:13:57,349 - INFO - ✅ Đã lấy link: https://thuvienphapluat.vn/van-ban/Bo-may-hanh-chinh/Quyet-dinh-1078-QD-UBND-2025-cong-bo-thu-tuc-hanh-chinh-Bao-ton-thien-nhien-So-Nong-nghiep-Son-La-656009.aspx
2025-07-11 09:13:57,353 - INFO - ✅ Đã lấy link: https://thuvienphapluat.vn/van-ban/Lao-dong-Tien-luong/Quyet-dinh-1269-QD-UBND-2025-cong-bo-thu-tuc-hanh-chinh-lao-dong-tien-luong-Uy-ban-xa-Vung-Tau-655925.aspx
2025-07-11 09:13:57,357 - INFO - ✅ Đã lấy link: https://thuvienphapluat.vn/van-ban/Bo-may-hanh-chinh/Quyet-dinh-1267-QD-UBND-2025-cong-bo-thu-tuc-hanh-chinh-giam-ngheo-Uy-ban-xa-Vung-Tau-655924.aspx
2025-07-11 09:13:57,361 - INFO - ✅ Đã lấy link: https://thuvienphapluat.vn/van-ban/Dau-tu/Quyet-dinh-1268-QD-UBND-2025-cong-bo-thu-tuc-hanh-chinh-Quan-ly-cong-san-So-Tai-chinh-Vung-Tau-655923.aspx
2025-07-11 09:13:57,364 - INFO - ✅ Đã lấy link: https://thuvienphapluat.vn/van-ban/Bo-may-hanh-chinh/Quyet-dinh-1266-QD-UBND-2025-cong-bo-thu-tuc-hanh-chinh-chan-nuoi-Uy-ban-huyen-Vung-Tau-655922.aspx
2025-07-11 09:13:57,368 - INFO - ✅ Đã lấy link: https://thuvienphapluat.vn/van-ban/Bo-may-hanh-chinh/Quyet-dinh-962-QD-UBND-2025-cong-bo-thu-tuc-hanh-chinh-giao-duc-dao-tao-So-Giao-duc-Yen-Bai-655921.aspx
2025-07-11 09:13:57,372 - INFO - ✅ Đã lấy link: https://thuvienphapluat.vn/van-ban/Bo-may-hanh-chinh/Quyet-dinh-1255-QD-UBND-2025-cong-bo-thu-tuc-hanh-chinh-bao-ton-thien-nhien-So-Nong-nghiep-Vung-Tau-655919.aspx
2025-07-11 09:13:57,376 - INFO - ✅ Đã lấy link: https://thuvienphapluat.vn/van-ban/Bo-may-hanh-chinh/Quyet-dinh-719-QD-TTPVHCC-2025-cong-bo-thu-tuc-hanh-chinh-linh-vuc-Nong-nghiep-So-Nong-nghiep-Ha-Noi-655906.aspx
2025-07-11 09:13:57,380 - INFO - ✅ Đã lấy link: https://thuvienphapluat.vn/van-ban/Bo-may-hanh-chinh/Quyet-dinh-1236-QD-BGDDT-2025-thoi-han-dinh-ky-chuyen-doi-vi-tri-cong-tac-don-vi-661743.aspx
2025-07-11 09:13:57,384 - INFO - ✅ Đã lấy link: https://thuvienphapluat.vn/van-ban/Bo-may-hanh-chinh/Quyet-dinh-1366-QD-UBND-2025-cong-bo-thu-tuc-hanh-chinh-sua-doi-So-Xay-dung-Thanh-Hoa-655920.aspx
2025-07-11 09:13:57,388 - INFO - ✅ Đã lấy link: https://thuvienphapluat.vn/van-ban/Bo-may-hanh-chinh/Quyet-dinh-1493-QD-UBND-2025-cong-bo-thu-tuc-hanh-chinh-noi-bo-nganh-Noi-vu-Dong-Nai-661890.aspx
2025-07-11 09:13:57,388 - INFO - ➡️ Đang truy cập: https://thuvienphapluat.vn/page/searchlegal.aspx?keyword=&area=0&match=True&type=0&status=1&signer=0&sort=1&lan=1&scan=0&org=0&fields=15&chlbg=09/07/1945&chlend=09/07/2035&page=100
2025-07-11 09:13:58,069 - INFO - 🤖 CAPTCHA OCR: 155143
2025-07-11 09:14:04,279 - INFO - 🧭 Tiêu đề trang: Tra cứu Văn Bản Pháp Luật
2025-07-11 09:14:04,295 - INFO - ✅ Đã lấy link: https://thuvienphapluat.vn/van-ban/Bo-may-hanh-chinh/Quyet-dinh-1433-QD-UBND-2025-cong-bo-thu-tuc-hanh-chinh-Trong-trot-So-Nong-nghiep-Quang-Binh-656168.aspx
2025-07-11 09:14:04,298 - INFO - ✅ Đã lấy link: https://thuvienphapluat.vn/van-ban/Bo-may-hanh-chinh/Quyet-dinh-1442-QD-UBND-2025-quy-trinh-thu-tuc-hanh-chinh-Hoat-dong-khoa-hoc-So-Khoa-hoc-Quang-Binh-656187.aspx
2025-07-11 09:14:04,302 - INFO - ✅ Đã lấy link: https://thuvienphapluat.vn/van-ban/Bo-may-hanh-chinh/Nghi-quyet-19-NQ-HDND-2025-sua-doi-Nghi-quyet-09-NQ-HDND-Nghe-An-657111.aspx
2025-07-11 09:14:04,306 - INFO - ✅ Đã lấy link: https://thuvienphapluat.vn/van-ban/Bat-dong-san/Quyet-dinh-18-2025-QD-UBND-sua-doi-Quyet-dinh-54-2024-QD-UBND-Binh-Thuan-656894.aspx
2025-07-11 09:14:04,310 - INFO - ✅ Đã lấy link: https://thuvienphapluat.vn/van-ban/Cong-nghe-thong-tin/Nghi-quyet-1635-NQ-UBTVQH15-2025-thanh-lap-Ban-Chi-dao-chuyen-doi-so-cua-Quoc-hoi-656723.aspx
2025-07-11 09:14:04,314 - INFO - ✅ Đã lấy link: https://thuvienphapluat.vn/van-ban/Bo-may-hanh-chinh/Quyet-dinh-46-2025-QD-UBND-chuc-nang-nhiem-vu-quyen-han-Chi-cuc-Kiem-lam-Ninh-Thuan-657394.aspx
2025-07-11 09:14:04,319 - INFO - ✅ Đã lấy link: https://thuvienphapluat.vn/van-ban/Bo-may-hanh-chinh/Quyet-dinh-1384-QD-UBND-2025-cong-bo-thu-tuc-hanh-chinh-linh-vuc-bien-So-Nong-nghiep-Ben-Tre-656139.aspx
2025-07-11 09:14:04,323 - INFO - ✅ Đã lấy link: https://thuvienphapluat.vn/van-ban/Cong-nghe-thong-tin/Quyet-dinh-1202-QD-UBND-2025-quy-trinh-thu-tuc-hanh-chinh-phat-thanh-Uy-ban-huyen-Khanh-Hoa-657052.aspx
2025-07-11 09:14:04,327 - INFO - ✅ Đã lấy link: https://thuvienphapluat.vn/van-ban/Bo-may-hanh-chinh/Quyet-dinh-443-QD-UBND-2025-cong-bo-thu-tuc-hanh-chinh-sua-doi-So-Xay-dung-Gia-Lai-656141.aspx
2025-07-11 09:14:04,331 - INFO - ✅ Đã lấy link: https://thuvienphapluat.vn/van-ban/Bo-may-hanh-chinh/Quyet-dinh-1308-QD-UBND-2025-cong-bo-thu-tuc-hanh-chinh-linh-vuc-Lam-nghiep-So-Nong-nghiep-Hue-657537.aspx
2025-07-11 09:14:04,335 - INFO - ✅ Đã lấy link: https://thuvienphapluat.vn/van-ban/Bo-may-hanh-chinh/Quyet-dinh-1301-QD-UBND-2025-cong-bo-thu-tuc-hanh-chinh-linh-vuc-Duoc-So-Y-te-Hue-657536.aspx
2025-07-11 09:14:04,339 - INFO - ✅ Đã lấy link: https://thuvienphapluat.vn/van-ban/Bo-may-hanh-chinh/Quyet-dinh-928-QD-UBND-2025-cong-bo-thu-tuc-hanh-chinh-So-Cong-Thuong-Dien-Bien-657552.aspx
2025-07-11 09:14:04,343 - INFO - ✅ Đã lấy link: https://thuvienphapluat.vn/van-ban/Bo-may-hanh-chinh/Quyet-dinh-1383-QD-UBND-2025-quy-trinh-noi-bo-linh-vuc-do-dac-ban-do-So-Nong-nghiep-Ben-Tre-658654.aspx
2025-07-11 09:14:04,347 - INFO - ✅ Đã lấy link: https://thuvienphapluat.vn/van-ban/Dich-vu-phap-ly/Quyet-dinh-1382-QD-UBND-2025-quy-trinh-thu-tuc-hanh-chinh-chung-thuc-Uy-ban-huyen-Ben-Tre-658744.aspx
2025-07-11 09:14:04,350 - INFO - ✅ Đã lấy link: https://thuvienphapluat.vn/van-ban/Bo-may-hanh-chinh/Quyet-dinh-1380-QD-UBND-2025-cong-bo-thu-tuc-hanh-chinh-linh-vuc-dia-chat-So-Nong-nghiep-Ben-Tre-658800.aspx
2025-07-11 09:14:04,354 - INFO - ✅ Đã lấy link: https://thuvienphapluat.vn/van-ban/Dich-vu-phap-ly/Quyet-dinh-1381-QD-UBND-2025-quy-trinh-thu-tuc-hanh-chinh-chung-thuc-Uy-ban-xa-Ben-Tre-658745.aspx
2025-07-11 09:14:04,358 - INFO - ✅ Đã lấy link: https://thuvienphapluat.vn/van-ban/Bo-may-hanh-chinh/Quyet-dinh-1302-QD-UBND-2025-quy-trinh-thu-tuc-hanh-chinh-trong-trot-So-Khoa-hoc-Hue-657977.aspx
2025-07-11 09:14:04,362 - INFO - ✅ Đã lấy link: https://thuvienphapluat.vn/van-ban/Bo-may-hanh-chinh/Quyet-dinh-1204-QD-UBND-2025-cong-bo-thu-tuc-hanh-chinh-linh-vuc-thuy-loi-So-Nong-nghiep-Khanh-Hoa-657849.aspx
2025-07-11 09:14:04,367 - INFO - ✅ Đã lấy link: https://thuvienphapluat.vn/van-ban/Dau-tu/Quyet-dinh-1203-QD-UBND-2025-cong-bo-thu-tuc-hanh-chinh-linh-vuc-dau-thau-So-Tai-chinh-Khanh-Hoa-657798.aspx
2025-07-11 09:14:04,370 - INFO - ✅ Đã lấy link: https://thuvienphapluat.vn/van-ban/Bo-may-hanh-chinh/Quyet-dinh-1200-QD-UBND-2025-cong-bo-thu-tuc-hanh-chinh-linh-vuc-tre-em-So-Y-te-Khanh-Hoa-657717.aspx
2025-07-11 09:14:04,370 - INFO - ➡️ Đang truy cập: https://thuvienphapluat.vn/page/searchlegal.aspx?keyword=&area=0&match=True&type=0&status=1&signer=0&sort=1&lan=1&scan=0&org=0&fields=15&chlbg=09/07/1945&chlend=09/07/2035&page=101
2025-07-11 09:14:05,028 - INFO - 🤖 CAPTCHA OCR: 166881
2025-07-11 09:14:11,601 - INFO - 🧭 Tiêu đề trang: Tra cứu Văn Bản Pháp Luật
2025-07-11 09:14:11,616 - INFO - ✅ Đã lấy link: https://thuvienphapluat.vn/van-ban/Bo-may-hanh-chinh/Quyet-dinh-1199-QD-UBND-2025-cong-bo-thu-tuc-hanh-chinh-chat-luong-thuy-san-So-Nong-nghiep-Khanh-Hoa-657716.aspx
2025-07-11 09:14:11,619 - INFO - ✅ Đã lấy link: https://thuvienphapluat.vn/van-ban/Bo-may-hanh-chinh/Quyet-dinh-1195-QD-UBND-2025-bai-bo-Quyet-dinh-3326-QD-UBND-Khanh-Hoa-657646.aspx
2025-07-11 09:14:11,623 - INFO - ✅ Đã lấy link: https://thuvienphapluat.vn/van-ban/Lao-dong-Tien-luong/Quyet-dinh-927-QD-UBND-2025-Quy-trinh-thu-tuc-hanh-chinh-an-toan-ve-sinh-lao-dong-So-Noi-vu-Dien-Bien-657656.aspx
2025-07-11 09:14:11,627 - INFO - ✅ Đã lấy link: https://thuvienphapluat.vn/van-ban/Bat-dong-san/Quyet-dinh-1451-QD-UBND-2025-dinh-chinh-Quyet-dinh-quy-pham-phap-luat-cua-Uy-ban-tinh-Lao-Cai-659076.aspx
2025-07-11 09:14:11,630 - INFO - ✅ Đã lấy link: https://thuvienphapluat.vn/van-ban/Cong-nghe-thong-tin/Quyet-dinh-546-QD-BXD-2025-sua-doi-Ma-dinh-danh-dien-tu-cua-cac-co-quan-don-vi-655836.aspx
2025-07-11 09:14:11,634 - INFO - ✅ Đã lấy link: https://thuvienphapluat.vn/van-ban/Bo-may-hanh-chinh/Quyet-dinh-551-QD-BXD-2025-Ke-hoach-thuc-hien-nhiem-vu-thong-tin-truyen-thong-655907.aspx
2025-07-11 09:14:11,638 - INFO - ✅ Đã lấy link: https://thuvienphapluat.vn/van-ban/Bo-may-hanh-chinh/Quyet-dinh-1647-QD-BTC-2025-Ke-hoach-cai-cach-hanh-chinh-656050.aspx
2025-07-11 09:14:11,641 - INFO - ✅ Đã lấy link: https://thuvienphapluat.vn/van-ban/Cong-nghe-thong-tin/Quyet-dinh-1311-QD-BNNMT-2025-Ke-hoach-trien-khai-Quyet-dinh-06-QD-TTg-656275.aspx
2025-07-11 09:14:11,645 - INFO - ✅ Đã lấy link: https://thuvienphapluat.vn/van-ban/Bo-may-hanh-chinh/Quyet-dinh-31-2025-QD-UBND-chuc-nang-nhiem-vu-Chi-cuc-Trong-trot-Bao-ve-thuc-vat-Gia-Lai-653770.aspx
2025-07-11 09:14:11,649 - INFO - ✅ Đã lấy link: https://thuvienphapluat.vn/van-ban/Bo-may-hanh-chinh/Quyet-dinh-854-QD-UBND-2025-cong-bo-thu-tuc-hanh-chinh-linh-vuc-khen-thuong-So-Noi-vu-Ca-Mau-660580.aspx
2025-07-11 09:14:11,652 - INFO - ✅ Đã lấy link: https://thuvienphapluat.vn/van-ban/Bo-may-hanh-chinh/Quyet-dinh-855-QD-UBND-2025-cong-bo-thu-tuc-hanh-chinh-linh-vuc-Lam-nghiep-Uy-ban-tinh-Ca-Mau-661231.aspx
2025-07-11 09:14:11,656 - INFO - ✅ Đã lấy link: https://thuvienphapluat.vn/van-ban/Bo-may-hanh-chinh/Quyet-dinh-23-2025-QD-UBND-chuc-nang-nhiem-vu-quyen-han-Chi-cuc-Kiem-lam-Dong-Thap-656595.aspx
2025-07-11 09:14:11,660 - INFO - ✅ Đã lấy link: https://thuvienphapluat.vn/van-ban/Bo-may-hanh-chinh/Quyet-dinh-1249-QD-UBND-2025-cong-bo-thu-tuc-hanh-chinh-Giao-duc-So-Giao-duc-Vung-Tau-656166.aspx
2025-07-11 09:14:11,663 - INFO - ✅ Đã lấy link: https://thuvienphapluat.vn/van-ban/Bo-may-hanh-chinh/Quyet-dinh-1233-QD-UBND-2025-cong-bo-thu-tuc-hanh-chinh-Kinh-te-hop-tac-So-Nong-nghiep-Vung-Tau-656165.aspx
2025-07-11 09:14:11,667 - INFO - ✅ Đã lấy link: https://thuvienphapluat.vn/van-ban/Bo-may-hanh-chinh/Quyet-dinh-1227-QD-UBND-2025-cong-bo-thu-tuc-hanh-chinh-bien-va-hai-dao-Uy-ban-huyen-Vung-Tau-656164.aspx
2025-07-11 09:14:11,670 - INFO - ✅ Đã lấy link: https://thuvienphapluat.vn/van-ban/Bo-may-hanh-chinh/Quyet-dinh-1225-QD-UBND-2025-cong-bo-thu-tuc-hanh-chinh-bien-hai-dao-So-Nong-nghiep-Vung-Tau-656163.aspx
2025-07-11 09:14:11,674 - INFO - ✅ Đã lấy link: https://thuvienphapluat.vn/van-ban/Bo-may-hanh-chinh/Quyet-dinh-1239-QD-UBND-2025-cong-bo-thu-tuc-hanh-chinh-Phat-trien-nong-thon-Uy-ban-huyen-Vung-Tau-656162.aspx
2025-07-11 09:14:11,678 - INFO - ✅ Đã lấy link: https://thuvienphapluat.vn/van-ban/Bo-may-hanh-chinh/Quyet-dinh-45-2025-QD-UBND-chuc-nang-nhiem-vu-quyen-han-Chi-cuc-Bao-ve-moi-truong-Ninh-Thuan-656100.aspx
2025-07-11 09:14:11,681 - INFO - ✅ Đã lấy link: https://thuvienphapluat.vn/van-ban/Bo-may-hanh-chinh/Quyet-dinh-68-2025-QD-UBND-bai-bo-Quyet-dinh-128-2002-QD-UB-Ho-Chi-Minh-656093.aspx
2025-07-11 09:14:11,685 - INFO - ✅ Đã lấy link: https://thuvienphapluat.vn/van-ban/Bat-dong-san/Quyet-dinh-952-QD-UBND-2025-cong-bo-thu-tuc-hanh-chinh-dang-ky-bao-dam-nganh-Tu-phap-Binh-Phuoc-656011.aspx
2025-07-11 09:14:11,685 - INFO - ➡️ Đang truy cập: https://thuvienphapluat.vn/page/searchlegal.aspx?keyword=&area=0&match=True&type=0&status=1&signer=0&sort=1&lan=1&scan=0&org=0&fields=15&chlbg=09/07/1945&chlend=09/07/2035&page=102
2025-07-11 09:14:12,314 - INFO - 🤖 CAPTCHA OCR: 4
2025-07-11 09:14:19,038 - INFO - 🧭 Tiêu đề trang: THƯ VIỆN PHÁP LUẬT _ Tra cứu, Nắm bắt Pháp Luật Việt Nam
2025-07-11 09:14:33,344 - ERROR - ❌ Lỗi tại trang 102: Message: 
Stacktrace:
#0 0x59df43e9c23a <unknown>
#1 0x59df43946ab0 <unknown>
#2 0x59df439986f0 <unknown>
#3 0x59df439988e1 <unknown>
#4 0x59df439e6b94 <unknown>
#5 0x59df439be1cd <unknown>
#6 0x59df439e3fee <unknown>
#7 0x59df439bdf73 <unknown>
#8 0x59df4398aaeb <unknown>
#9 0x59df4398b751 <unknown>
#10 0x59df43e60b4b <unknown>
#11 0x59df43e64929 <unknown>
#12 0x59df43e47929 <unknown>
#13 0x59df43e654e8 <unknown>
#14 0x59df43e2c0df <unknown>
#15 0x59df43e898e8 <unknown>
#16 0x59df43e89ac6 <unknown>
#17 0x59df43e9b556 <unknown>
#18 0x7d0b72e3e609 start_thread

2025-07-11 09:14:33,355 - INFO - ➡️ Đang truy cập: https://thuvienphapluat.vn/page/searchlegal.aspx?keyword=&area=0&match=True&type=0&status=1&signer=0&sort=1&lan=1&scan=0&org=0&fields=15&chlbg=09/07/1945&chlend=09/07/2035&page=103
2025-07-11 09:14:34,001 - INFO - 🤖 CAPTCHA OCR: 856682
2025-07-11 09:14:40,319 - INFO - 🧭 Tiêu đề trang: Tra cứu Văn Bản Pháp Luật
2025-07-11 09:14:40,334 - INFO - ✅ Đã lấy link: https://thuvienphapluat.vn/van-ban/Dau-tu/Quyet-dinh-1295-QD-UBND-2025-don-gian-hoa-thu-tuc-hanh-chinh-Dau-tu-Quan-ly-kinh-te-Hue-657981.aspx
2025-07-11 09:14:40,338 - INFO - ✅ Đã lấy link: https://thuvienphapluat.vn/van-ban/Bo-may-hanh-chinh/Quyet-dinh-1293-QD-UBND-2025-cong-bo-thu-tuc-hanh-chinh-Moi-truong-Ban-Quan-ly-Khu-kinh-te-Hue-657982.aspx
2025-07-11 09:14:40,342 - INFO - ✅ Đã lấy link: https://thuvienphapluat.vn/van-ban/Bo-may-hanh-chinh/Quyet-dinh-46-2025-QD-UBND-chuc-nang-nhiem-vu-quyen-han-Chi-cuc-Chan-nuoi-va-Thu-y-Hue-657202.aspx
2025-07-11 09:14:40,345 - INFO - ✅ Đã lấy link: https://thuvienphapluat.vn/van-ban/Bo-may-hanh-chinh/Quyet-dinh-45-2025-QD-UBND-nhiem-vu-quyen-han-Chi-cuc-Phat-trien-nong-thon-Hue-657960.aspx
2025-07-11 09:14:40,349 - INFO - ✅ Đã lấy link: https://thuvienphapluat.vn/van-ban/Bo-may-hanh-chinh/Quyet-dinh-44-2025-QD-UBND-chuc-nang-nhiem-vu-quyen-han-Chi-cuc-Thuy-san-Hue-657203.aspx
2025-07-11 09:14:40,353 - INFO - ✅ Đã lấy link: https://thuvienphapluat.vn/van-ban/Bo-may-hanh-chinh/Quyet-dinh-594-QD-UBND-2025-cong-bo-thu-tuc-hanh-chinh-trong-trot-So-Nong-nghiep-Ninh-Thuan-657407.aspx
2025-07-11 09:14:40,356 - INFO - ✅ Đã lấy link: https://thuvienphapluat.vn/van-ban/Bo-may-hanh-chinh/Quyet-dinh-590-QD-UBND-2025-cong-bo-thu-tuc-hanh-chinh-linh-vuc-thuy-san-So-Nong-nghiep-Ninh-Thuan-657405.aspx
2025-07-11 09:14:40,360 - INFO - ✅ Đã lấy link: https://thuvienphapluat.vn/van-ban/Bat-dong-san/Quyet-dinh-33-2025-QD-UBND-chuc-nang-nhiem-vu-Trung-tam-Phat-trien-quy-dat-Dong-Nai-656323.aspx
2025-07-11 09:14:40,363 - INFO - ✅ Đã lấy link: https://thuvienphapluat.vn/van-ban/Bo-may-hanh-chinh/Quyet-dinh-192-QD-VP-2025-cong-bo-thu-tuc-hanh-chinh-bien-phap-bao-dam-So-Nong-nghiep-Tuyen-Quang-660900.aspx
2025-07-11 09:14:40,367 - INFO - ✅ Đã lấy link: https://thuvienphapluat.vn/van-ban/Thuong-mai/Quyet-dinh-1190-QD-UBND-2025-cong-bo-thu-tuc-hanh-chinh-luu-thong-hang-hoa-So-Cong-Thuong-Khanh-Hoa-656625.aspx
2025-07-11 09:14:40,371 - INFO - ✅ Đã lấy link: https://thuvienphapluat.vn/van-ban/Bo-may-hanh-chinh/Quyet-dinh-1189-QD-UBND-2025-quy-trinh-thu-tuc-hanh-chinh-dien-luc-So-Cong-Thuong-Khanh-Hoa-657076.aspx
2025-07-11 09:14:40,374 - INFO - ✅ Đã lấy link: https://thuvienphapluat.vn/van-ban/Bo-may-hanh-chinh/Quyet-dinh-1192-QD-UBND-2025-quy-trinh-thu-tuc-hanh-chinh-khoang-san-So-Nong-nghiep-Khanh-Hoa-656612.aspx
2025-07-11 09:14:40,378 - INFO - ✅ Đã lấy link: https://thuvienphapluat.vn/van-ban/Bo-may-hanh-chinh/Quyet-dinh-779-QD-UBND-2025-cong-bo-thu-tuc-hanh-chinh-linh-vuc-Lam-nghiep-So-Nong-nghiep-Bac-Ninh-656464.aspx
2025-07-11 09:14:40,382 - INFO - ✅ Đã lấy link: https://thuvienphapluat.vn/van-ban/Bo-may-hanh-chinh/Quyet-dinh-1021-QD-UBND-2025-quy-trinh-thu-tuc-hanh-chinh-Bao-tro-xa-hoi-So-Y-te-Lang-Son-661998.aspx
2025-07-11 09:14:40,386 - INFO - ✅ Đã lấy link: https://thuvienphapluat.vn/van-ban/Bo-may-hanh-chinh/Quyet-dinh-1299-QD-UBND-2025-cong-bo-thu-tuc-hanh-chinh-Giao-duc-Dao-tao-So-Giao-duc-Hue-657979.aspx
2025-07-11 09:14:40,390 - INFO - ✅ Đã lấy link: https://thuvienphapluat.vn/van-ban/Bo-may-hanh-chinh/Chi-thi-06-CT-BCA-V05-2025-nang-cao-chat-luong-phong-trao-toan-dan-bao-ve-an-ninh-To-quoc-657889.aspx
2025-07-11 09:14:40,395 - INFO - ✅ Đã lấy link: https://thuvienphapluat.vn/van-ban/Bo-may-hanh-chinh/Quyet-dinh-1141-QD-UBND-2025-cong-bo-thu-tuc-hanh-chinh-bi-bai-bo-So-Noi-vu-Can-Tho-664099.aspx
2025-07-11 09:14:40,400 - INFO - ✅ Đã lấy link: https://thuvienphapluat.vn/van-ban/Lao-dong-Tien-luong/Quyet-dinh-666-QD-UBND-2025-cong-bo-thu-tuc-hanh-chinh-che-do-doi-voi-nha-giao-Uy-ban-tinh-Bac-Giang-658582.aspx
2025-07-11 09:14:40,404 - INFO - ✅ Đã lấy link: https://thuvienphapluat.vn/van-ban/Bo-may-hanh-chinh/Quyet-dinh-665-QD-UBND-2025-cong-bo-thu-tuc-hanh-chinh-linh-vuc-ngoai-vu-Uy-ban-Bac-Giang-658581.aspx
2025-07-11 09:14:40,409 - INFO - ✅ Đã lấy link: https://thuvienphapluat.vn/van-ban/Bo-may-hanh-chinh/Quyet-dinh-664-QD-UBND-2025-cong-bo-thu-tuc-hanh-chinh-quan-ly-cong-san-So-Tai-chinh-Bac-Giang-658578.aspx
2025-07-11 09:14:40,409 - INFO - ➡️ Đang truy cập: https://thuvienphapluat.vn/page/searchlegal.aspx?keyword=&area=0&match=True&type=0&status=1&signer=0&sort=1&lan=1&scan=0&org=0&fields=15&chlbg=09/07/1945&chlend=09/07/2035&page=104
2025-07-11 09:14:41,057 - INFO - 🤖 CAPTCHA OCR: 544356
2025-07-11 09:14:48,639 - INFO - 🧭 Tiêu đề trang: Tra cứu Văn Bản Pháp Luật
2025-07-11 09:14:48,654 - INFO - ✅ Đã lấy link: https://thuvienphapluat.vn/van-ban/Bo-may-hanh-chinh/Quyet-dinh-1768-QD-BQP-2025-cong-bo-thu-tuc-hanh-chinh-bi-bai-bo-linh-vuc-quan-ly-bien-gioi-655671.aspx
2025-07-11 09:14:48,657 - INFO - ✅ Đã lấy link: https://thuvienphapluat.vn/van-ban/Bao-hiem/Quyet-dinh-1005-QD-UBND-2025-cong-bo-thu-tuc-hanh-chinh-bao-hiem-xa-hoi-So-Y-te-Tra-Vinh-655743.aspx
2025-07-11 09:14:48,661 - INFO - ✅ Đã lấy link: https://thuvienphapluat.vn/van-ban/Dau-tu/Quyet-dinh-1006-QD-UBND-2025-cong-bo-thu-tuc-hanh-chinh-linh-vuc-dau-tu-So-Tai-chinh-Tra-Vinh-655742.aspx
2025-07-11 09:14:48,665 - INFO - ✅ Đã lấy link: https://thuvienphapluat.vn/van-ban/Bo-may-hanh-chinh/Quyet-dinh-1118-QD-UBND-2025-cong-bo-Danh-muc-thu-tuc-hanh-chinh-So-Y-te-Can-Tho-655550.aspx
2025-07-11 09:14:48,669 - INFO - ✅ Đã lấy link: https://thuvienphapluat.vn/van-ban/Bo-may-hanh-chinh/Quyet-dinh-1549-QD-UBND-2025-cong-bo-thu-tuc-hanh-chinh-Tai-nguyen-nuoc-So-Nong-nghiep-Binh-Dinh-656509.aspx
2025-07-11 09:14:48,672 - INFO - ✅ Đã lấy link: https://thuvienphapluat.vn/van-ban/Bo-may-hanh-chinh/Quyet-dinh-1535-QD-UBND-2025-cong-bo-thu-tuc-hanh-chinh-linh-vuc-Trong-trot-So-Nong-nghiep-Binh-Dinh-656466.aspx
2025-07-11 09:14:48,676 - INFO - ✅ Đã lấy link: https://thuvienphapluat.vn/van-ban/Bo-may-hanh-chinh/Thong-tu-25-2025-TT-BQP-huong-dan-thuc-hien-Nghi-dinh-21-2009-ND-CP-656244.aspx
2025-07-11 09:14:48,680 - INFO - ✅ Đã lấy link: https://thuvienphapluat.vn/van-ban/Bo-may-hanh-chinh/Nghi-dinh-99-2025-ND-CP-huong-dan-Luat-Cong-nghiep-quoc-phong-an-ninh-dong-vien-cong-nghiep-655856.aspx
2025-07-11 09:14:48,683 - INFO - ✅ Đã lấy link: https://thuvienphapluat.vn/van-ban/Bo-may-hanh-chinh/Quyet-dinh-16-2025-QD-UBND-chuc-nang-nhiem-vu-Phong-Y-te-huyen-Can-Gio-Ho-Chi-Minh-659208.aspx
2025-07-11 09:14:48,687 - INFO - ✅ Đã lấy link: https://thuvienphapluat.vn/van-ban/Bo-may-hanh-chinh/Quyet-dinh-1182-QD-UBND-2025-cong-bo-thu-tuc-hanh-chinh-thuy-san-So-Nong-nghiep-Khanh-Hoa-658797.aspx
2025-07-11 09:14:48,692 - INFO - ✅ Đã lấy link: https://thuvienphapluat.vn/van-ban/Bat-dong-san/Chi-thi-6-CT-UBND-2025-tang-cuong-quan-ly-Nha-nuoc-ve-dat-dai-khi-sap-xep-don-vi-hanh-chinh-Thai-Binh-655441.aspx
2025-07-11 09:14:48,696 - INFO - ✅ Đã lấy link: https://thuvienphapluat.vn/van-ban/Bo-may-hanh-chinh/Quyet-dinh-847-QD-UBND-2025-cong-bo-thu-tuc-hanh-chinh-bien-phap-bao-dam-So-Tu-phap-Ca-Mau-660579.aspx
2025-07-11 09:14:48,700 - INFO - ✅ Đã lấy link: https://thuvienphapluat.vn/van-ban/Bo-may-hanh-chinh/Quyet-dinh-921-QD-UBND-2025-cong-bo-thu-tuc-hanh-chinh-linh-vuc-Trong-trot-cap-tinh-Lam-Dong-655440.aspx
2025-07-11 09:14:48,703 - INFO - ✅ Đã lấy link: https://thuvienphapluat.vn/van-ban/Tai-chinh-nha-nuoc/Thong-tu-21-2025-TT-BTC-bai-bo-Thong-tu-linh-vuc-quan-ly-su-dung-tai-san-cong-656045.aspx
2025-07-11 09:14:48,707 - INFO - ✅ Đã lấy link: https://thuvienphapluat.vn/van-ban/Bo-may-hanh-chinh/Quyet-dinh-777-QD-UBND-2025-phe-duyet-Danh-muc-thanh-phan-ho-so-thuc-hien-so-hoa-Bac-Ninh-656179.aspx
2025-07-11 09:14:48,710 - INFO - ✅ Đã lấy link: https://thuvienphapluat.vn/van-ban/Bo-may-hanh-chinh/Quyet-dinh-706-QD-TTPVHCC-2025-cong-bo-thu-tuc-hanh-chinh-ap-dung-lan-xanh-Ban-Quan-ly-khu-cong-nghiep-Ha-Noi-656070.aspx
2025-07-11 09:14:48,714 - INFO - ✅ Đã lấy link: https://thuvienphapluat.vn/van-ban/Bat-dong-san/Quyet-dinh-371-QD-UBND-2025-quy-trinh-thu-tuc-hanh-chinh-linh-vuc-Dat-dai-ap-dung-Kon-Tum-655965.aspx
2025-07-11 09:14:48,718 - INFO - ✅ Đã lấy link: https://thuvienphapluat.vn/van-ban/Bo-may-hanh-chinh/Quyet-dinh-892-QD-UBND-2025-thu-tuc-hanh-chinh-chat-luong-nong-lam-san-So-Nong-nghiep-Dien-Bien-655939.aspx
2025-07-11 09:14:48,722 - INFO - ✅ Đã lấy link: https://thuvienphapluat.vn/van-ban/Bo-may-hanh-chinh/Quyet-dinh-893-QD-UBND-2025-cong-bo-thu-tuc-hanh-chinh-linh-vuc-trong-trot-So-Nong-nghiep-Dien-Bien-655938.aspx
2025-07-11 09:14:48,725 - INFO - ✅ Đã lấy link: https://thuvienphapluat.vn/van-ban/Bo-may-hanh-chinh/Quyet-dinh-707-QD-TTPVHCC-2025-cong-bo-thu-tuc-hanh-chinh-hoat-dong-xay-dung-So-Xay-dung-Ha-Noi-655801.aspx
2025-07-11 09:14:48,725 - INFO - ➡️ Đang truy cập: https://thuvienphapluat.vn/page/searchlegal.aspx?keyword=&area=0&match=True&type=0&status=1&signer=0&sort=1&lan=1&scan=0&org=0&fields=15&chlbg=09/07/1945&chlend=09/07/2035&page=105
2025-07-11 09:14:49,420 - INFO - 🤖 CAPTCHA OCR: 157818
2025-07-11 09:14:55,411 - INFO - 🧭 Tiêu đề trang: Tra cứu Văn Bản Pháp Luật
2025-07-11 09:14:55,427 - INFO - ✅ Đã lấy link: https://thuvienphapluat.vn/van-ban/Bo-may-hanh-chinh/Quyet-dinh-825-QD-UBND-2025-cong-bo-chuan-hoa-thu-tuc-hanh-chinh-moi-truong-So-Nong-nghiep-Binh-Thuan-655725.aspx
2025-07-11 09:14:55,430 - INFO - ✅ Đã lấy link: https://thuvienphapluat.vn/van-ban/Bo-may-hanh-chinh/Quyet-dinh-826-QD-UBND-2025-cong-bo-thu-tuc-hanh-chinh-giam-ngheo-So-Nong-nghiep-Binh-Thuan-655723.aspx
2025-07-11 09:14:55,434 - INFO - ✅ Đã lấy link: https://thuvienphapluat.vn/van-ban/Bo-may-hanh-chinh/Quyet-dinh-1189-QD-UBND-2025-cong-bo-thu-tuc-hanh-chinh-noi-bo-So-Khoa-hoc-Cong-nghe-Quang-Nam-655696.aspx
2025-07-11 09:14:55,438 - INFO - ✅ Đã lấy link: https://thuvienphapluat.vn/van-ban/Bo-may-hanh-chinh/Quyet-dinh-1354-QD-UBND-2025-cong-bo-thu-tuc-hanh-chinh-linh-vuc-Noi-vu-Uy-ban-Thanh-Hoa-655617.aspx
2025-07-11 09:14:55,441 - INFO - ✅ Đã lấy link: https://thuvienphapluat.vn/van-ban/Bo-may-hanh-chinh/Quyet-dinh-958-QD-UBND-2025-cong-bo-thu-tuc-hanh-chinh-So-Giao-duc-Dao-tao-Yen-Bai-655616.aspx
2025-07-11 09:14:55,445 - INFO - ✅ Đã lấy link: https://thuvienphapluat.vn/van-ban/Bo-may-hanh-chinh/Quyet-dinh-668-QD-UBND-2025-cong-bo-thu-tuc-hanh-chinh-linh-vuc-trong-trot-So-Khoa-hoc-Quang-Ngai-655570.aspx
2025-07-11 09:14:55,449 - INFO - ✅ Đã lấy link: https://thuvienphapluat.vn/van-ban/Bo-may-hanh-chinh/Quyet-dinh-667-QD-UBND-2025-cong-bo-thu-tuc-hanh-chinh-giao-duc-dao-tao-So-Giao-duc-Quang-Ngai-655569.aspx
2025-07-11 09:14:55,452 - INFO - ✅ Đã lấy link: https://thuvienphapluat.vn/van-ban/Bo-may-hanh-chinh/Quyet-dinh-1124-QD-UBND-2025-cong-bo-thu-tuc-hanh-chinh-So-Nong-nghiep-Moi-truong-Can-Tho-655556.aspx
2025-07-11 09:14:55,456 - INFO - ✅ Đã lấy link: https://thuvienphapluat.vn/van-ban/Bo-may-hanh-chinh/Quyet-dinh-1125-QD-UBND-2025-cong-bo-thu-tuc-hanh-chinh-So-Nong-nghiep-Can-Tho-655555.aspx
2025-07-11 09:14:55,459 - INFO - ✅ Đã lấy link: https://thuvienphapluat.vn/van-ban/Bo-may-hanh-chinh/Quyet-dinh-1126-QD-UBND-2025-cong-bo-Danh-muc-thu-tuc-hanh-chinh-So-Tai-chinh-Can-Tho-655553.aspx
2025-07-11 09:14:55,463 - INFO - ✅ Đã lấy link: https://thuvienphapluat.vn/van-ban/Bat-dong-san/Quyet-dinh-1351-QD-UBND-2025-cong-bo-thu-tuc-hanh-chinh-linh-vuc-Dat-dai-So-Nong-nghiep-Thanh-Hoa-655552.aspx
2025-07-11 09:14:55,466 - INFO - ✅ Đã lấy link: https://thuvienphapluat.vn/van-ban/Bo-may-hanh-chinh/Quyet-dinh-1274-QD-UBND-2025-cong-bo-thu-tuc-hanh-chinh-linh-vuc-Khen-thuong-So-Noi-vu-Nghe-An-655551.aspx
2025-07-11 09:14:55,470 - INFO - ✅ Đã lấy link: https://thuvienphapluat.vn/van-ban/Bo-may-hanh-chinh/Quyet-dinh-1275-QD-UBND-2025-cong-bo-thu-tuc-hanh-chinh-linh-vuc-Thi-dua-Uy-ban-Nghe-An-655502.aspx
2025-07-11 09:14:55,474 - INFO - ✅ Đã lấy link: https://thuvienphapluat.vn/van-ban/Bo-may-hanh-chinh/Quyet-dinh-1233-QD-UBND-2025-cong-bo-thu-tuc-hanh-chinh-y-te-du-phong-So-Y-te-Binh-Duong-660654.aspx
2025-07-11 09:14:55,478 - INFO - ✅ Đã lấy link: https://thuvienphapluat.vn/van-ban/Bo-may-hanh-chinh/Quyet-dinh-190-QD-VP-2025-cong-bo-thu-tuc-hanh-chinh-Xuat-ban-in-phat-hanh-So-Van-hoa-Tuyen-Quang-660898.aspx
2025-07-11 09:14:55,481 - INFO - ✅ Đã lấy link: https://thuvienphapluat.vn/van-ban/Bo-may-hanh-chinh/Quyet-dinh-1547-QD-UBND-2025-quy-trinh-giai-quyet-thu-tuc-hanh-chinh-So-Cong-Thuong-Binh-Dinh-656239.aspx
2025-07-11 09:14:55,485 - INFO - ✅ Đã lấy link: https://thuvienphapluat.vn/van-ban/Bo-may-hanh-chinh/Quyet-dinh-1282-Q%c3%90-UBND-2025-quy-trinh-giai-quyet-thu-tuc-hanh-chinh-thuy-loi-So-Nong-nghiep-Hue-657625.aspx
2025-07-11 09:14:55,489 - INFO - ✅ Đã lấy link: https://thuvienphapluat.vn/van-ban/Cong-nghe-thong-tin/Quyet-dinh-1635-QD-BTC-2025-sua-doi-danh-muc-ma-dinh-danh-Quyet-dinh-143-QD-BTC-656536.aspx
2025-07-11 09:14:55,493 - INFO - ✅ Đã lấy link: https://thuvienphapluat.vn/van-ban/Bo-may-hanh-chinh/Quyet-dinh-1718-QD-UBND-2025-quy-trinh-thu-tuc-hanh-chinh-hoat-dong-xay-dung-So-Xay-dung-Ho-Chi-Minh-661497.aspx
2025-07-11 09:14:55,496 - INFO - ✅ Đã lấy link: https://thuvienphapluat.vn/van-ban/Bo-may-hanh-chinh/Quyet-dinh-589-QD-UBND-2025-cong-bo-thu-tuc-hanh-chinh-Giao-duc-Dao-tao-So-Giao-duc-Ninh-Thuan-657404.aspx
2025-07-11 09:14:55,496 - INFO - ➡️ Đang truy cập: https://thuvienphapluat.vn/page/searchlegal.aspx?keyword=&area=0&match=True&type=0&status=1&signer=0&sort=1&lan=1&scan=0&org=0&fields=15&chlbg=09/07/1945&chlend=09/07/2035&page=106
2025-07-11 09:14:56,191 - INFO - 🤖 CAPTCHA OCR: 646611
2025-07-11 09:15:03,017 - INFO - 🧭 Tiêu đề trang: Tra cứu Văn Bản Pháp Luật
2025-07-11 09:15:03,032 - INFO - ✅ Đã lấy link: https://thuvienphapluat.vn/van-ban/Bo-may-hanh-chinh/Quyet-dinh-587-QD-UBND-2025-quy-trinh-thu-tuc-hanh-chinh-Quan-ly-cong-san-So-Tai-chinh-Ninh-Thuan-657403.aspx
2025-07-11 09:15:03,036 - INFO - ✅ Đã lấy link: https://thuvienphapluat.vn/van-ban/Bo-may-hanh-chinh/Quyet-dinh-1458-QD-UBND-2025-quy-trinh-thu-tuc-hanh-chinh-Khoang-san-nganh-Nong-nghiep-Dong-Nai-661661.aspx
2025-07-11 09:15:03,040 - INFO - ✅ Đã lấy link: https://thuvienphapluat.vn/van-ban/Bo-may-hanh-chinh/Quyet-dinh-191-QD-VP-2025-cong-bo-danh-muc-thu-tuc-hanh-chinh-So-Xay-dung-Tuyen-Quang-660897.aspx
2025-07-11 09:15:03,043 - INFO - ✅ Đã lấy link: https://thuvienphapluat.vn/van-ban/Bo-may-hanh-chinh/Quyet-dinh-439-QD-UBND-2025-cong-bo-thu-tuc-hanh-chinh-Ky-ket-Thoa-thuan-quo%e2%80%8bc-te-Gia-Lai-655557.aspx
2025-07-11 09:15:03,047 - INFO - ✅ Đã lấy link: https://thuvienphapluat.vn/van-ban/Bat-dong-san/Quyet-dinh-771-QD-UBND-2025-cong-bo-thu-tuc-hanh-chinh-bien-phap-bao-dam-So-Tu-phap-Bac-Ninh-656463.aspx
2025-07-11 09:15:03,051 - INFO - ✅ Đã lấy link: https://thuvienphapluat.vn/van-ban/Cong-nghe-thong-tin/Quyet-dinh-1534-QD-UBND-2025-Quy-che-quan-ly-van-hanh-He-thong-phong-hop-khong-giay-Binh-Dinh-656237.aspx
2025-07-11 09:15:03,055 - INFO - ✅ Đã lấy link: https://thuvienphapluat.vn/van-ban/Bo-may-hanh-chinh/Quyet-dinh-1546-QD-UBND-2025-quy-trinh-thu-tuc-hanh-chinh-Tin-nguong-ton-giao-So-Dan-toc-Binh-Dinh-656238.aspx
2025-07-11 09:15:03,058 - INFO - ✅ Đã lấy link: https://thuvienphapluat.vn/van-ban/Bo-may-hanh-chinh/Quyet-dinh-1364-QD-UBND-2025-quy-trinh-thu-tuc-hanh-chinh-linh-vuc-ho-tich-Uy-ban-huyen-Ben-Tre-658768.aspx
2025-07-11 09:15:03,062 - INFO - ✅ Đã lấy link: https://thuvienphapluat.vn/van-ban/Bo-may-hanh-chinh/Quyet-dinh-1363-QD-UBND-2025-cong-bo-thu-tuc-hanh-chinh-thuy-loi-Uy-ban-xa-Ben-Tre-658648.aspx
2025-07-11 09:15:03,066 - INFO - ✅ Đã lấy link: https://thuvienphapluat.vn/van-ban/Bo-may-hanh-chinh/Quyet-dinh-1730-QD-UBND-2025-cong-bo-thu-tuc-hanh-chinh-Trong-trot-So-Nong-nghiep-Ho-Chi-Minh-659324.aspx
2025-07-11 09:15:03,069 - INFO - ✅ Đã lấy link: https://thuvienphapluat.vn/van-ban/Bo-may-hanh-chinh/Quyet-dinh-1729-QD-UBND-2025-cong-bo-thu-tuc-hanh-chinh-Giam-ngheo-So-Nong-nghiep-Ho-Chi-Minh-658011.aspx
2025-07-11 09:15:03,073 - INFO - ✅ Đã lấy link: https://thuvienphapluat.vn/van-ban/Bo-may-hanh-chinh/Quyet-dinh-1186-QD-UBND-2025-cong-bo-thu-tuc-hanh-chinh-moi-truong-So-Nong-nghiep-Khanh-Hoa-657848.aspx
2025-07-11 09:15:03,076 - INFO - ✅ Đã lấy link: https://thuvienphapluat.vn/van-ban/Bo-may-hanh-chinh/Quyet-dinh-1183-QD-UBND-2025-cong-bo-thu-tuc-hanh-chinh-khen-thuong-Uy-ban-xa-Khanh-Hoa-657598.aspx
2025-07-11 09:15:03,080 - INFO - ✅ Đã lấy link: https://thuvienphapluat.vn/van-ban/Bo-may-hanh-chinh/Quyet-dinh-896-QD-UBND-2025-quy-trinh-thu-tuc-hanh-chinh-tai-nguyen-nuoc-So-Nong-nghiep-Dien-Bien-657655.aspx
2025-07-11 09:15:03,083 - INFO - ✅ Đã lấy link: https://thuvienphapluat.vn/van-ban/Bo-may-hanh-chinh/Quyet-dinh-895-QD-UBND-2025-cong-bo-thu-tuc-hanh-chinh-linh-vuc-Duong-bo-So-Xay-dung-Dien-Bien-657551.aspx
2025-07-11 09:15:03,087 - INFO - ✅ Đã lấy link: https://thuvienphapluat.vn/van-ban/Bo-may-hanh-chinh/Quyet-dinh-1134-QD-UBND-2025-cong-bo-Danh-muc-thu-tuc-hanh-chinh-Uy-ban-huyen-Can-Tho-664098.aspx
2025-07-11 09:15:03,091 - INFO - ✅ Đã lấy link: https://thuvienphapluat.vn/van-ban/Bo-may-hanh-chinh/Quyet-dinh-1261-QD-BNNMT-2025-cong-bo-thu-tuc-hanh-chinh-Quan-ly-chat-luong-nong-lam-san-655614.aspx
2025-07-11 09:15:03,095 - INFO - ✅ Đã lấy link: https://thuvienphapluat.vn/van-ban/Bo-may-hanh-chinh/Quyet-dinh-1402-QD-UBND-2025-cong-bo-thu-tuc-hanh-chinh-Quan-ly-cong-san-Uy-ban-Quang-Binh-655432.aspx
2025-07-11 09:15:03,099 - INFO - ✅ Đã lấy link: https://thuvienphapluat.vn/van-ban/Cong-nghe-thong-tin/Quyet-dinh-1627-QD-BTC-2025-Ung-dung-cong-nghe-so-xu-ly-kien-nghi-van-ban-quy-pham-656049.aspx
2025-07-11 09:15:03,102 - INFO - ✅ Đã lấy link: https://thuvienphapluat.vn/van-ban/Bo-may-hanh-chinh/Quyet-dinh-800-QD-UBND-2025-thu-tuc-hanh-chinh-giao-duc-dao-tao-So-Giao-duc-Binh-Thuan-655444.aspx
2025-07-11 09:15:03,102 - INFO - ➡️ Đang truy cập: https://thuvienphapluat.vn/page/searchlegal.aspx?keyword=&area=0&match=True&type=0&status=1&signer=0&sort=1&lan=1&scan=0&org=0&fields=15&chlbg=09/07/1945&chlend=09/07/2035&page=107
2025-07-11 09:15:03,790 - INFO - 🤖 CAPTCHA OCR: 747726
2025-07-11 09:15:10,491 - INFO - 🧭 Tiêu đề trang: Tra cứu Văn Bản Pháp Luật
2025-07-11 09:15:10,508 - INFO - ✅ Đã lấy link: https://thuvienphapluat.vn/van-ban/Bo-may-hanh-chinh/Nghi-quyet-195-2025-QH15-thanh-lap-Uy-ban-du-thao-sua-doi-Hien-phap-nam-2013-658174.aspx
2025-07-11 09:15:10,511 - INFO - ✅ Đã lấy link: https://thuvienphapluat.vn/van-ban/Bo-may-hanh-chinh/Nghi-quyet-194-2025-QH15-sua-doi-Hien-phap-nam-2013-655386.aspx
2025-07-11 09:15:10,515 - INFO - ✅ Đã lấy link: https://thuvienphapluat.vn/van-ban/Bo-may-hanh-chinh/Quyet-dinh-449-QD-UBND-HC-2025-cong-bo-thu-tuc-hanh-chinh-linh-vuc-Tre-em-So-Y-te-Dong-Thap-656785.aspx
2025-07-11 09:15:10,519 - INFO - ✅ Đã lấy link: https://thuvienphapluat.vn/van-ban/Bo-may-hanh-chinh/Quyet-dinh-1169-QD-UBND-2025-cong-bo-thu-tuc-hanh-chinh-bien-hai-dao-So-Nong-nghiep-Khanh-Hoa-656176.aspx
2025-07-11 09:15:10,523 - INFO - ✅ Đã lấy link: https://thuvienphapluat.vn/van-ban/Bo-may-hanh-chinh/Quyet-dinh-761-QD-UBND-2025-cong-bo-Danh-muc-thu-tuc-hanh-chinh-So-Tai-chinh-Bac-Ninh-656175.aspx
2025-07-11 09:15:10,526 - INFO - ✅ Đã lấy link: https://thuvienphapluat.vn/van-ban/Bo-may-hanh-chinh/Quyet-dinh-762-QD-UBND-2025-cong-bo-thu-tuc-hanh-chinh-Ban-quan-ly-khu-cong-nghiep-Bac-Ninh-656174.aspx
2025-07-11 09:15:10,530 - INFO - ✅ Đã lấy link: https://thuvienphapluat.vn/van-ban/Bo-may-hanh-chinh/Quyet-dinh-1197-QD-UBND-2025-cong-bo-thu-tuc-hanh-chinh-Kham-chua-benh-So-Y-te-Vung-Tau-656169.aspx
2025-07-11 09:15:10,533 - INFO - ✅ Đã lấy link: https://thuvienphapluat.vn/van-ban/Bo-may-hanh-chinh/Quyet-dinh-490-QD-UBND-2025-don-gian-hoa-thu-tuc-hanh-chinh-an-toan-thong-tin-mang-Uy-ban-Ninh-Binh-656015.aspx
2025-07-11 09:15:10,537 - INFO - ✅ Đã lấy link: https://thuvienphapluat.vn/van-ban/Bo-may-hanh-chinh/Quyet-dinh-489-QD-UBND-2025-cong-bo-thu-tuc-hanh-chinh-quan-ly-cong-san-So-Tai-chinh-Ninh-Binh-656013.aspx
2025-07-11 09:15:10,541 - INFO - ✅ Đã lấy link: https://thuvienphapluat.vn/van-ban/Bat-dong-san/Quyet-dinh-488-QD-UBND-2025-cong-bo-thu-tuc-hanh-chinh-dang-ky-bien-phap-bao-dam-So-Tu-phap-Ninh-Binh-656012.aspx
2025-07-11 09:15:10,544 - INFO - ✅ Đã lấy link: https://thuvienphapluat.vn/van-ban/Bo-may-hanh-chinh/Quyet-dinh-885-QD-UBND-2025-quy-trinh-thu-tuc-hanh-chinh-quan-ly-cong-san-So-Tai-chinh-Dien-Bien-655967.aspx
2025-07-11 09:15:10,548 - INFO - ✅ Đã lấy link: https://thuvienphapluat.vn/van-ban/Bat-dong-san/Quyet-dinh-763-QD-UBND-2025-cong-bo-thu-tuc-hanh-chinh-tai-chinh-dat-dai-So-Nong-nghiep-Bac-Ninh-655937.aspx
2025-07-11 09:15:10,552 - INFO - ✅ Đã lấy link: https://thuvienphapluat.vn/van-ban/Bo-may-hanh-chinh/Quyet-dinh-767-QD-UBND-2025-cong-bo-thu-tuc-hanh-chinh-quan-ly-cong-san-So-Tai-chinh-Bac-Ninh-655936.aspx
2025-07-11 09:15:10,555 - INFO - ✅ Đã lấy link: https://thuvienphapluat.vn/van-ban/Bo-may-hanh-chinh/Quyet-dinh-887-QD-UBND-2025-cong-bo-thu-tuc-hanh-chinh-cap-dich-vu-cong-truc-tuyen-So-Khoa-hoc-Dien-Bien-655934.aspx
2025-07-11 09:15:10,559 - INFO - ✅ Đã lấy link: https://thuvienphapluat.vn/van-ban/Bo-may-hanh-chinh/Quyet-dinh-1008-QD-UBND-2025-cong-bo-thu-tuc-hanh-chinh-linh-vuc-giao-duc-So-Giao-duc-Dak-Lak-655814.aspx
2025-07-11 09:15:10,562 - INFO - ✅ Đã lấy link: https://thuvienphapluat.vn/van-ban/Bo-may-hanh-chinh/Quyet-dinh-1007-QD-UBND-2025-cong-bo-thu-tuc-hanh-chinh-chan-nuoi-So-Nong-nghiep-Dak-Lak-655813.aspx
2025-07-11 09:15:10,566 - INFO - ✅ Đã lấy link: https://thuvienphapluat.vn/van-ban/Bo-may-hanh-chinh/Quyet-dinh-1006-QD-UBND-2025-cong-bo-thu-tuc-hanh-chinh-linh-vuc-trong-trot-So-Nong-nghiep-Dak-Lak-655811.aspx
2025-07-11 09:15:10,570 - INFO - ✅ Đã lấy link: https://thuvienphapluat.vn/van-ban/Bo-may-hanh-chinh/Quyet-dinh-942-QD-UBND-2025-thu-tuc-hanh-chinh-chat-luong-nong-lam-san-nganh-Nong-nghiep-Binh-Phuoc-655573.aspx
2025-07-11 09:15:10,574 - INFO - ✅ Đã lấy link: https://thuvienphapluat.vn/van-ban/Bo-may-hanh-chinh/Quyet-dinh-666-QD-UBND-2025-cong-bo-thu-tuc-hanh-chinh-chat-luong-nong-san-So-Nong-nghiep-Quang-Ngai-655567.aspx
2025-07-11 09:15:10,578 - INFO - ✅ Đã lấy link: https://thuvienphapluat.vn/van-ban/Bo-may-hanh-chinh/Quyet-dinh-665-QD-UBND-2025-cong-bo-thu-tuc-hanh-chinh-linh-vuc-thuy-loi-So-Nong-nghiep-Quang-Ngai-655566.aspx
2025-07-11 09:15:10,578 - INFO - ➡️ Đang truy cập: https://thuvienphapluat.vn/page/searchlegal.aspx?keyword=&area=0&match=True&type=0&status=1&signer=0&sort=1&lan=1&scan=0&org=0&fields=15&chlbg=09/07/1945&chlend=09/07/2035&page=108
2025-07-11 09:15:11,206 - INFO - 🤖 CAPTCHA OCR: 
2025-07-11 09:15:17,852 - INFO - 🧭 Tiêu đề trang: THƯ VIỆN PHÁP LUẬT _ Tra cứu, Nắm bắt Pháp Luật Việt Nam
2025-07-11 09:15:32,169 - ERROR - ❌ Lỗi tại trang 108: Message: 
Stacktrace:
#0 0x59df43e9c23a <unknown>
#1 0x59df43946ab0 <unknown>
#2 0x59df439986f0 <unknown>
#3 0x59df439988e1 <unknown>
#4 0x59df439e6b94 <unknown>
#5 0x59df439be1cd <unknown>
#6 0x59df439e3fee <unknown>
#7 0x59df439bdf73 <unknown>
#8 0x59df4398aaeb <unknown>
#9 0x59df4398b751 <unknown>
#10 0x59df43e60b4b <unknown>
#11 0x59df43e64929 <unknown>
#12 0x59df43e47929 <unknown>
#13 0x59df43e654e8 <unknown>
#14 0x59df43e2c0df <unknown>
#15 0x59df43e898e8 <unknown>
#16 0x59df43e89ac6 <unknown>
#17 0x59df43e9b556 <unknown>
#18 0x7d0b72e3e609 start_thread

2025-07-11 09:15:32,180 - INFO - ➡️ Đang truy cập: https://thuvienphapluat.vn/page/searchlegal.aspx?keyword=&area=0&match=True&type=0&status=1&signer=0&sort=1&lan=1&scan=0&org=0&fields=15&chlbg=09/07/1945&chlend=09/07/2035&page=109
2025-07-11 09:15:32,838 - INFO - 🤖 CAPTCHA OCR: 364764
2025-07-11 09:15:38,518 - INFO - 🧭 Tiêu đề trang: Tra cứu Văn Bản Pháp Luật
2025-07-11 09:15:38,534 - INFO - ✅ Đã lấy link: https://thuvienphapluat.vn/van-ban/Bo-may-hanh-chinh/Quyet-dinh-1171-QD-UBND-2025-cong-bo-thu-tuc-hanh-chinh-bien-va-hai-dao-So-Nong-nghiep-Khanh-Hoa-656503.aspx
2025-07-11 09:15:38,537 - INFO - ✅ Đã lấy link: https://thuvienphapluat.vn/van-ban/Bo-may-hanh-chinh/Quyet-dinh-1170-QD-UBND-2025-cong-bo-thu-tuc-hanh-chinh-linh-vuc-giam-ngheo-Uy-ban-xa-Khanh-Hoa-656504.aspx
2025-07-11 09:15:38,541 - INFO - ✅ Đã lấy link: https://thuvienphapluat.vn/van-ban/Bo-may-hanh-chinh/Quyet-dinh-895-QD-UBND-2025-cong-bo-thu-tuc-hanh-chinh-Linh-vuc-Duong-bo-So-Xay-dung-Bac-Lieu-660006.aspx
2025-07-11 09:15:38,544 - INFO - ✅ Đã lấy link: https://thuvienphapluat.vn/van-ban/Bat-dong-san/Quyet-dinh-285-QD-UBND-2025-chuc-nang-nhiem-vu-Van-phong-Dang-ky-dat-dai-Kon-Tum-656243.aspx
2025-07-11 09:15:38,548 - INFO - ✅ Đã lấy link: https://thuvienphapluat.vn/van-ban/Bat-dong-san/Quyet-dinh-279-QD-UBND-2025-chuc-nang-nhiem-vu-Trung-tam-Phat-trien-quy-dat-Kon-Tum-656242.aspx
2025-07-11 09:15:38,553 - INFO - ✅ Đã lấy link: https://thuvienphapluat.vn/van-ban/Bo-may-hanh-chinh/Quyet-dinh-1526-QD-UBND-2025-quy-trinh-thu-tuc-hanh-chinh-Tai-nguyen-nuoc-So-Nong-nghiep-Binh-Dinh-656236.aspx
2025-07-11 09:15:38,557 - INFO - ✅ Đã lấy link: https://thuvienphapluat.vn/van-ban/Bo-may-hanh-chinh/Quyet-dinh-1522-QD-UBND-2025-quy-trinh-thu-tuc-hanh-chinh-Khen-thuong-So-Noi-vu-Binh-Dinh-656234.aspx
2025-07-11 09:15:38,560 - INFO - ✅ Đã lấy link: https://thuvienphapluat.vn/van-ban/Bo-may-hanh-chinh/Quyet-dinh-3177-QD-BCA-2025-cong-bo-thu-tuc-hanh-chinh-bao-dam-an-ninh-hang-khong-655909.aspx
2025-07-11 09:15:38,564 - INFO - ✅ Đã lấy link: https://thuvienphapluat.vn/van-ban/Bo-may-hanh-chinh/Quyet-dinh-656-QD-UBND-2025-cong-bo-thu-tuc-hanh-chinh-chat-luong-nong-san-So-Nong-nghiep-Bac-Giang-658577.aspx
2025-07-11 09:15:38,568 - INFO - ✅ Đã lấy link: https://thuvienphapluat.vn/van-ban/Bo-may-hanh-chinh/Quyet-dinh-657-QD-UBND-2025-cong-bo-thu-tuc-hanh-chinh-linh-vuc-Dia-chat-So-Nong-nghiep-Bac-Giang-658552.aspx
2025-07-11 09:15:38,572 - INFO - ✅ Đã lấy link: https://thuvienphapluat.vn/van-ban/Bo-may-hanh-chinh/Quyet-dinh-991-QD-UBND-2025-cong-bo-thu-tuc-hanh-chinh-bien-phap-bao-dam-So-Nong-nghiep-Tra-Vinh-655741.aspx
2025-07-11 09:15:38,575 - INFO - ✅ Đã lấy link: https://thuvienphapluat.vn/van-ban/Bo-may-hanh-chinh/Cong-dien-56-CD-TTg-2025-cat-giam-don-gian-hoa-thu-tuc-hanh-chinh-theo-Nghi-quyet-66-NQ-CP-655305.aspx
2025-07-11 09:15:38,579 - INFO - ✅ Đã lấy link: https://thuvienphapluat.vn/van-ban/Bo-may-hanh-chinh/Nghi-quyet-116-NQ-CP-2025-du-thao-Nghi-quyet-ve-chinh-sach-tao-dot-pha-trong-xay-dung-phap-luat-655292.aspx
2025-07-11 09:15:38,583 - INFO - ✅ Đã lấy link: https://thuvienphapluat.vn/van-ban/Bo-may-hanh-chinh/Quyet-dinh-652-QD-UBND-2025-cong-bo-thu-tuc-hanh-chinh-linh-vuc-Trong-trot-So-Nong-nghiep-Bac-Giang-658550.aspx
2025-07-11 09:15:38,587 - INFO - ✅ Đã lấy link: https://thuvienphapluat.vn/van-ban/Bo-may-hanh-chinh/Quyet-dinh-651-QD-UBND-2025-cong-bo-thu-tuc-hanh-chinh-Cong-tac-dan-toc-So-Dan-toc-Bac-Giang-658671.aspx
2025-07-11 09:15:38,591 - INFO - ✅ Đã lấy link: https://thuvienphapluat.vn/van-ban/Lao-dong-Tien-luong/Quyet-dinh-650-QD-UBND-2025-cong-bo-thu-tuc-hanh-chinh-giao-duc-nghe-nghiep-So-Giao-duc-Bac-Giang-658576.aspx
2025-07-11 09:15:38,594 - INFO - ✅ Đã lấy link: https://thuvienphapluat.vn/van-ban/Bo-may-hanh-chinh/Quyet-dinh-1026-QD-UBND-2025-cong-bo-thu-tuc-hanh-chinh-linh-vuc-thiet-bi-y-te-So-Y-te-Son-La-655420.aspx
2025-07-11 09:15:38,598 - INFO - ✅ Đã lấy link: https://thuvienphapluat.vn/van-ban/Bo-may-hanh-chinh/Huong-dan-1991-HD-BNV-2025-khen-thuong-tap-the-co-thanh-tich-trong-ky-niem-Giai-phong-mien-Nam-655902.aspx
2025-07-11 09:15:38,605 - INFO - ✅ Đã lấy link: https://thuvienphapluat.vn/van-ban/Bo-may-hanh-chinh/Quyet-dinh-936-QD-UBND-2025-cong-bo-thu-tuc-hanh-chinh-Giam-ngheo-nganh-Nong-nghiep-Binh-Phuoc-655572.aspx
2025-07-11 09:15:38,608 - INFO - ✅ Đã lấy link: https://thuvienphapluat.vn/van-ban/Bo-may-hanh-chinh/Quyet-dinh-935-QD-UBND-2025-cong-bo-thu-tuc-hanh-chinh-cong-tac-dan-toc-Uy-ban-huyen-Binh-Phuoc-655571.aspx
2025-07-11 09:15:38,608 - INFO - ➡️ Đang truy cập: https://thuvienphapluat.vn/page/searchlegal.aspx?keyword=&area=0&match=True&type=0&status=1&signer=0&sort=1&lan=1&scan=0&org=0&fields=15&chlbg=09/07/1945&chlend=09/07/2035&page=110
2025-07-11 09:15:39,245 - INFO - 🤖 CAPTCHA OCR: 616543
2025-07-11 09:15:45,369 - INFO - 🧭 Tiêu đề trang: Tra cứu Văn Bản Pháp Luật
2025-07-11 09:15:45,385 - INFO - ✅ Đã lấy link: https://thuvienphapluat.vn/van-ban/Bo-may-hanh-chinh/Quyet-dinh-648-QD-UBND-2025-cong-bo-thu-tuc-hanh-chinh-Giao-duc-Dao-tao-So-Giao-duc-Bac-Giang-658573.aspx
2025-07-11 09:15:45,389 - INFO - ✅ Đã lấy link: https://thuvienphapluat.vn/van-ban/Bo-may-hanh-chinh/Quyet-dinh-647-QD-UBND-2025-cong-bo-thu-tuc-hanh-chinh-khoa-hoc-cong-nghe-So-Khoa-hoc-Bac-Giang-658572.aspx
2025-07-11 09:15:45,393 - INFO - ✅ Đã lấy link: https://thuvienphapluat.vn/van-ban/Bo-may-hanh-chinh/Quyet-dinh-1513-QD-UBND-2025-cong-bo-thu-tuc-hanh-chinh-Duong-bo-So-Xay-dung-Binh-Dinh-655753.aspx
2025-07-11 09:15:45,396 - INFO - ✅ Đã lấy link: https://thuvienphapluat.vn/van-ban/Bo-may-hanh-chinh/Quyet-dinh-1515-QD-UBND-2025-cong-bo-thu-tuc-hanh-chinh-linh-vuc-thuy-loi-So-Nong-nghiep-Binh-Dinh-656467.aspx
2025-07-11 09:15:45,400 - INFO - ✅ Đã lấy link: https://thuvienphapluat.vn/van-ban/Bo-may-hanh-chinh/Quyet-dinh-862-QD-TTg-2025-trien-khai-Phap-lenh-Quan-ly-bao-ve-Khu-Di-tich-Lang-Chu-tich-Ho-Chi-Minh-655149.aspx
2025-07-11 09:15:45,404 - INFO - ✅ Đã lấy link: https://thuvienphapluat.vn/van-ban/Bo-may-hanh-chinh/Quyet-dinh-45-2025-QD-UBND-so-luong-To-bao-ve-an-ninh-trat-tu-o-co-so-Son-La-655297.aspx
2025-07-11 09:15:45,408 - INFO - ✅ Đã lấy link: https://thuvienphapluat.vn/van-ban/Bo-may-hanh-chinh/Quyet-dinh-360-QD-UBND-2025-cong-bo-thu-tuc-hanh-chinh-linh-vuc-Giam-ngheo-Kon-Tum-655419.aspx
2025-07-11 09:15:45,411 - INFO - ✅ Đã lấy link: https://thuvienphapluat.vn/van-ban/Bo-may-hanh-chinh/Nghi-quyet-66-NQ-TW-2025-doi-moi-cong-tac-xay-dung-phap-luat-dap-ung-yeu-cau-phat-trien-dat-nuoc-655134.aspx
2025-07-11 09:15:45,414 - INFO - ✅ Đã lấy link: https://thuvienphapluat.vn/van-ban/Dau-tu/Quyet-dinh-993-QD-UBND-2025-cong-bo-thu-tuc-hanh-chinh-linh-vuc-dau-tu-So-Tai-chinh-Lang-Son-660430.aspx
2025-07-11 09:15:45,418 - INFO - ✅ Đã lấy link: https://thuvienphapluat.vn/van-ban/Bo-may-hanh-chinh/Quyet-dinh-992-QD-UBND-2025-cong-bo-thu-tuc-hanh-chinh-cong-tac-dan-toc-Uy-ban-huyen-Lang-Son-660426.aspx
2025-07-11 09:15:45,422 - INFO - ✅ Đã lấy link: https://thuvienphapluat.vn/van-ban/Lao-dong-Tien-luong/Quyet-dinh-997-QD-UBND-2025-cong-bo-thu-tuc-hanh-chinh-lao-dong-Ban-Quan-ly-Dong-Dang-Lang-Son-660414.aspx
2025-07-11 09:15:45,425 - INFO - ✅ Đã lấy link: https://thuvienphapluat.vn/van-ban/Bo-may-hanh-chinh/Quyet-dinh-991-QD-UBND-2025-cong-bo-thu-tuc-hanh-chinh-Giao-duc-dao-tao-So-Giao-duc-Lang-Son-660431.aspx
2025-07-11 09:15:45,429 - INFO - ✅ Đã lấy link: https://thuvienphapluat.vn/van-ban/Bo-may-hanh-chinh/Quyet-dinh-675-QD-TTPVHCC-2025-cong-bo-thu-tuc-hanh-chinh-Bao-tro-xa-hoi-So-Noi-vu-Ha-Noi-656068.aspx
2025-07-11 09:15:45,433 - INFO - ✅ Đã lấy link: https://thuvienphapluat.vn/van-ban/Bo-may-hanh-chinh/Quyet-dinh-1254-QD-UBND-2025-cong-bo-thu-tuc-hanh-chinh-Nguoi-co-cong-So-Noi-vu-Nghe-An-655515.aspx
2025-07-11 09:15:45,436 - INFO - ✅ Đã lấy link: https://thuvienphapluat.vn/van-ban/Bo-may-hanh-chinh/Quyet-dinh-1255-QD-UBND-2025-cong-bo-thu-tuc-hanh-chinh-linh-vuc-Thiet-bi-y-te-So-Y-te-Nghe-An-655514.aspx
2025-07-11 09:15:45,440 - INFO - ✅ Đã lấy link: https://thuvienphapluat.vn/van-ban/Bo-may-hanh-chinh/Quyet-dinh-1019-QD-UBND-2025-dich-vu-cong-truc-tuyen-toan-trinh-So-Cong-Thuong-Son-La-655513.aspx
2025-07-11 09:15:45,443 - INFO - ✅ Đã lấy link: https://thuvienphapluat.vn/van-ban/Bo-may-hanh-chinh/Quyet-dinh-577-QD-UBND-2025-cong-bo-thu-tuc-hanh-chinh-sua-doi-co-quan-So-Xay-dung-Ninh-Thuan-657402.aspx
2025-07-11 09:15:45,447 - INFO - ✅ Đã lấy link: https://thuvienphapluat.vn/van-ban/Bo-may-hanh-chinh/Quyet-dinh-644-QD-UBND-2025-cong-bo-thu-tuc-hanh-chinh-truc-tuyen-toan-trinh-So-Van-hoa-Bac-Giang-659432.aspx
2025-07-11 09:15:45,451 - INFO - ✅ Đã lấy link: https://thuvienphapluat.vn/van-ban/Bo-may-hanh-chinh/Quyet-dinh-643-QD-UBND-2025-cong-bo-thu-tuc-hanh-chinh-cap-dich-vu-cong-truc-tuyen-So-Giao-duc-Bac-Giang-659431.aspx
2025-07-11 09:15:45,454 - INFO - ✅ Đã lấy link: https://thuvienphapluat.vn/van-ban/Bo-may-hanh-chinh/Quyet-dinh-645-QD-UBND-2025-cong-bo-thu-tuc-hanh-chinh-dich-vu-cong-truc-tuyen-So-Y-te-Bac-Giang-659433.aspx
2025-07-11 09:15:45,455 - INFO - ➡️ Đang truy cập: https://thuvienphapluat.vn/page/searchlegal.aspx?keyword=&area=0&match=True&type=0&status=1&signer=0&sort=1&lan=1&scan=0&org=0&fields=15&chlbg=09/07/1945&chlend=09/07/2035&page=111
2025-07-11 09:15:46,074 - INFO - 🤖 CAPTCHA OCR: 558263
2025-07-11 09:15:53,825 - INFO - 🧭 Tiêu đề trang: Tra cứu Văn Bản Pháp Luật
2025-07-11 09:15:53,841 - INFO - ✅ Đã lấy link: https://thuvienphapluat.vn/van-ban/Bo-may-hanh-chinh/Nghi-quyet-19-NQ-HDND-2025-tan-thanh-chu-truong-sap-xep-don-vi-hanh-chinh-cap-xa-Ha-Noi-655086.aspx
2025-07-11 09:15:53,844 - INFO - ✅ Đã lấy link: https://thuvienphapluat.vn/van-ban/Bo-may-hanh-chinh/Quyet-dinh-1176-QD-BGDDT-2025-cong-bo-thu-tuc-hanh-chinh-noi-bo-linh-vuc-ngoai-giao-655271.aspx
2025-07-11 09:15:53,848 - INFO - ✅ Đã lấy link: https://thuvienphapluat.vn/van-ban/Dau-tu/Quyet-dinh-1195-QD-BGDDT-2025-cong-bo-thu-tuc-hanh-chinh-linh-vuc-giao-duc-va-dao-tao-655587.aspx
2025-07-11 09:15:53,851 - INFO - ✅ Đã lấy link: https://thuvienphapluat.vn/van-ban/Bo-may-hanh-chinh/Quyet-dinh-1490-QD-UBND-2025-cong-bo-thu-tuc-hanh-chinh-Ha-tang-ky-thuat-So-Xay-dung-Binh-Dinh-655746.aspx
2025-07-11 09:15:53,855 - INFO - ✅ Đã lấy link: https://thuvienphapluat.vn/van-ban/Bo-may-hanh-chinh/Quyet-dinh-1491-QD-UBND-2025-thu-tuc-hanh-chinh-Dang-ky-bien-phap-bao-dam-So-Tu-phap-Binh-Dinh-655745.aspx
2025-07-11 09:15:53,859 - INFO - ✅ Đã lấy link: https://thuvienphapluat.vn/van-ban/Bo-may-hanh-chinh/Quyet-dinh-1215-QD-BNNMT-2025-cong-bo-chuan-hoa-thu-tuc-hanh-chinh-linh-vuc-Lam-nghiep-655008.aspx
2025-07-11 09:15:53,863 - INFO - ✅ Đã lấy link: https://thuvienphapluat.vn/van-ban/Bo-may-hanh-chinh/Quyet-dinh-416-QD-UBND-2025-cong-bo-thu-tuc-hanh-chinh-linh-vuc-giao-duc-So-Giao-duc-Gia-Lai-654981.aspx
2025-07-11 09:15:53,867 - INFO - ✅ Đã lấy link: https://thuvienphapluat.vn/van-ban/Bo-may-hanh-chinh/Quyet-dinh-1229-Q%c3%90-BVHTTDL-2025-cong-bo-thu-tuc-hanh-chinh-linh-vuc-hop-tac-quoc-te-655311.aspx
2025-07-11 09:15:53,870 - INFO - ✅ Đã lấy link: https://thuvienphapluat.vn/van-ban/Bo-may-hanh-chinh/Quyet-dinh-753-QD-BKHCN-2025-cong-bo-thu-tuc-hanh-chinh-chuan-hoa-thuoc-quan-ly-cua-Bo-Khoa-hoc-655702.aspx
2025-07-11 09:15:53,874 - INFO - ✅ Đã lấy link: https://thuvienphapluat.vn/van-ban/Thuong-mai/Quyet-dinh-1224-QD-BCT-2025-cong-bo-thu-tuc-hanh-chinh-lien-quan-den-hoat-dong-san-xuat-kinh-doanh-655312.aspx
2025-07-11 09:15:53,878 - INFO - ✅ Đã lấy link: https://thuvienphapluat.vn/van-ban/Bo-may-hanh-chinh/Quyet-dinh-1006-QD-UBND-2025-phuong-an-don-gian-hoa-thu-tuc-hanh-chinh-linh-vuc-xay-dung-Son-La-654964.aspx
2025-07-11 09:15:53,881 - INFO - ✅ Đã lấy link: https://thuvienphapluat.vn/van-ban/Bo-may-hanh-chinh/Quyet-dinh-1004-QD-UBND-2025-quy-trinh-giai-quyet-thu-tuc-hanh-chinh-Tre-em-So-Y-te-Son-La-654965.aspx
2025-07-11 09:15:53,885 - INFO - ✅ Đã lấy link: https://thuvienphapluat.vn/van-ban/Dau-tu/Quyet-dinh-789-QD-UBND-2025-cong-bo-thu-tuc-hanh-chinh-linh-vuc-dau-tu-So-Tai-chinh-Binh-Thuan-654986.aspx
2025-07-11 09:15:53,888 - INFO - ✅ Đã lấy link: https://thuvienphapluat.vn/van-ban/Bo-may-hanh-chinh/Nghi-quyet-03-2025-NQ-HDND-muc-ho-tro-nang-cao-chat-luong-phuc-vu-hanh-chinh-cong-Ha-Noi-657466.aspx
2025-07-11 09:15:53,892 - INFO - ✅ Đã lấy link: https://thuvienphapluat.vn/van-ban/Bo-may-hanh-chinh/Quyet-dinh-952-QD-UBND-2025-cong-bo-thu-tuc-hanh-chinh-linh-vuc-Giam-ngheo-cap-xa-Phu-Tho-656422.aspx
2025-07-11 09:15:53,896 - INFO - ✅ Đã lấy link: https://thuvienphapluat.vn/van-ban/Bo-may-hanh-chinh/Quyet-dinh-953-QD-UBND-2025-cong-bo-thu-tuc-hanh-chinh-Cong-tac-dan-toc-cap-huyen-Phu-Tho-656421.aspx
2025-07-11 09:15:53,900 - INFO - ✅ Đã lấy link: https://thuvienphapluat.vn/van-ban/Bo-may-hanh-chinh/Quyet-dinh-1534-QD-BTC-2025-cong-bo-thu-tuc-hanh-chinh-noi-bo-656120.aspx
2025-07-11 09:15:53,903 - INFO - ✅ Đã lấy link: https://thuvienphapluat.vn/van-ban/Bo-may-hanh-chinh/Quyet-dinh-948-QD-UBND-2025-cong-bo-thu-tuc-hanh-chinh-Giao-duc-cac-cap-chinh-quyen-Phu-Tho-655958.aspx
2025-07-11 09:15:53,907 - INFO - ✅ Đã lấy link: https://thuvienphapluat.vn/van-ban/Bo-may-hanh-chinh/Quyet-dinh-950-QD-UBND-2025-cong-bo-thu-tuc-hanh-chinh-Giao-duc-Dao-tao-cap-tinh-Phu-Tho-655959.aspx
2025-07-11 09:15:53,910 - INFO - ✅ Đã lấy link: https://thuvienphapluat.vn/van-ban/Lao-dong-Tien-luong/Quyet-dinh-561-QD-UBND-2025-cong-bo-thu-tuc-hanh-chinh-ve-sinh-lao-dong-So-Noi-vu-Cao-Bang-655948.aspx
2025-07-11 09:15:53,910 - INFO - ➡️ Đang truy cập: https://thuvienphapluat.vn/page/searchlegal.aspx?keyword=&area=0&match=True&type=0&status=1&signer=0&sort=1&lan=1&scan=0&org=0&fields=15&chlbg=09/07/1945&chlend=09/07/2035&page=112
2025-07-11 09:15:54,541 - INFO - 🤖 CAPTCHA OCR: 253513
2025-07-11 09:16:01,407 - INFO - 🧭 Tiêu đề trang: Tra cứu Văn Bản Pháp Luật
2025-07-11 09:16:01,427 - INFO - ✅ Đã lấy link: https://thuvienphapluat.vn/van-ban/Bo-may-hanh-chinh/Quyet-dinh-1158-QD-UBND-2025-cong-bo-thu-tuc-hanh-chinh-linh-vuc-Thiet-bi-y-te-So-Y-te-Khanh-Hoa-656410.aspx
2025-07-11 09:16:01,432 - INFO - ✅ Đã lấy link: https://thuvienphapluat.vn/van-ban/Bo-may-hanh-chinh/Quyet-dinh-754-QD-BKHCN-2025-cong-bo-Danh-muc-thu-tuc-hanh-chinh-noi-bo-duoc-chuan-hoa-657888.aspx
2025-07-11 09:16:01,437 - INFO - ✅ Đã lấy link: https://thuvienphapluat.vn/van-ban/Bo-may-hanh-chinh/Quyet-dinh-951-QD-UBND-2025-cong-bo-thu-tuc-hanh-chinh-noi-bo-linh-vuc-Cong-Thuong-Phu-Tho-655957.aspx
2025-07-11 09:16:01,441 - INFO - ✅ Đã lấy link: https://thuvienphapluat.vn/van-ban/Lao-dong-Tien-luong/Nghi-quyet-01-2025-NQ-HDND-sua-doi-Nghi-quyet-31-2020-NQ-HDND-Tien-Giang-655046.aspx
2025-07-11 09:16:01,445 - INFO - ✅ Đã lấy link: https://thuvienphapluat.vn/van-ban/Bo-may-hanh-chinh/Quyet-dinh-981-QD-UBND-2025-cong-bo-thu-tuc-hanh-chinh-bao-ve-thuc-vat-So-Nong-nghiep-Tra-Vinh-656817.aspx
2025-07-11 09:16:01,449 - INFO - ✅ Đã lấy link: https://thuvienphapluat.vn/van-ban/Bat-dong-san/Quyet-dinh-32-2025-QD-UBND-Quy-che-phoi-hop-Van-phong-Dang-ky-dat-dai-voi-Uy-ban-huyen-Kon-Tum-655047.aspx
2025-07-11 09:16:01,453 - INFO - ✅ Đã lấy link: https://thuvienphapluat.vn/van-ban/Cong-nghe-thong-tin/Chi-thi-08-CT-UBND-2025-su-dung-ho-so-dien-tu-Ha-Noi-655087.aspx
2025-07-11 09:16:01,456 - INFO - ✅ Đã lấy link: https://thuvienphapluat.vn/van-ban/Bo-may-hanh-chinh/Quyet-dinh-649-QD-UBND-2025-cong-bo-thu-tuc-hanh-chinh-linh-vuc-kham-benh-So-Y-te-Quang-Ngai-655089.aspx
2025-07-11 09:16:01,460 - INFO - ✅ Đã lấy link: https://thuvienphapluat.vn/van-ban/Bat-dong-san/Quyet-dinh-790-QD-UBND-2025-quy-trinh-giai-quyet-thu-tuc-hanh-chinh-dat-dai-So-Nong-nghiep-Binh-Thuan-655092.aspx
2025-07-11 09:16:01,463 - INFO - ✅ Đã lấy link: https://thuvienphapluat.vn/van-ban/Bo-may-hanh-chinh/Quyet-dinh-282-QD-UBND-2025-bai-bo-cac-Quyet-dinh-cua-Uy-ban-tinh-Quang-Ngai-655088.aspx
2025-07-11 09:16:01,467 - INFO - ✅ Đã lấy link: https://thuvienphapluat.vn/van-ban/Bo-may-hanh-chinh/Quyet-dinh-358-QD-UBND-2025-cong-bo-Danh-muc-thu-tuc-hanh-chinh-sua-doi-co-quan-Kon-Tum-655099.aspx
2025-07-11 09:16:01,471 - INFO - ✅ Đã lấy link: https://thuvienphapluat.vn/van-ban/Bo-may-hanh-chinh/Quyet-dinh-357-QD-UBND-2025-cong-bo-thu-tuc-hanh-chinh-Giao-duc-Dao-tao-So-Giao-duc-Kon-Tum-655097.aspx
2025-07-11 09:16:01,475 - INFO - ✅ Đã lấy link: https://thuvienphapluat.vn/van-ban/Bo-may-hanh-chinh/Quyet-dinh-993-QD-UBND-2025-cong-bo-thu-tuc-hanh-chinh-linh-vuc-giam-ngheo-So-Nong-nghiep-Dak-Lak-655090.aspx
2025-07-11 09:16:01,478 - INFO - ✅ Đã lấy link: https://thuvienphapluat.vn/van-ban/Bo-may-hanh-chinh/Nghi-quyet-112-2025-NQ-HDND-muc-phu-cap-tro-cap-doi-voi-luc-luong-dan-quan-Son-La-655295.aspx
2025-07-11 09:16:01,482 - INFO - ✅ Đã lấy link: https://thuvienphapluat.vn/van-ban/Bo-may-hanh-chinh/Nghi-quyet-111-2025-NQ-HDND-bai-bo-cac-Nghi-quyet-cua-Hoi-dong-nhan-dan-Son-La-655300.aspx
2025-07-11 09:16:01,486 - INFO - ✅ Đã lấy link: https://thuvienphapluat.vn/van-ban/Bo-may-hanh-chinh/Quyet-dinh-36-2025-QD-UBND-sua-doi-khoan-2-Dieu-1-Quyet-dinh-19-2024-QD-UBND-Binh-Dinh-655361.aspx
2025-07-11 09:16:01,489 - INFO - ✅ Đã lấy link: https://thuvienphapluat.vn/van-ban/Thuong-mai/Quyet-dinh-34-2025-QD-UBND-chuc-nang-nhiem-vu-Ban-Quan-ly-Khu-cong-nghe-cao-Da-Nang-655303.aspx
2025-07-11 09:16:01,493 - INFO - ✅ Đã lấy link: https://thuvienphapluat.vn/van-ban/Bo-may-hanh-chinh/Quyet-dinh-30-2025-QD-UBND-bai-bo-cac-Quyet-dinh-cua-Uy-ban-nhan-dan-Dien-Bien-655302.aspx
2025-07-11 09:16:01,497 - INFO - ✅ Đã lấy link: https://thuvienphapluat.vn/van-ban/Bo-may-hanh-chinh/Quyet-dinh-13-2025-QD-UBND-bai-bo-Quyet-dinh-10-2014-QD-UBND-Cao-Bang-655366.aspx
2025-07-11 09:16:01,500 - INFO - ✅ Đã lấy link: https://thuvienphapluat.vn/van-ban/Bat-dong-san/Quyet-dinh-935-QD-UBND-2025-cong-bo-thu-tuc-hanh-chinh-dang-ky-bao-dam-So-Tu-phap-Yen-Bai-655510.aspx
2025-07-11 09:16:01,500 - INFO - ➡️ Đang truy cập: https://thuvienphapluat.vn/page/searchlegal.aspx?keyword=&area=0&match=True&type=0&status=1&signer=0&sort=1&lan=1&scan=0&org=0&fields=15&chlbg=09/07/1945&chlend=09/07/2035&page=113
2025-07-11 09:16:02,122 - INFO - 🤖 CAPTCHA OCR: 213168
2025-07-11 09:16:08,761 - INFO - 🧭 Tiêu đề trang: Tra cứu Văn Bản Pháp Luật
2025-07-11 09:16:08,776 - INFO - ✅ Đã lấy link: https://thuvienphapluat.vn/van-ban/Bo-may-hanh-chinh/Quyet-dinh-934-QD-UBND-2025-cong-bo-thu-tuc-hanh-chinh-linh-vuc-duong-bo-So-Xay-dung-Yen-Bai-655509.aspx
2025-07-11 09:16:08,780 - INFO - ✅ Đã lấy link: https://thuvienphapluat.vn/van-ban/Bo-may-hanh-chinh/Quyet-dinh-929-QD-UBND-2025-cong-bo-thu-tuc-hanh-chinh-quan-ly-cong-san-So-Tai-chinh-Yen-Bai-656771.aspx
2025-07-11 09:16:08,784 - INFO - ✅ Đã lấy link: https://thuvienphapluat.vn/van-ban/Bo-may-hanh-chinh/Quyet-dinh-928-QD-UBND-2025-cong-bo-thu-tuc-hanh-chinh-chat-luong-thuy-san-So-Nong-nghiep-Yen-Bai-655517.aspx
2025-07-11 09:16:08,787 - INFO - ✅ Đã lấy link: https://thuvienphapluat.vn/van-ban/Bo-may-hanh-chinh/Quyet-dinh-843-QD-UBND-2025-Quy-trinh-thu-tuc-hanh-chinh-Thi-tuyen-sinh-So-Giao-duc-Vinh-Phuc-656393.aspx
2025-07-11 09:16:08,791 - INFO - ✅ Đã lấy link: https://thuvienphapluat.vn/van-ban/Bo-may-hanh-chinh/Quyet-dinh-817-QD-UBND-2025-cong-bo-thu-tuc-hanh-chinh-linh-vuc-Tre-em-So-Y-te-Vinh-Phuc-656391.aspx
2025-07-11 09:16:08,794 - INFO - ✅ Đã lấy link: https://thuvienphapluat.vn/van-ban/Bo-may-hanh-chinh/Quyet-dinh-816-QD-UBND-2025-cong-bo-thu-tuc-hanh-chinh-Giao-duc-Dao-tao-So-Giao-duc-Vinh-Phuc-656389.aspx
2025-07-11 09:16:08,798 - INFO - ✅ Đã lấy link: https://thuvienphapluat.vn/van-ban/Bo-may-hanh-chinh/Quyet-dinh-64-2025-QD-UBND-chuyen-chuc-nang-So-Noi-vu-cho-Ban-Quan-ly-Khu-cong-nghe-cao-Ho-Chi-Minh-655363.aspx
2025-07-11 09:16:08,802 - INFO - ✅ Đã lấy link: https://thuvienphapluat.vn/van-ban/Thuong-mai/Quyet-dinh-815-QD-CT-2025-cong-bo-thu-tuc-hanh-chinh-luu-thong-hang-hoa-So-Cong-Thuong-Vinh-Phuc-656309.aspx
2025-07-11 09:16:08,806 - INFO - ✅ Đã lấy link: https://thuvienphapluat.vn/van-ban/Bo-may-hanh-chinh/Quyet-dinh-814-QD-UBND-2025-cong-bo-thu-tuc-hanh-chinh-tin-nguong-ton-giao-So-Dan-toc-Vinh-Phuc-656485.aspx
2025-07-11 09:16:08,809 - INFO - ✅ Đã lấy link: https://thuvienphapluat.vn/van-ban/Bo-may-hanh-chinh/Quyet-dinh-813-QD-UBND-2025-cong-bo-thu-tuc-hanh-chinh-Bao-tro-xa-hoi-So-Y-te-Vinh-Phuc-656724.aspx
2025-07-11 09:16:08,813 - INFO - ✅ Đã lấy link: https://thuvienphapluat.vn/van-ban/Bo-may-hanh-chinh/Quyet-dinh-419-QD-UBND-2025-Quy-trinh-thu-tuc-hanh-chinh-linh-vuc-Tre-em-So-Y-te-Gia-Lai-656191.aspx
2025-07-11 09:16:08,817 - INFO - ✅ Đã lấy link: https://thuvienphapluat.vn/van-ban/Bo-may-hanh-chinh/Quyet-dinh-420-QD-UBND-2025-cong-bo-thu-tuc-hanh-chinh-cong-tac-dan-toc-Uy-ban-huyen-Gia-Lai-656171.aspx
2025-07-11 09:16:08,820 - INFO - ✅ Đã lấy link: https://thuvienphapluat.vn/van-ban/Bo-may-hanh-chinh/Quyet-dinh-1296-QD-UBND-2025-cong-bo-thu-tuc-hanh-chinh-nguoi-co-cong-Uy-ban-xa-Ben-Tre-656125.aspx
2025-07-11 09:16:08,824 - INFO - ✅ Đã lấy link: https://thuvienphapluat.vn/van-ban/Dau-tu/Quyet-dinh-1297-QD-UBND-2025-cong-bo-thu-tuc-hanh-chinh-dau-thau-So-Tai-chinh-Ben-Tre-656124.aspx
2025-07-11 09:16:08,828 - INFO - ✅ Đã lấy link: https://thuvienphapluat.vn/van-ban/Bo-may-hanh-chinh/Quyet-dinh-173-QD-TTPVHCC-2025-cong-bo-thu-tuc-hanh-chinh-So-Giao-duc-va-Dao-tao-Quang-Ninh-656069.aspx
2025-07-11 09:16:08,831 - INFO - ✅ Đã lấy link: https://thuvienphapluat.vn/van-ban/Bo-may-hanh-chinh/Quyet-dinh-23-2025-QD-UBND-sua-doi-Quyet-dinh-19-2022-QD-UBND-Binh-Duong%e2%80%8b-656016.aspx
2025-07-11 09:16:08,835 - INFO - ✅ Đã lấy link: https://thuvienphapluat.vn/van-ban/Bo-may-hanh-chinh/Quyet-dinh-868-QD-UBND-2025-cong-bo-thu-tuc-hanh-chinh-linh-vuc-Thuy-san-So-Nong-nghiep-Dien-Bien-655933.aspx
2025-07-11 09:16:08,838 - INFO - ✅ Đã lấy link: https://thuvienphapluat.vn/van-ban/Bo-may-hanh-chinh/Quyet-dinh-873-QD-UBND-2025-cong-bo-thu-tuc-hanh-chinh-linh-vuc-Giao-duc-So-Giao-duc-Dien-Bien-655932.aspx
2025-07-11 09:16:08,842 - INFO - ✅ Đã lấy link: https://thuvienphapluat.vn/van-ban/Bo-may-hanh-chinh/Quyet-dinh-879-QD-UBND-2025-cong-bo-thu-tuc-hanh-chinh-linh-vuc-Chan-nuoi-So-Nong-nghiep-Dien-Bien-655931.aspx
2025-07-11 09:16:08,846 - INFO - ✅ Đã lấy link: https://thuvienphapluat.vn/van-ban/Bo-may-hanh-chinh/Quyet-dinh-1156-QD-UBND-2025-cong-bo-thu-tuc-hanh-chinh-linh-vuc-giao-duc-So-Giao-duc-Khanh-Hoa-655852.aspx
2025-07-11 09:16:08,846 - INFO - ➡️ Đang truy cập: https://thuvienphapluat.vn/page/searchlegal.aspx?keyword=&area=0&match=True&type=0&status=1&signer=0&sort=1&lan=1&scan=0&org=0&fields=15&chlbg=09/07/1945&chlend=09/07/2035&page=114
2025-07-11 09:16:09,493 - INFO - 🤖 CAPTCHA OCR: 
2025-07-11 09:16:16,793 - INFO - 🧭 Tiêu đề trang: THƯ VIỆN PHÁP LUẬT _ Tra cứu, Nắm bắt Pháp Luật Việt Nam
2025-07-11 09:16:31,090 - ERROR - ❌ Lỗi tại trang 114: Message: 
Stacktrace:
#0 0x59df43e9c23a <unknown>
#1 0x59df43946ab0 <unknown>
#2 0x59df439986f0 <unknown>
#3 0x59df439988e1 <unknown>
#4 0x59df439e6b94 <unknown>
#5 0x59df439be1cd <unknown>
#6 0x59df439e3fee <unknown>
#7 0x59df439bdf73 <unknown>
#8 0x59df4398aaeb <unknown>
#9 0x59df4398b751 <unknown>
#10 0x59df43e60b4b <unknown>
#11 0x59df43e64929 <unknown>
#12 0x59df43e47929 <unknown>
#13 0x59df43e654e8 <unknown>
#14 0x59df43e2c0df <unknown>
#15 0x59df43e898e8 <unknown>
#16 0x59df43e89ac6 <unknown>
#17 0x59df43e9b556 <unknown>
#18 0x7d0b72e3e609 start_thread

2025-07-11 09:16:31,101 - INFO - ➡️ Đang truy cập: https://thuvienphapluat.vn/page/searchlegal.aspx?keyword=&area=0&match=True&type=0&status=1&signer=0&sort=1&lan=1&scan=0&org=0&fields=15&chlbg=09/07/1945&chlend=09/07/2035&page=115
2025-07-11 09:16:31,760 - INFO - 🤖 CAPTCHA OCR: 523565
2025-07-11 09:16:38,157 - INFO - 🧭 Tiêu đề trang: Tra cứu Văn Bản Pháp Luật
2025-07-11 09:16:38,173 - INFO - ✅ Đã lấy link: https://thuvienphapluat.vn/van-ban/Bo-may-hanh-chinh/Quyet-dinh-1262-QD-UBND-2025-thuc-thi-Phuong-an-don-gian-hoa-thu-tuc-hanh-chinh-So-Nong-nghiep-Hue-657627.aspx
2025-07-11 09:16:38,176 - INFO - ✅ Đã lấy link: https://thuvienphapluat.vn/van-ban/Bat-dong-san/Quyet-dinh-1265-QD-UBND-2025-cong-bo-thu-tuc-hanh-chinh-bien-phap-bao-dam-So-Nong-nghiep-Hue-657534.aspx
2025-07-11 09:16:38,180 - INFO - ✅ Đã lấy link: https://thuvienphapluat.vn/van-ban/Bo-may-hanh-chinh/Quyet-dinh-1261-QD-UBND-2025-cong-bo-thu-tuc-hanh-chinh-Quan-ly-chat-luong-So-Nong-nghiep-Hue-657533.aspx
2025-07-11 09:16:38,184 - INFO - ✅ Đã lấy link: https://thuvienphapluat.vn/van-ban/Lao-dong-Tien-luong/Quyet-dinh-1250-QD-UBND-2025-cong-bo-thu-tuc-hanh-chinh-lao-dong-Ban-Quan-ly-Khu-kinh-te-Hue-657532.aspx
2025-07-11 09:16:38,187 - INFO - ✅ Đã lấy link: https://thuvienphapluat.vn/van-ban/Bo-may-hanh-chinh/Quyet-dinh-415-QD-UBND-2025-cong-bo-thu-tuc-hanh-chinh-an-toan-dap-Uy-ban-xa-Gia-Lai-656170.aspx
2025-07-11 09:16:38,191 - INFO - ✅ Đã lấy link: https://thuvienphapluat.vn/van-ban/Bo-may-hanh-chinh/Quyet-dinh-413-QD-UBND-2025-%e2%80%8bcong-bo-thu-tuc-hanh-chinh-an-toan-dap-Uy-ban-huyen-Gia-Lai-656173.aspx
2025-07-11 09:16:38,195 - INFO - ✅ Đã lấy link: https://thuvienphapluat.vn/van-ban/Bo-may-hanh-chinh/Quyet-dinh-65-2025-QD-UBND-chuc-nang-nhiem-vu-quyen-han-So-Xay-dung-Ho-Chi-Minh-656413.aspx
2025-07-11 09:16:38,198 - INFO - ✅ Đã lấy link: https://thuvienphapluat.vn/van-ban/Bo-may-hanh-chinh/Quyet-dinh-1157-QD-UBND-2025-cong-bo-thu-tuc-hanh-chinh-linh-vuc-dan-toc-Uy-ban-huyen-Khanh-Hoa-656409.aspx
2025-07-11 09:16:38,202 - INFO - ✅ Đã lấy link: https://thuvienphapluat.vn/van-ban/Dau-tu/Quyet-dinh-569-QD-UBND-2025-cong-bo-thu-tuc-hanh-chinh-linh-vuc-dau-thau-So-Tai-chinh-Ninh-Thuan-657539.aspx
2025-07-11 09:16:38,206 - INFO - ✅ Đã lấy link: https://thuvienphapluat.vn/van-ban/Bo-may-hanh-chinh/Nghi-quyet-08-NQ-HDND-2025-tan-thanh-chu-truong-sap-xep-Dong-Thap-Tien-Giang-657206.aspx
2025-07-11 09:16:38,211 - INFO - ✅ Đã lấy link: https://thuvienphapluat.vn/van-ban/Bo-may-hanh-chinh/Quyet-dinh-25-2025-QD-UBND-so-luong-To-bao-ve-an-ninh-trat-tu-tai-thon-to-dan-pho-Bac-Kan-657439.aspx
2025-07-11 09:16:38,225 - INFO - ✅ Đã lấy link: https://thuvienphapluat.vn/van-ban/Bo-may-hanh-chinh/Quyet-dinh-1248-QD-UBND-2025-cong-bo-thu-tuc-hanh-chinh-giao-duc-dao-tao-So-Giao-duc-Kien-Giang-658251.aspx
2025-07-11 09:16:38,237 - INFO - ✅ Đã lấy link: https://thuvienphapluat.vn/van-ban/Bo-may-hanh-chinh/Quyet-dinh-1089-QD-UBND-2025-cong-bo-thu-tuc-hanh-chinh-So-Nong-nghiep-va-Moi-truong-Can-Tho-658000.aspx
2025-07-11 09:16:38,241 - INFO - ✅ Đã lấy link: https://thuvienphapluat.vn/van-ban/Bo-may-hanh-chinh/Quyet-dinh-1155-QD-UBND-2025-thu-tuc-hanh-chinh-dia-chat-khoang-san-So-Nong-nghiep-Khanh-Hoa-657851.aspx
2025-07-11 09:16:38,244 - INFO - ✅ Đã lấy link: https://thuvienphapluat.vn/van-ban/Bo-may-hanh-chinh/Quyet-dinh-1331-QD-UBND-2025-cong-bo-thu-tuc-hanh-chinh-phong-chong-tham-nhung-Uy-ban-tinh-Ben-Tre-658769.aspx
2025-07-11 09:16:38,248 - INFO - ✅ Đã lấy link: https://thuvienphapluat.vn/van-ban/Bo-may-hanh-chinh/Quyet-dinh-1329-QD-UBND-2025-cong-bo-thu-tuc-hanh-chinh-linh-vuc-my-thuat-So-Van-hoa-Ben-Tre-658878.aspx
2025-07-11 09:16:38,252 - INFO - ✅ Đã lấy link: https://thuvienphapluat.vn/van-ban/Bo-may-hanh-chinh/Quyet-dinh-1323-QD-UBND-2025-cong-bo-thu-tuc-hanh-chinh-giao-duc-dao-tao-So-Giao-duc-Ben-Tre-658877.aspx
2025-07-11 09:16:38,255 - INFO - ✅ Đã lấy link: https://thuvienphapluat.vn/van-ban/Dau-tu/Quyet-dinh-1333-QD-UBND-2025-cong-bo-thu-tuc-hanh-chinh-linh-vuc-tai-chinh-So-Tai-chinh-Ben-Tre-658641.aspx
2025-07-11 09:16:38,259 - INFO - ✅ Đã lấy link: https://thuvienphapluat.vn/van-ban/Bo-may-hanh-chinh/Quyet-dinh-1332-QD-UBND-2025-cong-bo-thu-tuc-hanh-chinh-quy-hoach-kien-truc-Uy-ban-huyen-Ben-Tre-658636.aspx
2025-07-11 09:16:38,262 - INFO - ✅ Đã lấy link: https://thuvienphapluat.vn/van-ban/Bo-may-hanh-chinh/Quyet-dinh-1301-QD-UBND-2025-cong-bo-thu-tuc-hanh-chinh-linh-vuc-khen-thuong-So-Noi-vu-Ben-Tre-658489.aspx
2025-07-11 09:16:38,262 - INFO - ➡️ Đang truy cập: https://thuvienphapluat.vn/page/searchlegal.aspx?keyword=&area=0&match=True&type=0&status=1&signer=0&sort=1&lan=1&scan=0&org=0&fields=15&chlbg=09/07/1945&chlend=09/07/2035&page=116
2025-07-11 09:16:38,899 - INFO - 🤖 CAPTCHA OCR: 877451
2025-07-11 09:16:45,603 - INFO - 🧭 Tiêu đề trang: Tra cứu Văn Bản Pháp Luật
2025-07-11 09:16:45,619 - INFO - ✅ Đã lấy link: https://thuvienphapluat.vn/van-ban/Bo-may-hanh-chinh/Quyet-dinh-1322-QD-UBND-2025-cong-bo-thu-tuc-hanh-chinh-linh-vuc-thu-vien-So-Van-hoa-Ben-Tre-658635.aspx
2025-07-11 09:16:45,623 - INFO - ✅ Đã lấy link: https://thuvienphapluat.vn/van-ban/Bo-may-hanh-chinh/Quyet-dinh-1302-QD-UBND-2025-cong-bo-thu-tuc-hanh-chinh-bien-va-hai-dao-Uy-ban-huyen-Ben-Tre-658633.aspx
2025-07-11 09:16:45,626 - INFO - ✅ Đã lấy link: https://thuvienphapluat.vn/van-ban/Bo-may-hanh-chinh/Quyet-dinh-1300-QD-UBND-2025-cong-bo-thu-tuc-hanh-chinh-bien-va-hai-dao-So-Nong-nghiep-Ben-Tre-658481.aspx
2025-07-11 09:16:45,630 - INFO - ✅ Đã lấy link: https://thuvienphapluat.vn/van-ban/Dau-tu/Quyet-dinh-1299-QD-UBND-2025-cong-bo-thu-tuc-hanh-chinh-dau-tu-doi-tac-cong-tu-So-Tai-chinh-Ben-Tre-658423.aspx
2025-07-11 09:16:45,633 - INFO - ✅ Đã lấy link: https://thuvienphapluat.vn/van-ban/Bo-may-hanh-chinh/Quyet-dinh-1298-QD-UBND-2025-cong-bo-thu-tuc-hanh-chinh-giao-duc-So-Giao-duc-Ben-Tre-658421.aspx
2025-07-11 09:16:45,637 - INFO - ✅ Đã lấy link: https://thuvienphapluat.vn/van-ban/Bo-may-hanh-chinh/Quyet-dinh-66-2025-QD-UBND-chuc-nang-nhiem-vu-quyen-han-So-nong-nghiep-Moi-truong-Ho-Chi-Minh-657519.aspx
2025-07-11 09:16:45,641 - INFO - ✅ Đã lấy link: https://thuvienphapluat.vn/van-ban/Bo-may-hanh-chinh/Quyet-dinh-640-QD-UBND-2025-cong-bo-thu-tuc-hanh-chinh-linh-vuc-Dan-toc-So-Dan-toc-Bac-Giang-659430.aspx
2025-07-11 09:16:45,644 - INFO - ✅ Đã lấy link: https://thuvienphapluat.vn/van-ban/Bo-may-hanh-chinh/Quyet-dinh-1226-QD-UBND-2025-cong-bo-thu-tuc-hanh-chinh-To-chuc-Bien-che-Uy-ban-Nghe-An-658442.aspx
2025-07-11 09:16:45,648 - INFO - ✅ Đã lấy link: https://thuvienphapluat.vn/van-ban/Bo-may-hanh-chinh/Quyet-dinh-1220-QD-UBND-2025-cong-bo-thu-tuc-hanh-chinh-linh-vuc-dien-So-Cong-Thuong-Nghe-An-658441.aspx
2025-07-11 09:16:45,652 - INFO - ✅ Đã lấy link: https://thuvienphapluat.vn/van-ban/Bo-may-hanh-chinh/Quyet-dinh-954-QD-UBND-2025-cong-bo-thu-tuc-hanh-chinh-linh-vuc-khen-thuong-cap-tinh-Tra-Vinh-655132.aspx
2025-07-11 09:16:45,656 - INFO - ✅ Đã lấy link: https://thuvienphapluat.vn/van-ban/Bo-may-hanh-chinh/Quyet-dinh-956-QD-UBND-2025-cong-bo-thu-tuc-hanh-chinh-giam-dinh-y-khoa-So-Y-te-Tra-Vinh-655131.aspx
2025-07-11 09:16:45,660 - INFO - ✅ Đã lấy link: https://thuvienphapluat.vn/van-ban/Thuong-mai/Quyet-dinh-953-QD-UBND-2025-cong-bo-thu-tuc-hanh-chinh-luu-thong-hang-hoa-So-Cong-Thuong-Tra-Vinh-655133.aspx
2025-07-11 09:16:45,664 - INFO - ✅ Đã lấy link: https://thuvienphapluat.vn/van-ban/Bo-may-hanh-chinh/Quyet-dinh-1470-QD-UBND-2025-cong-bo-thu-tuc-hanh-chinh-Bien-va-hai-dao-So-Nong-nghiep-Binh-Dinh-655744.aspx
2025-07-11 09:16:45,668 - INFO - ✅ Đã lấy link: https://thuvienphapluat.vn/van-ban/Bo-may-hanh-chinh/Nghi-quyet-37-NQ-HDND-2025-tan-thanh-chu-truong-sap-xep-don-vi-hanh-chinh-cap-xa-An-Giang-656281.aspx
2025-07-11 09:16:45,671 - INFO - ✅ Đã lấy link: https://thuvienphapluat.vn/van-ban/Bo-may-hanh-chinh/Quyet-dinh-957-QD-UBND-2025-cong-bo-thu-tuc-hanh-chinh-noi-bo-So-Giao-duc-va-Dao-tao-Tra-Vinh-655130.aspx
2025-07-11 09:16:45,675 - INFO - ✅ Đã lấy link: https://thuvienphapluat.vn/van-ban/Bo-may-hanh-chinh/Quyet-dinh-350-QD-UBND-2025-cong-bo-thu-tuc-hanh-chinh-linh-vuc-quan-ly-cong-san-Kon-Tum-654980.aspx
2025-07-11 09:16:45,678 - INFO - ✅ Đã lấy link: https://thuvienphapluat.vn/van-ban/Bat-dong-san/Quyet-dinh-28-2025-QD-UBND-chuc-nang-nhiem-vu-quyen-han-Trung-tam-Phat-trien-quy-dat-Ha-Tinh-654793.aspx
2025-07-11 09:16:45,682 - INFO - ✅ Đã lấy link: https://thuvienphapluat.vn/van-ban/Bo-may-hanh-chinh/Quyet-dinh-904-QD-UBND-2025-de-nghi-cong-bo-thu-tuc-hanh-chinh-Kinh-te-hop-tac-So-Nong-nghiep-Yen-Bai-654915.aspx
2025-07-11 09:16:45,686 - INFO - ✅ Đã lấy link: https://thuvienphapluat.vn/van-ban/Bo-may-hanh-chinh/Quyet-dinh-909-QD-UBND-2025-cong-bo-thu-tuc-hanh-chinh-linh-vuc-Dia-chat-So-Nong-nghiep-Yen-Bai-654913.aspx
2025-07-11 09:16:45,689 - INFO - ✅ Đã lấy link: https://thuvienphapluat.vn/van-ban/Bo-may-hanh-chinh/Quyet-dinh-908-QD-UBND-2025-cong-bo-thu-tuc-hanh-chinh-linh-vuc-trong-trot-So-Nong-nghiep-Yen-Bai-654917.aspx
2025-07-11 09:16:45,690 - INFO - ➡️ Đang truy cập: https://thuvienphapluat.vn/page/searchlegal.aspx?keyword=&area=0&match=True&type=0&status=1&signer=0&sort=1&lan=1&scan=0&org=0&fields=15&chlbg=09/07/1945&chlend=09/07/2035&page=117
2025-07-11 09:16:46,333 - INFO - 🤖 CAPTCHA OCR: 418268
2025-07-11 09:16:53,388 - INFO - 🧭 Tiêu đề trang: Tra cứu Văn Bản Pháp Luật
2025-07-11 09:16:53,403 - INFO - ✅ Đã lấy link: https://thuvienphapluat.vn/van-ban/Bo-may-hanh-chinh/Quyet-dinh-1934-QD-NHNN-2025-cong-bo-thu-tuc-hanh-chinh-noi-bo-cua-Ngan-hang-Nha-nuoc-658622.aspx
2025-07-11 09:16:53,406 - INFO - ✅ Đã lấy link: https://thuvienphapluat.vn/van-ban/Bo-may-hanh-chinh/Quyet-dinh-737-QD-UBND-2025-cong-bo-bo-sung-thu-tuc-hanh-chinh-linh-vuc-tu-phap-Thai-Binh-654911.aspx
2025-07-11 09:16:53,410 - INFO - ✅ Đã lấy link: https://thuvienphapluat.vn/van-ban/Bo-may-hanh-chinh/Quyet-dinh-730-QD-UBND-2025-cong-bo-thu-tuc-hanh-chinh-quan-ly-cong-san-Uy-ban-huyen-Thai-Binh-654979.aspx
2025-07-11 09:16:53,414 - INFO - ✅ Đã lấy link: https://thuvienphapluat.vn/van-ban/Bo-may-hanh-chinh/Quyet-dinh-1073-QD-UBND-2025-cong-bo-Danh-muc-thu-tuc-hanh-chinh-So-Nong-nghiep-Can-Tho-654909.aspx
2025-07-11 09:16:53,418 - INFO - ✅ Đã lấy link: https://thuvienphapluat.vn/van-ban/Bo-may-hanh-chinh/Quyet-dinh-771-QD-UBND-2025-cong-bo-thu-tuc-hanh-chinh-kinh-te-hop-tac-So-Nong-nghiep-Binh-Thuan-654578.aspx
2025-07-11 09:16:53,421 - INFO - ✅ Đã lấy link: https://thuvienphapluat.vn/van-ban/Bo-may-hanh-chinh/Quyet-dinh-770-QD-UBND-2025-cong-bo-thu-tuc-hanh-chinh-thuy-san-So-Nong-nghiep-Binh-Thuan-654577.aspx
2025-07-11 09:16:53,425 - INFO - ✅ Đã lấy link: https://thuvienphapluat.vn/van-ban/Bo-may-hanh-chinh/Quyet-dinh-988-QD-UBND-2025-dich-vu-cong-truc-tuyen-toan-trinh-So-Dan-toc-Son-La-654935.aspx
2025-07-11 09:16:53,429 - INFO - ✅ Đã lấy link: https://thuvienphapluat.vn/van-ban/Thuong-mai/Quyet-dinh-1305-QD-UBND-2025-cong-bo-thu-tuc-hanh-chinh-Luu-thong-hang-hoa-So-Cong-Thuong-Thanh-Hoa-654838.aspx
2025-07-11 09:16:53,432 - INFO - ✅ Đã lấy link: https://thuvienphapluat.vn/van-ban/Dau-tu/Quyet-dinh-1299-QD-UBND-2025-cong-bo-thu-tuc-hanh-chinh-linh-vuc-dau-tu-So-Tai-chinh-Thanh-Hoa-654907.aspx
2025-07-11 09:16:53,436 - INFO - ✅ Đã lấy link: https://thuvienphapluat.vn/van-ban/Bo-may-hanh-chinh/Quyet-dinh-1297-QD-UBND-2025-cong-bo-thu-tuc-hanh-chinh-linh-vuc-khen-thuong-Uy-ban-xa-Thanh-Hoa-654908.aspx
2025-07-11 09:16:53,440 - INFO - ✅ Đã lấy link: https://thuvienphapluat.vn/van-ban/Lao-dong-Tien-luong/Quyet-dinh-1217-QD-UBND-2025-cong-bo-thu-tuc-hanh-chinh-linh-vuc-Viec-lam-So-Noi-vu-Nghe-An-654963.aspx
2025-07-11 09:16:53,443 - INFO - ✅ Đã lấy link: https://thuvienphapluat.vn/van-ban/Bo-may-hanh-chinh/Quyet-dinh-1216-QD-UBND-2025-cong-bo-thu-tuc-hanh-chinh-noi-bo-linh-vuc-Tu-phap-Nam-Dinh-654857.aspx
2025-07-11 09:16:53,447 - INFO - ✅ Đã lấy link: https://thuvienphapluat.vn/van-ban/Bo-may-hanh-chinh/Quyet-dinh-1241-QD-UBND-2025-cong-bo-thu-tuc-hanh-chinh-Trong-trot-So-Nong-nghiep-Hue-654837.aspx
2025-07-11 09:16:53,451 - INFO - ✅ Đã lấy link: https://thuvienphapluat.vn/van-ban/Bo-may-hanh-chinh/Quyet-dinh-1240-QD-UBND-2025-cong-bo-thu-tuc-hanh-chinh-bien-va-hai-dao-So-Nong-nghiep-Hue-654839.aspx
2025-07-11 09:16:53,454 - INFO - ✅ Đã lấy link: https://thuvienphapluat.vn/van-ban/Bo-may-hanh-chinh/Quyet-dinh-1214-QD-UBND-2025-cong-bo-thu-tuc-hanh-chinh-tai-nguyen-nuoc-So-Nong-nghiep-Nam-Dinh-654842.aspx
2025-07-11 09:16:53,458 - INFO - ✅ Đã lấy link: https://thuvienphapluat.vn/van-ban/Bo-may-hanh-chinh/Quyet-dinh-1213-QD-UBND-2025-cong-bo-thu-tuc-hanh-chinh-Kinh-te-hop-tac-So-Nong-nghiep-Nam-Dinh-654846.aspx
2025-07-11 09:16:53,461 - INFO - ✅ Đã lấy link: https://thuvienphapluat.vn/van-ban/Bo-may-hanh-chinh/Quyet-dinh-1201-QD-UBND-2025-quy-trinh-thu-tuc-hanh-chinh-khu-cong-nghiep-Uy-ban-tinh-Nghe-An-654912.aspx
2025-07-11 09:16:53,465 - INFO - ✅ Đã lấy link: https://thuvienphapluat.vn/van-ban/Bo-may-hanh-chinh/Quyet-dinh-185-QD-VP-2025-cong-bo-thu-tuc-hanh-chinh-linh-vuc-giam-ngheo-So-Nong-nghiep-Tuyen-Quang-654896.aspx
2025-07-11 09:16:53,469 - INFO - ✅ Đã lấy link: https://thuvienphapluat.vn/van-ban/Bo-may-hanh-chinh/Quyet-dinh-352-QD-UBND-2025-cong-bo-thu-tuc-hanh-chinh-linh-vuc-Thuy-loi-Kon-Tum-655929.aspx
2025-07-11 09:16:53,472 - INFO - ✅ Đã lấy link: https://thuvienphapluat.vn/van-ban/Bo-may-hanh-chinh/Nghi-quyet-04-2025-NQ-HDND-muc-kinh-phi-ho-tro-hoat-dong-Ban-Thanh-tra-nhan-dan-cap-xa-Binh-Dinh-656512.aspx
2025-07-11 09:16:53,472 - INFO - ➡️ Đang truy cập: https://thuvienphapluat.vn/page/searchlegal.aspx?keyword=&area=0&match=True&type=0&status=1&signer=0&sort=1&lan=1&scan=0&org=0&fields=15&chlbg=09/07/1945&chlend=09/07/2035&page=118
2025-07-11 09:16:54,080 - INFO - 🤖 CAPTCHA OCR: 617163
2025-07-11 09:17:01,341 - INFO - 🧭 Tiêu đề trang: Tra cứu Văn Bản Pháp Luật
2025-07-11 09:17:01,361 - INFO - ✅ Đã lấy link: https://thuvienphapluat.vn/van-ban/Bo-may-hanh-chinh/Quyet-dinh-1528-QD-BTC-2025-phan-cong-phan-cap-cong-tac-to-chuc-can-bo-656384.aspx
2025-07-11 09:17:01,365 - INFO - ✅ Đã lấy link: https://thuvienphapluat.vn/van-ban/Bo-may-hanh-chinh/Quyet-dinh-04-2025-QD-UBND-chuc-nang-nhiem-vu-Phong-Tai-chinh-Ke-hoach-quan-Tan-Binh-Ho-Chi-Minh-656697.aspx
2025-07-11 09:17:01,371 - INFO - ✅ Đã lấy link: https://thuvienphapluat.vn/van-ban/Bo-may-hanh-chinh/Quyet-dinh-24-2025-QD-UBND-bai-bo-Quyet-dinh-01-2014-QD-UBND-Tuyen-Quang-654792.aspx
2025-07-11 09:17:01,380 - INFO - ✅ Đã lấy link: https://thuvienphapluat.vn/van-ban/Bo-may-hanh-chinh/Nghi-quyet-16-NQ-HDND-2025-tan-thanh-chu-truong-sap-xep-don-vi-hanh-chinh-cap-xa-Kon-Tum-654848.aspx
2025-07-11 09:17:01,385 - INFO - ✅ Đã lấy link: https://thuvienphapluat.vn/van-ban/Bo-may-hanh-chinh/Quyet-dinh-16-2025-QD-UBND-chuc-nang-nhiem-vu-quyen-han-So-Noi-vu-Binh-Thuan-654615.aspx
2025-07-11 09:17:01,391 - INFO - ✅ Đã lấy link: https://thuvienphapluat.vn/van-ban/Bo-may-hanh-chinh/Nghi-quyet-15-NQ-HDND-2025-tan-thanh-chu-truong-hop-nhat-Quang-Ngai-Kon-Tum-654847.aspx
2025-07-11 09:17:01,396 - INFO - ✅ Đã lấy link: https://thuvienphapluat.vn/van-ban/Bo-may-hanh-chinh/Quyet-dinh-15-2025-QD-UBND-chuc-nang-nhiem-vu-So-Cong-Thuong-Binh-Thuan-654614.aspx
2025-07-11 09:17:01,402 - INFO - ✅ Đã lấy link: https://thuvienphapluat.vn/van-ban/Bo-may-hanh-chinh/Quyet-dinh-14-2025-QD-UBND-chuc-nang-nhiem-vu-quyen-han-So-Tu-phap-Binh-Thuan-654613.aspx
2025-07-11 09:17:01,407 - INFO - ✅ Đã lấy link: https://thuvienphapluat.vn/van-ban/Bo-may-hanh-chinh/Nghi-quyet-04-2025-NQ-HDND-bai-bo-Nghi-quyet-01-2025-NQ-HDND-Hai-Duong-654834.aspx
2025-07-11 09:17:01,421 - INFO - ✅ Đã lấy link: https://thuvienphapluat.vn/van-ban/Bo-may-hanh-chinh/Nghi-quyet-05-2025-NQ-HDND-bai-bo-Nghi-quyet-54-2019-NQ-HDND-Binh-Dinh-656022.aspx
2025-07-11 09:17:01,463 - INFO - ✅ Đã lấy link: https://thuvienphapluat.vn/van-ban/Bo-may-hanh-chinh/Quyet-dinh-551-QD-UBND-2025-cong-bo-thu-tuc-hanh-chinh-kham-benh-So-Y-te-Cao-Bang-655947.aspx
2025-07-11 09:17:01,467 - INFO - ✅ Đã lấy link: https://thuvienphapluat.vn/van-ban/Bo-may-hanh-chinh/Quyet-dinh-552-QD-UBND-2025-cong-bo-thu-tuc-hanh-chinh-giao-duc-dao-tao-So-Giao-duc-Cao-Bang-655946.aspx
2025-07-11 09:17:01,471 - INFO - ✅ Đã lấy link: https://thuvienphapluat.vn/van-ban/Bo-may-hanh-chinh/Van-ban-hop-nhat-22-VBHN-BCA-2025-Thong-tu-cong-tac-bao-ve-bi-mat-nha-nuoc-trong-Cong-an-nhan-dan-658984.aspx
2025-07-11 09:17:01,474 - INFO - ✅ Đã lấy link: https://thuvienphapluat.vn/van-ban/Bo-may-hanh-chinh/Nghi-quyet-10-NQ-HDND-2025-chu-truong-sap-xep-don-vi-hanh-chinh-cap-xa-Tuyen-Quang-655078.aspx
2025-07-11 09:17:01,478 - INFO - ✅ Đã lấy link: https://thuvienphapluat.vn/van-ban/Bo-may-hanh-chinh/Quyet-dinh-667-QD-TTPVHCC-2025-cong-bo-thu-tuc-hanh-chinh-co-che-lan-xanh-So-Tu-phap-Ha-Noi-658583.aspx
2025-07-11 09:17:01,482 - INFO - ✅ Đã lấy link: https://thuvienphapluat.vn/van-ban/Lao-dong-Tien-luong/Nghi-quyet-07-2025-NQ-HDND-bai-bo-mot-so-noi-dung-Nghi-quyet-01-2025-NQ-HDND-Lang-Son-655066.aspx
2025-07-11 09:17:01,485 - INFO - ✅ Đã lấy link: https://thuvienphapluat.vn/van-ban/Bo-may-hanh-chinh/Nghi-quyet-07-2025-NQ-HDND-sua-doi-Nghi-quyet-07-2024-NQ-HDND-Ninh-Thuan-655050.aspx
2025-07-11 09:17:01,489 - INFO - ✅ Đã lấy link: https://thuvienphapluat.vn/van-ban/Thue-Phi-Le-Phi/Nghi-quyet-08-2025-NQ-HDND-le-phi-thuc-hien-thu-tuc-hanh-chinh-hinh-thuc-truc-tuyen-Ninh-Thuan-655056.aspx
2025-07-11 09:17:01,493 - INFO - ✅ Đã lấy link: https://thuvienphapluat.vn/van-ban/Lao-dong-Tien-luong/Nghi-quyet-09-2025-NQ-HDND-muc-phu-cap-hang-thang-thon-doi-truong-Ninh-Thuan-655054.aspx
2025-07-11 09:17:01,496 - INFO - ✅ Đã lấy link: https://thuvienphapluat.vn/van-ban/Bo-may-hanh-chinh/Quyet-dinh-772-QD-UBND-2025-cong-bo-thu-tuc-hanh-chinh-dia-chat-khoang-san-So-Nong-nghiep-Binh-Thuan-654612.aspx
2025-07-11 09:17:01,496 - INFO - ➡️ Đang truy cập: https://thuvienphapluat.vn/page/searchlegal.aspx?keyword=&area=0&match=True&type=0&status=1&signer=0&sort=1&lan=1&scan=0&org=0&fields=15&chlbg=09/07/1945&chlend=09/07/2035&page=119
2025-07-11 09:17:02,172 - INFO - 🤖 CAPTCHA OCR: 222438
2025-07-11 09:17:08,188 - INFO - 🧭 Tiêu đề trang: Tra cứu Văn Bản Pháp Luật
2025-07-11 09:17:08,204 - INFO - ✅ Đã lấy link: https://thuvienphapluat.vn/van-ban/Bo-may-hanh-chinh/Quyet-dinh-778-QD-UBND-2025-cong-bo-thu-tuc-hanh-chinh-Cong-tac-dan-toc-So-Dan-toc-Vinh-Long-655885.aspx
2025-07-11 09:17:08,208 - INFO - ✅ Đã lấy link: https://thuvienphapluat.vn/van-ban/Bo-may-hanh-chinh/Quyet-dinh-777-QD-UBND-2025-cong-bo-thu-tuc-hanh-chinh-Giao-duc-Dao-tao-So-Giao-duc-Vinh-Long-655250.aspx
2025-07-11 09:17:08,211 - INFO - ✅ Đã lấy link: https://thuvienphapluat.vn/van-ban/Bo-may-hanh-chinh/Quyet-dinh-989-QD-UBND-2025-thu-tuc-hanh-chinh-dia-chat-khoang-san-So-Nong-nghiep-Dak-Lak-655083.aspx
2025-07-11 09:17:08,215 - INFO - ✅ Đã lấy link: https://thuvienphapluat.vn/van-ban/Bo-may-hanh-chinh/Quyet-dinh-1177-QD-UBND-2025-cong-bo-thu-tuc-hanh-chinh-noi-bo-So-Nong-nghiep-Binh-Duong-660653.aspx
2025-07-11 09:17:08,219 - INFO - ✅ Đã lấy link: https://thuvienphapluat.vn/van-ban/Dich-vu-phap-ly/Quyet-dinh-1173-QD-UBND-2025-cong-bo-thu-tuc-hanh-chinh-xay-dung-the-che-So-Tu-phap-Binh-Duong-660648.aspx
2025-07-11 09:17:08,222 - INFO - ✅ Đã lấy link: https://thuvienphapluat.vn/van-ban/Dau-tu/Quyet-dinh-1170-QD-UBND-2025-Quy-che-phoi-hop-giai-quyet-thu-tuc-hanh-chinh-du-an-dau-tu-Binh-Duong-660643.aspx
2025-07-11 09:17:08,226 - INFO - ✅ Đã lấy link: https://thuvienphapluat.vn/van-ban/Bo-may-hanh-chinh/Nghi-quyet-08-NQ-HDND-2025-tan-thanh-chu-truong-sap-xep-don-vi-hanh-chinh-cap-tinh-Binh-Phuoc-661417.aspx
2025-07-11 09:17:08,230 - INFO - ✅ Đã lấy link: https://thuvienphapluat.vn/van-ban/Bo-may-hanh-chinh/Nghi-quyet-11-NQ-HDND-2025-chu-truong-hop-nhat-don-vi-hanh-chinh-Ha-Giang-Tuyen-Quang-660918.aspx
2025-07-11 09:17:08,234 - INFO - ✅ Đã lấy link: https://thuvienphapluat.vn/van-ban/Bo-may-hanh-chinh/Quyet-dinh-732-QD-BKHCN-2025-chuc-nang-Trung-tam-Thuc-day-phat-trien-thi-truong-khoa-hoc-655331.aspx
2025-07-11 09:17:08,237 - INFO - ✅ Đã lấy link: https://thuvienphapluat.vn/van-ban/Bo-may-hanh-chinh/Quyet-dinh-731-QD-BKHCN-2025-chuc-nang-nhiem-vu-Trung-tam-Ho-tro-doi-moi-sang-tao-655352.aspx
2025-07-11 09:17:08,243 - INFO - ✅ Đã lấy link: https://thuvienphapluat.vn/van-ban/Bo-may-hanh-chinh/Quyet-dinh-729-QD-BKHCN-2025-chuc-nang-Vien-Thong-tin-va-Thong-ke-khoa-hoc-va-cong-nghe-655323.aspx
2025-07-11 09:17:08,247 - INFO - ✅ Đã lấy link: https://thuvienphapluat.vn/van-ban/Bo-may-hanh-chinh/Quyet-dinh-728-QD-BKHCN-2025-chuc-nang-Trung-tam-Du-lieu-quoc-gia-ve-khoa-hoc-va-cong-nghe-655330.aspx
2025-07-11 09:17:08,250 - INFO - ✅ Đã lấy link: https://thuvienphapluat.vn/van-ban/Bo-may-hanh-chinh/Quyet-dinh-727-QD-BKHCN-2025-chuc-nang-nhiem-vu-Thu-vien-khoa-hoc-va-cong-nghe-quoc-gia-655335.aspx
2025-07-11 09:17:08,254 - INFO - ✅ Đã lấy link: https://thuvienphapluat.vn/van-ban/Bo-may-hanh-chinh/Nghi-quyet-27-NQ-HDND-2025-tan-thanh-chu-truong-sap-xep-don-vi-hanh-chinh-cap-xa-Dong-Thap-656652.aspx
2025-07-11 09:17:08,258 - INFO - ✅ Đã lấy link: https://thuvienphapluat.vn/van-ban/Bo-may-hanh-chinh/Nghi-quyet-39-NQ-HDND-2025-Chuong-trinh-giam-sat-cua-Hoi-dong-nhan-dan-An-Giang-nam-2026-656639.aspx
2025-07-11 09:17:08,261 - INFO - ✅ Đã lấy link: https://thuvienphapluat.vn/van-ban/Bo-may-hanh-chinh/Quyet-dinh-353-QD-UBND-2025-cong-bo-thu-tuc-hanh-chinh-linh-vuc-Cong-tac-dan-toc-Kon-Tum-655930.aspx
2025-07-11 09:17:08,265 - INFO - ✅ Đã lấy link: https://thuvienphapluat.vn/van-ban/Thuong-mai/Quyet-dinh-1039-QD-UBND-2025-cong-bo-thu-tuc-hanh-chinh-tai-san-ha-tang-cho-nganh-Cong-Thuong-Tien-Giang-655928.aspx
2025-07-11 09:17:08,268 - INFO - ✅ Đã lấy link: https://thuvienphapluat.vn/van-ban/Ke-toan-Kiem-toan/Quyet-dinh-652-QD-KTNN-2025-chuc-nang-nhiem-vu-cac-phong-thuoc-Kiem-toan-Nha-nuoc-Khu-vuc-I-655904.aspx
2025-07-11 09:17:08,272 - INFO - ✅ Đã lấy link: https://thuvienphapluat.vn/van-ban/Bo-may-hanh-chinh/Quyet-dinh-1349-QD-UBND-2025-cong-bo-thu-tuc-hanh-chinh-su-dung-du-lieu-tai-nguyen-So-Nong-nghiep-Quang-Binh-655848.aspx
2025-07-11 09:17:08,275 - INFO - ✅ Đã lấy link: https://thuvienphapluat.vn/van-ban/Bo-may-hanh-chinh/Quyet-dinh-1347-QD-UBND-2025-cong-bo-thu-tuc-hanh-chinh-Lam-nghiep-Kiem-lam-Uy-ban-tinh-Quang-Binh-655846.aspx
2025-07-11 09:17:08,276 - INFO - ➡️ Đang truy cập: https://thuvienphapluat.vn/page/searchlegal.aspx?keyword=&area=0&match=True&type=0&status=1&signer=0&sort=1&lan=1&scan=0&org=0&fields=15&chlbg=09/07/1945&chlend=09/07/2035&page=120
2025-07-11 09:17:08,921 - INFO - 🤖 CAPTCHA OCR: 751672
2025-07-11 09:17:14,295 - INFO - 🧭 Tiêu đề trang: Tra cứu Văn Bản Pháp Luật
2025-07-11 09:17:14,311 - INFO - ✅ Đã lấy link: https://thuvienphapluat.vn/van-ban/Bo-may-hanh-chinh/Quyet-dinh-1348-QD-UBND-2025-thu-tuc-hanh-chinh-Khi-tuong-thuy-van-So-Nong-nghiep-Quang-Binh-655845.aspx
2025-07-11 09:17:14,315 - INFO - ✅ Đã lấy link: https://thuvienphapluat.vn/van-ban/Bo-may-hanh-chinh/Quyet-dinh-848-QD-UBND-2025-cong-bo-thu-tuc-hanh-chinh-dia-chat-khoang-san-So-Nong-nghiep-Dien-Bien-655736.aspx
2025-07-11 09:17:14,318 - INFO - ✅ Đã lấy link: https://thuvienphapluat.vn/van-ban/Bo-may-hanh-chinh/Quyet-dinh-1189-QD-BNNMT-2025-chuc-nang-nhiem-vu-quyen-han-Vuon-quoc-gia-Cat-Tien-655709.aspx
2025-07-11 09:17:14,322 - INFO - ✅ Đã lấy link: https://thuvienphapluat.vn/van-ban/Bo-may-hanh-chinh/Quyet-dinh-1166-QD-BNNMT-2025-chuc-nang-nhiem-vu-quyen-han-Vuon-quoc-gia-Tam-Dao-655708.aspx
2025-07-11 09:17:14,326 - INFO - ✅ Đã lấy link: https://thuvienphapluat.vn/van-ban/Bo-may-hanh-chinh/Quyet-dinh-1186-QD-BNNMT-2025-chuc-nang-nhiem-vu-quyen-han-Vuon-quoc-gia-Cuc-Phuong-655703.aspx
2025-07-11 09:17:14,329 - INFO - ✅ Đã lấy link: https://thuvienphapluat.vn/van-ban/Lao-dong-Tien-luong/Nghi-quyet-29-NQ-HDND-2025-dieu-chinh-bien-che-cong-chuc-co-quan-cap-tinh-Lai-Chau-655689.aspx
2025-07-11 09:17:14,333 - INFO - ✅ Đã lấy link: https://thuvienphapluat.vn/van-ban/Bo-may-hanh-chinh/Nghi-quyet-28-NQ-HDND-2025-to-chuc-lai-Thanh-tra-tinh-Lai-Chau-655680.aspx
2025-07-11 09:17:14,337 - INFO - ✅ Đã lấy link: https://thuvienphapluat.vn/van-ban/Bo-may-hanh-chinh/Quyet-dinh-351-QD-UBND-2025-bai-bo-thu-tuc-hanh-chinh-noi-bo-linh-vuc-Tu-phap-Kon-Tum-655669.aspx
2025-07-11 09:17:14,340 - INFO - ✅ Đã lấy link: https://thuvienphapluat.vn/van-ban/Bo-may-hanh-chinh/Nghi-quyet-27-NQ-HDND-2025-thong-qua-chu-truong-sap-xep-don-vi-hanh-chinh-cap-xa-Lai-Chau-655591.aspx
2025-07-11 09:17:14,344 - INFO - ✅ Đã lấy link: https://thuvienphapluat.vn/van-ban/Dau-tu/Quyet-dinh-847-QD-UBND-2025-cong-bo-thu-tuc-hanh-chinh-linh-vuc-dau-thau-So-Tai-chinh-Dien-Bien-655580.aspx
2025-07-11 09:17:14,348 - INFO - ✅ Đã lấy link: https://thuvienphapluat.vn/van-ban/Bo-may-hanh-chinh/Quyet-dinh-851-QD-UBND-2025-cong-bo-thu-tuc-hanh-chinh-cong-tac-dan-toc-So-Dan-toc-Dien-Bien-655579.aspx
2025-07-11 09:17:14,351 - INFO - ✅ Đã lấy link: https://thuvienphapluat.vn/van-ban/Bo-may-hanh-chinh/Quyet-dinh-991-QD-UBND-2025-cong-bo-thu-tuc-hanh-chinh-linh-vuc-thuy-san-So-Nong-nghiep-Dak-Lak-655576.aspx
2025-07-11 09:17:14,355 - INFO - ✅ Đã lấy link: https://thuvienphapluat.vn/van-ban/Bo-may-hanh-chinh/Quyet-dinh-990-QD-UBND-2025-cong-bo-thu-tuc-hanh-chinh-Kinh-te-hop-tac-So-Nong-nghiep-Dak-Lak-655575.aspx
2025-07-11 09:17:14,358 - INFO - ✅ Đã lấy link: https://thuvienphapluat.vn/van-ban/Bo-may-hanh-chinh/Quyet-dinh-752-QD-UBND-2025-cong-bo-thu-tuc-hanh-chinh-noi-bo-So-Giao-duc-Dao-tao-Lai-Chau-655529.aspx
2025-07-11 09:17:14,362 - INFO - ✅ Đã lấy link: https://thuvienphapluat.vn/van-ban/Thuong-mai/Quyet-dinh-28-2025-QD-UBND-chuc-nang-nhiem-vu-quyen-han-Chi-cuc-Quan-ly-thi-truong-Tay-Ninh-655475.aspx
2025-07-11 09:17:14,365 - INFO - ✅ Đã lấy link: https://thuvienphapluat.vn/van-ban/Bo-may-hanh-chinh/Quyet-dinh-1194-QD-BNNMT-2025-chuc-nang-nhiem-vu-quyen-han-Chi-cuc-Kiem-lam-vung-II-655329.aspx
2025-07-11 09:17:14,369 - INFO - ✅ Đã lấy link: https://thuvienphapluat.vn/van-ban/Bo-may-hanh-chinh/Quyet-dinh-1169-QD-BNNMT-2025-chuc-nang-nhiem-vu-quyen-han-Vuon-quoc-gia-Bach-Ma-655328.aspx
2025-07-11 09:17:14,373 - INFO - ✅ Đã lấy link: https://thuvienphapluat.vn/van-ban/Bo-may-hanh-chinh/Quyet-dinh-1195-QD-BNNMT-2025-chuc-nang-nhiem-vu-quyen-han-Chi-cuc-Kiem-lam-vung-III-655326.aspx
2025-07-11 09:17:14,377 - INFO - ✅ Đã lấy link: https://thuvienphapluat.vn/van-ban/Bo-may-hanh-chinh/Quyet-dinh-1197-QD-BNNMT-2025-chuc-nang-nhiem-vu-quyen-han-Chi-cuc-Kiem-lam-vung-IV-655325.aspx
2025-07-11 09:17:14,380 - INFO - ✅ Đã lấy link: https://thuvienphapluat.vn/van-ban/Bo-may-hanh-chinh/Quyet-dinh-1196-QD-BNNMT-2025-chuc-nang-nhiem-vu-Co-quan-tham-quyen-quan-ly-CITES-Viet-Nam-655324.aspx
2025-07-11 09:17:14,380 - INFO - ➡️ Đang truy cập: https://thuvienphapluat.vn/page/searchlegal.aspx?keyword=&area=0&match=True&type=0&status=1&signer=0&sort=1&lan=1&scan=0&org=0&fields=15&chlbg=09/07/1945&chlend=09/07/2035&page=121
2025-07-11 09:17:15,031 - INFO - 🤖 CAPTCHA OCR: 
2025-07-11 09:17:21,902 - INFO - 🧭 Tiêu đề trang: THƯ VIỆN PHÁP LUẬT _ Tra cứu, Nắm bắt Pháp Luật Việt Nam
2025-07-11 09:17:36,214 - ERROR - ❌ Lỗi tại trang 121: Message: 
Stacktrace:
#0 0x59df43e9c23a <unknown>
#1 0x59df43946ab0 <unknown>
#2 0x59df439986f0 <unknown>
#3 0x59df439988e1 <unknown>
#4 0x59df439e6b94 <unknown>
#5 0x59df439be1cd <unknown>
#6 0x59df439e3fee <unknown>
#7 0x59df439bdf73 <unknown>
#8 0x59df4398aaeb <unknown>
#9 0x59df4398b751 <unknown>
#10 0x59df43e60b4b <unknown>
#11 0x59df43e64929 <unknown>
#12 0x59df43e47929 <unknown>
#13 0x59df43e654e8 <unknown>
#14 0x59df43e2c0df <unknown>
#15 0x59df43e898e8 <unknown>
#16 0x59df43e89ac6 <unknown>
#17 0x59df43e9b556 <unknown>
#18 0x7d0b72e3e609 start_thread

2025-07-11 09:17:36,226 - INFO - ➡️ Đang truy cập: https://thuvienphapluat.vn/page/searchlegal.aspx?keyword=&area=0&match=True&type=0&status=1&signer=0&sort=1&lan=1&scan=0&org=0&fields=15&chlbg=09/07/1945&chlend=09/07/2035&page=122
2025-07-11 09:17:36,885 - INFO - 🤖 CAPTCHA OCR: 536168
2025-07-11 09:17:43,398 - INFO - 🧭 Tiêu đề trang: Tra cứu Văn Bản Pháp Luật
2025-07-11 09:17:43,414 - INFO - ✅ Đã lấy link: https://thuvienphapluat.vn/van-ban/Bo-may-hanh-chinh/Nghi-quyet-08-2025-NQ-HDND-bai-bo-Nghi-quyet-296-2019-NQ-HDND-Dong-Thap-656623.aspx
2025-07-11 09:17:43,417 - INFO - ✅ Đã lấy link: https://thuvienphapluat.vn/van-ban/Lao-dong-Tien-luong/Quyet-dinh-407-QD-UBND-2025-cong-bo-thu-tuc-hanh-chinh-giao-duc-nghe-ng%e2%80%8bhiep-So-Giao-duc-Gia-Lai-656227.aspx
2025-07-11 09:17:43,421 - INFO - ✅ Đã lấy link: https://thuvienphapluat.vn/van-ban/Bo-may-hanh-chinh/Quyet-dinh-408-QD-UBND-2025-cong-bo-thu-tuc-hanh-chinh-phong-chong-tham-nhung-Gia-Lai-656228.aspx
2025-07-11 09:17:43,425 - INFO - ✅ Đã lấy link: https://thuvienphapluat.vn/van-ban/Bo-may-hanh-chinh/Quyet-dinh-1168-QD-BNNMT-2025-chuc-nang-nhiem-vu-quyen-han-Vuon-quoc-gia-Ba-Vi-655354.aspx
2025-07-11 09:17:43,428 - INFO - ✅ Đã lấy link: https://thuvienphapluat.vn/van-ban/Bo-may-hanh-chinh/Quyet-dinh-1648-QD-UBND-2025-cong-bo-thu-tuc-hanh-chinh-chinh-linh-vuc-Dia-chat-Ho-Chi-Minh-661499.aspx
2025-07-11 09:17:43,432 - INFO - ✅ Đã lấy link: https://thuvienphapluat.vn/van-ban/Bo-may-hanh-chinh/Quyet-dinh-566-QD-UBND-2025-Quy-trinh-thu-tuc-hanh-chinh-linh-vuc-Tre-em-So-Y-te-Ninh-Thuan-657401.aspx
2025-07-11 09:17:43,436 - INFO - ✅ Đã lấy link: https://thuvienphapluat.vn/van-ban/Bo-may-hanh-chinh/Quyet-dinh-565-QD-UBND-2025-cong-bo-thu-tuc-hanh-chinh-Kham-benh-So-Y-te-Ninh-Thuan-657400.aspx
2025-07-11 09:17:43,440 - INFO - ✅ Đã lấy link: https://thuvienphapluat.vn/van-ban/Lao-dong-Tien-luong/Quyet-dinh-181-QD-VP-2025-cong-bo-thu-tuc-hanh-chinh-lao-dong-tien-luong-So-Noi-vu-Tuyen-Quang-660878.aspx
2025-07-11 09:17:43,444 - INFO - ✅ Đã lấy link: https://thuvienphapluat.vn/van-ban/Bo-may-hanh-chinh/Quyet-dinh-184-QD-VP-2025-cong-bo-thu-tuc-hanh-chinh-linh-vuc-khen-thuong-So-Noi-vu-Tuyen-Quang-660877.aspx
2025-07-11 09:17:43,447 - INFO - ✅ Đã lấy link: https://thuvienphapluat.vn/van-ban/Bo-may-hanh-chinh/Quyet-dinh-06-2025-QD-UBND-chuc-nang-nhiem-vu-Thanh-tra-quan-Tan-Binh-Ho-Chi-Minh-656692.aspx
2025-07-11 09:17:43,451 - INFO - ✅ Đã lấy link: https://thuvienphapluat.vn/van-ban/Bo-may-hanh-chinh/Quyet-dinh-1373-QD-UBND-2025-cong-bo-thu-tuc-hanh-chinh-Moi-truong-nganh-Nong-nghiep-Dong-Nai-661690.aspx
2025-07-11 09:17:43,454 - INFO - ✅ Đã lấy link: https://thuvienphapluat.vn/van-ban/Lao-dong-Tien-luong/Quyet-dinh-178-QD-VP-2025-cong-bo-thu-tuc-hanh-chinh-linh-vuc-viec-lam-So-Noi-vu-Tuyen-Quang-660883.aspx
2025-07-11 09:17:43,458 - INFO - ✅ Đã lấy link: https://thuvienphapluat.vn/van-ban/Lao-dong-Tien-luong/Quyet-dinh-182-QD-VP-2025-cong-bo-thu-tuc-hanh-chinh-quan-ly-lao-dong-So-Noi-vu-Tuyen-Quang-660880.aspx
2025-07-11 09:17:43,462 - INFO - ✅ Đã lấy link: https://thuvienphapluat.vn/van-ban/Lao-dong-Tien-luong/Quyet-dinh-183-QD-VP-2025-cong-bo-thu-tuc-hanh-chinh-an-toan-ve-sinh-lao-dong-So-Noi-vu-Tuyen-Quang-660879.aspx
2025-07-11 09:17:43,465 - INFO - ✅ Đã lấy link: https://thuvienphapluat.vn/van-ban/Bo-may-hanh-chinh/Quyet-dinh-1231-QD-UBND-2025-cong-bo-thu-tuc-hanh-chinh-cong-tac-dan-toc-Uy-ban-huyen-Kien-Giang-658247.aspx
2025-07-11 09:17:43,469 - INFO - ✅ Đã lấy link: https://thuvienphapluat.vn/van-ban/Bo-may-hanh-chinh/Nghi-quyet-38-NQ-HDND-2025-tan-thanh-chu-truong-hop-nhat-Kien-Giang-An-Giang-656638.aspx
2025-07-11 09:17:43,473 - INFO - ✅ Đã lấy link: https://thuvienphapluat.vn/van-ban/Bo-may-hanh-chinh/Quyet-dinh-748-QD-UBND-2025-cong-bo-thu-tuc-hanh-chinh-Khi-tuong-thuy-van-So-Nong-nghiep-Lai-Chau-656476.aspx
2025-07-11 09:17:43,476 - INFO - ✅ Đã lấy link: https://thuvienphapluat.vn/van-ban/Bat-dong-san/Nghi-quyet-53-2025-NQ-HDND-bai-bo-cac-Nghi-quyet-cua-Hoi-dong-nhan-dan-Quang-Ninh-656329.aspx
2025-07-11 09:17:43,480 - INFO - ✅ Đã lấy link: https://thuvienphapluat.vn/van-ban/Bo-may-hanh-chinh/Quyet-dinh-1233-QD-UBND-2025-cong-bo-thu-tuc-hanh-chinh-thiet-bi-y-te-So-Y-te-Kien-Giang-658249.aspx
2025-07-11 09:17:43,484 - INFO - ✅ Đã lấy link: https://thuvienphapluat.vn/van-ban/Bo-may-hanh-chinh/Quyet-dinh-553-QD-UBND-2025-quy-trinh-thu-tuc-hanh-chinh-giao-duc-dao-tao-So-Giao-duc-Cao-Bang-662284.aspx
2025-07-11 09:17:43,484 - INFO - ➡️ Đang truy cập: https://thuvienphapluat.vn/page/searchlegal.aspx?keyword=&area=0&match=True&type=0&status=1&signer=0&sort=1&lan=1&scan=0&org=0&fields=15&chlbg=09/07/1945&chlend=09/07/2035&page=123
2025-07-11 09:17:44,138 - INFO - 🤖 CAPTCHA OCR: 638222
2025-07-11 09:17:51,138 - INFO - 🧭 Tiêu đề trang: Tra cứu Văn Bản Pháp Luật
2025-07-11 09:17:51,155 - INFO - ✅ Đã lấy link: https://thuvienphapluat.vn/van-ban/Bo-may-hanh-chinh/Quyet-dinh-478-QD-UBND-2025-cong-bo-thu-tuc-hanh-chinh-moi-truong-So-Nong-nghiep-Ninh-Binh-657555.aspx
2025-07-11 09:17:51,158 - INFO - ✅ Đã lấy link: https://thuvienphapluat.vn/van-ban/Bo-may-hanh-chinh/Quyet-dinh-67-2025-QD-UBND-chuc-nang-nhiem-vu-Trung-tam-Thong-tin-Cong-bao-Ninh-Binh-657629.aspx
2025-07-11 09:17:51,162 - INFO - ✅ Đã lấy link: https://thuvienphapluat.vn/van-ban/Cong-nghe-thong-tin/Quyet-dinh-66-2025-QD-UBND-chuc-nang-nhiem-vu-Trung-tam-Cong-nghe-thong-tin-Ninh-Binh-657628.aspx
2025-07-11 09:17:51,166 - INFO - ✅ Đã lấy link: https://thuvienphapluat.vn/van-ban/Bo-may-hanh-chinh/Nghi-quyet-14-NQ-HDND-2025-tan-thanh-chu-truong-sap-xep-Ca-Mau-Bac-Lieu-659597.aspx
2025-07-11 09:17:51,170 - INFO - ✅ Đã lấy link: https://thuvienphapluat.vn/van-ban/Dau-tu/Nghi-quyet-06-2025-NQ-HDND-bai-bo-Nghi-quyet-07-2020-NQ-HDND-Bac-Lieu-659495.aspx
2025-07-11 09:17:51,174 - INFO - ✅ Đã lấy link: https://thuvienphapluat.vn/van-ban/Bat-dong-san/Nghi-quyet-05-2025-NQ-HDND-bai-bo-Nghi-quyet-02a-2016-NQ-HDND-Bac-Lieu-659494.aspx
2025-07-11 09:17:51,178 - INFO - ✅ Đã lấy link: https://thuvienphapluat.vn/van-ban/Bo-may-hanh-chinh/Nghi-quyet-13-NQ-HDND-2025-tan-thanh-chu-truong-sap-xep-don-vi-hanh-chinh-cap-xa-Bac-Lieu-659595.aspx
2025-07-11 09:17:51,181 - INFO - ✅ Đã lấy link: https://thuvienphapluat.vn/van-ban/Lao-dong-Tien-luong/Quyet-dinh-400-QD-UBND-2025-cong-bo-thu-tuc-hanh-chinh-linh-vuc-lao-dong-So-Noi-vu-Gia-Lai-658111.aspx
2025-07-11 09:17:51,185 - INFO - ✅ Đã lấy link: https://thuvienphapluat.vn/van-ban/Bo-may-hanh-chinh/Quyet-dinh-172-QD-VP-2025-cong-bo-thu-tuc-hanh-chinh-So-Khoa-hoc-Cong-nghe-Tuyen-Quang-660895.aspx
2025-07-11 09:17:51,189 - INFO - ✅ Đã lấy link: https://thuvienphapluat.vn/van-ban/Bao-hiem/Quyet-dinh-179-QD-VP-2025-cong-bo-thu-tuc-hanh-chinh-bao-hiem-xa-hoi-So-Noi-vu-Tuyen-Quang-660896.aspx
2025-07-11 09:17:51,193 - INFO - ✅ Đã lấy link: https://thuvienphapluat.vn/van-ban/Bo-may-hanh-chinh/Quyet-dinh-180-QD-VP-2025-cong-bo-thu-tuc-hanh-chinh-nguoi-co-cong-So-Noi-vu-Tuyen-Quang-660881.aspx
2025-07-11 09:17:51,196 - INFO - ✅ Đã lấy link: https://thuvienphapluat.vn/van-ban/Bo-may-hanh-chinh/Quyet-dinh-1072-QD-UBND-2025-cong-bo-thu-tuc-hanh-chinh-noi-bo-Uy-ban-nhan-dan-Can-Tho-664094.aspx
2025-07-11 09:17:51,200 - INFO - ✅ Đã lấy link: https://thuvienphapluat.vn/van-ban/Bo-may-hanh-chinh/Quyet-dinh-177-QD-VP-2025-cong-bo-thu-tuc-hanh-chinh-noi-bo-So-Cong-Thuong-Tuyen-Quang-660882.aspx
2025-07-11 09:17:51,205 - INFO - ✅ Đã lấy link: https://thuvienphapluat.vn/van-ban/Lao-dong-Tien-luong/Quyet-dinh-175-QD-VP-2025-cong-bo-thu-tuc-hanh-chinh-To-chuc-Bien-che-So-Noi-vu-Tuyen-Quang-660876.aspx
2025-07-11 09:17:51,210 - INFO - ✅ Đã lấy link: https://thuvienphapluat.vn/van-ban/Bo-may-hanh-chinh/Quyet-dinh-174-QD-VP-2025-cong-bo-thu-tuc-hanh-chinh-Thi-dua-khen-thuong-So-Noi-vu-Tuyen-Quang-660874.aspx
2025-07-11 09:17:51,213 - INFO - ✅ Đã lấy link: https://thuvienphapluat.vn/van-ban/Bo-may-hanh-chinh/Quyet-dinh-173-QD-VP-2025-cong-bo-thu-tuc-hanh-chinh-chinh-sach-nha-giao-So-Giao-duc-Tuyen-Quang-660875.aspx
2025-07-11 09:17:51,217 - INFO - ✅ Đã lấy link: https://thuvienphapluat.vn/van-ban/Bo-may-hanh-chinh/Quyet-dinh-835-QD-UBND-2025-cong-bo-thu-tuc-hanh-chinh-linh-vuc-Giao-duc-So-Giao-duc-Bac-Kan-654832.aspx
2025-07-11 09:17:51,221 - INFO - ✅ Đã lấy link: https://thuvienphapluat.vn/van-ban/Bo-may-hanh-chinh/Nghi-quyet-23-NQ-HDND-2025-thong-qua-chu-truong-sap-xep-don-vi-hanh-chinh-cap-xa-Nam-Dinh-654831.aspx
2025-07-11 09:17:51,225 - INFO - ✅ Đã lấy link: https://thuvienphapluat.vn/van-ban/Bo-may-hanh-chinh/Nghi-quyet-22-NQ-HDND-2025-chu-truong-hop-nhat-tinh-Ha-Nam-Ninh-Binh-Nam-Dinh-654830.aspx
2025-07-11 09:17:51,228 - INFO - ✅ Đã lấy link: https://thuvienphapluat.vn/van-ban/Bo-may-hanh-chinh/Quyet-dinh-633-QD-UBND-2025-quy-trinh-thu-tuc-hanh-chinh-linh-vuc-Ngoai-vu-Chu-tich-Uy-ban-Bac-Giang-659429.aspx
2025-07-11 09:17:51,228 - INFO - ➡️ Đang truy cập: https://thuvienphapluat.vn/page/searchlegal.aspx?keyword=&area=0&match=True&type=0&status=1&signer=0&sort=1&lan=1&scan=0&org=0&fields=15&chlbg=09/07/1945&chlend=09/07/2035&page=124
2025-07-11 09:17:51,934 - INFO - 🤖 CAPTCHA OCR: 288444
2025-07-11 09:17:58,845 - INFO - 🧭 Tiêu đề trang: Tra cứu Văn Bản Pháp Luật
2025-07-11 09:17:58,860 - INFO - ✅ Đã lấy link: https://thuvienphapluat.vn/van-ban/Bo-may-hanh-chinh/Quyet-dinh-631-QD-UBND-2025-cong-bo-thu-tuc-hanh-chinh-giam-ngheo-So-Nong-nghiep-Bac-Giang-659428.aspx
2025-07-11 09:17:58,864 - INFO - ✅ Đã lấy link: https://thuvienphapluat.vn/van-ban/Bo-may-hanh-chinh/Quyet-dinh-630-QD-UBND-2025-cong-bo-thu-tuc-hanh-chinh-truc-tuyen-toan-trinh-So-Van-hoa-Bac-Giang-659427.aspx
2025-07-11 09:17:58,868 - INFO - ✅ Đã lấy link: https://thuvienphapluat.vn/van-ban/Bo-may-hanh-chinh/Quyet-dinh-629-QD-UBND-2025-cong-bo-thu-tuc-hanh-chinh-dich-vu-cong-toan-trinh-So-Tai-chinh-Bac-Giang-659426.aspx
2025-07-11 09:17:58,872 - INFO - ✅ Đã lấy link: https://thuvienphapluat.vn/van-ban/Bo-may-hanh-chinh/Quyet-dinh-413-QD-BNV-2025-Danh-muc-Co-so-du-lieu-nganh-Noi-vu-655707.aspx
2025-07-11 09:17:58,875 - INFO - ✅ Đã lấy link: https://thuvienphapluat.vn/van-ban/Bo-may-hanh-chinh/Quyet-dinh-335-QD-UBND-2025-cong-bo-thu-tuc-hanh-chinh-kham-benh-chua-benh-Kon-Tum-654575.aspx
2025-07-11 09:17:58,879 - INFO - ✅ Đã lấy link: https://thuvienphapluat.vn/van-ban/Bo-may-hanh-chinh/Quyet-dinh-332-QD-UBND-2025-cong-bo-thu-tuc-hanh-chinh-sua-doi-linh-vuc-Thiet-bi-y-te-Kon-Tum-654574.aspx
2025-07-11 09:17:58,883 - INFO - ✅ Đã lấy link: https://thuvienphapluat.vn/van-ban/Bo-may-hanh-chinh/Quyet-dinh-171-QD-VP-2025-cong-bo-thu-tuc-hanh-chinh-linh-vuc-Giao-duc-So-Giao-duc-Tuyen-Quang-654787.aspx
2025-07-11 09:17:58,886 - INFO - ✅ Đã lấy link: https://thuvienphapluat.vn/van-ban/Bo-may-hanh-chinh/Quyet-dinh-43-2025-QD-UBND-phan-cap-So-Xay-dung-thuc-hien-nhiem-vu-chuyen-mon-Ninh-Thuan-654797.aspx
2025-07-11 09:17:58,890 - INFO - ✅ Đã lấy link: https://thuvienphapluat.vn/van-ban/Bo-may-hanh-chinh/Quyet-dinh-31-2025-QD-UBND-Bai-bo-Quyet-dinh-17-2017-QD-UBND-Thai-Binh-654799.aspx
2025-07-11 09:17:58,893 - INFO - ✅ Đã lấy link: https://thuvienphapluat.vn/van-ban/Bo-may-hanh-chinh/Quyet-dinh-31-2025-QD-UBND-chuc-nang-nhiem-vu-quyen-han-So-Cong-Thuong-Ha-Giang-654795.aspx
2025-07-11 09:17:58,897 - INFO - ✅ Đã lấy link: https://thuvienphapluat.vn/van-ban/Bo-may-hanh-chinh/Quyet-dinh-30-2025-QD-UBND-chuc-nang-nhiem-vu-quyen-han-Thanh-tra-tinh-Ha-Giang-654796.aspx
2025-07-11 09:17:58,901 - INFO - ✅ Đã lấy link: https://thuvienphapluat.vn/van-ban/Bo-may-hanh-chinh/Quyet-dinh-29-2025-QD-UBND-sua-doi-Quyet-dinh-quy-dinh-cu-the-chuc-nang-So-Ha-Giang-654798.aspx
2025-07-11 09:17:58,904 - INFO - ✅ Đã lấy link: https://thuvienphapluat.vn/van-ban/Thuong-mai/Quyet-dinh-28-2025-QD-UBND-chuc-nang-nhiem-vu-Chi-cuc-Quan-ly-thi-truong-Ha-Giang-654674.aspx
2025-07-11 09:17:58,907 - INFO - ✅ Đã lấy link: https://thuvienphapluat.vn/van-ban/Thuong-mai/Quyet-dinh-765-QD-UBND-2025-cong-bo-thu-tuc-hanh-chinh-luu-thong-hang-hoa-So-Cong-Thuong-Binh-Thuan-654570.aspx
2025-07-11 09:17:58,911 - INFO - ✅ Đã lấy link: https://thuvienphapluat.vn/van-ban/Bo-may-hanh-chinh/Quyet-dinh-763-QD-UBND-2025-cong-bo-thu-tuc-hanh-chinh-linh-vuc-Thi-dua-nganh-noi-vu-Binh-Thuan-654568.aspx
2025-07-11 09:17:58,915 - INFO - ✅ Đã lấy link: https://thuvienphapluat.vn/van-ban/Bo-may-hanh-chinh/Quyet-dinh-764-QD-UBND-2025-cong-bo-thu-tuc-hanh-chinh-quan-ly-cong-san-So-Tai-chinh-Binh-Thuan-654569.aspx
2025-07-11 09:17:58,918 - INFO - ✅ Đã lấy link: https://thuvienphapluat.vn/van-ban/Bo-may-hanh-chinh/Nghi-quyet-16-NQ-HDND-2025-thong-qua-chu-truong-sap-xep-don-vi-hanh-chinh-cap-xa-Thai-Binh-654826.aspx
2025-07-11 09:17:58,922 - INFO - ✅ Đã lấy link: https://thuvienphapluat.vn/van-ban/Bo-may-hanh-chinh/Quyet-dinh-912-Q%c3%90-UBND-2025-quy-trinh-thu-tuc-hanh-chinh-Giao-duc-trung-hoc-cap-huyen-Phu-Tho-655981.aspx
2025-07-11 09:17:58,926 - INFO - ✅ Đã lấy link: https://thuvienphapluat.vn/van-ban/Bo-may-hanh-chinh/Quyet-dinh-42-2025-QD-UBND-chuc-nang-nhiem-vu-Chi-cuc-Moi-truong-va-Kiem-lam-Long-An-654673.aspx
2025-07-11 09:17:58,929 - INFO - ✅ Đã lấy link: https://thuvienphapluat.vn/van-ban/Bo-may-hanh-chinh/Quyet-dinh-543-QD-UBND-2025-quy-trinh-thu-tuc-hanh-chinh-di-san-van-hoa-So-Van-hoa-Cao-Bang-655979.aspx
2025-07-11 09:17:58,930 - INFO - ➡️ Đang truy cập: https://thuvienphapluat.vn/page/searchlegal.aspx?keyword=&area=0&match=True&type=0&status=1&signer=0&sort=1&lan=1&scan=0&org=0&fields=15&chlbg=09/07/1945&chlend=09/07/2035&page=125
2025-07-11 09:17:59,550 - INFO - 🤖 CAPTCHA OCR: 283858
2025-07-11 09:18:05,049 - INFO - 🧭 Tiêu đề trang: Tra cứu Văn Bản Pháp Luật
2025-07-11 09:18:05,065 - INFO - ✅ Đã lấy link: https://thuvienphapluat.vn/van-ban/Bo-may-hanh-chinh/Quyet-dinh-474-QD-UBND-2025-phuong-an-don-gian-hoa-thu-tuc-hanh-chinh-So-Giao-duc-Ninh-Binh-654895.aspx
2025-07-11 09:18:05,069 - INFO - ✅ Đã lấy link: https://thuvienphapluat.vn/van-ban/Bo-may-hanh-chinh/Quyet-dinh-864-QD-UBND-2025-cong-bo-thu-tuc-hanh-chinh-linh-vuc-Chan-nuoi-cap-tinh-Lam-Dong-654500.aspx
2025-07-11 09:18:05,073 - INFO - ✅ Đã lấy link: https://thuvienphapluat.vn/van-ban/Bat-dong-san/Quyet-dinh-639-QD-UBND-2025-dieu-chinh-quy-trinh-thu-tuc-hanh-chinh-dat-dai-Uy-ban-huyen-Quang-Ngai-654723.aspx
2025-07-11 09:18:05,076 - INFO - ✅ Đã lấy link: https://thuvienphapluat.vn/van-ban/Bo-may-hanh-chinh/Quyet-dinh-640-QD-UBND-2025-cong-bo-thu-tuc-hanh-chinh-kinh-te-hop-tac-So-Nong-nghiep-Quang-Ngai-654828.aspx
2025-07-11 09:18:05,080 - INFO - ✅ Đã lấy link: https://thuvienphapluat.vn/van-ban/Bo-may-hanh-chinh/Quyet-dinh-970-QD-UBND-2025-cong-bo-thu-tuc-hanh-chinh-linh-vuc-Kham-benh-nganh-Y-te-Tay-Ninh-654823.aspx
2025-07-11 09:18:05,083 - INFO - ✅ Đã lấy link: https://thuvienphapluat.vn/van-ban/Bo-may-hanh-chinh/Quyet-dinh-968-QD-UBND-2025-cong-bo-sua-doi-co-quan-thu-tuc-hanh-chinh-So-Xay-dung-Son-La-654639.aspx
2025-07-11 09:18:05,087 - INFO - ✅ Đã lấy link: https://thuvienphapluat.vn/van-ban/Bo-may-hanh-chinh/Quyet-dinh-966-QD-UBND-2025-quy-trinh-thu-tuc-hanh-chinh-Bao-tro-xa-hoi-Uy-ban-huyen-Dak-Lak-654572.aspx
2025-07-11 09:18:05,091 - INFO - ✅ Đã lấy link: https://thuvienphapluat.vn/van-ban/Bo-may-hanh-chinh/Quyet-dinh-471-QD-UBND-2025-cong-bo-thu-tuc-hanh-chinh-cong-tac-dan-toc-So-Noi-vu-Ninh-Binh-654893.aspx
2025-07-11 09:18:05,095 - INFO - ✅ Đã lấy link: https://thuvienphapluat.vn/van-ban/Bo-may-hanh-chinh/Quyet-dinh-470-QD-UBND-2025-cong-bo-thu-tuc-hanh-chinh-sua-doi-So-Xay-dung-Ninh-Binh-654892.aspx
2025-07-11 09:18:05,098 - INFO - ✅ Đã lấy link: https://thuvienphapluat.vn/van-ban/Bo-may-hanh-chinh/Quyet-dinh-910-QD-UBND-2025-cong-bo-thu-tuc-hanh-chinh-noi-bo-linh-vuc-Cong-Thuong-Phu-Tho-655954.aspx
2025-07-11 09:18:05,102 - INFO - ✅ Đã lấy link: https://thuvienphapluat.vn/van-ban/Bo-may-hanh-chinh/Quyet-dinh-1340-QD-UBND-2025-thu-tuc-hanh-chinh-linh-vuc-Dang-kiem-So-Xay-dung-Quang-Binh-654824.aspx
2025-07-11 09:18:05,105 - INFO - ✅ Đã lấy link: https://thuvienphapluat.vn/van-ban/Bo-may-hanh-chinh/Quyet-dinh-545-QD-UBND-2025-quy-trinh-thu-tuc-hanh-chinh-giao-duc-dao-tao-So-Giao-duc-Cao-Bang-656190.aspx
2025-07-11 09:18:05,109 - INFO - ✅ Đã lấy link: https://thuvienphapluat.vn/van-ban/Bo-may-hanh-chinh/Quyet-dinh-539-QD-UBND-2025-quy-trinh-thu-tuc-hanh-chinh-giao-duc-mam-non-So-Giao-duc-Cao-Bang-655980.aspx
2025-07-11 09:18:05,112 - INFO - ✅ Đã lấy link: https://thuvienphapluat.vn/van-ban/Bo-may-hanh-chinh/Thong-tu-21-2025-TT-BCT-ban-hanh-va-to-chuc-thi-hanh-van-ban-quy-pham-phap-luat-655178.aspx
2025-07-11 09:18:05,116 - INFO - ✅ Đã lấy link: https://thuvienphapluat.vn/van-ban/Bo-may-hanh-chinh/Nghi-quyet-17-NQ-HDND-2025-thong-qua-chu-truong-sap-xep-Hung-Yen-Thai-Binh-654825.aspx
2025-07-11 09:18:05,120 - INFO - ✅ Đã lấy link: https://thuvienphapluat.vn/van-ban/Bo-may-hanh-chinh/Quyet-dinh-13-2025-QD-UBND-bai-bo-Quyet-dinh-Uy-ban-nhan-dan-Binh-Thuan-654671.aspx
2025-07-11 09:18:05,123 - INFO - ✅ Đã lấy link: https://thuvienphapluat.vn/van-ban/Bo-may-hanh-chinh/Nghi-quyet-01-2025-NQ-HDND-bai-bo-Nghi-quyet-09-2023-NQ-HDND-Ha-Giang-654670.aspx
2025-07-11 09:18:05,127 - INFO - ✅ Đã lấy link: https://thuvienphapluat.vn/van-ban/Lao-dong-Tien-luong/Quyet-dinh-12-2025-QD-TTg-tieu-chi-chuyen-gia-linh-vuc-cong-nghiep-quoc-phong-an-ninh-654967.aspx
2025-07-11 09:18:05,131 - INFO - ✅ Đã lấy link: https://thuvienphapluat.vn/van-ban/Bo-may-hanh-chinh/Quyet-dinh-546-QD-UBND-2025-cong-bo-thu-tuc-hanh-chinh-cong-tac-dan-toc-Uy-ban-huyen-Cao-Bang-656189.aspx
2025-07-11 09:18:05,135 - INFO - ✅ Đã lấy link: https://thuvienphapluat.vn/van-ban/Bo-may-hanh-chinh/Quyet-dinh-934-QD-UBND-2025-cong-bo-thu-tuc-hanh-chinh-Kham-chua-benh-cap-tinh-Phu-Tho-655956.aspx
2025-07-11 09:18:05,135 - INFO - ➡️ Đang truy cập: https://thuvienphapluat.vn/page/searchlegal.aspx?keyword=&area=0&match=True&type=0&status=1&signer=0&sort=1&lan=1&scan=0&org=0&fields=15&chlbg=09/07/1945&chlend=09/07/2035&page=126
2025-07-11 09:18:05,795 - INFO - 🤖 CAPTCHA OCR: 741252
2025-07-11 09:18:11,596 - INFO - 🧭 Tiêu đề trang: Tra cứu Văn Bản Pháp Luật
2025-07-11 09:18:11,611 - INFO - ✅ Đã lấy link: https://thuvienphapluat.vn/van-ban/Bat-dong-san/Quyet-dinh-537-QD-UBND-2025-cong-bo-thu-tuc-hanh-chinh-linh-vuc-dat-dai-So-Nong-nghiep-Cao-Bang-655945.aspx
2025-07-11 09:18:11,615 - INFO - ✅ Đã lấy link: https://thuvienphapluat.vn/van-ban/Lao-dong-Tien-luong/Quyet-dinh-538-QD-UBND-2025-cong-bo-thu-tuc-hanh-chinh-lao-dong-ngoai-nuoc-So-Noi-vu-Cao-Bang-655944.aspx
2025-07-11 09:18:11,619 - INFO - ✅ Đã lấy link: https://thuvienphapluat.vn/van-ban/Bao-hiem/Quyet-dinh-541-QD-UBND-2025-thu-tuc-hanh-chinh-bao-hiem-xa-hoi-co-quan-Bao-hiem-Cao-Bang-655943.aspx
2025-07-11 09:18:11,623 - INFO - ✅ Đã lấy link: https://thuvienphapluat.vn/van-ban/Bo-may-hanh-chinh/Quyet-dinh-544-QD-UBND-2025-cong-bo-thu-tuc-hanh-chinh-Thiet-bi-y-te-So-Y-te-Cao-Bang-655942.aspx
2025-07-11 09:18:11,627 - INFO - ✅ Đã lấy link: https://thuvienphapluat.vn/van-ban/Bo-may-hanh-chinh/Quyet-dinh-974-QD-UBND-2025-cong-bo-thu-tuc-hanh-chinh-linh-vuc-Giam-ngheo-So-Nong-nghiep-Hung-Yen-655877.aspx
2025-07-11 09:18:11,632 - INFO - ✅ Đã lấy link: https://thuvienphapluat.vn/van-ban/Thuong-mai/Quyet-dinh-12-2025-QD-UBND-Quy-che-quan-ly-nha-nuoc-ve-bao-ve-quyen-loi-nguoi-tieu-dung-Binh-Thuan-654418.aspx
2025-07-11 09:18:11,637 - INFO - ✅ Đã lấy link: https://thuvienphapluat.vn/van-ban/Bo-may-hanh-chinh/Van-ban-hop-nhat-19-VBHN-BCA-2025-Thong-tu-xu-ly-vi-pham-an-toan-giao-thong-duong-bo-659638.aspx
2025-07-11 09:18:11,643 - INFO - ✅ Đã lấy link: https://thuvienphapluat.vn/van-ban/Bo-may-hanh-chinh/Van-ban-hop-nhat-21-VBHN-BCA-2025-Thong-tu-quy-dinh-ve-tai-lieu-bao-an-659635.aspx
2025-07-11 09:18:11,647 - INFO - ✅ Đã lấy link: https://thuvienphapluat.vn/van-ban/Bo-may-hanh-chinh/Thong-tu-17-2025-TT-BTC-bai-bo-toan-bo-mot-so-Thong-tu-655009.aspx
2025-07-11 09:18:11,651 - INFO - ✅ Đã lấy link: https://thuvienphapluat.vn/van-ban/Bo-may-hanh-chinh/Quyet-dinh-641-QD-UBND-2025-cong-bo-thu-tuc-hanh-chinh-thuy-san-So-Nong-nghiep-Quang-Ngai-655101.aspx
2025-07-11 09:18:11,656 - INFO - ✅ Đã lấy link: https://thuvienphapluat.vn/van-ban/Cong-nghe-thong-tin/Quyet-dinh-786-QD-UBND-2025-quy-trinh-thu-tuc-hanh-chinh-linh-vuc-phat-thanh-So-Van-hoa-Vinh-Phuc-656307.aspx
2025-07-11 09:18:11,660 - INFO - ✅ Đã lấy link: https://thuvienphapluat.vn/van-ban/Bo-may-hanh-chinh/Quyet-dinh-991-QD-UBND-2025-tam-ngung-hieu-luc-Quyet-dinh-16-2025-QD-UBND-Hung-Yen-655784.aspx
2025-07-11 09:18:11,664 - INFO - ✅ Đã lấy link: https://thuvienphapluat.vn/van-ban/Bo-may-hanh-chinh/Nghi-quyet-06-2025-NQ-HDND-bai-bo-cac-nghi-quyet-he-so-dieu-chinh-gia-dat-Thai-Binh-655364.aspx
2025-07-11 09:18:11,668 - INFO - ✅ Đã lấy link: https://thuvienphapluat.vn/van-ban/Thuong-mai/Quyet-dinh-969-QD-UBND-2025-cong-bo-thu-tuc-hanh-chinh-luu-thong-hang-hoa-So-Cong-Thuong-Lang-Son-660423.aspx
2025-07-11 09:18:11,671 - INFO - ✅ Đã lấy link: https://thuvienphapluat.vn/van-ban/Bo-may-hanh-chinh/Quyet-dinh-1166-QD-UBND-2025-Quy-che-noi-bo-kiem-tra-phap-luat-nganh-xay-dung-Binh-Duong-660614.aspx
2025-07-11 09:18:11,675 - INFO - ✅ Đã lấy link: https://thuvienphapluat.vn/van-ban/Bo-may-hanh-chinh/Nghi-quyet-05-2025-NQ-HDND-bai-bo-Nghi-quyet-21-2021-NQ-HDND-Ben-Tre-659967.aspx
2025-07-11 09:18:11,679 - INFO - ✅ Đã lấy link: https://thuvienphapluat.vn/van-ban/Bo-may-hanh-chinh/Quyet-dinh-805-QD-UBND-2025-cong-bo-thu-tuc-hanh-chinh-chat-luong-nong-san-So-Nong-nghiep-Ca-Mau-661162.aspx
2025-07-11 09:18:11,682 - INFO - ✅ Đã lấy link: https://thuvienphapluat.vn/van-ban/Bo-may-hanh-chinh/Quyet-dinh-804-QD-UBND-2025-cong-bo-thu-tuc-hanh-chinh-Giao-duc-Dao-tao-So-Giao-duc-Ca-Mau-661168.aspx
2025-07-11 09:18:11,686 - INFO - ✅ Đã lấy link: https://thuvienphapluat.vn/van-ban/Bo-may-hanh-chinh/Quyet-dinh-863-QD-UBND-2025-cong-bo-thu-tuc-hanh-chinh-dia-chat-khoang-san-cap-tinh-Lam-Dong-661523.aspx
2025-07-11 09:18:11,689 - INFO - ✅ Đã lấy link: https://thuvienphapluat.vn/van-ban/Bo-may-hanh-chinh/Quyet-dinh-789-QD-UBND-2025-cong-bo-thu-tuc-hanh-chinh-tai-chinh-y-te-So-Y-te-Vinh-Phuc-656484.aspx
2025-07-11 09:18:11,689 - INFO - ➡️ Đang truy cập: https://thuvienphapluat.vn/page/searchlegal.aspx?keyword=&area=0&match=True&type=0&status=1&signer=0&sort=1&lan=1&scan=0&org=0&fields=15&chlbg=09/07/1945&chlend=09/07/2035&page=127
2025-07-11 09:18:12,318 - INFO - 🤖 CAPTCHA OCR: 818287
2025-07-11 09:18:18,119 - INFO - 🧭 Tiêu đề trang: Tra cứu Văn Bản Pháp Luật
2025-07-11 09:18:18,135 - INFO - ✅ Đã lấy link: https://thuvienphapluat.vn/van-ban/Bo-may-hanh-chinh/Quyet-dinh-788-QD-CT-2025-cong-bo-thu-tuc-hanh-chinh-quan-ly-cong-san-So-Tai-chinh-Vinh-Phuc-656482.aspx
2025-07-11 09:18:18,138 - INFO - ✅ Đã lấy link: https://thuvienphapluat.vn/van-ban/Bo-may-hanh-chinh/Quyet-dinh-787-QD-UBND-2025-Quy-trinh-thu-tuc-hanh-chinh-linh-vuc-van-hoa-So-Van-hoa-Vinh-Phuc-656388.aspx
2025-07-11 09:18:18,142 - INFO - ✅ Đã lấy link: https://thuvienphapluat.vn/van-ban/Bo-may-hanh-chinh/Quyet-dinh-785-QD-CT-2025-cong-bo-thu-tuc-hanh-chinh-du-lieu-tai-nguyen-So-Nong-nghiep-Vinh-Phuc-656483.aspx
2025-07-11 09:18:18,146 - INFO - ✅ Đã lấy link: https://thuvienphapluat.vn/van-ban/Bat-dong-san/Quyet-dinh-781-QD-CT-2025-cong-bo-thu-tuc-hanh-chinh-linh-vuc-dat-dai-So-Nong-nghiep-Vinh-Phuc-656304.aspx
2025-07-11 09:18:18,150 - INFO - ✅ Đã lấy link: https://thuvienphapluat.vn/van-ban/Bo-may-hanh-chinh/Quyet-dinh-780-QD-CT-2025-cong-bo-thu-tuc-hanh-chinh-Tai-nguyen-nuoc-So-Nong-nghiep-Vinh-Phuc-656303.aspx
2025-07-11 09:18:18,153 - INFO - ✅ Đã lấy link: https://thuvienphapluat.vn/van-ban/Bo-may-hanh-chinh/Quyet-dinh-779-QD-CT-2025-cong-bo-thu-tuc-hanh-chinh-linh-vuc-dia-chat-So-Nong-nghiep-Vinh-Phuc-656770.aspx
2025-07-11 09:18:18,157 - INFO - ✅ Đã lấy link: https://thuvienphapluat.vn/van-ban/Bo-may-hanh-chinh/Quyet-dinh-778-QD-CT-2025-Quy-trinh-thu-tuc-hanh-chinh-tiep-nhan-bo-phan-mot-cua-Uy-ban-huyen-Vinh-Phuc-656711.aspx
2025-07-11 09:18:18,161 - INFO - ✅ Đã lấy link: https://thuvienphapluat.vn/van-ban/Bo-may-hanh-chinh/Quyet-dinh-830-QD-UBND-2025-quy-trinh-thu-tuc-hanh-chinh-linh-vuc-dien-luc-So-Cong-Thuong-Dien-Bien-655735.aspx
2025-07-11 09:18:18,165 - INFO - ✅ Đã lấy link: https://thuvienphapluat.vn/van-ban/Bo-may-hanh-chinh/Quyet-dinh-738-QD-UBND-2025-Quy-trinh-thu-tuc-hanh-chinh-Nguoi-co-cong-So-Noi-vu-Lai-Chau-655682.aspx
2025-07-11 09:18:18,168 - INFO - ✅ Đã lấy link: https://thuvienphapluat.vn/van-ban/Lao-dong-Tien-luong/Quyet-dinh-826-QD-UBND-2025-cong-bo-thu-tuc-hanh-chinh-linh-vuc-lao-dong-So-Noi-vu-Dien-Bien-655582.aspx
2025-07-11 09:18:18,172 - INFO - ✅ Đã lấy link: https://thuvienphapluat.vn/van-ban/Bo-may-hanh-chinh/Quyet-dinh-829-QD-UBND-2025-cong-bo-thu-tuc-hanh-chinh-kinh-te-hop-tac-So-Nong-nghiep-Dien-Bien-655581.aspx
2025-07-11 09:18:18,175 - INFO - ✅ Đã lấy link: https://thuvienphapluat.vn/van-ban/Bo-may-hanh-chinh/Quyet-dinh-1112-QD-UBND-2025-cong-bo-thu-tuc-hanh-chinh-Kinh-te-hop-tac-So-Nong-nghiep-Khanh-Hoa-655528.aspx
2025-07-11 09:18:18,179 - INFO - ✅ Đã lấy link: https://thuvienphapluat.vn/van-ban/Bo-may-hanh-chinh/Quyet-dinh-741-QD-UBND-2025-cong-bo-thu-tuc-hanh-chinh-sua-doi-So-Xay-dung-Lai-Chau-655527.aspx
2025-07-11 09:18:18,183 - INFO - ✅ Đã lấy link: https://thuvienphapluat.vn/van-ban/Bo-may-hanh-chinh/Quyet-dinh-1118-QD-UBND-2025-cong-bo-thu-tuc-hanh-chinh-linh-vuc-Thi-dua-Uy-ban-huyen-Khanh-Hoa-655526.aspx
2025-07-11 09:18:18,186 - INFO - ✅ Đã lấy link: https://thuvienphapluat.vn/van-ban/Bo-may-hanh-chinh/Quyet-dinh-1113-QD-UBND-2025-cong-bo-thu-tuc-hanh-chinh-Y-te-du-phong-So-Y-te-Khanh-Hoa-655525.aspx
2025-07-11 09:18:18,190 - INFO - ✅ Đã lấy link: https://thuvienphapluat.vn/van-ban/Bo-may-hanh-chinh/Quyet-dinh-29-2025-QD-UBND-phan-cap-giai-quyet-thu-tuc-hanh-chinh-tin-nguong-ton-giao-Dien-Bien-655487.aspx
2025-07-11 09:18:18,195 - INFO - ✅ Đã lấy link: https://thuvienphapluat.vn/van-ban/Bo-may-hanh-chinh/Nghi-quyet-09-2025-NQ-HDND-bai-bo-Nghi-quyet-02-2025-NQ-HDND-Da-Nang-655477.aspx
2025-07-11 09:18:18,199 - INFO - ✅ Đã lấy link: https://thuvienphapluat.vn/van-ban/Bo-may-hanh-chinh/Quyet-dinh-497-QD-BXD-2025-cong-bo-danh-muc-thu-tuc-hanh-chinh-noi-bo-655314.aspx
2025-07-11 09:18:18,203 - INFO - ✅ Đã lấy link: https://thuvienphapluat.vn/van-ban/Bo-may-hanh-chinh/Nghi-dinh-93-2025-ND-CP-sua-doi-Nghi-dinh-19-2020-ND-CP-xu-ly-ky-luat-thi-hanh-xu-ly-vi-pham-hanh-chinh-349132.aspx
2025-07-11 09:18:18,207 - INFO - ✅ Đã lấy link: https://thuvienphapluat.vn/van-ban/Bo-may-hanh-chinh/Quyet-dinh-1957-QD-UBKTTW-2025-cong-tac-thi-dua-khen-thuong-nganh-kiem-tra-Dang-660394.aspx
2025-07-11 09:18:18,207 - INFO - ➡️ Đang truy cập: https://thuvienphapluat.vn/page/searchlegal.aspx?keyword=&area=0&match=True&type=0&status=1&signer=0&sort=1&lan=1&scan=0&org=0&fields=15&chlbg=09/07/1945&chlend=09/07/2035&page=128
2025-07-11 09:18:18,907 - INFO - 🤖 CAPTCHA OCR: 137673
2025-07-11 09:18:24,236 - INFO - 🧭 Tiêu đề trang: Tra cứu Văn Bản Pháp Luật
2025-07-11 09:18:24,251 - INFO - ✅ Đã lấy link: https://thuvienphapluat.vn/van-ban/Bo-may-hanh-chinh/Quyet-dinh-26-2025-QD-UBND-bai-bo-Chi-thi-07-2010-CT-UBND-khai-thac-tu-sach-phap-luat-Ben-Tre-656860.aspx
2025-07-11 09:18:24,255 - INFO - ✅ Đã lấy link: https://thuvienphapluat.vn/van-ban/Bo-may-hanh-chinh/Quyet-dinh-1459-QD-UBND-2025-thu-tuc-hanh-chinh-linh-vuc-Giam-ngheo-So-Nong-nghiep-Binh-Dinh-655607.aspx
2025-07-11 09:18:24,259 - INFO - ✅ Đã lấy link: https://thuvienphapluat.vn/van-ban/Bo-may-hanh-chinh/Quyet-dinh-1458-QD-UBND-2025-cong-bo-thu-tuc-hanh-chinh-Giao-duc-So-Giao-duc-Binh-Dinh-655606.aspx
2025-07-11 09:18:24,263 - INFO - ✅ Đã lấy link: https://thuvienphapluat.vn/van-ban/Bo-may-hanh-chinh/Quyet-dinh-1215-QD-UBND-2025-cong-bo-thu-tuc-hanh-chinh-Giao-duc-Dao-tao-So-Giao-duc-Hue-657450.aspx
2025-07-11 09:18:24,266 - INFO - ✅ Đã lấy link: https://thuvienphapluat.vn/van-ban/Bo-may-hanh-chinh/Quyet-dinh-1213-QD-UBND-2025-cong-bo-thu-tuc-hanh-chinh-sua-doi-Co-quan-So-Xay-dung-Hue-657529.aspx
2025-07-11 09:18:24,270 - INFO - ✅ Đã lấy link: https://thuvienphapluat.vn/van-ban/Dau-tu/Quyet-dinh-1209-QD-UBND-2025-cong-bo-thu-tuc-hanh-chinh-linh-vuc-dau-thau-So-Tai-chinh-Hue-657528.aspx
2025-07-11 09:18:24,274 - INFO - ✅ Đã lấy link: https://thuvienphapluat.vn/van-ban/Bo-may-hanh-chinh/Quyet-dinh-1196-QD-UBND-2025-cong-bo-thu-tuc-hanh-chinh-cong-tac-dan-toc-So-Noi-vu-Hue-657449.aspx
2025-07-11 09:18:24,277 - INFO - ✅ Đã lấy link: https://thuvienphapluat.vn/van-ban/Bo-may-hanh-chinh/Quyet-dinh-1629-QD-UBND-2025-cong-bo-danh-muc-thu-tuc-hanh-chinh-linh-vuc-Thuy-loi-Ho-Chi-Minh-661505.aspx
2025-07-11 09:18:24,281 - INFO - ✅ Đã lấy link: https://thuvienphapluat.vn/van-ban/Bo-may-hanh-chinh/Quyet-dinh-1640-QD-UBND-2025-cong-bo-thu-tuc-hanh-chinh-linh-vuc-Bien-va-Hai-dao-Ho-Chi-Minh-661495.aspx
2025-07-11 09:18:24,284 - INFO - ✅ Đã lấy link: https://thuvienphapluat.vn/van-ban/Bo-may-hanh-chinh/Quyet-dinh-1630-QD-UBND-2025-cong-bo-thu-tuc-hanh-chinh-Kham-chua-benh-So-Y-te-Ho-Chi-Minh-661494.aspx
2025-07-11 09:18:24,288 - INFO - ✅ Đã lấy link: https://thuvienphapluat.vn/van-ban/Bo-may-hanh-chinh/Nghi-quyet-19-NQ-HDND-2025-chu-truong-sap-xep-don-vi-hanh-chinh-cap-xa-Phu-Yen-661400.aspx
2025-07-11 09:18:24,292 - INFO - ✅ Đã lấy link: https://thuvienphapluat.vn/van-ban/Bo-may-hanh-chinh/Quyet-dinh-1641-QD-UBND-2025-cong-bo-thu-tuc-hanh-chinh-chinh-linh-vuc-Moi-truong-Ho-Chi-Minh-661504.aspx
2025-07-11 09:18:24,296 - INFO - ✅ Đã lấy link: https://thuvienphapluat.vn/van-ban/Bo-may-hanh-chinh/Quyet-dinh-1201-QD-UBND-2025-cong-bo-Danh-muc-thu-tuc-hanh-chinh-So-Noi-vu-Kien-Giang-658245.aspx
2025-07-11 09:18:24,299 - INFO - ✅ Đã lấy link: https://thuvienphapluat.vn/van-ban/Bo-may-hanh-chinh/Quyet-dinh-1214-QD-UBND-2025-cong-bo-thu-tuc-hanh-chinh-linh-vuc-thuy-loi-So-Nong-nghiep-Hue-657085.aspx
2025-07-11 09:18:24,303 - INFO - ✅ Đã lấy link: https://thuvienphapluat.vn/van-ban/Dau-tu/Quyet-dinh-1114-QD-UBND-2025-quy-trinh-thu-tuc-hanh-chinh-dau-tu-Quan-ly-Van-Phong-Khanh-Hoa-656405.aspx
2025-07-11 09:18:24,307 - INFO - ✅ Đã lấy link: https://thuvienphapluat.vn/van-ban/Bo-may-hanh-chinh/Quyet-dinh-1200-QD-UBND-2025-quy-trinh-thu-tuc-hanh-chinh-Bao-ton-thien-nhien-Uy-ban-xa-Hue-657980.aspx
2025-07-11 09:18:24,310 - INFO - ✅ Đã lấy link: https://thuvienphapluat.vn/van-ban/Bo-may-hanh-chinh/Quyet-dinh-1271-QD-UBND-2025-cong-bo-thu-tuc-hanh-chinh-linh-vuc-Thuy-san-Uy-ban-huyen-Ben-Tre-658628.aspx
2025-07-11 09:18:24,314 - INFO - ✅ Đã lấy link: https://thuvienphapluat.vn/van-ban/Bo-may-hanh-chinh/Quyet-dinh-1269-QD-UBND-2025-phuong-an-don-gian-hoa-thu-tuc-hanh-chinh-linh-vuc-van-hoa-Ben-Tre-658645.aspx
2025-07-11 09:18:24,318 - INFO - ✅ Đã lấy link: https://thuvienphapluat.vn/van-ban/Bo-may-hanh-chinh/Quyet-dinh-1266-QD-UBND-2025-cong-bo-thu-tuc-hanh-chinh-Kinh-te-hop-tac-So-Nong-nghiep-Ben-Tre-658623.aspx
2025-07-11 09:18:24,321 - INFO - ✅ Đã lấy link: https://thuvienphapluat.vn/van-ban/Bo-may-hanh-chinh/Quyet-dinh-1268-QD-UBND-2025-cong-bo-thu-tuc-hanh-chinh-bao-tro-xa-hoi-Uy-ban-xa-Ben-Tre-658955.aspx
2025-07-11 09:18:24,321 - INFO - ➡️ Đang truy cập: https://thuvienphapluat.vn/page/searchlegal.aspx?keyword=&area=0&match=True&type=0&status=1&signer=0&sort=1&lan=1&scan=0&org=0&fields=15&chlbg=09/07/1945&chlend=09/07/2035&page=129
2025-07-11 09:18:24,947 - INFO - 🤖 CAPTCHA OCR: 363487
2025-07-11 09:18:30,751 - INFO - 🧭 Tiêu đề trang: Tra cứu Văn Bản Pháp Luật
2025-07-11 09:18:30,767 - INFO - ✅ Đã lấy link: https://thuvienphapluat.vn/van-ban/Bo-may-hanh-chinh/Quyet-dinh-1267-QD-UBND-2025-quy-trinh-thu-tuc-hanh-chinh-tai-nguyen-nuoc-So-Nong-nghiep-Ben-Tre-658626.aspx
2025-07-11 09:18:30,770 - INFO - ✅ Đã lấy link: https://thuvienphapluat.vn/van-ban/Bo-may-hanh-chinh/Quyet-dinh-1349-QD-UBND-2025-bai-bo-Quyet-dinh-1928-QD-UBND-Da-Nang-663310.aspx
2025-07-11 09:18:30,774 - INFO - ✅ Đã lấy link: https://thuvienphapluat.vn/van-ban/Bo-may-hanh-chinh/Nghi-quyet-22-NQ-HDND-2025-Danh-muc-dich-vu-su-nghiep-cong-linh-vuc-tai-nguyen-Da-Nang-658299.aspx
2025-07-11 09:18:30,778 - INFO - ✅ Đã lấy link: https://thuvienphapluat.vn/van-ban/Bo-may-hanh-chinh/Quyet-dinh-1056-QD-UBND-2025-cong-bo-Danh-muc-thu-tuc-hanh-chinh-So-Noi-vu-Can-Tho-664091.aspx
2025-07-11 09:18:30,782 - INFO - ✅ Đã lấy link: https://thuvienphapluat.vn/van-ban/Bo-may-hanh-chinh/Nghi-quyet-30-NQ-HDND-2025-tan-thanh-chu-truong-sap-xep-don-vi-hanh-chinh-cap-xa-Da-Nang-659086.aspx
2025-07-11 09:18:30,786 - INFO - ✅ Đã lấy link: https://thuvienphapluat.vn/van-ban/Bo-may-hanh-chinh/Nghi-quyet-27-NQ-HDND-2025-thanh-lap-So-Van-hoa-The-thao-va-Du-lich-Da-Nang-659085.aspx
2025-07-11 09:18:30,790 - INFO - ✅ Đã lấy link: https://thuvienphapluat.vn/van-ban/Bo-may-hanh-chinh/Nghi-quyet-31-NQ-HDND-2025-tan-thanh-chu-truong-sap-xep-don-vi-hanh-chinh-cap-tinh-Da-Nang-659087.aspx
2025-07-11 09:18:30,794 - INFO - ✅ Đã lấy link: https://thuvienphapluat.vn/van-ban/Bo-may-hanh-chinh/Quyet-dinh-1058-QD-UBND-2025-cong-bo-Danh-muc-thu-tuc-hanh-chinh-So-Noi-vu-Can-Tho-664093.aspx
2025-07-11 09:18:30,798 - INFO - ✅ Đã lấy link: https://thuvienphapluat.vn/van-ban/Bo-may-hanh-chinh/Quyet-dinh-1057-QD-UBND-2025-cong-bo-Danh-muc-thu-tuc-hanh-chinh-So-Noi-vu-Can-Tho-664092.aspx
2025-07-11 09:18:30,802 - INFO - ✅ Đã lấy link: https://thuvienphapluat.vn/van-ban/Bo-may-hanh-chinh/Nghi-quyet-20-NQ-HDND-2025-chu-truong-hop-nhat-tinh-Dak-Lak-va-tinh-Phu-Yen-664280.aspx
2025-07-11 09:18:30,807 - INFO - ✅ Đã lấy link: https://thuvienphapluat.vn/van-ban/Bo-may-hanh-chinh/Quyet-dinh-625-QD-UBND-2025-cong-bo-thu-tuc-hanh-chinh-khoa-hoc-cong-nghe-So-Khoa-hoc-Bac-Giang-659425.aspx
2025-07-11 09:18:30,812 - INFO - ✅ Đã lấy link: https://thuvienphapluat.vn/van-ban/Bo-may-hanh-chinh/Nghi-quyet-93-2025-NQ-HDND-bai-bo-Nghi-quyet-34-2011-NQ-HDND-Quang-Binh-655372.aspx
2025-07-11 09:18:30,817 - INFO - ✅ Đã lấy link: https://thuvienphapluat.vn/van-ban/Bo-may-hanh-chinh/Quyet-dinh-897-QD-UBND-2025-cong-bo-thu-tuc-hanh-chinh-linh-vuc-khen-thuong-Uy-ban-xa-Phu-Tho-655499.aspx
2025-07-11 09:18:30,821 - INFO - ✅ Đã lấy link: https://thuvienphapluat.vn/van-ban/Bo-may-hanh-chinh/Quyet-dinh-898-QD-UBND-2025-cong-bo-thu-tuc-hanh-chinh-linh-vuc-Chan-nuoi-cap-tinh-Phu-Tho-655498.aspx
2025-07-11 09:18:30,826 - INFO - ✅ Đã lấy link: https://thuvienphapluat.vn/van-ban/Bo-may-hanh-chinh/Quyet-dinh-899-QD-UBND-2025-cong-bo-thu-tuc-hanh-chinh-Kinh-te-hop-tac-cap-tinh-Phu-Tho-655497.aspx
2025-07-11 09:18:30,830 - INFO - ✅ Đã lấy link: https://thuvienphapluat.vn/van-ban/Bo-may-hanh-chinh/Quyet-dinh-1454-QD-UBND-2025-cong-bo-thu-tuc-hanh-chinh-Thuy-san-So-Nong-nghiep-Binh-Dinh-655749.aspx
2025-07-11 09:18:30,835 - INFO - ✅ Đã lấy link: https://thuvienphapluat.vn/van-ban/Dau-tu/Quyet-dinh-1455-QD-UBND-2025-cong-bo-thu-tuc-hanh-chinh-Dau-thau-So-Tai-chinh-Binh-Dinh-655748.aspx
2025-07-11 09:18:30,839 - INFO - ✅ Đã lấy link: https://thuvienphapluat.vn/van-ban/Cong-nghe-thong-tin/Chi-thi-03-CT-UBND-2025-phat-huy-tinh-than-sang-tao-doi-ngu-can-bo-phat-trien-khoa-hoc-Hung-Yen-655613.aspx
2025-07-11 09:18:30,843 - INFO - ✅ Đã lấy link: https://thuvienphapluat.vn/van-ban/Bo-may-hanh-chinh/Quyet-dinh-934-QD-UBND-2025-bai-bo-toan-bo-Quyet-dinh-29-2023-QD-UBND-Tra-Vinh-654676.aspx
2025-07-11 09:18:30,846 - INFO - ✅ Đã lấy link: https://thuvienphapluat.vn/van-ban/Bo-may-hanh-chinh/Quyet-dinh-1442-QD-UBND-2025-cong-bo-thu-tuc-hanh-chinh-cong-tac-dan-toc-So-Dan-toc-Binh-Dinh-654683.aspx
2025-07-11 09:18:30,846 - INFO - ➡️ Đang truy cập: https://thuvienphapluat.vn/page/searchlegal.aspx?keyword=&area=0&match=True&type=0&status=1&signer=0&sort=1&lan=1&scan=0&org=0&fields=15&chlbg=09/07/1945&chlend=09/07/2035&page=130
2025-07-11 09:18:31,476 - INFO - 🤖 CAPTCHA OCR: 
2025-07-11 09:18:37,537 - INFO - 🧭 Tiêu đề trang: THƯ VIỆN PHÁP LUẬT _ Tra cứu, Nắm bắt Pháp Luật Việt Nam
2025-07-11 09:18:51,761 - ERROR - ❌ Lỗi tại trang 130: Message: 
Stacktrace:
#0 0x59df43e9c23a <unknown>
#1 0x59df43946ab0 <unknown>
#2 0x59df439986f0 <unknown>
#3 0x59df439988e1 <unknown>
#4 0x59df439e6b94 <unknown>
#5 0x59df439be1cd <unknown>
#6 0x59df439e3fee <unknown>
#7 0x59df439bdf73 <unknown>
#8 0x59df4398aaeb <unknown>
#9 0x59df4398b751 <unknown>
#10 0x59df43e60b4b <unknown>
#11 0x59df43e64929 <unknown>
#12 0x59df43e47929 <unknown>
#13 0x59df43e654e8 <unknown>
#14 0x59df43e2c0df <unknown>
#15 0x59df43e898e8 <unknown>
#16 0x59df43e89ac6 <unknown>
#17 0x59df43e9b556 <unknown>
#18 0x7d0b72e3e609 start_thread

2025-07-11 09:18:51,772 - INFO - ➡️ Đang truy cập: https://thuvienphapluat.vn/page/searchlegal.aspx?keyword=&area=0&match=True&type=0&status=1&signer=0&sort=1&lan=1&scan=0&org=0&fields=15&chlbg=09/07/1945&chlend=09/07/2035&page=131
2025-07-11 09:18:52,466 - INFO - 🤖 CAPTCHA OCR: 561615
2025-07-11 09:18:59,588 - INFO - 🧭 Tiêu đề trang: Tra cứu Văn Bản Pháp Luật
2025-07-11 09:18:59,604 - INFO - ✅ Đã lấy link: https://thuvienphapluat.vn/van-ban/Bo-may-hanh-chinh/Quyet-dinh-887-QD-UBND-2025-cong-bo-thu-tuc-hanh-chinh-noi-bo-So-Khoa-hoc-Yen-Bai-654472.aspx
2025-07-11 09:18:59,607 - INFO - ✅ Đã lấy link: https://thuvienphapluat.vn/van-ban/Bo-may-hanh-chinh/Quyet-dinh-886-QD-UBND-2025-cong-bo-thu-tuc-phat-trien-kinh-te-thieu-so-So-Dan-toc-Yen-Bai-654471.aspx
2025-07-11 09:18:59,611 - INFO - ✅ Đã lấy link: https://thuvienphapluat.vn/van-ban/Bo-may-hanh-chinh/Quyet-dinh-881-QD-UBND-2025-cong-bo-thu-tuc-hanh-chinh-linh-vuc-thuy-loi-So-Nong-nghiep-Yen-Bai-654462.aspx
2025-07-11 09:18:59,614 - INFO - ✅ Đã lấy link: https://thuvienphapluat.vn/van-ban/Bo-may-hanh-chinh/Quyet-dinh-634-QD-UBND-2025-cong-bo-thu-tuc-hanh-chinh-quan-ly-cong-san-So-Tai-chinh-Quang-Ngai-654593.aspx
2025-07-11 09:18:59,618 - INFO - ✅ Đã lấy link: https://thuvienphapluat.vn/van-ban/Bo-may-hanh-chinh/Quyet-dinh-467-QD-UBND-2025-phuong-an-don-gian-hoa-thu-tuc-hanh-chinh-So-Noi-vu-Ninh-Binh-654850.aspx
2025-07-11 09:18:59,622 - INFO - ✅ Đã lấy link: https://thuvienphapluat.vn/van-ban/Bo-may-hanh-chinh/Quyet-dinh-466-QD-UBND-2025-phuong-an-don-gian-hoa-thu-tuc-hanh-chinh-So-Nong-nghiep-Ninh-Binh-654849.aspx
2025-07-11 09:18:59,626 - INFO - ✅ Đã lấy link: https://thuvienphapluat.vn/van-ban/Lao-dong-Tien-luong/Quyet-dinh-534-QD-UBND-2025-cong-bo-thu-tuc-hanh-chinh-lao-dong-tien-luong-So-Noi-vu-Cao-Bang-654497.aspx
2025-07-11 09:18:59,629 - INFO - ✅ Đã lấy link: https://thuvienphapluat.vn/van-ban/Bo-may-hanh-chinh/Quyet-dinh-1308-QD-UBND-2025-cong-bo-thu-tuc-hanh-chinh-Tin-nguong-ton-giao-Uy-ban-tinh-Quang-Binh-654469.aspx
2025-07-11 09:18:59,632 - INFO - ✅ Đã lấy link: https://thuvienphapluat.vn/van-ban/Lao-dong-Tien-luong/Quyet-dinh-1309-QD-UBND-2025-cong-bo-thu-tuc-hanh-chinh-lao-dong-nuoc-ngoai-So-Noi-vu-Quang-Binh-654468.aspx
2025-07-11 09:18:59,636 - INFO - ✅ Đã lấy link: https://thuvienphapluat.vn/van-ban/Lao-dong-Tien-luong/Quyet-dinh-1310-QD-UBND-2025-cong-bo-thu-tuc-hanh-chinh-linh-vuc-Lao-dong-So-Noi-vu-Quang-Binh-654470.aspx
2025-07-11 09:18:59,640 - INFO - ✅ Đã lấy link: https://thuvienphapluat.vn/van-ban/Bo-may-hanh-chinh/Quyet-dinh-1285-QD-UBND-2025-cong-bo-thu-tuc-hanh-chinh-linh-vuc-Thiet-bi-y-te-Hai-Phong-654821.aspx
2025-07-11 09:18:59,643 - INFO - ✅ Đã lấy link: https://thuvienphapluat.vn/van-ban/Bo-may-hanh-chinh/Quyet-dinh-1195-QD-UBND-2025-cong-bo-thu-tuc-hanh-chinh-thiet-bi-y-te-So-Y-te-Nam-Dinh-654594.aspx
2025-07-11 09:18:59,647 - INFO - ✅ Đã lấy link: https://thuvienphapluat.vn/van-ban/Bo-may-hanh-chinh/Quyet-dinh-1863-QD-NHNN-2025-cong-bo-thu-tuc-hanh-chinh-sua-doi-do-thay-doi-co-cau-to-chuc-658621.aspx
2025-07-11 09:18:59,650 - INFO - ✅ Đã lấy link: https://thuvienphapluat.vn/van-ban/Bo-may-hanh-chinh/Quyet-dinh-896-QD-UBND-2025-cong-bo-thu-tuc-hanh-chinh-Thuy-loi-cac-cap-chinh-quyen-Phu-Tho-655500.aspx
2025-07-11 09:18:59,654 - INFO - ✅ Đã lấy link: https://thuvienphapluat.vn/van-ban/Bo-may-hanh-chinh/Quyet-dinh-24-2025-QD-UBND-bai-bo-Quyet-dinh-2160-2012-QD-UBND-Bac-Kan-654562.aspx
2025-07-11 09:18:59,658 - INFO - ✅ Đã lấy link: https://thuvienphapluat.vn/van-ban/Thuong-mai/Quyet-dinh-533-QD-UBND-2025-thu-tuc-hanh-chinh-luu-thong-hang-hoa-So-Cong-Thuong-Cao-Bang-656188.aspx
2025-07-11 09:18:59,661 - INFO - ✅ Đã lấy link: https://thuvienphapluat.vn/van-ban/Bo-may-hanh-chinh/Quyet-dinh-891-QD-UBND-2025-cong-bo-thu-tuc-hanh-chinh-giao-duc-dao-tao-So-Giao-duc-Yen-Bai-658534.aspx
2025-07-11 09:18:59,665 - INFO - ✅ Đã lấy link: https://thuvienphapluat.vn/van-ban/Bo-may-hanh-chinh/Nghi-quyet-211-NQ-HDND-2025-tan-thanh-chu-truong-nhap-cac-tinh-Ben-Tre-Tra-Vinh-Vinh-Long-656474.aspx
2025-07-11 09:18:59,668 - INFO - ✅ Đã lấy link: https://thuvienphapluat.vn/van-ban/Bo-may-hanh-chinh/Nghi-quyet-210-NQ-HDND-2025-tan-thanh-chu-truong-nhap-don-vi-hanh-chinh-cap-xa-Vinh-Long-656470.aspx
2025-07-11 09:18:59,672 - INFO - ✅ Đã lấy link: https://thuvienphapluat.vn/van-ban/Bo-may-hanh-chinh/Quyet-dinh-964-QD-UBND-2025-quy-trinh-thu-tuc-hanh-chinh-linh-vuc-Dien-luc-So-Cong-Thuong-Hung-Yen-656027.aspx
2025-07-11 09:18:59,672 - INFO - ➡️ Đang truy cập: https://thuvienphapluat.vn/page/searchlegal.aspx?keyword=&area=0&match=True&type=0&status=1&signer=0&sort=1&lan=1&scan=0&org=0&fields=15&chlbg=09/07/1945&chlend=09/07/2035&page=132
2025-07-11 09:19:00,293 - INFO - 🤖 CAPTCHA OCR: 767376
2025-07-11 09:19:06,688 - INFO - 🧭 Tiêu đề trang: Tra cứu Văn Bản Pháp Luật
2025-07-11 09:19:06,704 - INFO - ✅ Đã lấy link: https://thuvienphapluat.vn/van-ban/Bo-may-hanh-chinh/Nghi-quyet-04-2025-NQ-HDND-sua-doi-Nghi-quyet-18-2021-NQ-HDND-Vinh-Long-655416.aspx
2025-07-11 09:19:06,707 - INFO - ✅ Đã lấy link: https://thuvienphapluat.vn/van-ban/Bo-may-hanh-chinh/Nghi-quyet-579-NQ-HDND-2025-tan-thanh-chu-truong-sap-xep-don-vi-hanh-chinh-cap-xa-Hung-Yen-655783.aspx
2025-07-11 09:19:06,711 - INFO - ✅ Đã lấy link: https://thuvienphapluat.vn/van-ban/Bo-may-hanh-chinh/Nghi-quyet-578-NQ-HDND-2025-tan-thanh-chu-truong-sap-xep-Thai-Binh-Hung-Yen-655781.aspx
2025-07-11 09:19:06,715 - INFO - ✅ Đã lấy link: https://thuvienphapluat.vn/van-ban/Bo-may-hanh-chinh/Nghi-quyet-556-NQ-HDND-2025-tan-thanh-chu-truong-sap-xep-don-vi-hanh-chinh-cap-xa-Bac-Ninh-660222.aspx
2025-07-11 09:19:06,718 - INFO - ✅ Đã lấy link: https://thuvienphapluat.vn/van-ban/Bo-may-hanh-chinh/Quyet-dinh-892-QD-UBND-2025-cong-bo-thu-tuc-hanh-chinh-linh-vuc-moi-truong-So-Nong-nghiep-Yen-Bai-658533.aspx
2025-07-11 09:19:06,722 - INFO - ✅ Đã lấy link: https://thuvienphapluat.vn/van-ban/Bo-may-hanh-chinh/Nghi-quyet-26-NQ-HDND-2025-thong-qua-chu-truong-sap-xep-don-vi-hanh-chinh-cap-xa-Dak-Lak-656498.aspx
2025-07-11 09:19:06,726 - INFO - ✅ Đã lấy link: https://thuvienphapluat.vn/van-ban/Bo-may-hanh-chinh/Nghi-quyet-555-NQ-HDND-2025-tan-thanh-chu-truong-sap-xep-don-vi-hanh-chinh-Bac-Giang-Bac-Ninh-660110.aspx
2025-07-11 09:19:06,729 - INFO - ✅ Đã lấy link: https://thuvienphapluat.vn/van-ban/Bo-may-hanh-chinh/Quyet-dinh-888-QD-UBND-2025-cong-bo-thu-tuc-hanh-chinh-Quy-hoach-So-Xay-dung-Yen-Bai-654461.aspx
2025-07-11 09:19:06,733 - INFO - ✅ Đã lấy link: https://thuvienphapluat.vn/van-ban/Lao-dong-Tien-luong/Quyet-dinh-957-QD-UBND-2025-cong-bo-thu-tuc-hanh-chinh-linh-vuc-viec-lam-So-Noi-vu-Lang-Son-660416.aspx
2025-07-11 09:19:06,739 - INFO - ✅ Đã lấy link: https://thuvienphapluat.vn/van-ban/Doanh-nghiep/Quyet-dinh-956-QD-UBND-2025-thu-tuc-hanh-chinh-Tai-chinh-doanh-nghiep-So-Tai-chinh-Lang-Son-660413.aspx
2025-07-11 09:19:06,742 - INFO - ✅ Đã lấy link: https://thuvienphapluat.vn/van-ban/Bo-may-hanh-chinh/Nghi-quyet-11-NQ-HDND-2025-chu-truong-hop-nhat-Soc-Trang-Hau-Giang-Can-Tho-660434.aspx
2025-07-11 09:19:06,746 - INFO - ✅ Đã lấy link: https://thuvienphapluat.vn/van-ban/Bo-may-hanh-chinh/Quyet-dinh-958-QD-UBND-2025-cong-bo-thu-tuc-hanh-chinh-quan-ly-gia-So-Tai-chinh-Lang-Son-660419.aspx
2025-07-11 09:19:06,749 - INFO - ✅ Đã lấy link: https://thuvienphapluat.vn/van-ban/Bo-may-hanh-chinh/Quyet-dinh-28-2025-QD-UBND-bai-bo-toan-bo-Quyet-dinh-19-2016-QD-UBND-Dien-Bien-655415.aspx
2025-07-11 09:19:06,753 - INFO - ✅ Đã lấy link: https://thuvienphapluat.vn/van-ban/Dau-tu/Quyet-dinh-959-QD-UBND-2025-cong-bo-thu-tuc-hanh-chinh-tai-chinh-dau-tu-So-Tai-chinh-Lang-Son-660421.aspx
2025-07-11 09:19:06,757 - INFO - ✅ Đã lấy link: https://thuvienphapluat.vn/van-ban/Bo-may-hanh-chinh/Quyet-dinh-803-QD-UBND-2025-cong-bo-thu-tuc-hanh-chinh-linh-vuc-trong-trot-So-Nong-nghiep-Ca-Mau-661180.aspx
2025-07-11 09:19:06,760 - INFO - ✅ Đã lấy link: https://thuvienphapluat.vn/van-ban/Bo-may-hanh-chinh/Quyet-dinh-799-QD-UBND-2025-cong-bo-thu-tuc-hanh-chinh-Thi-dua-khen-thuong-Uy-ban-tinh-Ca-Mau-661190.aspx
2025-07-11 09:19:06,764 - INFO - ✅ Đã lấy link: https://thuvienphapluat.vn/van-ban/Bo-may-hanh-chinh/Quyet-dinh-798-QD-UBND-2025-cong-bo-thu-tuc-hanh-chinh-chinh-quyen-dia-phuong-Uy-ban-tinh-Ca-Mau-661191.aspx
2025-07-11 09:19:06,768 - INFO - ✅ Đã lấy link: https://thuvienphapluat.vn/van-ban/Bo-may-hanh-chinh/Nghi-quyet-12-NQ-HDND-2025-chu-truong-sap-xep-don-vi-hanh-chinh-cap-xa-Can-Tho-661303.aspx
2025-07-11 09:19:06,772 - INFO - ✅ Đã lấy link: https://thuvienphapluat.vn/van-ban/Bo-may-hanh-chinh/Quyet-dinh-48-2025-QD-UBND-dinh-muc-kinh-te-dich-vu-cong-chinh-ly-tai-lieu-luu-tru-nen-giay-Vung-Tau-656112.aspx
2025-07-11 09:19:06,775 - INFO - ✅ Đã lấy link: https://thuvienphapluat.vn/van-ban/Dau-tu/Quyet-dinh-720-QD-UBND-2025-cong-bo-thu-tuc-hanh-chinh-linh-vuc-dau-tu-So-Tai-chinh-Bac-Ninh-655639.aspx
2025-07-11 09:19:06,775 - INFO - ➡️ Đang truy cập: https://thuvienphapluat.vn/page/searchlegal.aspx?keyword=&area=0&match=True&type=0&status=1&signer=0&sort=1&lan=1&scan=0&org=0&fields=15&chlbg=09/07/1945&chlend=09/07/2035&page=133
2025-07-11 09:19:07,413 - INFO - 🤖 CAPTCHA OCR: 458672
2025-07-11 09:19:13,379 - INFO - 🧭 Tiêu đề trang: Tra cứu Văn Bản Pháp Luật
2025-07-11 09:19:13,394 - INFO - ✅ Đã lấy link: https://thuvienphapluat.vn/van-ban/Bo-may-hanh-chinh/Quyet-dinh-819-QD-UBND-2025-cong-bo-thu-tuc-hanh-chinh-Thi-dua-khen-thuong-So-Noi-vu-Dien-Bien-655583.aspx
2025-07-11 09:19:13,398 - INFO - ✅ Đã lấy link: https://thuvienphapluat.vn/van-ban/Bo-may-hanh-chinh/Quyet-dinh-1111-QD-UBND-2025-quy-trinh-thu-tuc-hanh-chinh-Giao-duc-nghe-nghiep-So-Giao-duc-Khanh-Hoa-655524.aspx
2025-07-11 09:19:13,401 - INFO - ✅ Đã lấy link: https://thuvienphapluat.vn/van-ban/Bo-may-hanh-chinh/Quyet-dinh-4484-QD-UBND-2025-cong-bo-thu-tuc-hanh-chinh-noi-bo-So-Tai-chinh-Long-An-660818.aspx
2025-07-11 09:19:13,405 - INFO - ✅ Đã lấy link: https://thuvienphapluat.vn/van-ban/Bo-may-hanh-chinh/Quyet-dinh-4483-QD-UBND-2025-cong-bo-thu-tuc-hanh-chinh-linh-vuc-do-dac-So-Nong-nghiep-Long-An-660816.aspx
2025-07-11 09:19:13,409 - INFO - ✅ Đã lấy link: https://thuvienphapluat.vn/van-ban/Bo-may-hanh-chinh/Nghi-dinh-92-2025-ND-CP-che-do-chinh-sach-doi-voi-chuyen-gia-cao-cap-654655.aspx
2025-07-11 09:19:13,412 - INFO - ✅ Đã lấy link: https://thuvienphapluat.vn/van-ban/Bo-may-hanh-chinh/Quyet-dinh-1334-QD-UBND-2025-quy-trinh-thu-tuc-hanh-chinh-linh-vuc-ton-giao-So-Dan-toc-Dong-Nai-661876.aspx
2025-07-11 09:19:13,416 - INFO - ✅ Đã lấy link: https://thuvienphapluat.vn/van-ban/Bo-may-hanh-chinh/Quyet-dinh-1325-QD-UBND-2025-cong-bo-thu-tuc-hanh-chinh-Thuy-san-nganh-Nong-nghiep-Dong-Nai-661874.aspx
2025-07-11 09:19:13,419 - INFO - ✅ Đã lấy link: https://thuvienphapluat.vn/van-ban/Bo-may-hanh-chinh/Quyet-dinh-797-QD-UBND-2025-cong-bo-thu-tuc-hanh-chinh-to-chuc-bien-che-Uy-ban-tinh-Ca-Mau-661192.aspx
2025-07-11 09:19:13,423 - INFO - ✅ Đã lấy link: https://thuvienphapluat.vn/van-ban/Bo-may-hanh-chinh/Quyet-dinh-802-QD-UBND-2025-cong-bo-thu-tuc-hanh-chinh-linh-vuc-moi-truong-Uy-ban-tinh-Ca-Mau-661187.aspx
2025-07-11 09:19:13,427 - INFO - ✅ Đã lấy link: https://thuvienphapluat.vn/van-ban/Bo-may-hanh-chinh/Quyet-dinh-1333-QD-UBND-2025-quy-trinh-thu-tuc-hanh-chinh-Bao-ton-thien-nhien-Uy-ban-xa-Dong-Nai-661875.aspx
2025-07-11 09:19:13,431 - INFO - ✅ Đã lấy link: https://thuvienphapluat.vn/van-ban/Bo-may-hanh-chinh/Quyet-dinh-1175-QD-UBND-2025-cong-bo-thu-tuc-hanh-chinh-Y-te-du-phong-So-Y-te-Kien-Giang-658244.aspx
2025-07-11 09:19:13,434 - INFO - ✅ Đã lấy link: https://thuvienphapluat.vn/van-ban/Bo-may-hanh-chinh/Quyet-dinh-1608-QD-UBND-2025-cong-bo-Danh-muc-thu-tuc-hanh-chinh-linh-vuc-Thuy-san-Ho-Chi-Minh-661513.aspx
2025-07-11 09:19:13,438 - INFO - ✅ Đã lấy link: https://thuvienphapluat.vn/van-ban/Bo-may-hanh-chinh/Quyet-dinh-554-QD-UBND-2025-cong-bo-thu-tuc-hanh-chinh-tai-nguyen-nuoc-So-Nong-nghiep-Ninh-Thuan-657399.aspx
2025-07-11 09:19:13,442 - INFO - ✅ Đã lấy link: https://thuvienphapluat.vn/van-ban/Bo-may-hanh-chinh/Quyet-dinh-551-QD-UBND-2025-Quy-trinh-thu-tuc-hanh-chinh-Tieu-chuan-Do-luong-So-Khoa-hoc-Ninh-Thuan-657398.aspx
2025-07-11 09:19:13,446 - INFO - ✅ Đã lấy link: https://thuvienphapluat.vn/van-ban/Bo-may-hanh-chinh/Quyet-dinh-550-QD-UBND-2025-Quy-trinh-thu-tuc-hanh-chinh-giao-duc-dao-tao-So-Giao-duc-Ninh-Thuan-657397.aspx
2025-07-11 09:19:13,449 - INFO - ✅ Đã lấy link: https://thuvienphapluat.vn/van-ban/Bo-may-hanh-chinh/Quyet-dinh-1607-QD-UBND-2025-cong-bo-thu-tuc-hanh-chinh-Phat-trien-nong-thon-Ho-Chi-Minh-661492.aspx
2025-07-11 09:19:13,453 - INFO - ✅ Đã lấy link: https://thuvienphapluat.vn/van-ban/Bo-may-hanh-chinh/Quyet-dinh-729-QD-UBND-2025-cong-bo-thu-tuc-hanh-chinh-linh-vuc-Thuy-san-So-Nong-nghiep-Lai-Chau-656370.aspx
2025-07-11 09:19:13,457 - INFO - ✅ Đã lấy link: https://thuvienphapluat.vn/van-ban/Bo-may-hanh-chinh/Nghi-quyet-26-NQ-HDND-2025-thong-nhat-chu-truong-sap-xep-don-vi-hanh-chinh-cap-xa-Hue-657955.aspx
2025-07-11 09:19:13,461 - INFO - ✅ Đã lấy link: https://thuvienphapluat.vn/van-ban/Bo-may-hanh-chinh/Quyet-dinh-1334-QD-BTP-2025-cong-bo-thu-tuc-hanh-chinh-linh-vuc-dang-ky-bien-phap-bao-dam-655706.aspx
2025-07-11 09:19:13,464 - INFO - ✅ Đã lấy link: https://thuvienphapluat.vn/van-ban/Bo-may-hanh-chinh/Quyet-dinh-1192-QD-UBND-2025-cong-bo-thu-tuc-hanh-chinh-nguoi-co-cong-Uy-ban-xa-Hue-657968.aspx
2025-07-11 09:19:13,465 - INFO - ➡️ Đang truy cập: https://thuvienphapluat.vn/page/searchlegal.aspx?keyword=&area=0&match=True&type=0&status=1&signer=0&sort=1&lan=1&scan=0&org=0&fields=15&chlbg=09/07/1945&chlend=09/07/2035&page=134
2025-07-11 09:19:14,130 - INFO - 🤖 CAPTCHA OCR: 
2025-07-11 09:19:20,121 - INFO - 🧭 Tiêu đề trang: THƯ VIỆN PHÁP LUẬT _ Tra cứu, Nắm bắt Pháp Luật Việt Nam
2025-07-11 09:19:34,423 - ERROR - ❌ Lỗi tại trang 134: Message: 
Stacktrace:
#0 0x59df43e9c23a <unknown>
#1 0x59df43946ab0 <unknown>
#2 0x59df439986f0 <unknown>
#3 0x59df439988e1 <unknown>
#4 0x59df439e6b94 <unknown>
#5 0x59df439be1cd <unknown>
#6 0x59df439e3fee <unknown>
#7 0x59df439bdf73 <unknown>
#8 0x59df4398aaeb <unknown>
#9 0x59df4398b751 <unknown>
#10 0x59df43e60b4b <unknown>
#11 0x59df43e64929 <unknown>
#12 0x59df43e47929 <unknown>
#13 0x59df43e654e8 <unknown>
#14 0x59df43e2c0df <unknown>
#15 0x59df43e898e8 <unknown>
#16 0x59df43e89ac6 <unknown>
#17 0x59df43e9b556 <unknown>
#18 0x7d0b72e3e609 start_thread

2025-07-11 09:19:34,434 - INFO - ➡️ Đang truy cập: https://thuvienphapluat.vn/page/searchlegal.aspx?keyword=&area=0&match=True&type=0&status=1&signer=0&sort=1&lan=1&scan=0&org=0&fields=15&chlbg=09/07/1945&chlend=09/07/2035&page=135
2025-07-11 09:19:35,060 - INFO - 🤖 CAPTCHA OCR: 548266
2025-07-11 09:19:40,713 - INFO - 🧭 Tiêu đề trang: Tra cứu Văn Bản Pháp Luật
2025-07-11 09:19:40,728 - INFO - ✅ Đã lấy link: https://thuvienphapluat.vn/van-ban/Bo-may-hanh-chinh/Quyet-dinh-1430-QD-UBND-2025-cong-bo-thu-tuc-hanh-chinh-linh-vuc-Thi-dua-So-Noi-vu-Binh-Dinh-654685.aspx
2025-07-11 09:19:40,732 - INFO - ✅ Đã lấy link: https://thuvienphapluat.vn/van-ban/Bo-may-hanh-chinh/Quyet-dinh-406-QD-UBND-HC-2025-cong-bo-thu-tuc-hanh-chinh-linh-vuc-giao-duc-cap-tinh-Dong-Thap-654675.aspx
2025-07-11 09:19:40,736 - INFO - ✅ Đã lấy link: https://thuvienphapluat.vn/van-ban/Lao-dong-Tien-luong/Quyet-dinh-391-QD-UBND-2025-cong-bo-thu-tuc-hanh-chinh-ve-sinh-lao-dong-So-Noi-vu-Gia-Lai-654160.aspx
2025-07-11 09:19:40,740 - INFO - ✅ Đã lấy link: https://thuvienphapluat.vn/van-ban/Bo-may-hanh-chinh/Quyet-dinh-369-QD-UBND-2025-xay-dung-Nghi-quyet-ho-tro-luu-hoc-sinh-U-dom-xay-Lao-Ninh-Binh-654819.aspx
2025-07-11 09:19:40,743 - INFO - ✅ Đã lấy link: https://thuvienphapluat.vn/van-ban/Bo-may-hanh-chinh/Quyet-dinh-316-QD-UBND-2025-cong-bo-thu-tuc-hanh-chinh-linh-vuc-Tin-nguong-ton-giao-Kon-Tum-654608.aspx
2025-07-11 09:19:40,747 - INFO - ✅ Đã lấy link: https://thuvienphapluat.vn/van-ban/Bo-may-hanh-chinh/Quyet-dinh-168-QD-VP-2025-quy-trinh-thu-tuc-hanh-chinh-Di-san-van-hoa-So-Van-hoa-Tuyen-Quang-654402.aspx
2025-07-11 09:19:40,750 - INFO - ✅ Đã lấy link: https://thuvienphapluat.vn/van-ban/Bo-may-hanh-chinh/Quyet-dinh-64-2025-QD-UBND-chuc-nang-nhiem-vu-Trung-tam-Bao-tri-duong-bo-Ninh-Binh-654708.aspx
2025-07-11 09:19:40,754 - INFO - ✅ Đã lấy link: https://thuvienphapluat.vn/van-ban/Bo-may-hanh-chinh/Quyet-dinh-882-QD-UBND-2025-cong-bo-thu-tuc-hanh-chinh-Thi-dua-khen-thuong-Phu-Tho-654188.aspx
2025-07-11 09:19:40,758 - INFO - ✅ Đã lấy link: https://thuvienphapluat.vn/van-ban/Bo-may-hanh-chinh/Quyet-dinh-63-2025-QD-UBND-nhiem-vu-Trung-tam-Giam-dinh-chat-luong-xay-dung-Ninh-Binh-654707.aspx
2025-07-11 09:19:40,761 - INFO - ✅ Đã lấy link: https://thuvienphapluat.vn/van-ban/Bo-may-hanh-chinh/Quyet-dinh-62-2025-QD-UBND-chuc-nang-nhiem-vu-Vien-Quy-hoach-Xay-dung-Ninh-Binh-654706.aspx
2025-07-11 09:19:40,764 - INFO - ✅ Đã lấy link: https://thuvienphapluat.vn/van-ban/Bo-may-hanh-chinh/Quyet-dinh-61-2025-QD-UBND-chuc-nang-nhiem-vu-Xi-nghiep-ben-xe-khach-So-Xay-dung-Ninh-Binh-654705.aspx
2025-07-11 09:19:40,768 - INFO - ✅ Đã lấy link: https://thuvienphapluat.vn/van-ban/Bo-may-hanh-chinh/Quyet-dinh-33-2025-QD-UBND-chuc-nang-Trung-tam-Phung-duong-Nguoi-co-cong-cach-mang-Da-Nang-654603.aspx
2025-07-11 09:19:40,772 - INFO - ✅ Đã lấy link: https://thuvienphapluat.vn/van-ban/Bo-may-hanh-chinh/Quyet-dinh-29-2025-QD-UBND-bai-bo-Quyet-dinh-26-2016-QD-UBND-Bac-Ninh-654324.aspx
2025-07-11 09:19:40,775 - INFO - ✅ Đã lấy link: https://thuvienphapluat.vn/van-ban/Bo-may-hanh-chinh/Quyet-dinh-1422-QD-UBND-2025-cat-giam-thoi-gian-giai-quyet-thu-thu-tuc-hanh-chinh-Binh-Dinh-654682.aspx
2025-07-11 09:19:40,779 - INFO - ✅ Đã lấy link: https://thuvienphapluat.vn/van-ban/Bat-dong-san/Quyet-dinh-1119-QD-UBND-2025-cong-bo-thu-tuc-hanh-chinh-linh-vuc-dat-dai-So-Nong-nghiep-Nam-Dinh-654410.aspx
2025-07-11 09:19:40,783 - INFO - ✅ Đã lấy link: https://thuvienphapluat.vn/van-ban/Lao-dong-Tien-luong/Quyet-dinh-1251-QD-UBND-2025-cong-bo-thu-tuc-hanh-chinhlinh-vuc-Viec-lam-So-Noi-vu-Thanh-Hoa-654234.aspx
2025-07-11 09:19:40,787 - INFO - ✅ Đã lấy link: https://thuvienphapluat.vn/van-ban/Bo-may-hanh-chinh/Quyet-dinh-1252-QD-UBND-2025-cong-bo-thu-tuc-hanh-chinh-Cong-tac-dan-toc-Uy-ban-xa-Thanh-Hoa-654235.aspx
2025-07-11 09:19:40,790 - INFO - ✅ Đã lấy link: https://thuvienphapluat.vn/van-ban/Bo-may-hanh-chinh/Quyet-dinh-719-QD-UBND-2025-cong-bo-thu-tuc-hanh-chinh-noi-bo-So-Noi-vu-Lai-Chau-654236.aspx
2025-07-11 09:19:40,794 - INFO - ✅ Đã lấy link: https://thuvienphapluat.vn/van-ban/Lao-dong-Tien-luong/Quyet-dinh-718-QD-UBND-2025-Quy-trinh-thu-tuc-hanh-chinh-Quan-ly-lao-dong-So-Noi-vu-Lai-Chau-654238.aspx
2025-07-11 09:19:40,798 - INFO - ✅ Đã lấy link: https://thuvienphapluat.vn/van-ban/Bo-may-hanh-chinh/Quyet-dinh-717-QD-UBND-2025-quy-trinh-thu-tuc-hanh-chinh-Quan-ly-cong-san-So-Tai-chinh-Lai-Chau-654272.aspx
2025-07-11 09:19:40,798 - INFO - ➡️ Đang truy cập: https://thuvienphapluat.vn/page/searchlegal.aspx?keyword=&area=0&match=True&type=0&status=1&signer=0&sort=1&lan=1&scan=0&org=0&fields=15&chlbg=09/07/1945&chlend=09/07/2035&page=136
2025-07-11 09:19:41,419 - INFO - 🤖 CAPTCHA OCR: 
2025-07-11 09:19:47,768 - INFO - 🧭 Tiêu đề trang: THƯ VIỆN PHÁP LUẬT _ Tra cứu, Nắm bắt Pháp Luật Việt Nam
2025-07-11 09:20:02,090 - ERROR - ❌ Lỗi tại trang 136: Message: 
Stacktrace:
#0 0x59df43e9c23a <unknown>
#1 0x59df43946ab0 <unknown>
#2 0x59df439986f0 <unknown>
#3 0x59df439988e1 <unknown>
#4 0x59df439e6b94 <unknown>
#5 0x59df439be1cd <unknown>
#6 0x59df439e3fee <unknown>
#7 0x59df439bdf73 <unknown>
#8 0x59df4398aaeb <unknown>
#9 0x59df4398b751 <unknown>
#10 0x59df43e60b4b <unknown>
#11 0x59df43e64929 <unknown>
#12 0x59df43e47929 <unknown>
#13 0x59df43e654e8 <unknown>
#14 0x59df43e2c0df <unknown>
#15 0x59df43e898e8 <unknown>
#16 0x59df43e89ac6 <unknown>
#17 0x59df43e9b556 <unknown>
#18 0x7d0b72e3e609 start_thread

2025-07-11 09:20:02,101 - INFO - ➡️ Đang truy cập: https://thuvienphapluat.vn/page/searchlegal.aspx?keyword=&area=0&match=True&type=0&status=1&signer=0&sort=1&lan=1&scan=0&org=0&fields=15&chlbg=09/07/1945&chlend=09/07/2035&page=137
2025-07-11 09:20:02,714 - INFO - 🤖 CAPTCHA OCR: 885622
2025-07-11 09:20:08,071 - INFO - 🧭 Tiêu đề trang: Tra cứu Văn Bản Pháp Luật
2025-07-11 09:20:08,087 - INFO - ✅ Đã lấy link: https://thuvienphapluat.vn/van-ban/Bo-may-hanh-chinh/Quyet-dinh-1470-QD-BTC-2025-chuc-nang-nhiem-vu-Truong-Cao-dang-Thong-ke-II-654119.aspx
2025-07-11 09:20:08,091 - INFO - ✅ Đã lấy link: https://thuvienphapluat.vn/van-ban/Bo-may-hanh-chinh/Quyet-dinh-1468-QD-BTC-2025-chuc-nang-nhiem-vu-Nha-Xuat-ban-Thong-ke-thuoc-Cuc-Thong-ke-654121.aspx
2025-07-11 09:20:08,096 - INFO - ✅ Đã lấy link: https://thuvienphapluat.vn/van-ban/Bo-may-hanh-chinh/Quyet-dinh-1467-QD-BTC-2025-chuc-nang-nhiem-vu-Trung-tam-Xu-ly-va-Tich-hop-du-lieu-thong-ke-654120.aspx
2025-07-11 09:20:08,100 - INFO - ✅ Đã lấy link: https://thuvienphapluat.vn/van-ban/Dau-tu/Quyet-dinh-1426-QD-UBND-2025-chuyen-tiep-quan-ly-ke-hoach-dau-tu-cong-trong-sap-xep-bo-may-Binh-Dinh-656229.aspx
2025-07-11 09:20:08,104 - INFO - ✅ Đã lấy link: https://thuvienphapluat.vn/van-ban/Bo-may-hanh-chinh/Quyet-dinh-814-QD-UBND-2025-quy-trinh-thu-tuc-hanh-chinh-linh-vuc-tin-nguong-So-Dan-toc-Dien-Bien-654407.aspx
2025-07-11 09:20:08,109 - INFO - ✅ Đã lấy link: https://thuvienphapluat.vn/van-ban/Thuong-mai/Quyet-dinh-315-QD-UBND-2025-sua-doi-Quy-trinh-thu-tuc-hanh-chinh-Luu-thong-hang-hoa-Kon-Tum-654607.aspx
2025-07-11 09:20:08,114 - INFO - ✅ Đã lấy link: https://thuvienphapluat.vn/van-ban/Lao-dong-Tien-luong/Quyet-dinh-940-QD-UBND-2025-quy-trinh-thu-tuc-hanh-chinh-giao-duc-nghe-nghiep-So-Giao-duc-Son-La-654241.aspx
2025-07-11 09:20:08,118 - INFO - ✅ Đã lấy link: https://thuvienphapluat.vn/van-ban/Bo-may-hanh-chinh/Quyet-dinh-938-QD-UBND-2025-Danh-muc-dich-vu-cong-truc-tuyen-toan-trinh-So-Y-te-Son-La-654290.aspx
2025-07-11 09:20:08,122 - INFO - ✅ Đã lấy link: https://thuvienphapluat.vn/van-ban/Bo-may-hanh-chinh/Nghi-quyet-07-2025-NQ-HDND-bai-bo-Nghi-quyet-11-2023-NQ-HDND-Binh-Duong%e2%80%8b-654858.aspx
2025-07-11 09:20:08,127 - INFO - ✅ Đã lấy link: https://thuvienphapluat.vn/van-ban/Bo-may-hanh-chinh/%e2%80%8bNghi-quyet-06-2025-NQ-HDND-chinh-sach-ho-tro-luc-luong-co-dong-xu-ly-su-co-giao-thong-Binh-Duong%e2%80%8b-654605.aspx
2025-07-11 09:20:08,131 - INFO - ✅ Đã lấy link: https://thuvienphapluat.vn/van-ban/Bo-may-hanh-chinh/%e2%80%8bNghi-quyet-05-2025-NQ-HDND-bai-bo-Nghi-quyet-02-2025-NQ-HDND-Binh-Duong%e2%80%8b-654604.aspx
2025-07-11 09:20:08,135 - INFO - ✅ Đã lấy link: https://thuvienphapluat.vn/van-ban/Bo-may-hanh-chinh/Quyet-dinh-15-2025-QD-UBND-sua-doi-Quyet-dinh-20-2018-QD-UBND-Hung-Yen-655827.aspx
2025-07-11 09:20:08,139 - INFO - ✅ Đã lấy link: https://thuvienphapluat.vn/van-ban/Bo-may-hanh-chinh/Quyet-dinh-1469-QD-BTC-2025-chuc-nang-nhiem-vu-Truong-Cao-dang-Thong-ke-654117.aspx
2025-07-11 09:20:08,142 - INFO - ✅ Đã lấy link: https://thuvienphapluat.vn/van-ban/Bo-may-hanh-chinh/Quyet-dinh-649-QD-TTPVHCC-2025-cong-bo-thu-tuc-hanh-chinh-linh-vuc-dien-So-Cong-Thuong-Ha-Noi-658619.aspx
2025-07-11 09:20:08,146 - INFO - ✅ Đã lấy link: https://thuvienphapluat.vn/van-ban/Bao-hiem/Quyet-dinh-604-QD-UBND-2025-cong-bo-thu-tuc-hanh-chinh-Bao-hiem-xa-hoi-So-Noi-vu-Bac-Giang-659814.aspx
2025-07-11 09:20:08,150 - INFO - ✅ Đã lấy link: https://thuvienphapluat.vn/van-ban/Bo-may-hanh-chinh/Quyet-dinh-631-QD-UBND-2025-cong-bo-thu-tuc-hanh-chinh-linh-vuc-dia-chat-So-Nong-nghiep-An-Giang-656348.aspx
2025-07-11 09:20:08,154 - INFO - ✅ Đã lấy link: https://thuvienphapluat.vn/van-ban/Bo-may-hanh-chinh/Quyet-dinh-1099-QD-UBND-2025-cong-bo-thu-tuc-hanh-chinh-quan-ly-cong-san-Uy-ban-huyen-Khanh-Hoa-656018.aspx
2025-07-11 09:20:08,158 - INFO - ✅ Đã lấy link: https://thuvienphapluat.vn/van-ban/Bo-may-hanh-chinh/Quyet-dinh-1087-QD-UBND-2025-cong-bo-thu-tuc-hanh-chinh-nong-nghiep-So-Nong-nghiep-Khanh-Hoa-656017.aspx
2025-07-11 09:20:08,162 - INFO - ✅ Đã lấy link: https://thuvienphapluat.vn/van-ban/Bo-may-hanh-chinh/Quyet-dinh-1086-QD-UBND-2025-cong-bo-thu-tuc-hanh-chinh-do-dac-ban-do-So-Nong-nghiep-Khanh-Hoa-655991.aspx
2025-07-11 09:20:08,165 - INFO - ✅ Đã lấy link: https://thuvienphapluat.vn/van-ban/Bo-may-hanh-chinh/Quyet-dinh-1292-QD-UBND-2025-quy-trinh-thu-tuc-hanh-chinh-Quy-hoach-Kien-truc-Uy-ban-huyen-Quang-Binh-655854.aspx
2025-07-11 09:20:08,166 - INFO - ➡️ Đang truy cập: https://thuvienphapluat.vn/page/searchlegal.aspx?keyword=&area=0&match=True&type=0&status=1&signer=0&sort=1&lan=1&scan=0&org=0&fields=15&chlbg=09/07/1945&chlend=09/07/2035&page=138
2025-07-11 09:20:08,801 - INFO - 🤖 CAPTCHA OCR: 585677
2025-07-11 09:20:15,802 - INFO - 🧭 Tiêu đề trang: Tra cứu Văn Bản Pháp Luật
2025-07-11 09:20:15,817 - INFO - ✅ Đã lấy link: https://thuvienphapluat.vn/van-ban/Bo-may-hanh-chinh/Quyet-dinh-1290-QD-UBND-2025-cong-bo-thu-tuc-hanh-chinh-linh-vuc-Thi-dua-So-Noi-vu-Quang-Binh-655844.aspx
2025-07-11 09:20:15,821 - INFO - ✅ Đã lấy link: https://thuvienphapluat.vn/van-ban/Bo-may-hanh-chinh/Quyet-dinh-1291-QD-UBND-2025-sua-doi-quy-trinh-dich-vu-cong-truc-tuyen-xay-dung-Uy-ban-huyen-Quang-Binh-655843.aspx
2025-07-11 09:20:15,825 - INFO - ✅ Đã lấy link: https://thuvienphapluat.vn/van-ban/Bo-may-hanh-chinh/Quyet-dinh-941-QD-UBND-2025-cong-bo-thu-tuc-hanh-chinh-noi-bo-linh-vuc-xay-dung-Son-La-655739.aspx
2025-07-11 09:20:15,828 - INFO - ✅ Đã lấy link: https://thuvienphapluat.vn/van-ban/Bo-may-hanh-chinh/Quyet-dinh-1082-QD-UBND-2025-quy-trinh-thu-tuc-hanh-chinh-hoat-dong-khoa-hoc-Uy-ban-Khanh-Hoa-655737.aspx
2025-07-11 09:20:15,832 - INFO - ✅ Đã lấy link: https://thuvienphapluat.vn/van-ban/Bo-may-hanh-chinh/Quyet-dinh-707-QD-UBND-2025-cong-bo-thu-tuc-hanh-chinh-linh-vuc-moi-truong-So-Nong-nghiep-Bac-Ninh-655638.aspx
2025-07-11 09:20:15,836 - INFO - ✅ Đã lấy link: https://thuvienphapluat.vn/van-ban/Bo-may-hanh-chinh/Quyet-dinh-1149-QD-UBND-2025-cong-bo-thu-tuc-hanh-chinh-ky-ket-thoa-thuan-quoc-te-So-Ngoai-vu-Binh-Duong-661157.aspx
2025-07-11 09:20:15,839 - INFO - ✅ Đã lấy link: https://thuvienphapluat.vn/van-ban/Bo-may-hanh-chinh/Quyet-dinh-1315-QD-UBND-2025-cong-bo-thu-tuc-hanh-chinh-linh-vuc-dan-toc-So-Dan-toc-Dong-Nai-661657.aspx
2025-07-11 09:20:15,843 - INFO - ✅ Đã lấy link: https://thuvienphapluat.vn/van-ban/Dau-tu/Quyet-dinh-25-2025-QD-UBND-bai-bo-Quyet-dinh-747-2016-QD-UBND-Bac-Giang-656895.aspx
2025-07-11 09:20:15,847 - INFO - ✅ Đã lấy link: https://thuvienphapluat.vn/van-ban/Bo-may-hanh-chinh/Quyet-dinh-775-QD-UBND-2025-cong-bo-thu-tuc-hanh-chinh-cong-tac-dan-toc-Uy-ban-huyen-Ca-Mau-661195.aspx
2025-07-11 09:20:15,850 - INFO - ✅ Đã lấy link: https://thuvienphapluat.vn/van-ban/Bo-may-hanh-chinh/Quyet-dinh-780-QD-UBND-2025-cong-bo-thu-tuc-hanh-chinh-linh-vuc-kham-benh-So-Y-te-Ca-Mau-661194.aspx
2025-07-11 09:20:15,854 - INFO - ✅ Đã lấy link: https://thuvienphapluat.vn/van-ban/Bo-may-hanh-chinh/Quyet-dinh-781-QD-UBND-2025-cong-bo-thu-tuc-hanh-chinh-bien-va-hai-dao-So-Nong-nghiep-Ca-Mau-661193.aspx
2025-07-11 09:20:15,858 - INFO - ✅ Đã lấy link: https://thuvienphapluat.vn/van-ban/Bo-may-hanh-chinh/Quyet-dinh-1087-QD-BNNMT-2025-chuc-nang-Chi-cuc-Phat-trien-thi-truong-khu-vuc-Nam-Bo-654533.aspx
2025-07-11 09:20:15,861 - INFO - ✅ Đã lấy link: https://thuvienphapluat.vn/van-ban/Bo-may-hanh-chinh/Quyet-dinh-1088-QD-BNNMT-2025-chuc-nang-Chi-cuc-Phat-trien-thi-truong-khu-vuc-Trung-Bo-654532.aspx
2025-07-11 09:20:15,865 - INFO - ✅ Đã lấy link: https://thuvienphapluat.vn/van-ban/Bo-may-hanh-chinh/Quyet-dinh-1082-QD-BNNMT-2025-chuc-nang-Trung-tam-Chat-luong-Che-bien-va-Phat-trien-thi-truong-vung-2-654531.aspx
2025-07-11 09:20:15,868 - INFO - ✅ Đã lấy link: https://thuvienphapluat.vn/van-ban/Bo-may-hanh-chinh/Quyet-dinh-1086-QD-BNNMT-2025-chuc-nang-Trung-tam-Chat-luong-Che-bien-va-Phat-trien-thi-truong-vung-6-654530.aspx
2025-07-11 09:20:15,872 - INFO - ✅ Đã lấy link: https://thuvienphapluat.vn/van-ban/Bo-may-hanh-chinh/Quyet-dinh-1080-QD-BNNMT-2025-chuc-nang-Trung-tam-Kiem-nghiem-kiem-chung-va-Dich-vu-chat-luong-654529.aspx
2025-07-11 09:20:15,876 - INFO - ✅ Đã lấy link: https://thuvienphapluat.vn/van-ban/Bo-may-hanh-chinh/Quyet-dinh-1081-QD-BNNMT-2025-chuc-nang-Trung-tam-Chat-luong-Che-bien-va-Phat-trien-thi-truong-vung-1-654528.aspx
2025-07-11 09:20:15,879 - INFO - ✅ Đã lấy link: https://thuvienphapluat.vn/van-ban/Bo-may-hanh-chinh/Quyet-dinh-1171-QD-UBND-2025-cong-bo-thu-tuc-hanh-chinh-Quan-ly-cong-san-So-Tai-chinh-Kien-Giang-658242.aspx
2025-07-11 09:20:15,883 - INFO - ✅ Đã lấy link: https://thuvienphapluat.vn/van-ban/Bo-may-hanh-chinh/Quyet-dinh-1597-QD-UBND-2025-cong-bo-thu-tuc-hanh-chinh-linh-vuc-Khen-thuong-So-Noi-vu-Ho-Chi-Minh-661486.aspx
2025-07-11 09:20:15,886 - INFO - ✅ Đã lấy link: https://thuvienphapluat.vn/van-ban/Bo-may-hanh-chinh/Quyet-dinh-1598-QD-UBND-2025-cong-bo-thu-tuc-hanh-chinh-Cong-tac-dan-toc-So-Dan-toc-Ho-Chi-Minh-661484.aspx
2025-07-11 09:20:15,887 - INFO - ➡️ Đang truy cập: https://thuvienphapluat.vn/page/searchlegal.aspx?keyword=&area=0&match=True&type=0&status=1&signer=0&sort=1&lan=1&scan=0&org=0&fields=15&chlbg=09/07/1945&chlend=09/07/2035&page=139
2025-07-11 09:20:16,513 - INFO - 🤖 CAPTCHA OCR: 437331
2025-07-11 09:20:23,026 - INFO - 🧭 Tiêu đề trang: Tra cứu Văn Bản Pháp Luật
2025-07-11 09:20:23,042 - INFO - ✅ Đã lấy link: https://thuvienphapluat.vn/van-ban/Bo-may-hanh-chinh/Quyet-dinh-545-QD-UBND-2025-Quy-trinh-giai-quyet-thu-tuc-hanh-chinh-So-Van-hoa-Ninh-Thuan-657396.aspx
2025-07-11 09:20:23,045 - INFO - ✅ Đã lấy link: https://thuvienphapluat.vn/van-ban/Lao-dong-Tien-luong/Quyet-dinh-1100-QD-UBND-2025-cong-bo-thu-tuc-hanh-chinh-ve-sinh-lao-dong-So-Noi-vu-Khanh-Hoa-656404.aspx
2025-07-11 09:20:23,049 - INFO - ✅ Đã lấy link: https://thuvienphapluat.vn/van-ban/Lao-dong-Tien-luong/Quyet-dinh-1089-QD-UBND-2025-cong-bo-thu-tuc-hanh-chinh-Lao-dong-Tien-luong-So-Noi-vu-Khanh-Hoa-657852.aspx
2025-07-11 09:20:23,053 - INFO - ✅ Đã lấy link: https://thuvienphapluat.vn/van-ban/Bo-may-hanh-chinh/Quyet-dinh-889-QD-UBND-2025-cong-bo-thu-tuc-hanh-chinh-noi-bo-nganh-Nong-nghiep-Binh-Phuoc-654406.aspx
2025-07-11 09:20:23,057 - INFO - ✅ Đã lấy link: https://thuvienphapluat.vn/van-ban/Bat-dong-san/Quyet-dinh-1242-QD-UBND-2025-cong-bo-thu-tuc-hanh-chinh-linh-vuc-dat-dai-So-Nong-nghiep-Ben-Tre-658835.aspx
2025-07-11 09:20:23,060 - INFO - ✅ Đã lấy link: https://thuvienphapluat.vn/van-ban/Bo-may-hanh-chinh/Nghi-quyet-19-NQ-HDND-2025-chu-truong-sap-xep-don-vi-hanh-chinh-cap-xa-Bac-Kan-658905.aspx
2025-07-11 09:20:23,064 - INFO - ✅ Đã lấy link: https://thuvienphapluat.vn/van-ban/Bo-may-hanh-chinh/Nghi-quyet-20-NQ-HDND-2025-chu-truong-sap-xep-Thai-Nguyen-Bac-Kan-658906.aspx
2025-07-11 09:20:23,068 - INFO - ✅ Đã lấy link: https://thuvienphapluat.vn/van-ban/Bo-may-hanh-chinh/Quyet-dinh-600-QD-UBND-2025-quy-trinh-thu-tuc-hanh-chinh-Chan-nuoi-Chu-tich-Uy-ban-tinh-Bac-Giang-659760.aspx
2025-07-11 09:20:23,072 - INFO - ✅ Đã lấy link: https://thuvienphapluat.vn/van-ban/Bo-may-hanh-chinh/Quyet-dinh-1238-QD-UBND-2025-cong-bo-thu-tuc-hanh-chinh-linh-vuc-Moi-truong-So-Nong-nghiep-Thai-Nguyen-657084.aspx
2025-07-11 09:20:23,075 - INFO - ✅ Đã lấy link: https://thuvienphapluat.vn/van-ban/Bo-may-hanh-chinh/Quyet-dinh-603-QD-UBND-2025-cong-bo-thu-tuc-hanh-chinh-Chinh-quyen-dia-phuong-So-Noi-vu-Bac-Giang-659813.aspx
2025-07-11 09:20:23,079 - INFO - ✅ Đã lấy link: https://thuvienphapluat.vn/van-ban/Bo-may-hanh-chinh/Quyet-dinh-602-QD-UBND-2025-cong-bo-thu-tuc-hanh-chinh-Thi-dua-khen-thuong-So-Noi-vu-Bac-Giang-659812.aspx
2025-07-11 09:20:23,082 - INFO - ✅ Đã lấy link: https://thuvienphapluat.vn/van-ban/Bo-may-hanh-chinh/Quyet-dinh-601-QD-UBND-2025-quy-trinh-thu-tuc-hanh-chinh-Kinh-te-hop-tac-Uy-ban-Bac-Giang-659761.aspx
2025-07-11 09:20:23,086 - INFO - ✅ Đã lấy link: https://thuvienphapluat.vn/van-ban/Bo-may-hanh-chinh/Quyet-dinh-614-QD-UBND-2025-quy-trinh-thu-tuc-hanh-chinh-Quan-ly-cong-san-Bac-Giang-659424.aspx
2025-07-11 09:20:23,089 - INFO - ✅ Đã lấy link: https://thuvienphapluat.vn/van-ban/Bo-may-hanh-chinh/Quyet-dinh-613-QD-UBND-2025-cong-bo-thu-tuc-hanh-chinh-linh-vuc-thuy-loi-So-Nong-nghiep-Bac-Giang-659570.aspx
2025-07-11 09:20:23,093 - INFO - ✅ Đã lấy link: https://thuvienphapluat.vn/van-ban/Xuat-nhap-khau/Quyet-dinh-1155-QD-BCT-2025-cong-bo-thu-tuc-hanh-chinh-sua-doi-linh-vuc-xuat-nhap-khau-655011.aspx
2025-07-11 09:20:23,097 - INFO - ✅ Đã lấy link: https://thuvienphapluat.vn/van-ban/Bo-may-hanh-chinh/Nghi-quyet-21-NQ-HDND-2025-tan-thanh-chu-truong-sap-xep-don-vi-hanh-chinh-Tra-Vinh-654678.aspx
2025-07-11 09:20:23,100 - INFO - ✅ Đã lấy link: https://thuvienphapluat.vn/van-ban/Bo-may-hanh-chinh/Quyet-dinh-1406-QD-UBND-2025-cong-bo-thu-tuc-hanh-chinh-kham-chua-benh-So-Y-te-Binh-Dinh-654684.aspx
2025-07-11 09:20:23,104 - INFO - ✅ Đã lấy link: https://thuvienphapluat.vn/van-ban/Bo-may-hanh-chinh/Nghi-quyet-23-NQ-HDND-2025-cong-bo-Nghi-quyet-02-2025-NQ-HDND-het-hieu-luc-toan-bo-Tra-Vinh-654679.aspx
2025-07-11 09:20:23,108 - INFO - ✅ Đã lấy link: https://thuvienphapluat.vn/van-ban/Lao-dong-Tien-luong/Quyet-dinh-868-QD-UBND-2025-cong-bo-thu-tuc-hanh-chinh-lao-dong-tien-luong-cap-tinh-Phu-Tho-654187.aspx
2025-07-11 09:20:23,108 - INFO - ➡️ Đang truy cập: https://thuvienphapluat.vn/page/searchlegal.aspx?keyword=&area=0&match=True&type=0&status=1&signer=0&sort=1&lan=1&scan=0&org=0&fields=15&chlbg=09/07/1945&chlend=09/07/2035&page=140
2025-07-11 09:20:23,791 - INFO - 🤖 CAPTCHA OCR: 711783
2025-07-11 09:20:31,280 - INFO - 🧭 Tiêu đề trang: Tra cứu Văn Bản Pháp Luật
2025-07-11 09:20:31,300 - INFO - ✅ Đã lấy link: https://thuvienphapluat.vn/van-ban/Bo-may-hanh-chinh/Quyet-dinh-1120-QD-BGDDT-2025-cong-bo-thu-tuc-hanh-chinh-moi-linh-vuc-Giao-duc-va-Dao-tao-654127.aspx
2025-07-11 09:20:31,304 - INFO - ✅ Đã lấy link: https://thuvienphapluat.vn/van-ban/Bo-may-hanh-chinh/Nghi-quyet-108-NQ-CP-2025-Phien-hop-chuyen-de-ve-xay-dung-phap-luat-thang-4-654104.aspx
2025-07-11 09:20:31,309 - INFO - ✅ Đã lấy link: https://thuvienphapluat.vn/van-ban/Bo-may-hanh-chinh/Quyet-dinh-1139-Q%c3%90-BVHTTDL-2025-cong-bo-thu-tuc-hanh-chinh-noi-bo-linh-vuc-van-phong-654126.aspx
2025-07-11 09:20:31,314 - INFO - ✅ Đã lấy link: https://thuvienphapluat.vn/van-ban/Bo-may-hanh-chinh/Quyet-dinh-461-QD-UBND-2025-cong-bo-thu-tuc-hanh-chinh-kham-chua-benh-So-Y-te-Ninh-Binh-654890.aspx
2025-07-11 09:20:31,319 - INFO - ✅ Đã lấy link: https://thuvienphapluat.vn/van-ban/Bo-may-hanh-chinh/Quyet-dinh-313-QD-UBND-2025-cong-bo-thu-tuc-hanh-chinh-linh-vuc-Dia-chat-va-Khoang-san-Kon-Tum-653962.aspx
2025-07-11 09:20:31,323 - INFO - ✅ Đã lấy link: https://thuvienphapluat.vn/van-ban/Bo-may-hanh-chinh/Quyet-dinh-62-2025-QD-UBND-bai-bo-Quyet-dinh-54-2021-QD-UBND-Ho-Chi-Minh-653974.aspx
2025-07-11 09:20:31,327 - INFO - ✅ Đã lấy link: https://thuvienphapluat.vn/van-ban/Bo-may-hanh-chinh/Quyet-dinh-34-2025-QD-UBND-bai-bo-quyet-dinh-cua-Uy-ban-nhan-dan-Binh-Dinh-654501.aspx
2025-07-11 09:20:31,331 - INFO - ✅ Đã lấy link: https://thuvienphapluat.vn/van-ban/Bo-may-hanh-chinh/Nghi-quyet-32-NQ-HDND-2025-chu-truong-sap-xep-nhap-tinh-Bac-Kan-Thai-Nguyen-654983.aspx
2025-07-11 09:20:31,334 - INFO - ✅ Đã lấy link: https://thuvienphapluat.vn/van-ban/Bo-may-hanh-chinh/Nghi-quyet-31-NQ-HDND-2025-chu-truong-sap-xep-don-vi-hanh-chinh-cap-xa-Thai-Nguyen-654984.aspx
2025-07-11 09:20:31,338 - INFO - ✅ Đã lấy link: https://thuvienphapluat.vn/van-ban/Bo-may-hanh-chinh/Quyet-dinh-29-2025-QD-UBND-bai-bo-Quyet-dinh-15-2019-QD-UBND-Lang-Son-653975.aspx
2025-07-11 09:20:31,342 - INFO - ✅ Đã lấy link: https://thuvienphapluat.vn/van-ban/Bo-may-hanh-chinh/Nghi-quyet-22-NQ-HDND-2025-tan-thanh-chu-truong-sap-xep-don-vi-hanh-chinh-cap-xa-Tra-Vinh-654677.aspx
2025-07-11 09:20:31,345 - INFO - ✅ Đã lấy link: https://thuvienphapluat.vn/van-ban/Lao-dong-Tien-luong/Quyet-dinh-1134-QD-UBND-2025-cong-bo-thu-tuc-hanh-chinh-Lao-dong-tien-luong-So-Noi-vu-Nghe-An-654165.aspx
2025-07-11 09:20:31,348 - INFO - ✅ Đã lấy link: https://thuvienphapluat.vn/van-ban/Lao-dong-Tien-luong/Quyet-dinh-1113-QD-UBND-2025-phe-duyet-Danh-muc-vi-tri-viec-lam-So-Khoa-hoc-Nam-Dinh-654034.aspx
2025-07-11 09:20:31,352 - INFO - ✅ Đã lấy link: https://thuvienphapluat.vn/van-ban/Lao-dong-Tien-luong/Quyet-dinh-1110-QD-UBND-2025-phe-duyet-Danh-muc-vi-tri-viec-lam-So-Xay-dung-Nam-Dinh-654037.aspx
2025-07-11 09:20:31,356 - INFO - ✅ Đã lấy link: https://thuvienphapluat.vn/van-ban/Bo-may-hanh-chinh/Quyet-dinh-1137-QD-UBND-2025-cong-bo-thu-tuc-hanh-chinh-quan-ly-cong-san-So-Tai-chinh-Nghe-An-654170.aspx
2025-07-11 09:20:31,360 - INFO - ✅ Đã lấy link: https://thuvienphapluat.vn/van-ban/Bo-may-hanh-chinh/Quyet-dinh-1266-QD-UBND-2025-cong-bo-thu-tuc-hanh-chinh-linh-vuc-giam-ngheo-So-Nong-nghiep-Lao-Cai-654162.aspx
2025-07-11 09:20:31,364 - INFO - ✅ Đã lấy link: https://thuvienphapluat.vn/van-ban/Bo-may-hanh-chinh/Quyet-dinh-617-QD-UBND-2025-cong-bo-thu-tuc-hanh-chinh-linh-vuc-chan-nuoi-So-Nong-nghiep-Quang-Ngai-654439.aspx
2025-07-11 09:20:31,367 - INFO - ✅ Đã lấy link: https://thuvienphapluat.vn/van-ban/Bo-may-hanh-chinh/Quyet-dinh-753-QD-UBND-2025-cong-bo-thu-tuc-hanh-chinh-Quan-ly-cong-san-Uy-ban-huyen-Bac-Lieu-654164.aspx
2025-07-11 09:20:31,371 - INFO - ✅ Đã lấy link: https://thuvienphapluat.vn/van-ban/Bo-may-hanh-chinh/Quyet-dinh-652-QD-UBND-2025-cong-bo-thu-tuc-hanh-chinh-bien-va-hai-dao-So-Nong-nghiep-Phu-Yen-654632.aspx
2025-07-11 09:20:31,374 - INFO - ✅ Đã lấy link: https://thuvienphapluat.vn/van-ban/Bo-may-hanh-chinh/Quyet-dinh-648-QD-TTPVHCC-2025-cong-bo-thu-tuc-hanh-chinh-Thuy-loi-So-Nong-nghiep-Ha-Noi-654535.aspx
2025-07-11 09:20:31,374 - INFO - ➡️ Đang truy cập: https://thuvienphapluat.vn/page/searchlegal.aspx?keyword=&area=0&match=True&type=0&status=1&signer=0&sort=1&lan=1&scan=0&org=0&fields=15&chlbg=09/07/1945&chlend=09/07/2035&page=141
2025-07-11 09:20:31,997 - INFO - 🤖 CAPTCHA OCR: 668216
2025-07-11 09:20:37,845 - INFO - 🧭 Tiêu đề trang: Tra cứu Văn Bản Pháp Luật
2025-07-11 09:20:37,860 - INFO - ✅ Đã lấy link: https://thuvienphapluat.vn/van-ban/Bo-may-hanh-chinh/Quyet-dinh-647-QD-TTPVHCC-2025-quy-trinh-thu-tuc-hanh-chinh-linh-vuc-Dan-toc-So-Dan-toc-Ha-Noi-654445.aspx
2025-07-11 09:20:37,864 - INFO - ✅ Đã lấy link: https://thuvienphapluat.vn/van-ban/Bo-may-hanh-chinh/Quyet-dinh-923-QD-UBND-2025-dich-vu-cong-truc-tuyen-Ban-Quan-ly-cac-khu-cong-nghiep-Son-La-654088.aspx
2025-07-11 09:20:37,868 - INFO - ✅ Đã lấy link: https://thuvienphapluat.vn/van-ban/Bo-may-hanh-chinh/Quyet-dinh-1064-QD-BNNMT-2025-chuc-nang-nhiem-vu-Chi-cuc-Kiem-dich-thuc-vat-vung-V-654784.aspx
2025-07-11 09:20:37,871 - INFO - ✅ Đã lấy link: https://thuvienphapluat.vn/van-ban/Bo-may-hanh-chinh/Quyet-dinh-1063-QD-BNNMT-2025-chuc-nang-nhiem-vu-Chi-cuc-Kiem-dich-thuc-vat-vung-IV-654785.aspx
2025-07-11 09:20:37,875 - INFO - ✅ Đã lấy link: https://thuvienphapluat.vn/van-ban/Bo-may-hanh-chinh/Quyet-dinh-1061-QD-BNNMT-2025-chuc-nang-nhiem-vu-Chi-cuc-Kiem-dich-thuc-vat-vung-II-654534.aspx
2025-07-11 09:20:37,878 - INFO - ✅ Đã lấy link: https://thuvienphapluat.vn/van-ban/Bo-may-hanh-chinh/Quyet-dinh-794-QD-UBND-2025-cong-bo-thu-tuc-hanh-chinh-Nguoi-co-cong-So-Noi-vu-Dien-Bien-654413.aspx
2025-07-11 09:20:37,882 - INFO - ✅ Đã lấy link: https://thuvienphapluat.vn/van-ban/Bo-may-hanh-chinh/Quyet-dinh-793-QD-UBND-2025-cong-bo-thu-tuc-hanh-chinh-Chinh-quyen-dia-phuong-So-Noi-vu-Dien-Bien-654414.aspx
2025-07-11 09:20:37,885 - INFO - ✅ Đã lấy link: https://thuvienphapluat.vn/van-ban/Bo-may-hanh-chinh/Quyet-dinh-791-QD-UBND-2025-cong-bo-thu-tuc-hanh-chinh-Quan-ly-cong-san-So-Tai-chinh-Bac-Kan-654633.aspx
2025-07-11 09:20:37,889 - INFO - ✅ Đã lấy link: https://thuvienphapluat.vn/van-ban/Bo-may-hanh-chinh/Quyet-dinh-873-QD-UBND-2025-quy-trinh-thu-tuc-hanh-chinh-linh-vuc-Van-hoa-So-Van-hoa-Ha-Tinh-653961.aspx
2025-07-11 09:20:37,893 - INFO - ✅ Đã lấy link: https://thuvienphapluat.vn/van-ban/Bo-may-hanh-chinh/Quyet-dinh-867-QD-UBND-2025-cong-bo-thu-tuc-hanh-chinh-cong-tac-dan-toc-Uy-ban-huyen-Yen-Bai-654168.aspx
2025-07-11 09:20:37,897 - INFO - ✅ Đã lấy link: https://thuvienphapluat.vn/van-ban/Bo-may-hanh-chinh/Quyet-dinh-866-QD-UBND-2025-cong-bo-thu-tuc-hanh-chinh-linh-vuc-Kham-benh-So-Y-te-Yen-Bai-654163.aspx
2025-07-11 09:20:37,900 - INFO - ✅ Đã lấy link: https://thuvienphapluat.vn/van-ban/Dau-tu/Quyet-dinh-865-QD-UBND-2025-thu-tuc-hanh-chinh-dau-thau-lua-chon-nha-dau-tu-So-Tai-chinh-Yen-Bai-654169.aspx
2025-07-11 09:20:37,904 - INFO - ✅ Đã lấy link: https://thuvienphapluat.vn/van-ban/Bo-may-hanh-chinh/Quyet-dinh-885-QD-UBND-2025-cong-bo-thu-tuc-hanh-chinh-nganh-Giao-duc-Dao-tao-Binh-Phuoc-654427.aspx
2025-07-11 09:20:37,907 - INFO - ✅ Đã lấy link: https://thuvienphapluat.vn/van-ban/Lao-dong-Tien-luong/Quyet-dinh-641-QD-UBND-2025-cong-bo-thu-tuc-hanh-chinh-ve-sinh-lao-dong-So-Noi-vu-Phu-Yen-654171.aspx
2025-07-11 09:20:37,911 - INFO - ✅ Đã lấy link: https://thuvienphapluat.vn/van-ban/Thuong-mai/Quyet-dinh-965-QD-UBND-2025-cong-bo-thu-tuc-hanh-chinh-luu-thong-hang-hoa-nganh-Cong-Thuong-Tien-Giang-654634.aspx
2025-07-11 09:20:37,914 - INFO - ✅ Đã lấy link: https://thuvienphapluat.vn/van-ban/Bo-may-hanh-chinh/Quyet-dinh-1212-QD-UBND-2025-cong-bo-thu-tuc-hanh-chinh-So-Nong-nghiep-Moi-truong-Hai-Duong-653926.aspx
2025-07-11 09:20:37,918 - INFO - ✅ Đã lấy link: https://thuvienphapluat.vn/van-ban/Bo-may-hanh-chinh/Quyet-dinh-500-QD-UBND-2025-cong-bo-thu-tuc-hanh-chinh-da-dang-sinh-hoc-So-Nong-nghiep-Tuyen-Quang-654005.aspx
2025-07-11 09:20:37,922 - INFO - ✅ Đã lấy link: https://thuvienphapluat.vn/van-ban/Bo-may-hanh-chinh/Quyet-dinh-1216-QD-UBND-2025-cong-bo-thu-tuc-hanh-chinh-sua-doi-So-Y-te-Hai-Duong-653925.aspx
2025-07-11 09:20:37,926 - INFO - ✅ Đã lấy link: https://thuvienphapluat.vn/van-ban/Bo-may-hanh-chinh/Quyet-dinh-1049-QD-BNNMT-2025-cong-bo-thu-tuc-hanh-chinh-Quan-ly-chat-luong-nong-lam-san-654389.aspx
2025-07-11 09:20:37,929 - INFO - ✅ Đã lấy link: https://thuvienphapluat.vn/van-ban/Bo-may-hanh-chinh/Quyet-dinh-804-QD-UBND-2025-cong-bo-thu-tuc-hanh-chinh-Kham-chua-benh-So-Y-te-Dien-Bien-654166.aspx
2025-07-11 09:20:37,929 - INFO - ➡️ Đang truy cập: https://thuvienphapluat.vn/page/searchlegal.aspx?keyword=&area=0&match=True&type=0&status=1&signer=0&sort=1&lan=1&scan=0&org=0&fields=15&chlbg=09/07/1945&chlend=09/07/2035&page=142
2025-07-11 09:20:38,555 - INFO - 🤖 CAPTCHA OCR: 4
2025-07-11 09:20:43,884 - INFO - 🧭 Tiêu đề trang: THƯ VIỆN PHÁP LUẬT _ Tra cứu, Nắm bắt Pháp Luật Việt Nam
2025-07-11 09:20:58,167 - ERROR - ❌ Lỗi tại trang 142: Message: 
Stacktrace:
#0 0x59df43e9c23a <unknown>
#1 0x59df43946ab0 <unknown>
#2 0x59df439986f0 <unknown>
#3 0x59df439988e1 <unknown>
#4 0x59df439e6b94 <unknown>
#5 0x59df439be1cd <unknown>
#6 0x59df439e3fee <unknown>
#7 0x59df439bdf73 <unknown>
#8 0x59df4398aaeb <unknown>
#9 0x59df4398b751 <unknown>
#10 0x59df43e60b4b <unknown>
#11 0x59df43e64929 <unknown>
#12 0x59df43e47929 <unknown>
#13 0x59df43e654e8 <unknown>
#14 0x59df43e2c0df <unknown>
#15 0x59df43e898e8 <unknown>
#16 0x59df43e89ac6 <unknown>
#17 0x59df43e9b556 <unknown>
#18 0x7d0b72e3e609 start_thread

2025-07-11 09:20:58,189 - INFO - ➡️ Đang truy cập: https://thuvienphapluat.vn/page/searchlegal.aspx?keyword=&area=0&match=True&type=0&status=1&signer=0&sort=1&lan=1&scan=0&org=0&fields=15&chlbg=09/07/1945&chlend=09/07/2035&page=143
2025-07-11 09:20:58,879 - INFO - 🤖 CAPTCHA OCR: 516736
2025-07-11 09:21:04,378 - INFO - 🧭 Tiêu đề trang: Tra cứu Văn Bản Pháp Luật
2025-07-11 09:21:04,398 - INFO - ✅ Đã lấy link: https://thuvienphapluat.vn/van-ban/Bo-may-hanh-chinh/Quyet-dinh-703-QD-UBND-2025-cong-bo-thu-tuc-hanh-chinh-Thiet-bi-y-te-So-Y-te-Bac-Ninh-655643.aspx
2025-07-11 09:21:04,402 - INFO - ✅ Đã lấy link: https://thuvienphapluat.vn/van-ban/Bo-may-hanh-chinh/Quyet-dinh-38-2025-QD-UBND-sua-doi-Quy-dinh-kem-Quyet-dinh-35-2024-QD-UBND-Bac-Lieu-661481.aspx
2025-07-11 09:21:04,407 - INFO - ✅ Đã lấy link: https://thuvienphapluat.vn/van-ban/Bat-dong-san/Quyet-dinh-1291-QD-UBND-2025-quy-trinh-thu-tuc-hanh-chinh-Dat-dai-nganh-Nong-nghiep-Dong-Nai-661950.aspx
2025-07-11 09:21:04,412 - INFO - ✅ Đã lấy link: https://thuvienphapluat.vn/van-ban/Bo-may-hanh-chinh/Quyet-dinh-1286-QD-UBND-2025-cong-bo-thu-tuc-hanh-chinh-Dia-chat-khoang-san-nganh-Nong-nghiep-Dong-Nai-661869.aspx
2025-07-11 09:21:04,417 - INFO - ✅ Đã lấy link: https://thuvienphapluat.vn/van-ban/Bo-may-hanh-chinh/Quyet-dinh-836-QD-UBND-2025-quy-trinh-thu-tuc-hanh-chinh-linh-vuc-tin-nguong-cap-tinh-Lam-Dong-661282.aspx
2025-07-11 09:21:04,422 - INFO - ✅ Đã lấy link: https://thuvienphapluat.vn/van-ban/Bo-may-hanh-chinh/Quyet-dinh-1301-QD-UBND-2025-cong-bo-thu-tuc-hanh-chinh-Thiet-bi-y-te-So-Y-te-Dong-Nai-661872.aspx
2025-07-11 09:21:04,427 - INFO - ✅ Đã lấy link: https://thuvienphapluat.vn/van-ban/Bo-may-hanh-chinh/Quyet-dinh-1577-QD-UBND-2025-cong-bo-thu-tuc-hanh-chinh-Kinh-te-hop-tac-So-An-toan-thuc-pham-Ho-Chi-Minh-661490.aspx
2025-07-11 09:21:04,432 - INFO - ✅ Đã lấy link: https://thuvienphapluat.vn/van-ban/Dau-tu/Quyet-dinh-1575-QD-UBND-2025-cong-bo-thu-tuc-hanh-chinh-Quan-ly-cong-san-So-Tai-chinh-Ho-Chi-Minh-661489.aspx
2025-07-11 09:21:04,437 - INFO - ✅ Đã lấy link: https://thuvienphapluat.vn/van-ban/Bo-may-hanh-chinh/Quyet-dinh-1576-QD-UBND-2025-cong-bo-thu-tuc-hanh-chinh-Thiet-bi-y-te-So-Y-te-Ho-Chi-Minh-661487.aspx
2025-07-11 09:21:04,441 - INFO - ✅ Đã lấy link: https://thuvienphapluat.vn/van-ban/Bo-may-hanh-chinh/Quyet-dinh-1080-QD-UBND-2025-cong-bo-thu-tuc-hanh-chinh-Chan-nuoi-So-Nong-nghiep-Khanh-Hoa-656403.aspx
2025-07-11 09:21:04,445 - INFO - ✅ Đã lấy link: https://thuvienphapluat.vn/van-ban/Bo-may-hanh-chinh/Quyet-dinh-1078-QD-UBND-2025-cong-bo-thu-tuc-hanh-chinh-bao-ton-thien-nhien-So-Nong-nghiep-Khanh-Hoa-657216.aspx
2025-07-11 09:21:04,449 - INFO - ✅ Đã lấy link: https://thuvienphapluat.vn/van-ban/Bo-may-hanh-chinh/Quyet-dinh-1027-QD-UBND-2025-cong-bo-Danh-muc-thu-tuc-hanh-chinh-So-Tai-chinh-Can-Tho-658007.aspx
2025-07-11 09:21:04,454 - INFO - ✅ Đã lấy link: https://thuvienphapluat.vn/van-ban/Bo-may-hanh-chinh/Quyet-dinh-1026-QD-UBND-2025-cong-bo-Danh-muc-thu-tuc-hanh-chinh-So-Cong-Thuong-Can-Tho-658005.aspx
2025-07-11 09:21:04,458 - INFO - ✅ Đã lấy link: https://thuvienphapluat.vn/van-ban/Bo-may-hanh-chinh/Quyet-dinh-1144-QD-UBND-2025-cong-bo-thu-tuc-hanh-chinh-kham-chua-benh-So-Y-te-Hue-658600.aspx
2025-07-11 09:21:04,462 - INFO - ✅ Đã lấy link: https://thuvienphapluat.vn/van-ban/Bo-may-hanh-chinh/Quyet-dinh-1143-QD-UBND-2025-quy-trinh-thu-tuc-hanh-chinh-linh-vuc-Tre-em-So-Y-te-Hue-658597.aspx
2025-07-11 09:21:04,465 - INFO - ✅ Đã lấy link: https://thuvienphapluat.vn/van-ban/Lao-dong-Tien-luong/Quyet-dinh-1142-QD-UBND-2025-quy-trinh-dien-tu-thu-tuc-hanh-chinh-viec-lam-So-Noi-vu-Hue-658595.aspx
2025-07-11 09:21:04,469 - INFO - ✅ Đã lấy link: https://thuvienphapluat.vn/van-ban/Bo-may-hanh-chinh/Quyet-dinh-1141-QD-UBND-2025-quy-trinh-thu-tuc-hanh-chinh-co-che-mot-cua-So-Van-hoa-Hue-658237.aspx
2025-07-11 09:21:04,475 - INFO - ✅ Đã lấy link: https://thuvienphapluat.vn/van-ban/Bo-may-hanh-chinh/Quyet-dinh-1140-QD-UBND-2025-quy-trinh-thu-tuc-hanh-chinh-So-Van-hoa-The-thao-Hue-658594.aspx
2025-07-11 09:21:04,479 - INFO - ✅ Đã lấy link: https://thuvienphapluat.vn/van-ban/Lao-dong-Tien-luong/Quyet-dinh-592-QD-UBND-2025-cong-bo-thu-tuc-hanh-chinh-To-chuc-Bien-che-So-Noi-vu-Bac-Giang-659759.aspx
2025-07-11 09:21:04,483 - INFO - ✅ Đã lấy link: https://thuvienphapluat.vn/van-ban/Bo-may-hanh-chinh/Quyet-dinh-32-2025-QD-UBND-sua-doi-chuc-nang-nhiem-vu-quyen-han-So-Tu-phap-Quang-Ngai-653976.aspx
2025-07-11 09:21:04,483 - INFO - ➡️ Đang truy cập: https://thuvienphapluat.vn/page/searchlegal.aspx?keyword=&area=0&match=True&type=0&status=1&signer=0&sort=1&lan=1&scan=0&org=0&fields=15&chlbg=09/07/1945&chlend=09/07/2035&page=144
2025-07-11 09:21:05,105 - INFO - 🤖 CAPTCHA OCR: 
2025-07-11 09:21:10,626 - INFO - 🧭 Tiêu đề trang: THƯ VIỆN PHÁP LUẬT _ Tra cứu, Nắm bắt Pháp Luật Việt Nam
2025-07-11 09:21:24,893 - ERROR - ❌ Lỗi tại trang 144: Message: 
Stacktrace:
#0 0x59df43e9c23a <unknown>
#1 0x59df43946ab0 <unknown>
#2 0x59df439986f0 <unknown>
#3 0x59df439988e1 <unknown>
#4 0x59df439e6b94 <unknown>
#5 0x59df439be1cd <unknown>
#6 0x59df439e3fee <unknown>
#7 0x59df439bdf73 <unknown>
#8 0x59df4398aaeb <unknown>
#9 0x59df4398b751 <unknown>
#10 0x59df43e60b4b <unknown>
#11 0x59df43e64929 <unknown>
#12 0x59df43e47929 <unknown>
#13 0x59df43e654e8 <unknown>
#14 0x59df43e2c0df <unknown>
#15 0x59df43e898e8 <unknown>
#16 0x59df43e89ac6 <unknown>
#17 0x59df43e9b556 <unknown>
#18 0x7d0b72e3e609 start_thread

2025-07-11 09:21:24,906 - INFO - ➡️ Đang truy cập: https://thuvienphapluat.vn/page/searchlegal.aspx?keyword=&area=0&match=True&type=0&status=1&signer=0&sort=1&lan=1&scan=0&org=0&fields=15&chlbg=09/07/1945&chlend=09/07/2035&page=145
2025-07-11 09:21:25,572 - INFO - 🤖 CAPTCHA OCR: 
2025-07-11 09:21:31,644 - INFO - 🧭 Tiêu đề trang: THƯ VIỆN PHÁP LUẬT _ Tra cứu, Nắm bắt Pháp Luật Việt Nam
2025-07-11 09:21:45,920 - ERROR - ❌ Lỗi tại trang 145: Message: 
Stacktrace:
#0 0x59df43e9c23a <unknown>
#1 0x59df43946ab0 <unknown>
#2 0x59df439986f0 <unknown>
#3 0x59df439988e1 <unknown>
#4 0x59df439e6b94 <unknown>
#5 0x59df439be1cd <unknown>
#6 0x59df439e3fee <unknown>
#7 0x59df439bdf73 <unknown>
#8 0x59df4398aaeb <unknown>
#9 0x59df4398b751 <unknown>
#10 0x59df43e60b4b <unknown>
#11 0x59df43e64929 <unknown>
#12 0x59df43e47929 <unknown>
#13 0x59df43e654e8 <unknown>
#14 0x59df43e2c0df <unknown>
#15 0x59df43e898e8 <unknown>
#16 0x59df43e89ac6 <unknown>
#17 0x59df43e9b556 <unknown>
#18 0x7d0b72e3e609 start_thread

2025-07-11 09:21:45,931 - INFO - ➡️ Đang truy cập: https://thuvienphapluat.vn/page/searchlegal.aspx?keyword=&area=0&match=True&type=0&status=1&signer=0&sort=1&lan=1&scan=0&org=0&fields=15&chlbg=09/07/1945&chlend=09/07/2035&page=146
2025-07-11 09:21:46,606 - INFO - 🤖 CAPTCHA OCR: 
2025-07-11 09:21:51,985 - INFO - 🧭 Tiêu đề trang: THƯ VIỆN PHÁP LUẬT _ Tra cứu, Nắm bắt Pháp Luật Việt Nam
2025-07-11 09:22:06,297 - ERROR - ❌ Lỗi tại trang 146: Message: 
Stacktrace:
#0 0x59df43e9c23a <unknown>
#1 0x59df43946ab0 <unknown>
#2 0x59df439986f0 <unknown>
#3 0x59df439988e1 <unknown>
#4 0x59df439e6b94 <unknown>
#5 0x59df439be1cd <unknown>
#6 0x59df439e3fee <unknown>
#7 0x59df439bdf73 <unknown>
#8 0x59df4398aaeb <unknown>
#9 0x59df4398b751 <unknown>
#10 0x59df43e60b4b <unknown>
#11 0x59df43e64929 <unknown>
#12 0x59df43e47929 <unknown>
#13 0x59df43e654e8 <unknown>
#14 0x59df43e2c0df <unknown>
#15 0x59df43e898e8 <unknown>
#16 0x59df43e89ac6 <unknown>
#17 0x59df43e9b556 <unknown>
#18 0x7d0b72e3e609 start_thread

2025-07-11 09:22:06,308 - INFO - ➡️ Đang truy cập: https://thuvienphapluat.vn/page/searchlegal.aspx?keyword=&area=0&match=True&type=0&status=1&signer=0&sort=1&lan=1&scan=0&org=0&fields=15&chlbg=09/07/1945&chlend=09/07/2035&page=147
2025-07-11 09:22:06,926 - INFO - 🤖 CAPTCHA OCR: 
2025-07-11 09:22:13,795 - INFO - 🧭 Tiêu đề trang: THƯ VIỆN PHÁP LUẬT _ Tra cứu, Nắm bắt Pháp Luật Việt Nam
2025-07-11 09:22:28,088 - ERROR - ❌ Lỗi tại trang 147: Message: 
Stacktrace:
#0 0x59df43e9c23a <unknown>
#1 0x59df43946ab0 <unknown>
#2 0x59df439986f0 <unknown>
#3 0x59df439988e1 <unknown>
#4 0x59df439e6b94 <unknown>
#5 0x59df439be1cd <unknown>
#6 0x59df439e3fee <unknown>
#7 0x59df439bdf73 <unknown>
#8 0x59df4398aaeb <unknown>
#9 0x59df4398b751 <unknown>
#10 0x59df43e60b4b <unknown>
#11 0x59df43e64929 <unknown>
#12 0x59df43e47929 <unknown>
#13 0x59df43e654e8 <unknown>
#14 0x59df43e2c0df <unknown>
#15 0x59df43e898e8 <unknown>
#16 0x59df43e89ac6 <unknown>
#17 0x59df43e9b556 <unknown>
#18 0x7d0b72e3e609 start_thread

2025-07-11 09:22:28,099 - INFO - ➡️ Đang truy cập: https://thuvienphapluat.vn/page/searchlegal.aspx?keyword=&area=0&match=True&type=0&status=1&signer=0&sort=1&lan=1&scan=0&org=0&fields=15&chlbg=09/07/1945&chlend=09/07/2035&page=148
2025-07-11 09:22:28,716 - INFO - 🤖 CAPTCHA OCR: 4
2025-07-11 09:22:33,822 - INFO - 🧭 Tiêu đề trang: THƯ VIỆN PHÁP LUẬT _ Tra cứu, Nắm bắt Pháp Luật Việt Nam
2025-07-11 09:22:48,140 - ERROR - ❌ Lỗi tại trang 148: Message: 
Stacktrace:
#0 0x59df43e9c23a <unknown>
#1 0x59df43946ab0 <unknown>
#2 0x59df439986f0 <unknown>
#3 0x59df439988e1 <unknown>
#4 0x59df439e6b94 <unknown>
#5 0x59df439be1cd <unknown>
#6 0x59df439e3fee <unknown>
#7 0x59df439bdf73 <unknown>
#8 0x59df4398aaeb <unknown>
#9 0x59df4398b751 <unknown>
#10 0x59df43e60b4b <unknown>
#11 0x59df43e64929 <unknown>
#12 0x59df43e47929 <unknown>
#13 0x59df43e654e8 <unknown>
#14 0x59df43e2c0df <unknown>
#15 0x59df43e898e8 <unknown>
#16 0x59df43e89ac6 <unknown>
#17 0x59df43e9b556 <unknown>
#18 0x7d0b72e3e609 start_thread

2025-07-11 09:22:48,151 - INFO - ➡️ Đang truy cập: https://thuvienphapluat.vn/page/searchlegal.aspx?keyword=&area=0&match=True&type=0&status=1&signer=0&sort=1&lan=1&scan=0&org=0&fields=15&chlbg=09/07/1945&chlend=09/07/2035&page=149
2025-07-11 09:22:48,792 - INFO - 🤖 CAPTCHA OCR: 484711
2025-07-11 09:22:55,492 - INFO - 🧭 Tiêu đề trang: Tra cứu Văn Bản Pháp Luật
2025-07-11 09:22:55,508 - INFO - ✅ Đã lấy link: https://thuvienphapluat.vn/van-ban/Bo-may-hanh-chinh/Quyet-dinh-993-QD-UBND-2025-Danh-muc-thu-tuc-hanh-chinh-So-Nong-nghiep-Moi-truong-Can-Tho-653779.aspx
2025-07-11 09:22:55,511 - INFO - ✅ Đã lấy link: https://thuvienphapluat.vn/van-ban/Bo-may-hanh-chinh/Quyet-dinh-992-QD-UBND-2025-cong-bo-Danh-muc-thu-tuc-hanh-chinh-So-Nong-nghiep-Can-Tho-653769.aspx
2025-07-11 09:22:55,515 - INFO - ✅ Đã lấy link: https://thuvienphapluat.vn/van-ban/Bo-may-hanh-chinh/Quyet-dinh-1217-QD-UBND-2025-cong-bo-thu-tuc-hanh-chinh-Quan-ly-cong-san-So-Tai-chinh-Ben-Tre-653736.aspx
2025-07-11 09:22:55,519 - INFO - ✅ Đã lấy link: https://thuvienphapluat.vn/van-ban/Bo-may-hanh-chinh/Quyet-dinh-1370-QD-UBND-2025-quy-trinh-giai-quyet-thu-tuc-hanh-chinh-Tre-em-So-Y-te-Binh-Dinh-654618.aspx
2025-07-11 09:22:55,523 - INFO - ✅ Đã lấy link: https://thuvienphapluat.vn/van-ban/Bo-may-hanh-chinh/Quyet-dinh-1420-QD-BTC-2025-Ke-hoach-pho-bien-giao-duc-phap-luat-653764.aspx
2025-07-11 09:22:55,526 - INFO - ✅ Đã lấy link: https://thuvienphapluat.vn/van-ban/Bat-dong-san/Quyet-dinh-608-QD-UBND-2025-cong-bo-thu-tuc-hanh-chinh-dat-dai-So-Nong-nghiep-Quang-Ngai-653739.aspx
2025-07-11 09:22:55,530 - INFO - ✅ Đã lấy link: https://thuvienphapluat.vn/van-ban/Bo-may-hanh-chinh/Quyet-dinh-28-2025-QD-UBND-bai-bo-Quyet-dinh-08-2024-QD-UBND-Bac-Ninh-653977.aspx
2025-07-11 09:22:55,534 - INFO - ✅ Đã lấy link: https://thuvienphapluat.vn/van-ban/Bo-may-hanh-chinh/Quyet-dinh-19-2025-QD-UBND-bai-bo-Quyet-dinh-56-2008-QD-UBND-Can-Tho-653698.aspx
2025-07-11 09:22:55,537 - INFO - ✅ Đã lấy link: https://thuvienphapluat.vn/van-ban/Bo-may-hanh-chinh/Quyet-dinh-1073-QD-UBND-2025-quy-trinh-giai-quyet-thu-tuc-hanh-chinh-ho-tich-Uy-ban-xa-Vung-Tau-657788.aspx
2025-07-11 09:22:55,541 - INFO - ✅ Đã lấy link: https://thuvienphapluat.vn/van-ban/Thuong-mai/Quyet-dinh-913-QD-UBND-2025-cong-bo-thu-tuc-hanh-chinh-Luu-thong-hang-hoa-So-Cong-Thuong-Hung-Yen-655871.aspx
2025-07-11 09:22:55,544 - INFO - ✅ Đã lấy link: https://thuvienphapluat.vn/van-ban/Bo-may-hanh-chinh/Quyet-dinh-912-QD-UBND-2025-cong-bo-thu-tuc-hanh-chinh-nguoi-co-cong-So-Noi-vu-Hung-Yen-655868.aspx
2025-07-11 09:22:55,548 - INFO - ✅ Đã lấy link: https://thuvienphapluat.vn/van-ban/Bo-may-hanh-chinh/Quyet-dinh-904-QD-UBND-2025-cong-bo-thu-tuc-hanh-chinh-Chan-nuoi-Thu-y-So-Nong-nghiep-Hung-Yen-655869.aspx
2025-07-11 09:22:55,552 - INFO - ✅ Đã lấy link: https://thuvienphapluat.vn/van-ban/Bo-may-hanh-chinh/Quyet-dinh-1064-QD-UBND-2025-quy-trinh-thu-tuc-hanh-chinh-tham-dinh-to-khai-khi-thai-So-Nong-nghiep-Nam-Dinh-653635.aspx
2025-07-11 09:22:55,555 - INFO - ✅ Đã lấy link: https://thuvienphapluat.vn/van-ban/Bo-may-hanh-chinh/Quyet-dinh-713-QD-UBND-2025-sua-doi-Ke-hoach-cai-cach-hanh-chinh-Vinh-Long-655565.aspx
2025-07-11 09:22:55,559 - INFO - ✅ Đã lấy link: https://thuvienphapluat.vn/van-ban/Bo-may-hanh-chinh/Quyet-dinh-32-2025-QD-UBND-bai-bo-Quyet-dinh-38-2020-QD-UBND-Da-Nang-655413.aspx
2025-07-11 09:22:55,562 - INFO - ✅ Đã lấy link: https://thuvienphapluat.vn/van-ban/Dau-tu/Quyet-dinh-61-2025-QD-UBND-chuc-nang-nhiem-vu-Trung-tam-Xuc-tien-Thuong-mai-va-Dau-tu-Ho-Chi-Minh-655992.aspx
2025-07-11 09:22:55,566 - INFO - ✅ Đã lấy link: https://thuvienphapluat.vn/van-ban/Bo-may-hanh-chinh/Quyet-dinh-1082-QD-BGDDT-2025-chuan-hoa-thu-tuc-hanh-chinh-linh-vuc-thi-tuyen-sinh-653882.aspx
2025-07-11 09:22:55,570 - INFO - ✅ Đã lấy link: https://thuvienphapluat.vn/van-ban/Bo-may-hanh-chinh/Quyet-dinh-4327-QD-UBND-2025-cong-bo-thu-tuc-hanh-chinh-Cong-chuc-vien-chuc-So-Noi-vu-Long-An-660813.aspx
2025-07-11 09:22:55,574 - INFO - ✅ Đã lấy link: https://thuvienphapluat.vn/van-ban/Bo-may-hanh-chinh/Quyet-dinh-4324-QD-UBND-2025-cong-bo-thu-tuc-hanh-chinh-khi-tuong-thuy-van-So-Nong-nghiep-Long-An-660775.aspx
2025-07-11 09:22:55,577 - INFO - ✅ Đã lấy link: https://thuvienphapluat.vn/van-ban/Bo-may-hanh-chinh/Quyet-dinh-4250-QD-UBND-2025-cong-bo-thu-tuc-hanh-chinh-So-Khoa-hoc-Cong-nghe-Long-An-660821.aspx
2025-07-11 09:22:55,578 - INFO - 🎉 Hoàn tất! Tổng cộng 759 link đã lưu vào link_downloads/file_link_download_bomayhanhchinh99-150.txt
